<?xml version="1.0" encoding="UTF-8"?>
<?xml-model href="http://www.tei-c.org/release/xml/tei/custom/schema/relaxng/tei_all.rng" type="application/xml" schematypens="http://relaxng.org/ns/structure/1.0"?>
<?xml-model href="http://www.tei-c.org/release/xml/tei/custom/schema/relaxng/tei_all.rng" type="application/xml"
	schematypens="http://purl.oclc.org/dsdl/schematron"?>
<TEI xmlns="http://www.tei-c.org/ns/1.0">
   <teiHeader>
      <fileDesc>
         <publicationStmt>
            <p>Publication Information</p>
         </publicationStmt>
         <sourceDesc>
            <p>Information about the source</p>
         </sourceDesc>
      </fileDesc>
   </teiHeader>
   <text>
      <body>
 <?xml  version="1.0"  encoding="UTF-8"?>
  <?xml-model  href="http://www.tei-c.org/release/xml/tei/custom/schema/relaxng/tei_all.rng"  type="application/xml"  schematypens="http://relaxng.org/ns/structure/1.0"?>
  <?xml-model  href="http://www.tei-c.org/release/xml/tei/custom/schema/relaxng/tei_all.rng"  type="application/xml"
  	schematypens="http://purl.oclc.org/dsdl/schematron"?>
  <TEI  xmlns="http://www.tei-c.org/ns/1.0">
        <teiHeader>
              <fileDesc>
                    <publicationStmt>
                          <p>Publication  Information</p>
                    </publicationStmt>
                    <sourceDesc>
                          <p>Information  about  the  source</p>
                    </sourceDesc>
              </fileDesc>
        </teiHeader>
        <text>
              <body>
    Name:    פרנקל,    נעמי
      <foreign>Birth</foreign>    Year:    <date><date>1918
</date>  </date>    <foreign>Death</foreign>    Year:    <date><date>2009
</date>  </date>    <foreign>Birth</foreign>    Place:    ברלין,    גרמניה,למשפחה    אמידה
      Occupation:    <noun>סופרת</noun>    ועורכת
      <foreign>Entry</foreign>    writer:    <properName>שולמית</properName>    שירן
      <foreign>Entry</foreign>    Value:    
      <verb>נולדה</verb>    בברלין,    גרמניה,למשפחה    <adjective>אמידה</adjective>    ומתבוללת.    <noun>הורי</noun>    <noun>סבה</noun>    <copula>היו</copula>    ממייסדי    <noun>תעשיית</noun>    <noun>הכותנה</noun>    בגרמניה.    בימי    <properName>ביסמרק</properName>    <verb>הקים</verb>    <noun>סבה</noun>    <noun>מפעל</noun>    לברזל    ולפלדה,    שאותו    <verb>ניהל</verb>    אביה.    בגיל    <numeral>חמש</numeral>    <verb>התייתמה</verb>    מאמה    וגודלה    <preposition>על</preposition>    <noun>ידי</noun>    אביה,    שהקפיד    לחנכה    <preposition>על</preposition>    <noun>ברכי</noun>    <noun>התרבות</noun>    <adjective>הגרמנית</adjective>    הקלאסית.    <preposition>לאחר</preposition>    <noun>מות</noun>    <properName>אביה</properName>    <date><date>(1932),</date></date>    ועם    <noun>עליית</noun>    <noun>הנאצים</noun>    לשלטון,    <verb>העלה</verb>    אותה    <noun>האפוטרופוס</noun>    שלה    <adverb>ארצה</adverb>    במסגרת    "עליית    <date><date>הנוער"(1934).</date></date>    <pronoun>היא</pronoun>    <verb>התחנכה</verb>    בחוות    <noun>הלימוד</noun>    <shel-preposition>של</shel-preposition>    <properName>רחל</properName>    <properName>ינאית</properName>    <date><date>בירושלים.ב-1935</date></date>    <verb>עברה</verb>    לחברת    <noun>הנוער</noun>    בקיבוץ    <noun>משמר</noun>    העמק.    בשנים    <date><date>1947-1946</date></date>    <verb>למדה</verb>    <verb>היסטוריהיהודית</verb>    וקבלה    באוניברסיטה    <adjective>העברית</adjective>    בירושלים,    ומשם    <verb>עברה</verb>    לקיבוץ    <date><date>הזורע.ב-1950</date></date>    <verb>עברה</verb>    לבית    אלפא,    <adverb>שם</adverb>    <verb>נישאה</verb>    לישראל    <properName>רוזנצווייג</properName>    <date><date>(1956),</date></date>    <noun>הוגה</noun>    דעות,    <noun>מבקר</noun>    <noun>ספרות</noun>    ומחנך.    בשנים    <date><date>1960-1958</date></date>    <verb>המשיכה</verb>    <at-preposition>את</at-preposition>    <noun>לימודי</noun>    <noun>הקבלה</noun>    בירושלים,    <copula>היתה</copula>    <participle>מקורבת</participle>    לפרופ'    גרשם    <noun>שלום</noun>    והשתתפה    בקבוצות    <noun>לימוד</noun>    <adjective>ייחודיות</adjective>    בהדרכתו.    <preposition>לאחר</preposition>    <noun>מות</noun>    <noun>בעלה</noun>    <date><date>(1969)</date></date>    <verb>התגייסה</verb>    לחיל    <noun>הים</noun>    וערכה    <at-preposition>את</at-preposition>    <noun>הפרסומים</noun>    <shel-preposition>של</shel-preposition>    <noun>חיל</noun>    <noun>הים</noun>    <preposition>במשך</preposition>    <numeral>שמונה</numeral>    שנים.    במסגרת    עבודתה    <verb>ערכה</verb>    <at-preposition>את</at-preposition>    <noun>קד"מ</noun>    (קיצור    <noun>דיוני</noun>    מטה)    <shel-preposition>של</shel-preposition>    <noun>חיל</noun>    <noun>הים</noun>    <preposition>לאחר</preposition>    <noun>מלחמת</noun>    <noun>יום</noun>    הכיפורים.    
      <date><date>ב-1970</date></date>    <verb>נישאה</verb>    למאיר    בן-גור,    <noun>עיתונאי</noun>    בלמרחב    ומנהל    <properName>בית</properName>    סוקולוב,    ועברה    לתלאביב    <adjective>ואחרכך</adjective>    לקיראון.    <adverb>עוד</adverb>    בהיותה    בקיבוץ    <verb>החלה</verb>    <verb>לפקפק</verb>    במרקסיזם    ובעקרונות    "השומר    הצעיר",    שלאורם    <verb>התחנכה</verb>    מנעוריה.    <preposition>בעקבות</preposition>    חוויותיה    בסיני    בזמן    <noun>מלחמות</noun>    <noun>ההתשה</noun>    ויום    <noun>הכיפורים</noun>    <verb>חלה</verb>    <noun>תמורה</noun>    בהשקפת    עולמה    ובעמדותיה    הפוליטיות,    שנעשו    <adjective>ימניות</adjective>    ולאומניות,    <date><date>וב-1983</date></date>    <verb>עברה</verb>    <verb>לגור</verb>    בקריית    ארבע.    <preposition>בשל</preposition>    פעילותה    החינוכית,    <adjective>התרבותית</adjective>    והפוליטיתראו    בה    <noun>בני</noun>    <noun>נוער</noun>    <preposition>כעין</preposition>    <noun>אם</noun>    <adjective>רוחנית</adjective>    <shel-preposition>של</shel-preposition>    המתנחלים.    <preposition>לאחר</preposition>    <noun>מות</noun>    <noun>בעלה</noun>    <verb>עברה</verb>    <date><date>ב-2008</date></date>    <verb>להתגורר</verb>    בשערי    תקווה,    בקרבתהביוגרפית    שלה,    <title>ד"ר</title>    <properName>ציפורה</properName>    כוכבי-רייני.
      דרכה    <adjective>הספרותית</adjective>    <verb>החלה</verb>    בטרילוגיה    <adjective>החשובה</adjective>    <properName>שאול</properName>    ויוהנה,    <noun>רומן</noun>    <noun>משפחה</noun>    תולדותי    ורחב    <noun>יריעה</noun>    <participle>המתאר</participle>    <at-preposition>את</at-preposition>    חורבנה    <shel-preposition>של</shel-preposition>    <noun>יהדות</noun>    גרמניה,שהיה    מהיצירות    <adjective>הישראליות</adjective>    <numeral>הראשונות</numeral>    שעסקו    בשורשיה    <shel-preposition>של</shel-preposition>    השואה.    פרקיו    <noun>הראשונים</noun>    <shel-preposition>של</shel-preposition>    <noun>הרומן</noun>    <verb>פורסמו</verb>    <date><date>ב-1953</date></date>    בכתב    <noun>העת</noun>    <properName>אורלוגין</properName>    (חוברת    8)    בעריכת    <properName>אברהם</properName>    שלונסקי.    <properName>לאחרמכן</properName>    <verb>הופיעו</verb>    <numeral>שלושת</numeral>    כרכיה    <shel-preposition>של</shel-preposition>    הטרילוגיה,בתי    <noun>אבות</noun>    <date><date>(1956),</date></date>    <noun>מות</noun>    <noun>האב</noun>    <date><date>(1961)</date></date>    ובנים    <date><date>(1967),</date></date>    שלושתם    בהוצאת    <noun>ספרית</noun>    פועלים.    <preposition>אחרי</preposition>    <noun>פרסום</noun>    <noun>הכרך</noun>    <numeral>הראשון</numeral>    <verb>זכתה</verb>    <properName>פרנקל</properName>    במלגה    <preposition>על</preposition>    <adverb>שם</adverb>    <properName>אנה</properName>    פרנק,    שאיפשרה    לה    <verb>לנסוע</verb>    לגרמניה    ולעשות    <adverb>שם</adverb>    <at-preposition>את</at-preposition>    <noun>המחקר</noun>    <adjective>ההיסטורי</adjective>    לשני    <noun>הכרכים</noun>    הבאים.    
      <noun>היצירה</noun>    <verb>מתרחשת</verb>    בברלין    ובמקומות    <adjective>אחרים</adjective>    בגרמניה    בשנים    <date><date>1933-1930,</date></date>    ופורשת    <noun>תמונה</noun>    <adjective>פנוראמית</adjective>    <shel-preposition>של</shel-preposition>    <noun>החיים</noun>    בשלהי    <noun>תקופת</noun>    <noun>רפובליקת</noun>    ויימאר.    <pronoun>היא</pronoun>    <verb>מעלה</verb>    <noun>דמויות</noun>    <adjective>רבות</adjective>    <participle>המייצגות</participle>    <at-preposition>את</at-preposition>    <noun>הכוחות</noun>    <adjective>השונים</adjective>    שפעלו    בגרמניה    <noun>ערב</noun>    <noun>עליית</noun>    <properName>היטלר</properName>    לשלטון:    <noun>אצילים</noun>    ופשוטי    עם,    בורגנים,    <noun>פועלים</noun>    ומחוסרי    עבודה,    לאומנים,    קומוניסטים,    <noun>הומניסטים</noun>    ויהודים    מתבוללים,    <adjective>מסורתיים</adjective>    וציונים.    <noun>ציר</noun>    <noun>העלילה</noun>    <adjective>המרכזי</adjective>    ברומן    <verb>עוקב</verb>    <preposition>אחר</preposition>    תולדותיה    וגורלה    <shel-preposition>של</shel-preposition>    <noun>משפחת</noun>    לוי,    שהיא    אמידה,    <verb>מושרשת</verb>    ומתבוללת,    <preposition>לנוכח</preposition>    <noun>עליית</noun>    הנאציזם.    <noun>העלילה</noun>    <verb>מתנהלת</verb>    בבית    המשפחה,    ברחובות    ברלין,    בבתי    המרזח,    בקיוסק    שבסמטה    ובמרכזי    <noun>תנועת</noun>    הנוער,    ומתפתחת    בזימונים    <shel-preposition>של</shel-preposition>    <noun>אירועים</noun>    <adjective>משפחתיים</adjective>    והיסטוריים,    בהם    <noun>השביתה</noun>    <adjective>הגדולה</adjective>    בברלין    ושרֵפת    הרייכסטאג.    <noun>עליית</noun>    <noun>הנאציזם</noun>    <verb>מוסברת</verb>    ברומן    ככורח    היסטורי,    שמקורו    במאבקים    <adjective>המעמדיים</adjective>    <preposition>בין</preposition>    <noun>הכוחות</noun>    <adjective>השונים</adjective>    שפעלו    בגרמניה    (כמו    <noun>המאבק</noun>    שבין    <noun>הקומוניסטים</noun>    לסוציאל-דמוקרטים),    <noun>אם</noun>    <conjunction>כי</conjunction>    <conjunction>גם</conjunction>    כתוצר    <shel-preposition>של</shel-preposition>    <noun>גורמים</noun>    אי-רציונליים.    <noun>הרומן</noun>    בנוי    <preposition>על</preposition>    <noun>מודל</noun>    ציוני:    <noun>התודעה</noun>    <adjective>העצמית</adjective>    היהודית,    <adverb>בעיקר</adverb>    <shel-preposition>של</shel-preposition>    <noun>דור</noun>    הבנים,    שהם    <noun>הגיבורים</noun>    <adjective>המרכזיים</adjective>    <shel-preposition>של</shel-preposition>    היצירה,    <verb>מתפתחת</verb>    <conjunction>ככל</conjunction>    שהקבוצות    <adjective>היהודיות</adjective>    <adjective>השונות</adjective>    <noun>מודעות</noun>    לחוסר    סיכוייהן    <verb>להשתלב</verb>    בחברה    הגרמנית.    <noun>הגיבורים</noun>    <adjective>הצעירים</adjective>    ביצירה,    <noun>חניכי</noun>    <noun>תנועת</noun>    <noun>הנוער</noun>    הציונית,    <verb>מתווים</verb>    <at-preposition>את</at-preposition>    <noun>הדרך</noun>    לפתרון    מצוקתם    <shel-preposition>של</shel-preposition>    <noun>יהודי</noun>    <properName>גרמניה</properName>    בעלייה    לארץ    ישראל.    
      במרכז    <noun>המשך</noun>    יצירתה    <shel-preposition>של</shel-preposition>    <properName>פרנקל</properName>    <verb>עומדים</verb>    <noun>הרומנים</noun>    <properName>דודי</properName>    ורעי    <date><date>(1972)</date></date>    וצמח    <properName>בר</properName>    <date><date>(1981),</date></date>    <participle>המתארים</participle>    <at-preposition>את</at-preposition>    <noun>הקיבוץ</noun>    ואת    <noun>ההוויה</noun>    <adjective>הישראלית</adjective>    בימים    שבין    <noun>מלחמת</noun>    <numeral>ששת</numeral>    <noun>הימים</noun>    למלחמת    <noun>יום</noun>    הכיפורים.    <properName>דודי</properName>    ורעי    <pronoun>הוא</pronoun>    <noun>רומן</noun>    <noun>מכתבים</noun>    <participle>המתרחש</participle>    בתקופת    <noun>מלחמת</noun>    <noun>ההתשה</noun>    ומעלה    <at-preposition>את</at-preposition>    סיפורם    <shel-preposition>של</shel-preposition>    <noun>שני</noun>    <noun>דורות</noun>    בקיבוץ:    <noun>דור</noun>    <noun>המייסדים</noun>    ודור    הבנים.    <noun>אירועים</noun>    מחיי    <noun>האבות</noun>    <verb>משליכים</verb>    <preposition>על</preposition>    <noun>הסבך</noun>    <adjective>הרגשי</adjective>    <verb>שבו</verb>    <noun>נתונים</noun>    <noun>בני</noun>    <noun>דור</noun>    הבנים,    הנדרשים,    בלא    יודעין,    <verb>לתקן</verb>    <at-preposition>את</at-preposition>    <noun>העוולות</noun>    שנעשו    בדור    האבות.    <noun>רומן</noun>    ההמשך,צמח    בר,    <verb>מתרחש</verb>    <preposition>לפני</preposition>    <noun>מלחמת</noun>    <noun>יום</noun>    <noun>הכיפורים</noun>    ומתאר    <noun>לילה</noun>    <shel-preposition>של</shel-preposition>    <noun>חשבון</noun>    <noun>נפש</noun>    וגילוי    <noun>סודות</noun>    <participle>המקשרים</participle>    <preposition>בין</preposition>    <noun>העבר</noun>    להווה    בחיי    הגיבורים.    <noun>שני</noun>    <noun>הרומנים</noun>    <verb>מתארים</verb>    <at-preposition>את</at-preposition>    <noun>הוויית</noun>    הקיבוץ,    <preposition>על</preposition>    <noun>הקונפליקטים</noun>    שבין    עולמו    <shel-preposition>של</shel-preposition>    <adjective>היחיד</adjective>    <verb>יוצא</verb>    <noun>הדופן</noun>    לתביעותיה    <shel-preposition>של</shel-preposition>    <noun>החברה</noun>    ועל    <noun>הפער</noun>    שבין    <noun>החזון</noun>    הציוני-סוציאליסטי    <preposition>לבין</preposition>    הגשמתו.    <properName>דודי</properName>    ורעי    <noun>עובד</noun>    לסרט    טלוויזיה.    שירם    <adjective>הידוע</adjective>    <shel-preposition>של</shel-preposition>    <properName>רחל</properName>    <properName>שפירא</properName>    ונחום    <properName>היימן</properName>    "כמו    <verb>צמח</verb>    בר",    שליווה    <at-preposition>את</at-preposition>    הסרט,    <copula>היה</copula>    <noun>מקור</noun>    <noun>השראה</noun>    לשמו    <shel-preposition>של</shel-preposition>    <noun>החלק</noun>    <numeral>השני</numeral>    <shel-preposition>של</shel-preposition>    הרומן.        
      <noun>החלק</noun>    <adjective>האחרון</adjective>    ביצירתה    <shel-preposition>של</shel-preposition>    <properName>פרנקל</properName>    <verb>מספר</verb>    <at-preposition>את</at-preposition>    קורותיה    <shel-preposition>של</shel-preposition>    <noun>קהילת</noun>    <noun>יהודי</noun>    <properName>ספרד</properName>    בחברון.    ראשיתו    ברומן    <adjective>ההיסטורי</adjective>    <date><date>ברקאי(1999)</date></date>    <participle>המתרחש</participle>    בספרד    <shel-preposition>של</shel-preposition>    <noun>סוף</noun>    <numeral>המאה</numeral>    החמש-עשרה    וראשית    השש-עשרה    בימי    האינקוויזיציה.במרכזו    סיפורם    <shel-preposition>של</shel-preposition>    <noun>אב</noun>    <preposition>מן</preposition>    <noun>האנוסים</noun>    <adjective>החי</adjective>    כאביר    בחצרו    <shel-preposition>של</shel-preposition>    <noun>המלך</noun>    <properName>פרדיננד</properName>    ושל    בנו    <adjective>החוזר</adjective>    <preposition>אל</preposition>    שורשיו    היהודיים,    <noun>גולה</noun>    מספרד    ולאחר    <noun>גלגולים</noun>    <adjective>רבים</adjective>    <verb>מגיע</verb>    לאנטוליה    שבטורקיה    ומשם    לחברון.הרומןפרדה    <date><date>(2003)</date></date>    <verb>מתאר</verb>    <at-preposition>את</at-preposition>    <noun>סיפור</noun>    חורבנה    <shel-preposition>של</shel-preposition>    <noun>הקהילה</noun>    <adjective>היהודית</adjective>    בחברון    בפרעות    תרפ"ט,    ועלילתו    <verb>מתרחשת</verb>    <preposition>על</preposition>    <noun>רקע</noun>    <noun>פעולות</noun>    <noun>התגמול</noun>    בשנות    החמישים.    <noun>גיבור</noun>    <noun>הרומן</noun>    מלכיאל,    מפליטי    <noun>המאורעות</noun>    בחברון,    <copula>אינו</copula>    <modal>יכול</modal>    <verb>להשתחרר</verb>    מעברו    ומצטרף    <preposition>אל</preposition>    <noun>מבצעי</noun>    <noun>פעולות</noun>    <noun>התגמול</noun>    בבקשו    נקמה,    ועל    <noun>רקע</noun>    <pronoun>זה</pronoun>    <pronoun>הוא</pronoun>    <verb>מתעמת</verb>    <preposition>עם</preposition>    מפקדו    בפלמ"ח,    שהוא    בבואתו    <shel-preposition>של</shel-preposition>    <noun>הישראלי</noun>    החדש.    <noun>שני</noun>    <noun>הרומנים</noun>    <verb>משלבים</verb>    <noun>אירועים</noun>    <adjective>היסטוריים</adjective>    <preposition>עם</preposition>    <noun>יסודות</noun>    <adjective>פולקלוריסטיים</adjective>    ואגדיים,    ומתארים    <noun>גיבורים</noun>    <participle>המחפשים</participle>    <at-preposition>את</at-preposition>    שורשיהם    ומייחלים    לגאולתם.
      יצירתה    לשלביה    <verb>משקפת</verb>    <at-preposition>את</at-preposition>    <noun>הפרקים</noun>    בחייה    ואת    <noun>התמורות</noun>    שחלו    בהשקפת    עולמה.    כתיבתה    ריאליסטית-נטורליסטית    ויוצרת    <properName>אספקלריה</properName>    <shel-preposition>של</shel-preposition>    <noun>מקום</noun>    ותקופה,    <noun>אם</noun>    <conjunction>כי</conjunction>    <existential>יש</existential>    בה    <conjunction>גם</conjunction>    <noun>נטייה</noun>    <preposition>אל</preposition>    <adjective>המיסטי</adjective>    והאי-רציונלי.    יצירותיה    <verb>מבוססות</verb>    <preposition>על</preposition>    <noun>מחקר</noun>    <adjective>היסטורי</adjective>    רחב,    <conjunction>שכן</conjunction>    גיבוריה    <verb>מבקשים</verb>    <verb>להבין</verb>    <at-preposition>את</at-preposition>    זהותם    <preposition>מתוך</preposition>    עברם    ומתוך    <noun>גורל</noun>    אבותיהם,    והם    <verb>מתנסים</verb>    במעברים    <adjective>אידיאולוגיים</adjective>    <preposition>מן</preposition>    <noun>ההתבוללות</noun>    <preposition>אל</preposition>    <noun>הציונות</noun>    ומן    <adjective>הישראליות</adjective>    <preposition>אל</preposition>    היהדות.
      ספריה    הנוספים:    רחלי    והאישון    <date><date>(1972),</date></date>    <noun>מחרוזת</noun>    <noun>סיפורי</noun>    <noun>אגדה</noun>    לילדים;    <noun>נער</noun>    <verb>צמח</verb>    בגדות    <properName>האסי</properName>    <date><date>(1977),</date></date>    סיפורו    <shel-preposition>של</shel-preposition>    <noun>צנחן</noun>    <noun>חבר</noun>    <noun>קיבוץ</noun>    <properName>בית</properName>    <properName>אלפא</properName>    שנפל    במלחמת    <numeral>ששת</numeral>    <properName>הימים;וכן</properName>    <verb>ערכה</verb>    <participle>אתפרקי</participle>    <noun>יומן</noun>    <date><date>(1969),</date></date>    ספרו    <shel-preposition>של</shel-preposition>    <properName>מאיר</properName>    הר-ציון,    והקדימה    לו    <noun>מבוא</noun>    מקיף.    <properName>הרומניםדודי</properName>    <properName>ורעיוצמח</properName>    <properName>בר</properName>    <verb>תורגמו</verb>    לרוסית    <preposition>בידי</preposition>    <properName>אפרים</properName>    באוך.    בשנים    <date><date>1960-1958</date></date>    <verb>חיברה</verb>    <noun>סיפורים</noun>    לילדים    שעובדו    לתסכיתי    <noun>רדיו</noun>    <preposition>בידי</preposition>    <properName>מרים</properName>    הרמן.    בראשית    <noun>שנות</noun>    <numeral>השבעים</numeral>    <verb>עובדה</verb>    <conjunction>גם</conjunction>    <noun>הטרילוגיה</noun>    <properName>שאול</properName>    ויוהנה    לסדרת    <noun>תסכיתי</noun>    רדיו.
      <verb>זכתה</verb>    בפרס    <properName>רופין</properName>    <date><date>(1956),</date></date>    בפרס    <properName>אוסישקין</properName>    <date><date>(1962),</date></date>    בפרס    <properName>סוקולוב</properName>    לעיתונות    <date><date>(1971)</date></date>    <preposition>על</preposition>    סיפורה    "יום    שנולד    במזל    <shel-preposition>של</shel-preposition>    כוכב",    <participle>המתאר</participle>    <adjective>רשמי</adjective>    <noun>מסע</noun>    לוורמייזא,    ובפרס    <properName>ניומן</properName>    <shel-preposition>של</shel-preposition>    <noun>אוניברסיטת</noun>    בר-אילן    <date><date>(2005).
</date>  </date>    References:    
      בן-דוד,    יערה.    "קץהתמימות    (עלצמחבר)".אהבה    ממבט    שני:    <noun>עיון</noun>    בפרקי    <noun>ספרות</noun>    <adjective>ישראלית</adjective>    וכללית.    <properName>תל</properName>    אביב:    עקד.    <date><date>1997.</date></date>    140-132;    גורפיין,    רבקה.    "שאולויוהנהלנעמיפרנקל".    <adverb>מקרוב</adverb>    ומרחוק,    <preposition>על</preposition>    <noun>סופרים</noun>    ועל    ספרים.    <properName>תל</properName>    אביב:    <noun>תרבות</noun>    וחינוך.    <date><date>1964.125-122;</date></date>    קורצווייל,    ברוך.    "שאולויוהנהחלקא',    ויהדותגרמניהבעינינעמיפרנקל".    <noun>חיפוש</noun>    <noun>הספרות</noun>    הישראלית:    <noun>מסות</noun>    ומאמרים.    <noun>רמת</noun>    גן:    <noun>אוניברסיטת</noun>    בר-אילן.    <date><date>1982.</date></date>    290-278;    שקד,    גרשון.    "ישלמותנושחר".    <existential>אין</existential>    <noun>מקום</noun>    אחר:    <preposition>על</preposition>    <noun>ספרות</noun>    וחברה.    <properName>תל</properName>    אביב:    <noun>הקיבוץ</noun>    המאוחד.    <date><date>1988.</date></date>    94-89;    שקד,    מלכה.    <date><date>"שאולויוהנה(1967-1956)לנעמיפרנקל".</date></date>    <noun>חוליות</noun>    ושלשלת:    <noun>הרומן</noun>    <adjective>העברי</adjective>    <preposition>על</preposition>    <noun>תולדות</noun>    משפחה.תל    אביב:    <noun>הקיבוץ</noun>    המאוחד.    <date><date>1990.</date></date>    250-238.    
    
  		</body>
  	</text>
  </TEI> 
		</body>
	</text>
</TEI>