<?xml version="1.0" encoding="UTF-8"?>
<?xml-model href="http://www.tei-c.org/release/xml/tei/custom/schema/relaxng/tei_all.rng" type="application/xml" schematypens="http://relaxng.org/ns/structure/1.0"?>
<?xml-model href="http://www.tei-c.org/release/xml/tei/custom/schema/relaxng/tei_all.rng" type="application/xml"
	schematypens="http://purl.oclc.org/dsdl/schematron"?>
<TEI xmlns="http://www.tei-c.org/ns/1.0">
   <teiHeader>
      <fileDesc>
         <publicationStmt>
            <p>Publication Information</p>
         </publicationStmt>
         <sourceDesc>
            <p>Information about the source</p>
         </sourceDesc>
      </fileDesc>
   </teiHeader>
   <text>
      <body>
 <?xml  version="1.0"  encoding="UTF-8"?>
  <?xml-model  href="http://www.tei-c.org/release/xml/tei/custom/schema/relaxng/tei_all.rng"  type="application/xml"  schematypens="http://relaxng.org/ns/structure/1.0"?>
  <?xml-model  href="http://www.tei-c.org/release/xml/tei/custom/schema/relaxng/tei_all.rng"  type="application/xml"
  	schematypens="http://purl.oclc.org/dsdl/schematron"?>
  <TEI  xmlns="http://www.tei-c.org/ns/1.0">
        <teiHeader>
              <fileDesc>
                    <publicationStmt>
                          <p>Publication  Information</p>
                    </publicationStmt>
                    <sourceDesc>
                          <p>Information  about  the  source</p>
                    </sourceDesc>
              </fileDesc>
        </teiHeader>
        <text>
              <body>
    Name:    צלקה,    <properName>דן</properName>    
      <foreign>Birth</foreign>    Year:    <date><date>1936
</date>  </date>    <foreign>Death</foreign>    Year:    <date><date>2005
</date>  </date>    <foreign>Birth</foreign>    Place:    וורשה,    פולין
      Occupation:    סופר,    מסאי,    <noun>משורר</noun>    ומתרגם
      <foreign>Entry</foreign>    writer:    <properName>אורי</properName>    הולנדר
      <foreign>Entry</foreign>    Value:    
      <verb>נולד</verb>    בוורשה,    פולין.    במהלך    <noun>מלחמת</noun>    <noun>העולם</noun>    <numeral>השנייה</numeral>    <verb>נמלט</verb>    <preposition>עם</preposition>    משפחתו    לברית    המועצות.    <at-preposition>את</at-preposition>    <noun>תוואי</noun>    <noun>נדודי</noun>    <noun>המשפחה</noun>    באותן    <noun>השנים</noun>    <verb>שיחזר</verb>    לימים    ברומן    <adjective>האפי</adjective>    <numeral>אלף</numeral>    <noun>לבבות</noun>    <date><date>(1991;</date></date>    <noun>גרסה</noun>    <adjective>חדשה</adjective>    וערוכה    <preposition>בידי</preposition>    <properName>אלי</properName>    <properName>הירש</properName>    <verb>ראתה</verb>    <noun>אור</noun>    <preposition>לאחר</preposition>    מותו    <shel-preposition>של</shel-preposition>    צלקה,    <date><date>ב-2008),</date></date>    כששלח    <at-preposition>את</at-preposition>    <numeral>אחד</numeral>    מגיבורי    הרומן,    <properName>אלק</properName>    צ'רניאק,    <verb>להלך</verb>    באותו    <noun>המסלול</noun>    עצמו.    <preposition>לאחר</preposition>    <noun>שנות</noun>    <noun>נדודים</noun>    בסיביר    ובקזחסטן    <verb>שבה</verb>    <noun>המשפחה</noun>    לפולין    והשתקעה    בוורוצלב.    <verb>למד</verb>    <noun>מדעי</noun>    <noun>הרוח</noun>    באוניברסיטה    <shel-preposition>של</shel-preposition>    ורוצלב,    <conjunction>אך</conjunction>    <at-preposition>את</at-preposition>    <noun>החוויה</noun>    <adjective>המשמעותית</adjective>    שבמידה    <adjective>רבה</adjective>    <verb>עיצבה</verb>    <at-preposition>את</at-preposition>    דמותו    כאמן    <noun>חווה</noun>    <adjective>מחוץ</adjective>    לכותלי    האוניברסיטה.    <noun>חוויה</noun>    <pronoun>זו</pronoun>    <verb>זכתה</verb>    לכינוי    "תמורת    הגלות"    ונוסחה    במסה    ושמה    "חובות    הילדוּת",    שנכללה    בקובץ    <noun>המסות</noun>    <numeral>הראשון</numeral>    <shel-preposition>של</shel-preposition>    צלקה,    <date><date>סימניות(1987).</date></date>    
      <verb>צלקה</verb>    <noun>מתאר</noun>    במסה    <pronoun>זו</pronoun>    <adverb>כיצד</adverb>    <verb>התוודע</verb>    <adverb>לראשונה</adverb>    לוורשה    <shel-preposition>של</shel-preposition>    <numeral>המאה</numeral>    השמונה-עשרה,    <noun>עיר</noun>    הולדתו    בתפארתה,    בציוריהם    <shel-preposition>של</shel-preposition>    בֶּלוֹטוֹ    <properName>ונוֹרְבְּלֶן</properName>    <properName>דה</properName>    <properName>לה</properName>    ז'וּרְדֶן.    <noun>העיר</noun>    <participle>המצוירת</participle>    <verb>הוכיחה</verb>    <at-preposition>את</at-preposition>    <noun>אפשרות</noun>    בריאתו    <shel-preposition>של</shel-preposition>    <noun>יופי</noun>    <preposition>מתוך</preposition>    <noun>האבדון</noun>    והעידה    <preposition>על</preposition>    "אותה    <noun>סגולה</noun>    <shel-preposition>של</shel-preposition>    <noun>האמנות</noun>    <verb>לחולל</verb>    תמורה"    (סימניות,    214).    "תמורת    הגלות",    <conjunction>אם</conjunction>    כן,    <pronoun>היא</pronoun>    <noun>שילוב</noun>    <preposition>בין</preposition>    <noun>יסוד</noun>    <adjective>מציאותי</adjective>    <verb>המעיד</verb>    <preposition>על</preposition>    <noun>תוהו</noun>    וקרע    <preposition>לבין</preposition>    <verb>תואמו</verb>    מתחום    הדמיון.    
      <verb>עלה</verb>    לארץ    <date><date>ב-1957,</date></date>    ולאחר    שירותו    <adjective>הצבאי</adjective>    <verb>למד</verb>    <noun>היסטוריה</noun>    ופילוסופיה    באוניברסיטת    <properName>תלאביב</properName>    <date><date>(1961-1960).</date></date>    בראשית    <noun>שנות</noun>    <numeral>השישים</numeral>    <verb>פירסם</verb>    <at-preposition>את</at-preposition>    <noun>הסדרה</noun>    "מחברות    לשירה",    <verb>שכללה</verb>    <verb>מבחרים</verb>    משירת    <properName>אמיר</properName>    גלבע,    <properName>ישראל</properName>    פנקס,    <properName>יהודה</properName>    עמיחי,    <verb>נתן</verb>    <adjective>זך</adjective>    ודליה    רביקוביץ,    <preposition>בלוויית</preposition>    <noun>רשימות</noun>    מפרי    עטו    <shel-preposition>של</shel-preposition>    <verb>צלקה</verb>    <preposition>על</preposition>    <noun>עולמות</noun>    היוצרים.    <at-preposition>את</at-preposition>    <noun>הרומן</noun>    <numeral>הראשון</numeral>    שלו,    <title>דוקטור</title>    <properName>בַּרְקֶל</properName>    ובנו    <properName>מיכאל</properName>    (אגודת    <noun>הסופרים</noun>    בישראל    ליד    מסדה,    <date><date>1967),</date></date>    <verb>פירסם</verb>    <preposition>לאחר</preposition>    שניסה    לכתוב    <noun>מחקר</noun>    <adjective>אקדמי</adjective>    <preposition>על</preposition>    <properName>סטנדאל</properName>    (באוניברסיטת    גרֶנוֹבְּל)    והתייאש,    <verb>חי</verb>    זמן-מה    בפריז    ונדד    <preposition>בין</preposition>    <noun>ערים</noun>    <adjective>אירופיות</adjective>    שונות,    ולבסוף    <verb>שב</verb>    לתל    <properName>אביב</properName>    באמצע    <noun>שנות</noun>    השישים.    
      <title>דוקטור</title>    <properName>ברקל</properName>    <pronoun>הוא</pronoun>    <noun>רומן</noun>    <participle>המתאר</participle>    <at-preposition>את</at-preposition>    <noun>מערכת</noun>    <noun>היחסים</noun>    <preposition>בין</preposition>    <verb>מרצה</verb>    <adverb>לשעבר</adverb>    לשפות    ולתרבויות    <adjective>הקלאסיות</adjective>    <preposition>לבין</preposition>    בנו    הפרגמטי,    שניהם    <verb>מתגוררים</verb>    בוורשה    <shel-preposition>של</shel-preposition>    <noun>שנות</noun>    החמישים,    <noun>עיר</noun>    שטרם    <verb>התאוששה</verb>    מטראומת    <noun>מלחמת</noun>    <noun>העולם</noun>    השנייה.    <pronoun>זוהי</pronoun>    <noun>יצירה</noun>    שנכתבה    <negation>לא</negation>    <conjunction>רק</conjunction>    <preposition>על</preposition>    <noun>ידי</noun>    <noun>אדם</noun>    צעיר,    שהיה    <noun>בן</noun>    <numeral>שלושים</numeral>    ואחת    בזמן    <noun>פרסום</noun>    הספר,    <conjunction>אלא</conjunction>    <preposition>על</preposition>    <noun>ידי</noun>    <interrogative>מי</interrogative>    שלמד    <adjective>עברית</adjective>    <conjunction>רק</conjunction>    <numeral>עשר</numeral>    <noun>שנים</noun>    <preposition>לפני</preposition>    כן.    גולמיותה    <shel-preposition>של</shel-preposition>    <noun>השפה</noun>    ברומן    <pronoun>הזה</pronoun>    <punctuation>–</punctuation>    שפורשה    <preposition>על</preposition>    <noun>ידי</noun>    <noun>מבקרים</noun>    <adjective>אחדים</adjective>    כאי-שליטה    <verb>מספקת</verb>    בשפה    העברית,    ואילו    בעיני    <adjective>אחרים</adjective>    כגילוי    <numeral>ראשון</numeral>    <shel-preposition>של</shel-preposition>    <noun>הפואטיקה</noun>    <adjective>הצלקאית</adjective>    <punctuation>–</punctuation>    <verb>מחדדת</verb>    <at-preposition>את</at-preposition>    <noun>הרעיון</noun>    <participle>העומד</participle>    בבסיסו    <shel-preposition>של</shel-preposition>    הרומן,    והוא    קיומם    <adjective>הסימולטני</adjective>    <shel-preposition>של</shel-preposition>    "טוהר"    וסלידה    <preposition>מן</preposition>    ה"טוהר"    בעולמו    <shel-preposition>של</shel-preposition>    <noun>אדם</noun>    אחד.
      <adverb>למעשה</adverb>    <copula>היו</copula>    <pronoun>אלה</pronoun>    <noun>שני</noun>    <noun>פנים</noun>    <shel-preposition>של</shel-preposition>    <noun>יסוד</noun>    אחד:    <noun>יסוד</noun>    לשוני,    <participle>הממזג</participle>    <preposition>בין</preposition>    מבעיה    <shel-preposition>של</shel-preposition>    <noun>הנפש</noun>    הפנימית,    הטהורה,    <preposition>לבין</preposition>    <noun>הגעגוע</noun>    <adverb>לעולם</adverb>    שאינו    <shel-preposition>של</shel-preposition>    מילים,    כלומר,    <noun>געגוע</noun>    לחיי    <noun>מעשה</noun>    טהורים,    <noun>המאפיין</noun>    <at-preposition>את</at-preposition>    <noun>דמות</noun>    <noun>האמן</noun>    <shel-preposition>של</shel-preposition>    <verb>צלקה</verb>    <preposition>על</preposition>    <quantifier>כל</quantifier>    גלגוליה:    <title>דוקטור</title>    ברקל,    פיליפ    <properName>ארבּס</properName>    <preposition>מן</preposition>    <noun>הרומן</noun>    <verb>בשם</verb>    זה,    <title>דוקטור</title>    <noun>קְלֶטֶה</noun>    <preposition>מן</preposition>    <noun>הרומן</noun>    <noun>עננים</noun>    ואפילו    <participle>המתאגרף</participle>    <properName>טוֹלק</properName>    שאפראן    <preposition>מן</preposition>    <noun>הרומן</noun>    כפפות.    <noun>גיבורים</noun>    <pronoun>אלה</pronoun>    <verb>נקרעים</verb>    <preposition>בין</preposition>    <noun>חלום</noun>    <participle>השלמוּת</participle>    למימושו,    <preposition>בין</preposition>    ה"אידיאי"    ל"ממשי".
      כתיבתו    <copula>אינה</copula>    "ריאליסטית"    גרידא.    <quantifier>אותו</quantifier>    <noun>יסוד</noun>    <participle>המחולל</participle>    בה    <at-preposition>את</at-preposition>    <noun>החריגה</noun>    <preposition>מן</preposition>    <noun>הריאליזם</noun>    <punctuation>–</punctuation>    <noun>סטייה</noun>    עדינה,    ולעתים    <adverb>כמעט</adverb>    <wPrefix>בלתי</wPrefix>    <verb>מורגשת</verb>    <punctuation>–</punctuation>    מקורו    בתבנית    "אידיאית"    כלשהי.    עולמו    <verb>מתאפיין</verb>    בעימותים    <wPrefix>בלתי</wPrefix>    <verb>פוסקים</verb>    <preposition>בין</preposition>    <noun>רוח</noun>    לחומר    <participle>המשרים</participle>    <preposition>על</preposition>    <verb>רבות</verb>    מיצירותיו    <noun>אווירה</noun>    <shel-preposition>של</shel-preposition>    <noun>חיפוש</noun>    מתמיד,    שעשוי    <verb>להתבטא</verb>    בכמה    אופנים:    <noun>כמיהה</noun>    <modal>אל</modal>    <adjective>הרחוק</adjective>    והבלתי-מושג,    <noun>התבוננות</noun>    <adverb>בקרוב</adverb>    <preposition>מתוך</preposition>    <noun>רצון</noun>    <verb>לפענח</verb>    <at-preposition>את</at-preposition>    רזיו,    <noun>גילויי</noun>    <noun>חיבה</noun>    לשולי    ולחריג    <punctuation>–</punctuation>    <negation>לא</negation>    <conjunction>בגלל</conjunction>    <properName>נידחותם</properName>    האקזוטית,    <conjunction>אלא</conjunction>    <preposition>מתוך</preposition>    <noun>רצון</noun>    <properName>אמיתי</properName>    <verb>להבין</verb>    <at-preposition>את</at-preposition>    מקומם    בזמן,    <noun>שיוט</noun>    <preposition>בין</preposition>    <noun>תרבויות</noun>    ולשונות    שונות,    <verb>השב</verb>    <adverb>פעם</adverb>    <verb>אחר</verb>    פעם,    בדרכים    <adjective>ראשיות</adjective>    וצדדיות,    לנקודות    <noun>מפתח</noun>    בהיסטוריה    <adjective>האישית</adjective>    <shel-preposition>של</shel-preposition>    <verb>צלקה</verb>    (מלחמת    <noun>העולם</noun>    <numeral>השנייה</numeral>    והעולם    <adjective>האירופי</adjective>    <adjective>הישן</adjective>    מזה,    <noun>ארץ</noun>    <properName>ישראל</properName>    <shel-preposition>של</shel-preposition>    <noun>שנות</noun>    <numeral>השלושים</numeral>    והארבעים    ושנותיה    <numeral>הראשונות</numeral>    <shel-preposition>של</shel-preposition>    <noun>מדינת</noun>    <properName>ישראל</properName>    מזה),    וכן    <noun>סקרנות</noun>    שאינה    <verb>יודעת</verb>    שובע,    <participle>המקיפה</participle>    <at-preposition>את</at-preposition>    <quantifier>כל</quantifier>    <noun>תחומי</noun>    <noun>התרבות</noun>    והאמנות.
      <verb>ערך</verb>    <at-preposition>את</at-preposition>    "משא",    <noun>מוסף</noun>    <noun>הספרות</noun>    <shel-preposition>של</shel-preposition>    למרחב    <date><date>(1970-1969),</date></date>    ואף    <verb>שימש</verb>    <participle>עורכושל</participle>    <noun>רבעון</noun>    <noun>אגודת</noun>    <properName>הצייריםציור</properName>    ופיסול    <date><date>(1982-1972).</date></date>    התעניינותו    <adverb>הרבה</adverb>    בכל    <noun>תחומי</noun>    האמנות–    ובמיוחד    בציור    –באה    לידי    <noun>ביטוי</noun>    <pronomial>הן</pronomial>    בנושאים    ששבו    והופיעו    ביצירותיו,    <participle>הכוללות</participle>    <negation>לא</negation>    <adverb>פעם</adverb>    <noun>דיונים</noun>    בסוגיות    אסתטיות,    <pronomial>הן</pronomial>    בסגנונות    <noun>הכתיבה</noun>    <adjective>המגוונים</adjective>    שלו.    <adverb>במיוחד</adverb>    <modal>אמורים</modal>    <noun>הדברים</noun>    במסות–    <verb>צלקה</verb>    <verb>פירסם</verb>    <numeral>שלושה</numeral>    <participle>קובצי</participle>    מסות:    סימניות,    <noun>דפים</noun>    <adjective>מהודקים</adjective>    באטב    <date><date>(1993)</date></date>    והפיתוי    <date><date>והשי(1998),</date></date>    וכן    <noun>קובץ</noun>    <adjective>אוטוביוגרפי</adjective>    <adjective>מיוחד</adjective>    ושמו    <noun>ספר</noun>    <properName>האלף-בית</properName>    <date><date>(2003)</date></date>    <punctuation>–</punctuation>    <properName>ובז'אנרשצלקה</properName>    <verb>החל</verb>    לפתחו    בדוקטור    <properName>ברקלוהוסיף</properName>    לשכללו    בפיליפ    ארבס:    <noun>הרומן</noun>    המסאי,    <conjunction>או</conjunction>    <noun>המסה</noun>    הרומנֶסקית.
      יצירתו    <adjective>הגדולה</adjective>    ביותר,    ה"אופוס    מגנום"    שלו,    <pronoun>הוא</pronoun>    <noun>הרומן</noun>    <numeral>אלף</numeral>    לבבות.    <noun>יצירה</noun>    <adjective>מונומנטלית</adjective>    זו,    <participle>המעניקה</participle>    <noun>צורה</noun>    לשברי    סיפורו    <adjective>האישי</adjective>    <shel-preposition>של</shel-preposition>    מחברהּ,    <verb>משלבת</verb>    <preposition>בין</preposition>    <noun>נקודת</noun>    <noun>המבט</noun>    <adjective>האישית</adjective>    לתמה    הגדולה,    <noun>סיפור</noun>    <preposition>על</preposition>    <numeral>המאה</numeral>    <numeral>העשרים</numeral>    (ובמיוחד    <noun>הסיפור</noun>    <adjective>היהודי</adjective>    <preposition>על</preposition>    <noun>המסע</noun>    <preposition>מן</preposition>    <noun>הגולה</noun>    <adverb>ארצה</adverb>    וההתערות    בארץ),    וסגנונו    <shel-preposition>של</shel-preposition>    <verb>צלקה</verb>    <verb>מגיע</verb>    בה    <modal>אל</modal>    <noun>שיא</noun>    שכלולו.    <noun>המזיגה</noun>    <preposition>בין</preposition>    <noun>התמות</noun>    <adjective>הגדולות</adjective>    <preposition>לבין</preposition>    נטייתו    <adjective>הטבעית</adjective>    <shel-preposition>של</shel-preposition>    <verb>צלקה</verb>    <modal>אל</modal>    ההקטנה,    <modal>אל</modal>    <noun>שימת</noun>    <noun>הלב</noun>    לפרטיפרטים,    <conjunction>כמו</conjunction>    <conjunction>גם</conjunction>    שבירתו    <shel-preposition>של</shel-preposition>    <noun>הרצף</noun>    <adjective>הנרטיבי</adjective>    וההצגה    הכמו-קולאז'ית    <shel-preposition>של</shel-preposition>    <noun>רסיסי</noun>    החוויות,    <noun>האירועים</noun>    והמראות,    <verb>יצרו</verb>    ברומן    <pronoun>זה</pronoun>    <noun>מרקם</noun>    <noun>אפי</noun>    <adjective>חריג</adjective>    במבנהו    ובהתכוונותו.    <conjunction>אך</conjunction>    <conjunction>גם</conjunction>    <noun>אפוס</noun>    זה,    <conjunction>כמו</conjunction>    <quantifier>כל</quantifier>    יצירותיו,    <verb>מציג</verb>    <at-preposition>את</at-preposition>    <noun>ההעדפה</noun>    <adjective>הטבעית</adjective>    <shel-preposition>של</shel-preposition>    <noun>המרומז</noun>    והסודי    <preposition>על</preposition>    <noun>פני</noun>    <adjective>המפורש</adjective>    והמוחלט,    וכולל    <preposition>בתוך</preposition>    <noun>המסגרת</noun>    <noun>רחבת</noun>    <noun>היריעה</noun>    <noun>סיפורים</noun>    <adjective>קצרים</adjective>    ועצמאיים,    <participle>המשמשים</participle>    <preposition>מעין</preposition>    סם-נגד    לכל    <noun>קריאה</noun>    "מכלילה",    <participle>המנסה</participle>    לאחות    באופן    <adjective>מלאכותי</adjective>    <at-preposition>את</at-preposition>    <noun>מקטעי</noun>    <noun>ההוויה</noun>    הדינמיים.    
      <noun>קובץ</noun>    שיריו    ותרגומיו    <noun>שירים</noun>    ותרגומים    <verb>ראה</verb>    <noun>אור</noun>    <date><date>ב-1986.</date></date>    <quantifier>מבחר</quantifier>    <adjective>מקיף</adjective>    מסיפוריו    הקצרים,    <noun>משחק</noun>    המלאכים,    <verb>ראה</verb>    <noun>אור</noun>    <date><date>ב-1987.</date></date>    <verb>צלקה</verb>    <verb>זכה</verb>    בפרס    <properName>ברנר</properName>    <date><date>(1976),</date></date>    בפרס    <noun>היצירה</noun>    <date><date>(1972,</date></date>    <date><date>1991,</date></date>    <date><date>1997),</date></date>    בפרס    <date><date>אלתרמן(1992),</date></date>    בפרס    <properName>אקו"ם</properName>    <preposition>עלענניםודפים</preposition>    <adjective>מהודקים</adjective>    <noun>באטבכספרי</noun>    <noun>הפרוזה</noun>    <adjective>הטובים</adjective>    <shel-preposition>של</shel-preposition>    <noun>שנת</noun>    <date><date>1994,</date></date>    בפרס    <properName>אקו"ם</properName>    <preposition>על</preposition>    <noun>מפעל</noun>    <noun>חיים</noun>    <date><date>(2000)</date></date>    ובפרס    <properName>ספיר</properName>    <preposition>על</preposition>    <noun>כתיבת</noun>    <noun>ספר</noun>    <date><date>האלף-בית(2004).
</date>  </date>    References:    
      דיקמן,    עמינדב.    "העונג    <preposition>מן</preposition>    הפסיפס".    <noun>מאזניים</noun>    <preposition>ע"ג</preposition>    (2).    <properName>נובמבר</properName>    <date><date>1998.</date></date>    17-16;    הולנדר,    אורי.    <verb>לקרוא</verb>    <at-preposition>את</at-preposition>    <properName>דן</properName>    <properName>צלקה.תל</properName>    אביב:אחוזת    בית.    <date><date>2011;</date></date>    הירש,    אלי.    "על    <numeral>אלף</numeral>    לבבות".    <numeral>אלף</numeral>    לבבות.    <noun>תל</noun>    אביב:    <noun>חרגול</noun>    ועם    עובד.    <date><date>2008.</date></date>    726-671;    מירון,    דן.    <properName>פנקס</properName>    פתוח:    <noun>שיחות</noun>    <preposition>על</preposition>    <noun>הסיפורת</noun>    בתשל"ח.    <noun>תל</noun>    אביב:    <noun>ספרית</noun>    פועלים.    <date><date>1979.</date></date>    37-30;    נגב,    אילת.    שיחותאינטימיות.    <noun>תל</noun>    אביב:    <noun>ידיעות</noun>    אחרונות.    <date><date>1995.</date></date>    237-231;    שוורץ,    יגאל.    "כמו    <noun>ציפור</noun>    בכלוב".    <noun>סימן</noun>    <noun>קריאה</noun>    10,    <date><date>1980.</date></date>    481-480;    שקד,    גרשון.    <noun>הסיפורת</noun>    <adjective>העברית</adjective>    <date><date>1980-1880</date></date>    ה'.    <noun>תל</noun>    אביב:    <noun>הקיבוץ</noun>    <adjective>המאוחד</adjective>    וכתר.    <date><date>1998.</date></date>    480-445.
    
  		</body>
  	</text>
  </TEI> 
		</body>
	</text>
</TEI>