<?xml version="1.0" encoding="UTF-8"?>
<?xml-model href="http://www.tei-c.org/release/xml/tei/custom/schema/relaxng/tei_all.rng" type="application/xml" schematypens="http://relaxng.org/ns/structure/1.0"?>
<?xml-model href="http://www.tei-c.org/release/xml/tei/custom/schema/relaxng/tei_all.rng" type="application/xml"
	schematypens="http://purl.oclc.org/dsdl/schematron"?>
<TEI xmlns="http://www.tei-c.org/ns/1.0">
   <teiHeader>
      <fileDesc>
         <publicationStmt>
            <p>Publication Information</p>
         </publicationStmt>
         <sourceDesc>
            <p>Information about the source</p>
         </sourceDesc>
      </fileDesc>
   </teiHeader>
   <text>
      <body>
 Name:  קמחי,  <properName>אלונה</properName>  
  <foreign>Birth</foreign>  Year:  <date>1966
</date>  <foreign>Birth</foreign>  Place:  לבוב,  אוקראינה,  כאלונה
  Occupation:  סופרת,  עיתונאית,  <noun>תסריטאית</noun>  ושחקנית
  <foreign>Entry</foreign>  writer:  <noun>שי</noun>  רודין
  <foreign>Entry</foreign>  Value:  
  <verb>נולדה</verb>  בלבוב,  אוקראינה,  כאלונה  גייקלה.  הוריה  <copula>היו</copula>  כימאים.  <properName>אביה</properName>  <properName>נפטרכשהיתה</properName>  <noun>בת</noun>  חמש.  כשנה  <conjunction>לאחר</conjunction>  <date>מותוב-1972עלתה</date>  משפחתה  לישראל  והשתקעה  בקריית  ביאליק.  בגיל  שלוש-עשרה  <verb>עברה</verb>  <verb>להתגורר</verb>  <preposition>אצל</preposition>  סבתה,  וכעבור  <noun>שנתיים</noun>  <verb>עברה</verb>  מקריית  <properName>ביאליק</properName>  לקיבוץ  <noun>רמת</noun>  יוחנן.  <conjunction>לאחר</conjunction>  <noun>שנה</noun>  <verb>עברה</verb>  לחיפה.  <verb>סיימה</verb>  <noun>בגרות</noun>  <adjective>חלקית</adjective>  והתגייסה  לנח"ל.עם  שחרורה  <verb>למדה</verb>  ב"בית  צבי"  ושיחקה  בסרטים  ובתיאטרון.  <noun>קריירת</noun>  <noun>המשחק</noun>  שלה  <verb>נמשכה</verb>  בשנים  <date>1993-1985.</date>  
  <date>ב-1985</date>  <verb>נישאה</verb>  לצלם  <noun>הטלוויזיה</noun>  <properName>עודד</properName>  קמחי,  והתגרשה  ממנו  <preposition>כעבור</preposition>  שנתיים.  <at-preposition>את</at-preposition>  <verb>בןזוגה</verb>  הנוכחי,  <noun>המוזיקאי</noun>  <properName>יזהר</properName>  אשדות,  <verb>פגשה</verb>  בזמן  <noun>צילום</noun>  <noun>הסרט</noun>  <verb>שוברים</verb>  <date>(1985).</date>  <pronoun>היא</pronoun>  <verb>הפכה</verb>  לשותפתו  ליצירה  וכותבת  <at-preposition>את</at-preposition>  <noun>המילים</noun>  לרוב  <date>שיריו.ב-1993</date>  <verb>החלה</verb>  <verb>לכתוב</verb>  מחזות,  <noun>תמלילים</noun>  לשירים  וכתבות  בעיתונות.  <noun>כתבה</noun>  במוסף  <noun>הנשים</noun>  בעיתון  חדשות,  במקומונים,  והיתה  <noun>בעלת</noun>  <noun>טור</noun>  במוסף  "קפטן  אינטרנט"  בהארץ.  
  יצירתה  <adjective>הספרותית</adjective>  <verb>כוללת</verb>  שירים,  <noun>ספר</noun>  ילדים,  <noun>סיפורים</noun>  <adjective>קצרים</adjective>  ורומנים.  <pronoun>היא</pronoun>  <verb>נחשבת</verb>  לקול  <adjective>נשי</adjective>  <adjective>בולט</adjective>  <preposition>בקרב</preposition>  <noun>הסופרות</noun>  שהחלו  <verb>לפרסם</verb>  בשנות  <numeral>התשעים</numeral>  <shel-preposition>של</shel-preposition>  <numeral>המאה</numeral>  העשרים,  בהן  <noun>יעל</noun>  הדיה,  <properName>מירה</properName>  מגן,  <properName>גבריאלה</properName>  אביגור-רותם,  <properName>דורית</properName>  רביניאן,  <adjective>יהודית</adjective>  <properName>רותם</properName>  וצרויה  שלו.  
  <noun>סיפורי</noun>  <pronoun>אני</pronoun>  <properName>אנסטסיה</properName>  (כתר,  <date>1996),</date>  <noun>קובץ</noun>  סיפוריה  הראשון,  <verb>נמסרים</verb>  ברובם  <preposition>על</preposition>  <noun>ידי</noun>  מספרת-גיבורה,  וכל  <numeral>אחד</numeral>  מהם  <properName>מאיר</properName>  <conjunction>פן</conjunction>  <verb>אחר</verb>  בהתגבשותה  <shel-preposition>של</shel-preposition>  <noun>הזהות</noun>  הנשית:  בסיפור  "ליקוי  ירח"  <verb>מתארת</verb>  <properName>קמחי</properName>  <preposition>מבעד</preposition>  לעיניה  <shel-preposition>של</shel-preposition>  ילדה-עולה  <at-preposition>את</at-preposition>  <noun>סיפור</noun>  התעללותו  <adjective>הנפשית</adjective>  והמינית  <shel-preposition>של</shel-preposition>  <properName>אב</properName>  חורג;  בסיפור  "סרטים"  <verb>מתוארת</verb>  <adjective>זוגיות</adjective>  במשבר  <preposition>מבעד</preposition>  לעיניה  <shel-preposition>של</shel-preposition>  <noun>תסריטאית</noun>  תל-אביבית,  שבן  זוגה  <noun>בגד</noun>  בה  ועזב  אותה.  בסיפור  <pronoun>זה</pronoun>  <verb>נחשף</verb>  <adverb>לראשונה</adverb>  נושא-העל  <participle>המאפיין</participle>  <at-preposition>את</at-preposition>  כתיבתה  <punctuation>–</punctuation>  <noun>הרעוּת</noun>  הנשית.  בסיפור  "שירת  <noun>בלהות</noun>  <conjunction>או</conjunction>  <noun>הגמילה</noun>  <negation>הלא</negation>  <participle>ממומשת</participle>  <shel-preposition>של</shel-preposition>  <properName>מור</properName>  אלקבץ"  מתואר  עולמה  <shel-preposition>של</shel-preposition>  <noun>צלמת</noun>  <noun>אופנה</noun>  <participle>הלוקה</participle>  בבולימיה  ומנסה  <preposition>במשך</preposition>  <noun>ערב</noun>  <numeral>אחד</numeral>  <verb>להיגמל</verb>  מהתקפי  ההקאה.  
  <properName>קמחי</properName>  <verb>רותמת</verb>  <at-preposition>את</at-preposition>  <noun>לשון</noun>  <noun>הסיפורים</noun>  לביוגרפיה  <shel-preposition>של</shel-preposition>  הדמויות.  <conjunction>כאשר</conjunction>  <pronoun>היא</pronoun>  <verb>כותבת</verb>  <at-preposition>את</at-preposition>  סיפורה  <shel-preposition>של</shel-preposition>  <noun>עולה</noun>  חדשה,  <noun>הסיפור</noun>  <adjective>כתוב</adjective>  בעברית  משובשת.  כשהסיפור  <verb>מסופר</verb>  <preposition>על</preposition>  <noun>ידי</noun>  תל-אביבית  צעירה,  <adjective>העברית</adjective>  <verb>הופכת</verb>  לשינקינאית,  גסה,  <adjective>ישירה</adjective>  ורזה  <adverb>במתכוון</adverb>  וכו'.  <preposition>עם</preposition>  זאת,  בכל  <noun>ספריה</noun>  <verb>מצטיירת</verb>  <noun>תיבת</noun>  <noun>הדהוד</noun>  תרבותית,  <participle>המלמדת</participle>  <preposition>על</preposition>  <pronoun>כך</pronoun>  שהיא  <verb>גדלה</verb>  <preposition>על</preposition>  <noun>ארון</noun>  <noun>ספרים</noun>  <adjective>עשיר</adjective>  ומגוון  וקלאסי  <adverb>יותר</adverb>  מאלה  <shel-preposition>של</shel-preposition>  <noun>רוב</noun>  <noun>הסופרות</noun>  <adjective>הישראליות</adjective>  <adjective>החילוניות</adjective>  שנולדו  בארץ.  
  <noun>הרומן</noun>  <numeral>הראשון</numeral>  שלה,  <verb>סוזנה</verb>  <date>הבוכיה(1999),</date>  <verb>מעמיד</verb>  במרכזו  <noun>מערכת</noun>  <noun>יחסים</noun>  <preposition>בין</preposition>  <noun>בת</noun>  לאמה.  הגיבורה,  <verb>סוזנה</verb>  רבין,  <pronoun>היא</pronoun>  <noun>אישה</noun>  <noun>בת</noun>  <numeral>שלושים</numeral>  ושלוש  שעדיין  <verb>מתגוררת</verb>  <preposition>אצל</preposition>  <properName>אמה</properName>  וסובלת  מהפרעות  נפשיות.  במהלך  <noun>הרומן</noun>  <pronoun>היא</pronoun>  <verb>חווה</verb>  <noun>אהבה</noun>  ראשונה,  <verb>משלימה</verb>  <preposition>עם</preposition>  <verb>גופניותה</verb>  <participle>השנואה</participle>  עליה  ומחליטה  <verb>לפתח</verb>  <at-preposition>את</at-preposition>  <noun>כישרון</noun>  <noun>הציור</noun>  שלה.  <verb>סוזנה</verb>  <verb>מספרת</verb>  <at-preposition>את</at-preposition>  סיפורה  בגוף  ראשון,  ובאמצעות  <noun>ריאליזם</noun>  <properName>פולשני</properName>  <pronoun>היא</pronoun>  מתארתאת  עולמה  <verb>החרדתי</verb>  והמסוגר,  שנפרץ  <conjunction>כאשר</conjunction>  <pronoun>היא</pronoun>  <verb>מתאהבת</verb>  בנאור,  <participle>המגיע</participle>  מחו"ל.  בעזרתו  <pronoun>היא</pronoun>  <verb>מסירה</verb>  <at-preposition>את</at-preposition>  <noun>חומות</noun>  <noun>המגן</noun>  שבנתה  <noun>סביבה</noun>  ובוחרת  בחיים.  
  <noun>אחוות</noun>  <noun>הנשים</noun>  <participle>הנבנית</participle>  <preposition>בין</preposition>  <noun>הבת</noun>  לאם  הדומיננטית,  <participle>התלויות</participle>  <pronoun>זו</pronoun>  בזו  (אף  שלמראית  <noun>עין</noun>  <verb>נתפשת</verb>  <verb>סוזנה</verb>  כמטוּפלת),  <verb>הופכת</verb>  לנושא  <adjective>המרכזי</adjective>  ברומן  <adjective>לילי</adjective>  לה  טיגרס  <date>(2004).</date>  <adverb>כאן</adverb>  <verb>שוזרת</verb>  <noun>המחברת</noun>  <at-preposition>את</at-preposition>  קורותיהן  <shel-preposition>של</shel-preposition>  <numeral>שלוש</numeral>  נשים,  ומתארת  <participle>רעוּת</participle>  <adjective>נשית</adjective>  כמפלט  מהאלימות  הגברית.  <noun>הרומן</noun>  <verb>מסמן</verb>  <at-preposition>את</at-preposition>  <noun>המעבר</noun>  <shel-preposition>של</shel-preposition>  <properName>קמחי</properName>  מסיפורת  <adjective>ריאליסטית</adjective>  לסיפורת  סוריאליסטית.  <pronoun>היא</pronoun>  <verb>מתארת</verb>  <noun>חברות</noun>  <preposition>בין</preposition>  <numeral>שלוש</numeral>  נשים:  <adjective>לילי</adjective>  השיננית,  <properName>מיכאלה</properName>  <noun>נהגת</noun>  המונית,  ונינוש  <noun>החיה</noun>  בצלו  <shel-preposition>של</shel-preposition>  <noun>גבר</noun>  אלים.  <noun>הסולידריות</noun>  הנשית,  <participle>המאפיינת</participle>  <at-preposition>את</at-preposition>  <noun>המאבק</noun>  הפמיניסטי-רדיקלי,  <verb>מסייעת</verb>  לשלוש  <verb>להתמודד</verb>  <preposition>עם</preposition>  <noun>קשיי</noun>  החיים.  <noun>הרומן</noun>  <verb>מערער</verb>  <participle>עלתפישת</participle>  <noun>הזוגיות</noun>  <participle>המאפיינת</participle>  <at-preposition>את</at-preposition>  <noun>השיח</noun>  הפטריארכלי,  ומציג  <at-preposition>את</at-preposition>  <noun>הגיוון</noun>  כחלופה  הולמת.  <noun>מושגים</noun>  <participle>הנתפשים</participle>  כקשיחים,  <preposition>כגון</preposition>  <noun>זהות</noun>  מינית,  <verb>עוברים</verb>  <properName>טרנספורמציה</properName>  <conjunction>כאשר</conjunction>  <verb>מתוארת</verb>  <verb>היקסמותה</verb>  <shel-preposition>של</shel-preposition>  <properName>מיכאלה</properName>  <noun>ההטרוסקסואלית</noun>  מנינוש.  <conjunction>גם</conjunction>  <noun>הגוף</noun>  <adjective>האנושי</adjective>  <verb>מוצג</verb>  ככפוף  לרצון  <noun>הדמות</noun>  ולא  לתכתיבי  <noun>הטבע</noun>  בפגישה  <adjective>המחודשת</adjective>  <preposition>בין</preposition>  <adjective>לילי</adjective>  לטארו,  <noun>גבר</noun>  <verb>שבו</verb>  <verb>התאהבה</verb>  בעבר,  ששינה  <at-preposition>את</at-preposition>  מינו.  <negation>לא</negation>  <pronoun>זו</pronoun>  <adverb>בלבד</adverb>  שניתן  <verb>להמיר</verb>  <at-preposition>את</at-preposition>  מינו  <shel-preposition>של</shel-preposition>  אדם,  <conjunction>אלא</conjunction>  שניתן  <conjunction>גם</conjunction>  להפכו  לחיה:  <conjunction>כדי</conjunction>  <verb>להתמודד</verb>  <preposition>עם</preposition>  <noun>תופעת</noun>  <noun>האלימות</noun>  <adjective>הגברית</adjective>  <verb>חווה</verb>  <adjective>לילי</adjective>  <noun>מהפך</noun>  גופני,  והופכת  לטיגריס  ממין  נקבה.  באופן  כזה  <verb>מתאפשר</verb>  לה  <verb>לרצוח</verb>  <at-preposition>את</at-preposition>  ליאון,  בתגובה  <preposition>על</preposition>  התעללותו  בנינוש,  שמסתיימת  ברציחתה.  <noun>הפמיניזם</noun>  <adjective>הרדיקלי</adjective>  <participle>המאפיין</participle>  <at-preposition>את</at-preposition>  <noun>הרומן</noun>  <verb>מחדד</verb>  <at-preposition>את</at-preposition>  <noun>הפער</noun>  <preposition>בין</preposition>  <noun>נשיות</noun>  <adjective>עצמאית</adjective>  ובעלת  <noun>מודעות</noun>  <preposition>לבין</preposition>  <noun>הגבריות</noun>  <adjective>הישראלית</adjective>  <adjective>חסרת</adjective>  האון.  <pronoun>זו</pronoun>  <verb>מגולמת</verb>  בדמותו  <shel-preposition>של</shel-preposition>  עמיקם,  <noun>הקצין</noun>  שיכול  <verb>לממש</verb>  <at-preposition>את</at-preposition>  מיניותו  <conjunction>רק</conjunction>  <conjunction>כאשר</conjunction>  <verb>ניצב</verb>  מולו  <noun>אובייקט</noun>  <adjective>מיני</adjective>  <adjective>ערבי</adjective>  <adjective>נטול</adjective>  כוח.  
  <adjective>לילי</adjective>  לה  טיגרס  <pronoun>הוא</pronoun>  <preposition>מן</preposition>  <noun>היצירות</noun>  <participle>הנוקבות</participle>  שנכתבו  בישראל  <preposition>על</preposition>  מאבקיהן  <shel-preposition>של</shel-preposition>  <noun>נשים</noun>  ועל  ניסיונן  <verb>לכונן</verb>  <at-preposition>את</at-preposition>  עצמן  <adverb>כסובייקטים</adverb>  במציאות  <verb>שבה</verb>  <pronoun>הן</pronoun>  <verb>מאוימות</verb>  <adjective>תדיר</adjective>  <preposition>על</preposition>  <noun>ידי</noun>  גברים.  <noun>היצירה</noun>  <verb>מושפעת</verb>  מהרומן  <noun>לילות</noun>  בקרקסלאנג'לה  קרטר,  <noun>סופרת</noun>  ומסאית  <adjective>פמיניסטית</adjective>  בריטית,  וזכתה  לביקורות  <adjective>מעורבות</adjective>  בשלקיצוניותה.  <date>ב-2012</date>  <verb>התפרסם</verb>  <properName>ספרהויקטור</properName>  ומאשה.
  <date>ב-2002</date>  <noun>כתבה</noun>  <properName>קמחי</properName>  <preposition>עם</preposition>  <properName>עדנה</properName>  <properName>מזי"א</properName>  <at-preposition>את</at-preposition>  <noun>התסריט</noun>  לסרט  <noun>הטלוויזיה</noun>  <copula>היה</copula>  <conjunction>או</conjunction>  <negation>לא</negation>  היה,  <participle>המגולל</participle>  <at-preposition>את</at-preposition>  <noun>סיפור</noun>  אהבתם  <shel-preposition>של</shel-preposition>  <noun>המשורר</noun>  <properName>אלכסנדר</properName>  <conjunction>פן</conjunction>  והשחקנית  <properName>חנה</properName>  רובינא.  <noun>הסרט</noun>  <verb>עובד</verb>  למחזה  והוצג  בתיאטרון  "הקאמרי"  בבימויו  <shel-preposition>של</shel-preposition>  <properName>עמרי</properName>  <properName>ניצן</properName>  <date>(2007).
</date>  <noun>ספריה</noun>  <shel-preposition>של</shel-preposition>  <properName>קמחי</properName>  <verb>תורגמו</verb>  לכמה  שפות.  <pronoun>היא</pronoun>  <verb>זכתה</verb>  בכמה  פרסים,  בהם:פרס  <properName>אקו"ם</properName>  לכתב  <noun>יד</noun>  בעילום  <noun>שם</noun>  <date>(1993),</date>  <noun>פרס</noun>  <noun>נוצת</noun>  <noun>הזהב</noun>  <date>(1996),</date>  <noun>פרס</noun>  <properName>ברנשטיין</properName>  <date>(1999),</date>  <noun>פרס</noun>  <noun>היצירה</noun>  <preposition>על</preposition>  <noun>שם</noun>  <noun>ראש</noun>  <noun>הממשלה</noun>  <properName>לוי</properName>  <properName>אשכול</properName>  <date>(2001)</date>  ופרס  <properName>ויצ"ו</properName>  <properName>צרפת</properName>  <date>(2002).
</date>  References:  
  ישראל,  יעל.  "זעקות  ולחישות  בשנקין".  <noun>עתון</noun>  77  198.  <date>1996.</date>  6;ניב,  קובי.  "פמיניזם  ובעיית  <date>האמהות".הארץספרים.9.5.2001.</date>  18;גונר,  הדר.  "לילי  לה  טיגרס".  <properName>נֹגה</properName>  42.  <date>2004.</date>  61;  שי,  אלי.  "השיננית  והחיה  והסקס  בעיר  הגדולה".  <noun>עתון</noun>  77  295.  <date>2004.</date>  10.
 
		</body>
	</text>
</TEI>