<?xml version="1.0" encoding="UTF-8"?>
<?xml-model href="http://www.tei-c.org/release/xml/tei/custom/schema/relaxng/tei_all.rng" type="application/xml" schematypens="http://relaxng.org/ns/structure/1.0"?>
<?xml-model href="http://www.tei-c.org/release/xml/tei/custom/schema/relaxng/tei_all.rng" type="application/xml"
	schematypens="http://purl.oclc.org/dsdl/schematron"?>
<TEI xmlns="http://www.tei-c.org/ns/1.0">
   <teiHeader>
      <fileDesc>
         <publicationStmt>
            <p>Publication Information</p>
         </publicationStmt>
         <sourceDesc>
            <p>Information about the source</p>
         </sourceDesc>
      </fileDesc>
   </teiHeader>
   <text>
      <body>
 Name:  קנז,  יהושע
  <foreign>Birth</foreign>  Year:  <date>1937
</date>  <foreign>Birth</foreign>  Place:  <noun>פתח</noun>  תקווה,  בה
  Occupation:  אבן,  יוסף.  "רומאן  'גותי'  במושבה  ביהודה"  <noun>אמות</noun>  ט"ז.  פברואר-מרס  <date>1965.</date>  97-93;  גרץ,  נורית.  "'האשה  <adjective>הגדולה</adjective>  <preposition>מן</preposition>  <noun>החלומות'</noun>  ליהושעקנז".  <noun>סימן</noun>  <noun>קריאה</noun>  5.  <properName>פברואר</properName>  <date>1976.</date>  454-451;  הרציג,  חנה.  <noun>הקול</noun>  האומר:  אני.  <noun>מגמות</noun>  <noun>בסיפורתהישראלית</noun>  <shel-preposition>של</shel-preposition>  <noun>שנות</noun>  השמונים.  תלאביב:  <noun>האוניברסיטה</noun>  הפתוחה.  <date>1998.</date>  141-216;  לאור,  יצחק.  "ההטרוגניות  <copula>היא</copula>  הגיהנום:  איום,  <noun>מין</noun>  ותרבות  בנובלה  'בדרך  <preposition>אל</preposition>  החתולים'מאת  <properName>יהושע</properName>  קנז".אנו  <verb>כותבים</verb>  אותך  מולדת.  תלאביב:  <noun>הקיבוץ</noun>  המאוחד.  <date>1995.</date>  13-49;  לוי,  נילי.  מרחוב  <noun>האבן</noun>  <preposition>אל</preposition>  החתולים:  <noun>עיונים</noun>  בסיפורת  <shel-preposition>של</shel-preposition>  <properName>יהושע</properName>  קנז.  תלאביב:  <noun>הקיבוץ</noun>  המאוחד.  <date>1997;</date>  מירון,  דן.  "מן  <adjective>השוליים</adjective>  <preposition>אל</preposition>  <noun>המרכז</noun>  ובחזרה".הספרייה  העיוורת.  תלאביב:משכל.  <date>2005.</date>  446-423;  שקד,  גרשון.  "חנוקים  <preposition>ללא</preposition>  <noun>פתח</noun>  תקוה?".  <noun>הסיפורת</noun>  <adjective>העברית</adjective>  <date>1980-1880ה'.תלאביב:</date>  <noun>הקיבוץ</noun>  המאוחד.  <date>1998.</date>  303-273.
  <foreign>Entry</foreign>  writer:  <properName>אסנת</properName>  אלדר
  <foreign>Entry</foreign>  Value:  
  סופר,  <noun>מתרגם</noun>  ועורך
  <verb>נולד</verb>  בפתח  תקווה,  בה  <verb>עברו</verb>  עליו  ילדותו  ונעוריו  ושם  <verb>למד</verb>  בבתי  <noun>הספר</noun>  <adjective>יסודי</adjective>  ותיכון.  <preposition>אחרי</preposition>  שירותו  <adjective>הצבאי</adjective>  <verb>למד</verb>  <noun>שנה</noun>  באוניברסיטה  <adjective>העברית</adjective>  בירושלים  ושנתיים  באוניברסיטת  <properName>סורבון</properName>  בפריז.  <date>ב-1960</date>  <verb>החל</verb>  לכתוב,  ובשנים  <date>1963-1961</date>  <verb>פירסם</verb>  ארבעה-עשר  <noun>סיפורים</noun>  בעיתונות  ובכתבי  <noun>העת</noun>  לספרות  (גזית,  קשת,  משא,  הארץ)  בחתימת  "אבי  עתניאל".  <noun>הסיפורים</noun>  <verb>משקפים</verb>  <noun>גישושי</noun>  <noun>דרך</noun>  <shel-preposition>של</shel-preposition>  <noun>יוצר</noun>  <adjective>צעיר</adjective>  <participle>המחפש</participle>  <at-preposition>את</at-preposition>  קולו.  <preposition>בין</preposition>  <noun>השאר</noun>  <adjective>מצויים</adjective>  בהם  <noun>מוטיבים</noun>  <shel-preposition>של</shel-preposition>  <noun>בדידות</noun>  וניכור  <adjective>קיומי</adjective>  בהשפעת  <noun>ספרות</noun>  <noun>האבסורד</noun>  <adjective>האקזיסטנציאליסטית</adjective>  (קפקא,  בקט,  יונסקו,  סארטר),  שחילחלו  <conjunction>אז</conjunction>  בסיפורת  <adjective>הישראלית</adjective>  הצעירה.  חלקם  <adjective>כתובים</adjective>  בנוסח  אלגורי-סמלי  סוריאליסטי,  שהיה  <adjective>אופייני</adjective>  לסיפורת  <pronoun>זו</pronoun>  בראשיתה  (יהושע,  אורפז)  ושקנז  <verb>נטש</verb>  <quantifier>אותו</quantifier>  <preposition>עד</preposition>  מהרה.  <noun>בד</noun>  בבד  <adjective>ניכרת</adjective>  בסיפורים  <noun>משיכה</noun>  <adjective>מיוחדת</adjective>  לעיצוב  <noun>מצבים</noun>  <shel-preposition>של</shel-preposition>  טירוף,  ורבים  <preposition>מן</preposition>  <noun>המגעים</noun>  <adjective>האנושיים</adjective>  <participle>המעוצבים</participle>  בהם  <verb>עומדים</verb>  בסימן  <shel-preposition>של</shel-preposition>  אלימות,  <noun>רוע</noun>  ואכזריות,  <preposition>תוך</preposition>  ציפיית-שווא  לחסד  אלוהי.
  <numeral>שניים</numeral>  מהסיפורים  <pronoun>האלה</pronoun>  <verb>שולבו</verb>  כפרקים  בספרו  <numeral>הראשון</numeral>  <shel-preposition>של</shel-preposition>  קנז,  <noun>הרומן</noun>  <adjective>הקצר</adjective>  <preposition>אחרי</preposition>  <noun>החגים</noun>  (עם  עובד,  <date>1964).</date>  <pronoun>זוהי</pronoun>  <noun>יצירה</noun>  <adjective>מלודרמטית</adjective>  עזה,  <adjective>דחוסה</adjective>  ומתוחה  בחומריה  (אך  <adjective>מאופקת</adjective>  בדרכי  <noun>המבע</noun>  שלה),  <participle>המתארת</participle>  <noun>תהליכים</noun>  <shel-preposition>של</shel-preposition>  <noun>הרס</noun>  <adjective>פנימי</adjective>  במושבה  <adjective>ותיקה</adjective>  בימי  המנדט.  במרכז  <noun>הסיפור</noun>  קורותיה  <shel-preposition>של</shel-preposition>  <noun>משפחת</noun>  <properName>וייס</properName>  המסוכסכת,  שהיחסים  <adjective>הקשים</adjective>  בתוכה  <verb>מידרדרים</verb>  <preposition>עד</preposition>  לשבר  <adjective>מוחלט</adjective>  ואף  <verb>מרעילים</verb>  <at-preposition>את</at-preposition>  סביבתה.  <noun>הקדרות</noun>  <participle>האופפת</participle>  <at-preposition>את</at-preposition>  <noun>הסיפור</noun>  <verb>משתקפת</verb>  בתמונות  <noun>הבית</noun>  <participle>המתפורר</participle>  והמרחב  <adjective>המקיף</adjective>  אותו,  <participle>הנכבשים</participle>  לאִטם  בידי  העזובה.  <preposition>סביב</preposition>  <noun>משפחה</noun>  <pronoun>זו</pronoun>  <verb>משתרגת</verb>  <noun>מערכת</noun>  <adjective>מסועפת</adjective>  <shel-preposition>של</shel-preposition>  <noun>דמויות</noun>  <adjective>פגומות</adjective>  ומעורערות  ושל  <noun>עלילות</noun>  <noun>משנה</noun>  שעניינן  <verb>רצח</verb>  ואונס,  <noun>שנאה</noun>  וטירוף,  <noun>התנוונות</noun>  ומוות.  ביצירה  <verb>ניתן</verb>  <noun>ביטוי</noun>  <numeral>ראשון</numeral>  לאחד  <noun>המאפיינים</noun>  <adjective>הקבועים</adjective>  ביצירתו  <shel-preposition>של</shel-preposition>  קנז,  שהוא,  כדברי  <properName>גרשון</properName>  <properName>שקד</properName>  <date>(1998),</date>  "תיאור  ייסוריהן  <shel-preposition>של</shel-preposition>  <noun>קבוצות</noun>  <adjective>השוליים</adjective>  ותביעת  עלבונן  <preposition>מן</preposition>  <noun>הנמענים</noun>  <participle>היושבים</participle>  <noun>ספונים</noun>  בבתיהם".
  בספרו  השני,  <noun>האישה</noun>  <adjective>הגדולה</adjective>  <preposition>מן</preposition>  <noun>החלומות</noun>  <date>(1973),</date>  <noun>זירת</noun>  <noun>ההתרחשות</noun>  <copula>היא</copula>  <noun>בית</noun>  <adjective>משותף</adjective>  בפרבר  תל-אביבי,  <participle>המאוכלס</participle>  <noun>אנשים</noun>  <adjective>רצוצים</adjective>  משולי  <noun>החברה</noun>  <punctuation>–</punctuation>  חולים,  בודדים,  <noun>סוטים</noun>  וטרופי  דעת.  <noun>הסיפור</noun>  <verb>עוקב</verb>  <adverb>במקביל</adverb>  <preposition>אחר</preposition>  <noun>דיירי</noun>  <noun>הבית</noun>  וטווה  <noun>שורה</noun>  <shel-preposition>של</shel-preposition>  <noun>נתיבי</noun>  <noun>עלילה</noun>  סימולטניים,  <participle>המשתזרים</participle>  <pronoun>זה</pronoun>  בזה  בלא  <noun>מרכז</noun>  <adjective>ברור</adjective>  ובלא  היררכיה.  <noun>תחבולה</noun>  <pronoun>זו</pronoun>  <punctuation>–</punctuation>  <noun>ההיצמדות</noun>  להוויית  <noun>הבית</noun>  המשותף,  <preposition>תוך</preposition>  <noun>פירוק</noun>  <noun>העלילה</noun>  לסדרה  <shel-preposition>של</shel-preposition>  <noun>סיפורים</noun>  <adjective>מקבילים</adjective>  <participle>המקושרים</participle>  <pronoun>זה</pronoun>  לזה  באופן  <adjective>רופף</adjective>  <punctuation>–</punctuation>  <noun>חזרה</noun>  <preposition>על</preposition>  <noun>עצמה</noun>  בשתיים  מיצירותיו  <adjective>הבאות</adjective>  <shel-preposition>של</shel-preposition>  קנז,  <noun>הרומן</noun>  <verb>מחזיר</verb>  <noun>אהבות</noun>  <adjective>קודמות</adjective>  <date>(1997)</date>  והנובלה  "שורפים  <noun>ארונות</noun>  חשמל"  (בתוך  <noun>הספר</noun>  <noun>נוף</noun>  <preposition>עם</preposition>  <numeral>שלושה</numeral>  עצים,  <date>2000).</date>  בכל  <numeral>אחת</numeral>  משלוש  <noun>היצירות</noun>  <pronoun>האלה</pronoun>  <verb>מעוצב</verb>  <noun>מרחב</noun>  <noun>חיים</noun>  <adjective>ישראלי</adjective>  <adjective>נמוך</adjective>  ועלוב,  <noun>קלחת</noun>  <adjective>אנושית</adjective>  <verb>שבה</verb>  <quantifier>כל</quantifier>  <numeral>אחד</numeral>  <adjective>חי</adjective>  <adverb>כביכול</adverb>  <at-preposition>את</at-preposition>  חייו  הפרטיים,  <conjunction>אבל</conjunction>  <pronoun>הוא</pronoun>  <adjective>חשוף</adjective>  במידות  <adjective>שונות</adjective>  לפולשנותם  <shel-preposition>של</shel-preposition>  שכניו.  <preposition>מתחת</preposition>  למעטה  <adjective>האפרורי</adjective>  <participle>המדכדך</participle>  <shel-preposition>של</shel-preposition>  <noun>חיי</noun>  <noun>היומיום</noun>  <verb>מבעבעת</verb>  <adjective>יצריות</adjective>  כבושה,  <participle>המתפרצת</participle>  בגילויים  <adjective>חריפים</adjective>  <shel-preposition>של</shel-preposition>  <adjective>נוירוטיות</adjective>  ובמעשי  <noun>אלימות</noun>  קשים.
  <noun>ערוץ</noun>  <adjective>חדש</adjective>  בכתיבתו  <shel-preposition>של</shel-preposition>  <properName>קנז</properName>  <verb>נפתח</verb>  בספרו  השלישי,  <noun>מומנט</noun>  <adjective>מוסיקלי</adjective>  <date>(1980),</date>  <participle>המורכב</participle>  מארבעה  <noun>סיפורי</noun>  <noun>ילדות</noun>  והתבגרות  ("התרנגולת  <noun>בעלת</noun>  <numeral>שלוש</numeral>  הרגליים",  "סודו  <shel-preposition>של</shel-preposition>  הנריק",  "מומנט  מוסיקלי",  "בין  <noun>לילה</noun>  ובין  שחר").  אליהם  <existential>יש</existential>  <verb>לצרף</verb>  <at-preposition>את</at-preposition>  <noun>הנובלה</noun>  <adjective>המאוחרת</adjective>  "נוף  <preposition>עם</preposition>  <numeral>שלושה</numeral>  עצים"  <date>(2000),</date>  <participle>העוסקת</participle>  באותם  <noun>החומרים</noun>  עצמם.  <noun>הסיפורים</noun>  <verb>מציגים</verb>  <noun>שלבים</noun>  <adjective>שונים</adjective>  בצמיחתו  <shel-preposition>של</shel-preposition>  <properName>גיבור</properName>  אחד,  <adverb>מאז</adverb>  ילדותו  <adjective>הרכה</adjective>  <properName>ועדהיותו</properName>  <verb>נער</verb>  מתבגר.  <pronomial>הם</pronomial>  <verb>נמסרים</verb>  מנקודת  ראותו  <shel-preposition>של</shel-preposition>  <noun>מספר</noun>  <adjective>מבוגר</adjective>  <participle>המשחזר</participle>  <verb>אתעולם</verb>  <noun>הילדות</noun>  שלו,  וסידורם  <verb>עלפי</verb>  <noun>רצף</noun>  <noun>הזמן</noun>  <verb>ממחיש</verb>  <at-preposition>את</at-preposition>  <noun>שלבי</noun>  <noun>ההתערערותשל</noun>  <noun>העולם</noun>  התמים,  <adjective>המסודר</adjective>  והבטוח  <shel-preposition>של</shel-preposition>  הילד.  במקומו  <verb>מתגלה</verb>  עולםאחר,  שבו  <verb>שולטים</verb>  הרוע,  <noun>השיגעון</noun>  והמוות,  והוא  <verb>בא</verb>  לידי  <noun>מיצוי</noun>  במעמד  כמו-תיאטרלי  <shel-preposition>של</shel-preposition>  <noun>התפרצות</noun>  <adjective>יצרית</adjective>  בפרהסיה,  <participle>המתחוללת</participle>  בכל  <noun>סיפור</noun>  <preposition>לקראת</preposition>  סיומו.  <noun>עולם</noun>  <noun>הבגרות</noun>  <verb>מעורר</verb>  בילדאימה  ומשיכה,  <conjunction>אבל</conjunction>  <pronoun>הוא</pronoun>  <verb>לומד</verb>  <verb>להתאים</verb>  <at-preposition>את</at-preposition>  <pronoun>עצמו</pronoun>  אליו  ולהסתגל  לחוקיו.  מהנושאים  <adjective>החוזרים</adjective>  והמעוצבים  בסיפורים  <modal>אפשר</modal>  <verb>למנות</verb>  <at-preposition>את</at-preposition>  <noun>מאבקי</noun>  <noun>הכוח</noun>  <preposition>בתוך</preposition>  חברתהילדים,  <noun>חיפוש</noun>  <noun>החסות</noun>  והביטחון  <preposition>אצל</preposition>  ההורים,  ובעיקר  <at-preposition>את</at-preposition>  <noun>גילוי</noun>  <noun>עולם</noun>  האֶרוס,המצטייר  לילד  בדרך  <noun>כלל</noun>  בגרסה  <adjective>וולגרית</adjective>  וגסה.  <pronoun>אלה</pronoun>  <noun>סיפורים</noun>  ריאליסטיים-ליריים,  <noun>המשלבים</noun>  ביןתיאור  <adjective>דייקני</adjective>  ואמפתי  <shel-preposition>של</shel-preposition>  <noun>מציאות</noun>  חיצונית,  <preposition>על</preposition>  <quantifier>כל</quantifier>  דקויותיה,  <preposition>לבין</preposition>  <noun>חקירהעצמית</noun>  <adjective>רגישה</adjective>  ואינטנסיבית.  <preposition>מתחת</preposition>  <preposition>לפני</preposition>  <noun>השטח</noun>  שלהם,  <adjective>הפשוטים</adjective>  לכאורה,  <verb>רוחשת</verb>  <noun>מערכת</noun>  <adjective>מורכבת</adjective>  <shel-preposition>של</shel-preposition>  <noun>קישורים</noun>  והקבלות  ביןהפרטים.רשת  <adjective>עשירהבמיוחד</adjective>  <shel-preposition>של</shel-preposition>  <noun>מוטיבים</noun>  ואזכורים  <adjective>ישירים</adjective>  ועקיפים  <verb>נוגעת</verb>  לעולם  האמנות,  לחוויית  <noun>היצירה</noun>  והקליטה  <shel-preposition>של</shel-preposition>  אמנות,  לדיוקנו  <shel-preposition>של</shel-preposition>  האמן,  לקשר  <preposition>בין</preposition>  <noun>אמנות</noun>  למציאות  ולערגה  ליופי  המוחלט–  <conjunction>אף</conjunction>  <pronoun>אלה</pronoun>  <noun>נושאים</noun>  <adjective>החוזרים</adjective>  ברוב  ספריו.
  ספרו  <adjective>הבא</adjective>  <shel-preposition>של</shel-preposition>  קנז,  <noun>הרומן</noun>  <adjective>רחב</adjective>  <noun>היריעה</noun>  <noun>התגנבות</noun>  <adjective>יחידים</adjective>  <date>(1986),</date>  <noun>צמח</noun>  <preposition>על</preposition>  <noun>פי</noun>  עדותו  <preposition>מתוך</preposition>  <noun>ניסיון</noun>  לחבר  <noun>חוליה</noun>  <numeral>חמישית</numeral>  לסיפורי  <noun>מומנט</noun>  <adjective>מוסיקלי</adjective>  ולהוליך  <at-preposition>את</at-preposition>  גיבורו  <adjective>האוטוביוגרפי</adjective>  <noun>שלב</noun>  <adjective>נוסף</adjective>  בתהליך  התבגרותו,  <preposition>אל</preposition>  <noun>תחילת</noun>  שירותו  הצבאי.  <pronoun>זהו</pronoun>  סיפורה  <shel-preposition>של</shel-preposition>  <noun>חבורת</noun>  <noun>טירונים</noun>  <noun>בעלי</noun>  <noun>כושר</noun>  <adjective>קרבי</adjective>  <adjective>לקוי</adjective>  בבה"ד  4  <date>ב-1955,</date>  שהרכבה  <adjective>האנושי</adjective>  <pronoun>הוא</pronoun>  <noun>חתך</noun>  <adjective>מייצג</adjective>  <shel-preposition>של</shel-preposition>  <noun>החברה</noun>  <adjective>הישראלית</adjective>  <participle>המתהווה</participle>  <preposition>על</preposition>  <quantifier>כל</quantifier>  רבדיה:  ותיקים  ועולים  חדשים,  <adjective>אשכנזים</adjective>  וספרדים,  <noun>תושבי</noun>  <noun>העיר</noun>  והמושבה,  <noun>הקיבוץ</noun>  והמעברה,  <noun>פרברי</noun>  <noun>העוני</noun>  והשכונות  המבוססות.  <pronoun>כולם</pronoun>  <noun>נתונים</noun>  בסיר  <noun>הלחץ</noun>  <shel-preposition>של</shel-preposition>  הטירונות,  <participle>המהווה</participle>  כעין  <noun>מימוש</noun>  <adjective>קונקרטי</adjective>  <shel-preposition>של</shel-preposition>  <noun>רעיון</noun>  <noun>כור</noun>  ההיתוך,  וכל  <numeral>אחד</numeral>  מהם,  <preposition>עם</preposition>  <quantifier>כל</quantifier>  היותו  <adjective>מייצג</adjective>  <at-preposition>את</at-preposition>  <participle>המִגזר</participle>  <adjective>החברתי</adjective>  שבא  ממנו,  <pronoun>הוא</pronoun>  <noun>בעת</noun>  ובעונה  <numeral>אחת</numeral>  <noun>דמות</noun>  <adjective>מלאה</adjective>  ומשכנעת  בחד-פעמיותה  האנושית.חלק  <preposition>מן</preposition>  <noun>הרומן</noun>  <verb>נמסר</verb>  מטעמו  <shel-preposition>של</shel-preposition>  <noun>מספר</noun>  בגוף  <numeral>ראשון</numeral>  <participle>המכונה</participle>  "מלבס"  <conjunction>משום</conjunction>  שהוא  <noun>בן</noun>  פתחתקווה,  <preposition>כמו</preposition>  <properName>קנז</properName>  עצמו.  <noun>הפרשנויות</noun>  <adjective>העיקריות</adjective>  להתגנבות  <adjective>יחידים</adjective>  <verb>נעו</verb>  <preposition>בין</preposition>  ראייתו  כרומן  <adjective>חברתי</adjective>  <preposition>על</preposition>  <noun>חבלי</noun>  התגבשותה  <shel-preposition>של</shel-preposition>  <noun>החברה</noun>  <adjective>הישראלית</adjective>  ועל  מקומו  <adjective>המרכזי</adjective>  <shel-preposition>של</shel-preposition>  <noun>הצבא</noun>  בתהליך  זה,  <preposition>לבין</preposition>  ראייתו  כרומן  <noun>חניכה</noun>  <shel-preposition>של</shel-preposition>  <noun>אמן</noun>  <participle>המזקק</participle>  <at-preposition>את</at-preposition>  ייחודו  ואת  עצמיותו  <preposition>מול</preposition>  <noun>לחצים</noun>  <adjective>קולקטיביים</adjective>  למיניהם.  <preposition>כמו</preposition>  <conjunction>כן</conjunction>  <verb>הוצג</verb>  <noun>הרומן</noun>  כביטוי  <adjective>מובהק</adjective>  <shel-preposition>של</shel-preposition>  <noun>דגם</noun>  <noun>היסוד</noun>  ביצירת  קנז,  סיפורה  <shel-preposition>של</shel-preposition>  <noun>קבוצה</noun>  <adjective>אנושית</adjective>  <participle>הכלואה</participle>  במרחב  <adjective>סגור</adjective>  ודחוס,  <participle>העשוי</participle>  <verb>להתפרש</verb>  כמשל  <preposition>על</preposition>  <noun>הקיום</noun>  <adjective>האנושי</adjective>  בכלל.
  <noun>דגם</noun>  <pronoun>זה</pronoun>  <verb>התממש</verb>  במלואו  <conjunction>גם</conjunction>  ברומן  בדרך  <preposition>אל</preposition>  <noun>החתולים</noun>  <date>(1991),</date>  שזירת  <noun>ההתרחשות</noun>  <adjective>העיקרית</adjective>  שלו  <copula>היא</copula>  <noun>בית</noun>  <adjective>חולים</adjective>  גריאטרי,  <participle>המעוצב</participle>  כמרחב  גיהינומי  <shel-preposition>של</shel-preposition>  ממש.  <pronoun>הוא</pronoun>  <verb>מוצג</verb>  כמערכת  כוחנית,  אדישה,  <adjective>תועלתנית</adjective>  וחסרת  חמלה,  שיש  בה  <noun>מתח</noun>  <adjective>היררכי</adjective>  <adjective>ברור</adjective>  <preposition>בין</preposition>  <adjective>חזקים</adjective>  לחלשים,  <verb>מנצלים</verb>  ומנוצלים,  <adjective>בריאים</adjective>  וחולים,  <adjective>צעירים</adjective>  וזקנים,  <noun>בעלי</noun>  <noun>אמצעים</noun>  ודלי  אמצעים,  <adjective>יפים</adjective>  ומכוערים,  <preposition>בין</preposition>  <adjective>החולים</adjective>  <preposition>לבין</preposition>  עצמם  וביניהם  <preposition>לבין</preposition>  <participle>הסובבים</participle>  אותם:  <noun>האחיות</noun>  והאחים,  <noun>בני</noun>  <noun>המשפחות</noun>  והמבקרים  <preposition>מן</preposition>  החוץ.  <noun>חוקיות</noun>  <pronoun>זו</pronoun>  משקפת,  <preposition>כמו</preposition>  בראי  מעוות,  <at-preposition>את</at-preposition>  <noun>סדר</noun>  <noun>העולם</noun>  <verb>בכלל.על</verb>  <noun>רקע</noun>  <pronoun>זה</pronoun>  <verb>נבנית</verb>  <punctuation>–</punctuation>  בעיצוב  <adjective>ריאליסטי</adjective>  שהוי,  פרטני,  <adjective>סבלני</adjective>  ומלא  <noun>אמפתיה</noun>  <punctuation>–</punctuation>  הגיבורה,  <properName>יולנדה</properName>  מוסקוביץ,  כדמות  <adjective>מלאה</adjective>  <noun>תוקף</noun>  פנימי,  פיכחון,  <noun>מודעות</noun>  ושליטה  עצמית,  <participle>השומרת</participle>  <preposition>על</preposition>  כבודה  ועל  עצמאותה  לכל  <noun>אורך</noun>  הרומן.  <noun>הסיפור</noun>  <verb>עוקב</verb>  <preposition>אחר</preposition>  <noun>התהליך</noun>  <participle>העובר</participle>  עליה  בערוב  ימיה,  מניסיון  <verb>להיאחז</verb>  בחיים  <properName>עלידי</properName>  כעין  <adjective>פרשתאהבים</adjective>  <preposition>עם</preposition>  <noun>אמן</noun>  <adjective>זקן</adjective>  <participle>המאושפז</participle>  בבית  <verb>החוליםועד</verb>  <noun>ההשלמה</noun>  <preposition>עם</preposition>  סופה  הקרב,תוך  <conjunction>כדי</conjunction>  <noun>מאמצים</noun>  <verb>להבטיח</verb>  שהשלב  <adjective>האחרון</adjective>  בחייה  <copula>יהיה</copula>  <adjective>מכובד</adjective>  כקודמיו.
  ספרו  <numeral>השמיני</numeral>  <shel-preposition>של</shel-preposition>  קנז,  <noun>דירה</noun>  <preposition>עם</preposition>  <noun>כניסה</noun>  בחצר  <date>(2008),</date>  <verb>מכיל</verb>  <numeral>תשעה</numeral>  <noun>סיפורים</noun>  <participle>המעוגנים</participle>  ברובם  באגפים  <adjective>המוכרים</adjective>  <shel-preposition>של</shel-preposition>  עולמו  הסיפורי:  המושבה,  <noun>השירות</noun>  בצבא,  <noun>הוויית</noun>  <noun>הבית</noun>  המשותף.  <pronoun>כולם</pronoun>  <adjective>כתובים</adjective>  באותו  <noun>נוסח</noun>  <adjective>ריאליסטי</adjective>  צלול,  <adjective>מגובש</adjective>  ומאופק.  <preposition>עם</preposition>  <pronoun>זאת</pronoun>  <adjective>ניכר</adjective>  בהם,  <quantifier>כל</quantifier>  <numeral>אחד</numeral>  בדרכו,  <noun>המתח</noun>  <preposition>בין</preposition>  <noun>חיי</noun>  <noun>שגרה</noun>  <adjective>אפרוריים</adjective>  <preposition>לבין</preposition>  <noun>יסודות</noun>  <shel-preposition>של</shel-preposition>  <noun>רוע</noun>  ואימה,  <noun>טירוף</noun>  ובלהה  <participle>הרוחשים</participle>  <preposition>מתחת</preposition>  <preposition>לפני</preposition>  <noun>השטח</noun>  ולעתים  <verb>פורצים</verb>  ונגלים  בעוצמה  גרוטסקית.  ספרו  התשיעי,  <noun>שירת</noun>  <noun>המקהלה</noun>  <date>(2013),</date>  <noun>כולל</noun>  <numeral>עשרה</numeral>  סיפורים.  רובם  חדשים,  ומקצתם  כאלה  שנדפסו  בכתבי  <noun>עת</noun>  ולא  <verb>כונסו</verb>  בספר.
  בראשית  דרכו  <verb>נחשב</verb>  <properName>קנז</properName>  כדמות  <adjective>מינורית</adjective>  <preposition>לעומת</preposition>  <noun>בנידורו</noun>  <adjective>הבולטים</adjective>  <preposition>מקרב</preposition>  <noun>סופרי</noun>  "דור  המדינה".  <conjunction>אולם</conjunction>  <adverb>מאז</adverb>  <noun>הופעת</noun>  <noun>מומנט</noun>  מוסיקלי,  וביתר  שאת  <adverb>מאז</adverb>  <noun>התגנבות</noun>  יחידים,  <verb>גברה</verb>  <noun>ההערכה</noun>  בביקורת  לסגולותיה  <adjective>האסתטיות</adjective>  והמוסריות  <shel-preposition>של</shel-preposition>  <noun>אמנות</noun>  <noun>הסיפור</noun>  שלו:  <noun>העיצוב</noun>  <adjective>הריאליסטי</adjective>  <adjective>הדייקני</adjective>  <noun>בעל</noun>  <noun>הממדים</noun>  הסמליים;  <noun>הסגנון</noun>  <verb>הבהיר</verb>  <participle>הנמנע</participle>  מכל  ראוותנות;  <noun>הרגישות</noun>  הלא-אגוצנטרית  לזולת  במצוקותיו;  <noun>המהימנות</noun>  <adjective>הגמורה</adjective>  <shel-preposition>של</shel-preposition>  <noun>קטעי</noun>  <noun>המציאות</noun>  המתוארים;  והקשב  <adjective>הדק</adjective>  לעברית  <adjective>הישראלית</adjective>  המדוברת.  <noun>ההכרה</noun>  באיכותה  <shel-preposition>של</shel-preposition>  יצירתו  <verb>התבטאה</verb>  <conjunction>גם</conjunction>  בפרסים  שקיבל  <adverb>מאז</adverb>  <noun>ראשית</noun>  <noun>שנות</noun>  התשעים,  בהם  <properName>פרס</properName>  <properName>אלתרמן</properName>  <date>(1991),</date>  <properName>פרס</properName>  <properName>ניומן</properName>  <date>(1992),</date>  <properName>פרס</properName>  <properName>עגנון</properName>  <date>(1993),</date>  <properName>פרס</properName>  <properName>אקו"ם</properName>  <date>(1994)</date>  ופרס  <properName>ביאליק</properName>  <date>(1995).</date>  ספריו  <verb>תורגמו</verb>  לכעשר  שפות,  ואחדים  מהם  <verb>עובדו</verb>  לקולנוע  ולתיאטרון.
  <adverb>במקביל</adverb>  ליצירתו  <adjective>המקורית</adjective>  <verb>עוסק</verb>  <properName>קנז</properName>  בתרגום,  ונחשב  <numeral>אחד</numeral>  <noun>מחשובי</noun>  <noun>המתרגמים</noun>  <preposition>מן</preposition>  <noun>הסיפורת</noun>  <adjective>הצרפתית</adjective>  <adjective>הקלאסית</adjective>  (בלזק,  פלובר,  סטנדאל,  <properName>ז'ורז'</properName>  סאנד)  והמודרנית  (ז'יד,  סארטר,  מוריאק,  מודיאנו,  מונתרלאן).  בשנים  <adjective>האחרונות</adjective>  <verb>התמקד</verb>  ברומנים  <adjective>הקצרים</adjective>  <shel-preposition>של</shel-preposition>  <properName>ז'ורז'</properName>  סימנון,  ובשנים  <date>2012-2003</date>  <verb>הופיעו</verb>  בתרגומו  <noun>תריסר</noun>  מהם.  <noun>המסות</noun>  <adjective>הפרשניות</adjective>  שצירף  לכמה  מתרגומיו  <adjective>עשויות</adjective>  <verb>לשמש</verb>  <noun>מפתחות</noun>  <adjective>משמעותיים</adjective>  ליצירותיו  שלו.  <noun>בד</noun>  בבד  <verb>שימש</verb>  <properName>קנז</properName>  <adverb>מאז</adverb>  <noun>שנות</noun>  <numeral>השישים</numeral>  בתפקידי  <noun>עריכה</noun>  בכתבי  <noun>העת</noun>  <properName>קשת</properName>  וקשת  החדשה,  מחברות  לספרות  לחברה  ולביקורת  ובמוסף  "תרבות  וספרות"  בעיתון  הארץ.  
  References:  
 
		</body>
	</text>
</TEI>