<?xml version="1.0" encoding="UTF-8"?>
<?xml-model href="http://www.tei-c.org/release/xml/tei/custom/schema/relaxng/tei_all.rng" type="application/xml" schematypens="http://relaxng.org/ns/structure/1.0"?>
<?xml-model href="http://www.tei-c.org/release/xml/tei/custom/schema/relaxng/tei_all.rng" type="application/xml"
	schematypens="http://purl.oclc.org/dsdl/schematron"?>
<TEI xmlns="http://www.tei-c.org/ns/1.0">
   <teiHeader>
      <fileDesc>
         <publicationStmt>
            <p>Publication Information</p>
         </publicationStmt>
         <sourceDesc>
            <p>Information about the source</p>
         </sourceDesc>
      </fileDesc>
   </teiHeader>
   <text>
      <body>
 Name:  קניוק,  יורם
  <foreign>Birth</foreign>  Year:  <date>1930
</date>  <foreign>Death</foreign>  Year:  <date>2013
</date>  <foreign>Birth</foreign>  Place:  <properName>תל</properName>  אביב
  Occupation:  סופר,  <noun>עיתונאי</noun>  וצייר
  <foreign>Entry</foreign>  writer:  <properName>שי</properName>  צור
  <foreign>Entry</foreign>  Value:  
  <verb>נולד</verb>  בתל  אביב.  אמו  <verb>עלתה</verb>  <adverb>ארצה</adverb>  <preposition>עם</preposition>  משפחתה  במסגרת  <noun>העלייה</noun>  <numeral>השנייה</numeral>  והקדישה  <at-preposition>את</at-preposition>  חייה  לחינוך  העברי;  אביו,  <noun>יליד</noun>  <noun>גליציה</noun>  שהיגר  לברלין  והעריץ  <at-preposition>את</at-preposition>  <noun>התרבות</noun>  הגרמנית,  <verb>הגיע</verb>  <adverb>ארצה</adverb>  בסוף  <noun>שנות</noun>  <numeral>העשרים</numeral>  ושימש  <noun>שנים</noun>  <adjective>רבות</adjective>  כמנהלו  <numeral>הראשון</numeral>  <shel-preposition>של</shel-preposition>  <noun>מוזיאון</noun>  <properName>תל</properName>  אביב.  <properName>ביאליק</properName>  <copula>היה</copula>  סנדקו  <shel-preposition>של</shel-preposition>  <noun>קניוק</noun>  ואף  <verb>העניק</verb>  <conjunction>לו</conjunction>  <at-preposition>את</at-preposition>  שמו.  <verb>כתב</verb>  <adverb>יותר</adverb>  <verb>מעשרים</verb>  ספרים,  בהם  רומנים,  <participle>קובצי</participle>  <noun>סיפורים</noun>  ונובלות,  <noun>ספרים</noun>  למבוגרים,  לבני  <noun>נוער</noun>  ולילדים.  ספריו  <verb>תורגמו</verb>  ליותר  <verb>מעשרים</verb>  <noun>שפות</noun>  זרות,  וחלקם  <verb>עובדו</verb>  לתיאטרון,  לקולנוע  ולטלוויזיה.
  בגיל  שבע-עשרה  <verb>עזב</verb>  <at-preposition>את</at-preposition>  <noun>בית</noun>  <noun>הספר</noun>  והתגייס  לפלמ"ח.  <noun>לחם</noun>  בחטיבת  <properName>הראל</properName>  בירושלים  ובדרך  <participle>המוליכה</participle>  אליה  ונפצע.  <conjunction>לאחר</conjunction>  <noun>המלחמה</noun>  <verb>עבד</verb>  <noun>כימאי</noun>  והיה  <adjective>מעורב</adjective>  בהעלאת  <noun>ניצולי</noun>  <noun>שואה</noun>  לארץ.  <verb>למד</verb>  <noun>ציור</noun>  ב"בצלאל"  וכן  <verb>שמע</verb>  <noun>שיעורים</noun>  בקבלה  <verb>ושבתאות</verb>  <preposition>אצל</preposition>  <properName>גרשום</properName>  שלום.  <verb>המשיך</verb>  <preposition>במשך</preposition>  <noun>שנה</noun>  בלימודי  <noun>הציור</noun>  בפריז  ולאחר  <verb>מכן</verb>  <verb>חי</verb>  כעשר  <noun>שנים</noun>  בארצות  הברית.  <preposition>בין</preposition>  <noun>השאר</noun>  <verb>התגורר</verb>  בווילג'  <properName>בניו</properName>  יורק,  שהיה  בשנות  <numeral>החמישים</numeral>  <noun>זירת</noun>  <noun>ההתרחשות</noun>  <adjective>המרכזית</adjective>  <shel-preposition>של</shel-preposition>  <noun>המהפכה</noun>  בתרבות  האמריקנית.  <noun>שם</noun>  <verb>התוודע</verb>  לגיבורי  <noun>תרבות</noun>  <adjective>רבים</adjective>  וקשר  <noun>חברות</noun>  <adjective>אמיצה</adjective>  <preposition>עם</preposition>  <noun>המוזיקאים</noun>  <properName>בילי</properName>  <properName>הולידיי</properName>  וצ'רלי  פרקר.  
  ספרו  הראשון,  <participle>היורד</participle>  למעלה,  <verb>נכתב</verb>  בארצות  <properName>הברית</properName>  ושם  <conjunction>גם</conjunction>  <verb>ראה</verb>  <noun>אור</noun>  <adverb>לראשונה</adverb>  באנגלית  (The  Acrophile,  <date>1961).</date>  בארץ  <verb>התפרסם</verb>  <noun>הספר</noun>  בהוצאת  שוקן  <date>ב-1963.
</date>  <conjunction>לאחר</conjunction>  שובו  <adverb>ארצה</adverb>  <verb>המשיך</verb>  בכתיבתו  <adjective>הספרותית</adjective>  ובמקביל  <verb>עבד</verb>  כעיתונאי  וכמבקר  תיאטרון.  <conjunction>כמו</conjunction>  <conjunction>כן</conjunction>  <verb>ניהל</verb>  גלריה,  <copula>היה</copula>  <verb>חבר</verb>  בהנהלה  <adjective>האמנותית</adjective>  <shel-preposition>של</shel-preposition>  <properName>תיאטרון</properName>  "הקאמרי"  ושימש  כמנהל  <properName>תיאטרון</properName>  "גיורא  גודיק".  <verb>ניהל</verb>  <preposition>עם</preposition>  <properName>בועז</properName>  <properName>עברון</properName>  <at-preposition>את</at-preposition>  <noun>בית</noun>  <noun>הספר</noun>  "בית  צבי".  
  כרונולוגית,  <noun>קניוק</noun>  <adjective>שייך</adjective>  לדור  <noun>סופרי</noun>  תש"ח.  <noun>הביקורת</noun>  <verb>נטתה</verb>  <verb>למנות</verb>  אותו  <preposition>עם</preposition>  <noun>סופרי</noun>  <noun>דור</noun>  המדינה.  <conjunction>אך</conjunction>  <adverb>למעשה</adverb>  <pronoun>הוא</pronoun>  <adjective>חריג</adjective>  ובעל  <noun>קול</noun>  <noun>חלוצי</noun>  <preposition>בקרב</preposition>  <numeral>שני</numeral>  <noun>הדורות</noun>  <verb>הללו</verb>  כאחד.  <noun>קניוק</noun>  <verb>הקדים</verb>  <at-preposition>את</at-preposition>  זמנו  והרחיב  <at-preposition>את</at-preposition>  גבולותיה  <shel-preposition>של</shel-preposition>  <noun>הספרות</noun>  הישראלית:  <at-preposition>את</at-preposition>  <noun>מנעד</noun>  <noun>השאלות</noun>  הקיומיות,  <adjective>החברתיות</adjective>  והאישיות  שעסקה  בהן  ואת  <noun>מגוון</noun>  <noun>הסגנונות</noun>  שהתנסתה  בהם.  <adjective>דומה</adjective>  שחדשנותה  <shel-preposition>של</shel-preposition>  כתיבתו  <verb>היוותה</verb>  <at-preposition>את</at-preposition>  <numeral>אחת</numeral>  <noun>הסיבות</noun>  לתגובות  <adjective>המעורבות</adjective>  שעוררה,  ולכך  שרק  במהלך  <noun>שנות</noun>  <numeral>האלפיים</numeral>  <copula>היא</copula>  <verb>זוכה</verb>  להכרה  <verb>הולכת</verb>  וגוברת  <shel-preposition>של</shel-preposition>  <noun>הממסד</noun>  <adjective>הספרותי</adjective>  ולאהדתו  <shel-preposition>של</shel-preposition>  <noun>קהל</noun>  <verb>קוראים</verb>  <noun>ישראלי</noun>  <adjective>רחב</adjective>  ומגוון.  <noun>קניוק</noun>  <copula>היה</copula>  <preposition>מן</preposition>  <noun>הראשונים</noun>  לערב  בכתיבתו  <noun>מיתוס</noun>  והיסטוריה,  <noun>פנטזיה</noun>  וריאליה,  <noun>אימה</noun>  והומור.  בהקשר  <pronoun>זה</pronoun>  יצירתו  מטרימה  <at-preposition>את</at-preposition>  כתיבתם  <shel-preposition>של</shel-preposition>  <noun>סופרים</noun>  <adjective>צעירים</adjective>  <verb>ממנו</verb>  בהרבה,  בהם:  <properName>דויד</properName>  גרוסמן,  <properName>אורלי</properName>  קסטל-בלום,  <properName>אתגר</properName>  קרת,  <properName>עוזי</properName>  וייל,  <properName>איתמר</properName>  לוי,  <properName>אמנון</properName>  נבות,  <properName>לאה</properName>  <adjective>איני</adjective>  ושמעון  אדף.
  אהבתו  <adjective>הגדולה</adjective>  לאפוס  המקראי,  למשנה,  למדרש  ולקבלה,  שמהם  <verb>הושפע</verb>  עמוקות,  ושליטתו  בשפה  העברית,  <preposition>על</preposition>  משלביה  השונים,  <verb>איפשרו</verb>  <conjunction>לו</conjunction>  <verb>לרקום</verb>  <noun>סגנון</noun>  <adjective>מקורי</adjective>  וייחודי.  <noun>המוזיקליות</noun>  שלו  וההשפעה  <adjective>הגדולה</adjective>  שהיתה  למקצבי  <properName>הג'ז</properName>  שהתוודע  להם  בשנות  <numeral>החמישים</numeral>  <properName>בניו</properName>  <properName>יורק</properName>  <preposition>על</preposition>  כתיבתו,  <verb>הפכו</verb>  <at-preposition>את</at-preposition>  <noun>הפרוזה</noun>  שלו  לקצבית,  <adjective>אנרגטית</adjective>  ופרועה,  ולנוטה  <verb>לפרוץ</verb>  <at-preposition>את</at-preposition>  <noun>הקומפוזיציה</noun>  <adjective>הסיפורית</adjective>  <adjective>האחידה</adjective>  והסדורה  <preposition>על</preposition>  <noun>ידי</noun>  <noun>תנועה</noun>  <preposition>בין</preposition>  <noun>קולות</noun>  וז'אנרים  שונים,  שבירת  <noun>הרצף</noun>  העלילתי,  <noun>צירופים</noun>  <adjective>פרדוקסליים</adjective>  ווריאציות  <adjective>שונות</adjective>  <preposition>על</preposition>  הסיפור.  
  <copula>היה</copula>  <conjunction>גם</conjunction>  <preposition>מן</preposition>  <noun>הראשונים</noun>  <verb>לעסוק</verb>  באומץ,  במורכבות  ומפרספקטיבה  <adjective>חדשנית</adjective>  בכמה  <preposition>מן</preposition>  <noun>הנושאים</noun>  והמאורעות  <participle>הכואבים</participle>  והטעונים  <adverb>ביותר</adverb>  בהיסטוריה  ובהוויה  <adjective>היהודית</adjective>  והישראלית:  <noun>השואה</noun>  וההעפלה,  <noun>העליות</noun>  השונות,  <noun>כולל</noun>  <noun>העלייה</noun>  המזרחית,  ומצוקת  <noun>ההגירה</noun>  <adjective>הכרוכה</adjective>  בהן,  זוועותיה  <shel-preposition>של</shel-preposition>  <noun>מלחמת</noun>  <noun>העצמאות</noun>  והסכסוך  הישראלי-פלסטיני.  <conjunction>כמו</conjunction>  <conjunction>כן</conjunction>  <verb>טיפל</verb>  <adjective>במיתיזציה</adjective>  <shel-preposition>של</shel-preposition>  <noun>המוות</noun>  ובמעמדו  <adjective>הפולחני</adjective>  בחברה  הישראלית,  במסחור  <noun>השכול</noun>  ובמורכבות  <noun>הזיכרון</noun>  והעדות.  כתיבתו  <verb>נוטה</verb>  <verb>לשבץ</verb>  <noun>סיטואציות</noun>  <adjective>היסטוריות</adjective>  <adjective>קשות</adjective>  במסגרות  <adjective>גרוטסקיות</adjective>  ומיתיות-מאגיות,  ומבקשת  <verb>להתבונן</verb>  בחוויות  טראומטיות,  <adjective>קשות</adjective>  לתפישה  ולתיאור,  <adverb>דווקא</adverb>  <preposition>מתוך</preposition>  האבסורד.  <copula>היא</copula>  <verb>מסרבת</verb>  <verb>לכפות</verb>  עליהן  <noun>מסגרת</noun>  ממשמעת,  <adjective>הגיונית</adjective>  ואחידה,  ובוחרת  <verb>לחשוף</verb>  <at-preposition>את</at-preposition>  <noun>המורכבות</noun>  ואת  <noun>היסודות</noun>  הלא-רציונליים  <adjective>המובנים</adjective>  בהוויה  <adjective>האנושית</adjective>  <adverb>בכלל</adverb>  והיהודית-ישראלית  בפרט.      
  יצירתו  <verb>הקדימה</verb>  <at-preposition>את</at-preposition>  זמנה  <conjunction>גם</conjunction>  באופן  <noun>הטיפול</noun>  <adjective>הייחודי</adjective>  שלה  ביחסים  <preposition>בין</preposition>  <adjective>הפרטי</adjective>  ללאומי:  <copula>היא</copula>  <verb>מערערת</verb>  <preposition>על</preposition>  <noun>ההבחנה</noun>  <preposition>בין</preposition>  <numeral>שני</numeral>  הממדים,  <verb>נוטה</verb>  <verb>לתאר</verb>  <noun>חוויה</noun>  <adjective>קולקטיבית</adjective>  <preposition>מתוך</preposition>  <noun>זווית</noun>  <adjective>אישית</adjective>  וחד-פעמית,  ובו  בזמן  <verb>לשרטט</verb>  <at-preposition>את</at-preposition>  <noun>האופן</noun>  <verb>שבו</verb>  <verb>חורצים</verb>  <noun>הנרטיבים</noun>  <adjective>הלאומיים</adjective>  <at-preposition>את</at-preposition>  גורלו  <shel-preposition>של</shel-preposition>  הפרט.  
  <conjunction>כמו</conjunction>  <conjunction>כן</conjunction>  <adverb>הרבה</adverb>  <noun>קניוק</noun>  <verb>לעסוק</verb>  בניסיונות  <adjective>האלימים</adjective>  <verb>להחיות</verb>  <at-preposition>את</at-preposition>  <noun>העבר</noun>  <adjective>הפרטי</adjective>  והלאומי  (לדוגמה  בנבלות,  <date>1997),</date>  ובשכתוב  <adjective>המניפולטיבי</adjective>  <shel-preposition>של</shel-preposition>  <noun>אירועים</noun>  <adjective>היסטוריים</adjective>  ואקטואליים  לצרכים  <adjective>פוליטיים</adjective>  וכלכליים  ולהשגת  <noun>התקדמות</noun>  <adjective>אישית</adjective>  והכרה  ציבורית.  <pronoun>זאת</pronoun>  <pronoun>הן</pronoun>  <preposition>על</preposition>  <noun>ידי</noun>  <noun>התקשורת</noun>  והן  <preposition>על</preposition>  <noun>ידי</noun>  <noun>אנשי</noun>  <noun>צבא</noun>  לשעבר,  <noun>בעלי</noun>  <noun>שררה</noun>  ואזרחים  <verb>תאבי</verb>  <noun>כוח</noun>  ופרסום  <participle>העושים</participle>  <noun>שימושים</noun>  <adjective>ציניים</adjective>  בחרדות  קולקטיביות,  באסונות  <adjective>פרטיים</adjective>  ובטראומות  <adjective>לאומיות</adjective>  (לדוגמה  בהנעדרת  מנחל  צין,  <date>2005).
</date>  בספרו  <noun>אדם</noun>  <noun>בן</noun>  <noun>כלב</noun>  <date>(1968)</date>  <verb>בחן</verb>  <at-preposition>את</at-preposition>  <noun>נושא</noun>  <noun>השואה</noun>  באמצעים  <shel-preposition>של</shel-preposition>  גרוטסקה,  <noun>סוריאליזם</noun>  ואבסורד.    
  בהיהודי  <adjective>האחרון</adjective>  <date>(1981)</date>  <verb>טווה</verb>  אפוס-מיתוס  <adjective>רחב</adjective>  <noun>יריעה</noun>  <preposition>על</preposition>  <noun>הקיום</noun>  <adjective>היהודי</adjective>  בארץ,  באירופה  ובארצות  הברית.  <pronoun>זהו</pronoun>  <noun>רומן</noun>  <participle>המשלב</participle>  <noun>יסודות</noun>  היסטוריים,  ריאליסטיים,  <adjective>מיתיים</adjective>  ופנטסטיים,  שגם  <verb>היווה</verb>  <numeral>אחת</numeral>  <preposition>מן</preposition>  <noun>היצירות</noun>  <adjective>הפוליפוניות</adjective>  <numeral>הראשונות</numeral>  בספרות  הישראלית.  <noun>היצירה</noun>  <verb>עירערה</verb>  באופן  <verb>פורץ</verb>  <noun>דרך</noun>  <at-preposition>את</at-preposition>  <noun>ההבחנה</noun>  <adjective>הברורה</adjective>  <adverb>לכאורה</adverb>  <preposition>בין</preposition>  <adjective>היהודי</adjective>  <adjective>הישן</adjective>  לעברי  <adjective>החדש</adjective>  ובין  <noun>הגורל</noun>  <adjective>היהודי</adjective>  לזה  הישראלי.  <conjunction>כמו</conjunction>  <conjunction>כן</conjunction>  <verb>נבחנה</verb>  בה  באומץ  <noun>שותפות</noun>  <noun>הגורל</noun>  <participle>המתמשכת</participle>  והטרגית  <preposition>בין</preposition>  <noun>היהודים</noun>  והגרמנים  לדורותיהם.
  <noun>קניוק</noun>  <verb>נחשב</verb>  לאחד  מחלוצי  <noun>הכתיבה</noun>  <verb>הווידויית</verb>  בספרות  הישראלית,  <noun>נוסח</noun>  <adjective>ספרותי</adjective>  <verb>שבו</verb>  <verb>השתמש</verb>  באופנים  <adjective>מגוונים</adjective>  בכמה  מספריו,  לדוגמה  בפוסט  מורטם  <date>(1992).</date>  ככלל,  <adverb>הרבה</adverb>  <verb>להשתמש</verb>  בחומרים  <adjective>אוטוביוגרפיים</adjective>  בכתיבתו  הבדיונית,  וגם  בחומרים  <adjective>בדיוניים</adjective>  בכתיבתו  האוטוביוגרפית.  <adverb>לעתים</adverb>  <adjective>קרובות</adjective>  <verb>העמיד</verb>  במרכז  יצירותיו  <noun>דמות</noun>  <shel-preposition>של</shel-preposition>  <noun>אמן</noun>  (לפעמים  <noun>בן</noun>  דמותו);  <noun>שתל</noun>  ביצירות  <adjective>מאוחרות</adjective>  <noun>דמויות</noun>  מיצירות  קודמות;  <verb>הכניס</verb>  <noun>דמויות</noun>  <adjective>בדיוניות</adjective>  ליצירות  <adjective>אוטוביוגרפיות</adjective>  וכו'.  יצירותיו  <noun>שבות</noun>    ומערערות  <preposition>על</preposition>  שלמותה  <shel-preposition>של</shel-preposition>  <noun>האשליה</noun>  האמנותית,  אבל,  ובה  בעת:  ממכלול  יצירתו  <verb>עולה</verb>  שהזיכרון  <pronoun>הוא</pronoun>  <adjective>תדיר</adjective>  <noun>מקור</noun>  להסתרה  ולתעתוע  ודווקא  הבדיון,  <noun>החלום</noun>  וההמצאה  <verb>מאפשרים</verb>  <noun>מגע</noun>  בָּאמת.  
  בכמה  <preposition>מן</preposition>  <noun>הרומנים</noun>  שלו,  <conjunction>כמו</conjunction>  בתו  <date>(1987),</date>  <verb>אימץ</verb>  <at-preposition>את</at-preposition>  <noun>התבנית</noun>  <shel-preposition>של</shel-preposition>  <noun>סיפור</noun>  <noun>הבלש</noun>  ככלי  לחקירת  <noun>ההיסטוריה</noun>  <adjective>הפרטית</adjective>  והלאומית  והכוחות  <participle>הפועלים</participle>  בנפשו  <shel-preposition>של</shel-preposition>  <noun>האדם</noun>  <adjective>המודרני</adjective>  ויוצרים  <at-preposition>את</at-preposition>  <noun>הטרגדיה</noun>  שלו.  <preposition>עם</preposition>  זאת,  <adjective>דומה</adjective>  שלא  <adverb>פחות</adverb>  משפתרון  <noun>התעלומה</noun>  <adjective>הבלשית</adjective>  <verb>מעניק</verb>  תובנות,  <pronoun>הוא</pronoun>  <verb>מבטא</verb>  ביצירתו  <shel-preposition>של</shel-preposition>  <noun>קניוק</noun>  <at-preposition>את</at-preposition>  החידתיות,  <noun>המסתורין</noun>  ותחושת  <noun>האובדן</noun>  שבתשתית  הקיום.  
  <date>ב-2003</date>  <verb>ראה</verb>  <noun>אור</noun>  ספרו  <noun>חיים</noun>  <preposition>על</preposition>  <noun>נייר</noun>  זכוכית,  ממואר  <participle>המתאר</participle>  <at-preposition>את</at-preposition>  שנותיו  <adjective>הסוערות</adjective>  <shel-preposition>של</shel-preposition>  <noun>קניוק</noun>  <properName>בניו</properName>  <properName>יורק</properName>  <shel-preposition>של</shel-preposition>  <noun>שנות</noun>  החמישים,  שהוא  בו  בזמן  <conjunction>גם</conjunction>  <noun>רומן</noun>  <noun>חניכה</noun>  <properName>פיקרסקי</properName>  <preposition>על</preposition>  עיצובו  <shel-preposition>של</shel-preposition>  <noun>האמן</noun>  כאיש  צעיר.  <noun>הספר</noun>  <verb>יצר</verb>  <noun>חיבור</noun>  <adjective>ייחודי</adjective>  <preposition>בין</preposition>  <noun>החברה</noun>  <adjective>הישראלית</adjective>  והחברה  האמריקנית,  ובין  הגולים,  <participle>המנודים</participle>  והחיים-המתים  שבתוכן,  <noun>אנשים</noun>  שבכוחם  <verb>להעניק</verb>  <noun>פרספקטיבה</noun>  <adjective>ייחודית</adjective>  וליצור  <noun>אמנות</noun>  חדשנית.  <noun>הספר</noun>  <verb>זכה</verb>  לתגובות  <adjective>נרגשות</adjective>  <preposition>בקרב</preposition>  <noun>הביקורת</noun>  והציבור  <adjective>הרחב</adjective>  והיה  <noun>מועמד</noun>  לפרס  ספיר.
  <conjunction>גם</conjunction>  <adjective>הברלינאי</adjective>  <adjective>האחרון</adjective>  <date>(2004),</date>  <noun>ספר</noun>  <participle>המורכב</participle>  מרשימות  <noun>מסע</noun>  <verb>מעשרים</verb>  <noun>שנות</noun>  <noun>ביקורים</noun>  בגרמניה,  ועוסק  במשיכתו  לתרבות  <adjective>הגרמנית</adjective>  <adverb>מחד</adverb>  <properName>גיסא</properName>  ובתהייה  <interrogative>האם</interrogative>  <existential>יש</existential>  <properName>גרמניה</properName>  <adjective>אחרת</adjective>  <conjunction>מאידך</conjunction>  גיסא,  <verb>זכה</verb>  לביקורות  <verb>נלהבות</verb>  ולאהדת  <noun>הקהל</noun>  ועורר  <noun>דיון</noun>  <adjective>ציבורי</adjective>  <adjective>מחודש</adjective>  בדבר  <noun>יחסי</noun>  גרמניה-ישראל  ותגובותיהם  <shel-preposition>של</shel-preposition>  <noun>בני</noun>  <noun>הדור</noun>  <numeral>השני</numeral>  והשלישי  לשואה  <preposition>בקרב</preposition>  <noun>בני</noun>  <numeral>שני</numeral>  העמים.
  בהמשך  <verb>פירסם</verb>  <adverb>עוד</adverb>  <numeral>שני</numeral>  ממוארים:  <preposition>על</preposition>  <noun>החיים</noun>  ועל  <noun>המוות</noun>  <date>(2007)</date>  ותש"ח  <date>(2010),</date>  <verb>שבו</verb>  <pronoun>הוא</pronoun>  <verb>שב</verb>  לזיכרונותיו  מימי  <noun>מלחמת</noun>  השחרור.  <preposition>על</preposition>  <properName>תש"ח</properName>  <verb>זכה</verb>  בפרס  <properName>ספיר</properName>  לשנת  <date>2010.</date>  
  <verb>בממוארים</verb>  <adjective>המאוחרים</adjective>  שלו  <noun>קניוק</noun>  "מעלה  באוב"  ערים,  <noun>תרבויות</noun>  ואנשים  שאינם  <adverb>עוד</adverb>  ועורך  <noun>דיון</noun>  <adjective>מחודש</adjective>  בצמתים  <adjective>קריטיים</adjective>  בהיסטוריה  <adjective>היהודית</adjective>  והישראלית,  בחייו  שלו  ובחיי  <noun>בני</noun>  דורו.  <pronoun>הוא</pronoun>  <verb>עוסק</verb>  במעמדו  <shel-preposition>של</shel-preposition>  <noun>הזיכרון</noun>  <adjective>האישי</adjective>  והקולקטיבי  וחושף  <at-preposition>את</at-preposition>  <noun>החומרים</noun>  וההשפעות  שעיצבו  <at-preposition>את</at-preposition>  כתיבתו  ואת  דמותו.  כתיבתו  <adjective>המאוחרת</adjective>  <verb>העניקה</verb>  <conjunction>לו</conjunction>  <noun>הכרה</noun>  והערכה  <adjective>ציבורית</adjective>  <adjective>רחבה</adjective>  והפכה  אותו  לסופר  <adjective>אהוב</adjective>  ומשפיע  <conjunction>גם</conjunction>  <preposition>בקרב</preposition>  <noun>בני</noun>  <noun>הדור</noun>  <adjective>הצעיר</adjective>  <shel-preposition>של</shel-preposition>  זמננו.    
  <noun>קניוק</noun>  <verb>פעל</verb>  <adjective>רבות</adjective>  בהקשר  הישראלי-פלסטיני  וזכה,  <preposition>עם</preposition>  <properName>אמיל</properName>  חביבי,  בפרס  <preposition>מטעם</preposition>  אונסק"ו.  <preposition>על</preposition>  יצירתו  <adjective>הספרותית</adjective>  <verb>זכה</verb>  <conjunction>גם</conjunction>  בפרס  <properName>ברנר</properName>  <date>(1987)</date>  ובפרס  <properName>ביאליק</properName>  <date>(1999).</date>  <date>ב-2008</date>  <verb>הוענק</verb>  <conjunction>לו</conjunction>  <properName>פרס</properName>  <noun>יקיר</noun>  <noun>העיר</noun>  <properName>תל</properName>  אביב.
  References:  
  הראל,  מעיין,  <properName>שלומית</properName>  <properName>זערור</properName>  ואחרים.  "כמו  <numeral>אחד</numeral>  שהגיע  ממקום  <adjective>אחר</adjective>  <punctuation>–</punctuation>  <noun>ראיון</noun>  <preposition>עם</preposition>  <properName>יורם</properName>  קניוק".  <adverb>מכאן</adverb>  ג'.  <date>2002.</date>  199-180;  הרצוג,  עמרי.  מהפך:  <noun>טרנספורמציה</noun>  <adjective>פלסטית</adjective>  בגוף  <noun>הספרות</noun>  <adjective>הישראלית</adjective>  העכשווית.  <noun>חיבור</noun>  <preposition>לשם</preposition>  <noun>קבלת</noun>  <noun>תואר</noun>  דוקטור.  ירושלים:  <noun>האוניברסיטה</noun>  העברית.  <date>2010.</date>  105-72;  צור,  דביר.  "אחרית  דבר".  <adjective>היהודי</adjective>  האחרון.  <properName>תל</properName>  אביב:  <noun>ידיעות</noun>  אחרונות.  <date>2009.</date>  594-585;  צור,  שי.  <noun>חורבן</noun>  <noun>הבית</noun>  <adjective>הפרטי</adjective>  בספרות  <adjective>הישראלית</adjective>  בת-זמננו.  <noun>חיבור</noun>  <preposition>לשם</preposition>  <noun>קבלת</noun>  <noun>תואר</noun>  דוקטור.  ירושלים:  <noun>האוניברסיטה</noun>  העברית.  <date>2011;</date>  קניוק,  יורם.  "הסיפורים  שנהיו  לסיפור  חיי".  <adverb>מאין</adverb>  <verb>נחלתי</verb>  <at-preposition>את</at-preposition>  <noun>שירי</noun>  <punctuation>–</punctuation>  <noun>סופרים</noun>  ומשוררים  <verb>מדברים</verb>  <preposition>על</preposition>  <noun>מקורות</noun>  השראה.  <properName>תל</properName>  אביב:  <noun>ידיעות</noun>  אחרונות.  <date>2002.</date>  74-65;  שוורץ,  יגאל.  "אחרית  <noun>דבר</noun>  <punctuation>–</punctuation>  ואז  <verb>נשתררה</verb>  דממה".  <noun>עיטים</noun>  ונבלות.  <properName>תל</properName>  אביב:  <noun>ידיעות</noun>  אחרונות.  <date>2006.</date>  206-193;  שקד,  גרשון.  "רשות  <noun>הזעקה</noun>  <punctuation>–</punctuation>  <preposition>על</preposition>  יצירתו  <shel-preposition>של</shel-preposition>  <properName>יורם</properName>  קניוק".  <adverb>עכשיו</adverb>  65.  <date>1997־1998.</date>  66־92.
 
		</body>
	</text>
</TEI>