<?xml version="1.0" encoding="UTF-8"?>
<?xml-model href="http://www.tei-c.org/release/xml/tei/custom/schema/relaxng/tei_all.rng" type="application/xml" schematypens="http://relaxng.org/ns/structure/1.0"?>
<?xml-model href="http://www.tei-c.org/release/xml/tei/custom/schema/relaxng/tei_all.rng" type="application/xml"
	schematypens="http://purl.oclc.org/dsdl/schematron"?>
<TEI xmlns="http://www.tei-c.org/ns/1.0">
   <teiHeader>
      <fileDesc>
         <publicationStmt>
            <p>Publication Information</p>
         </publicationStmt>
         <sourceDesc>
            <p>Information about the source</p>
         </sourceDesc>
      </fileDesc>
   </teiHeader>
   <text>
      <body>
 Name:  קסטל-בלום,  <properName>אורלי</properName>  
  <foreign>Birth</foreign>  Year:  <date>1960
</date>  <foreign>Birth</foreign>  Place:  <noun>תלאביב</noun>  להורים  שעלו
  Occupation:  <noun>סופרת</noun>  ועורכת
  <foreign>Entry</foreign>  writer:  <noun>שי</noun>  רודין
  <foreign>Entry</foreign>  Value:  
  <verb>נולדה</verb>  בתלאביב  להורים  שעלו  ממצרים  <date>ב-1949</date>  והיו  <noun>חברי</noun>  <noun>גרעין</noun>  בקיבוץ  עיןשמר.  בביתם  <verb>דיברו</verb>  צרפתית.  <verb>למדה</verb>  <properName>בגימנסיה</properName>  "הרצליה".  <verb>שירתה</verb>  בצבא  בסיני.  <verb>למדה</verb>  <noun>שנה</noun>  <numeral>אחת</numeral>  <noun>קולנוע</noun>  באוניברסיטת  <noun>תלאביב</noun>  ושנה  <adjective>נוספת</adjective>  ב"בית  צבי",  <adverb>שם</adverb>  <verb>הכירה</verb>  <at-preposition>את</at-preposition>  <noun>העיתונאי</noun>  <properName>גדי</properName>  בלום,  שלו  <verb>נישאה</verb>  <date>ב-1985.הם</date>  <verb>התגרשו</verb>  <date>ב-1999.</date>  
  יצירתה  <verb>כוללת</verb>  <noun>סיפורים</noun>  קצרים,  נובלות,  <noun>רומנים</noun>  וספר  ילדים.  <noun>קובץ</noun>  סיפוריה  הראשון,  <negation>לא</negation>  <adjective>רחוק</adjective>  ממרכז  <verb>העיר(עם</verb>  עובד,  <date>1987),עורר</date>  <noun>עניין</noun>  <adjective>רב</adjective>  בספרות  <adjective>העברית</adjective>  וסימן  <at-preposition>את</at-preposition>  <properName>קסטל-בלום</properName>  כנושאת  <noun>דגל</noun>  הפוסט-מודרניזם.  <pronoun>היא</pronoun>  <verb>הציבה</verb>  <noun>אנטיתזה</noun>  <verb>משלה</verb>  לנוסח  <noun>דור</noun>  <noun>שנות</noun>  השישים,  <verb>שכללה</verb>  <noun>התנערות</noun>  <adjective>מוחלטת</adjective>  ממושגי  <noun>העושר</noun>  הספרותי,  <noun>האמירות</noun>  המורכבות,  <noun>העלילות</noun>  הרב-רובדיות,  <noun>הקישורים</noun>  הסמליים.  <pronoun>אלה</pronoun>  <verb>הוצאו</verb>  <adverb>לחלוטין</adverb>  <noun>אל</noun>  <adjective>מחוץ</adjective>  לתמונה,  ועמם  <noun>הלשון</noun>  הספרותית,  שהוחלפה  בלשון  <noun>דיבור</noun>  <adjective>עכשווית</adjective>  ולא  <adjective>תקנית</adjective>  <adverb>במתכוון</adverb>  ובעולם  <noun>דימויים</noun>  <participle>הלקוחים</participle>  מאמצעי  התקשורת.  
  <noun>הזהות</noun>  <adjective>הפרטית</adjective>  בסיפורת  שלה,  בממד  <adjective>הפסיכולוגי</adjective>  ובממדי  <noun>הזמן</noun>  והמרחב,  <pronoun>היא</pronoun>  <adjective>אזוטרית</adjective>  ונעדרת  <noun>ממד</noun>  קולקטיבי.  <noun>המחשה</noun>  לכך  <adjective>מצויה</adjective>  בשמו  <shel-preposition>של</shel-preposition>  <noun>הרומן</noun>  <numeral>הראשון</numeral>  שפירסמה,  <interrogative>היכן</interrogative>  <pronoun>אני</pronoun>  <verb>נמצאת</verb>  <date>(1990),</date>  <participle>המעמיד</participle>  <at-preposition>את</at-preposition>  <noun>המרחב</noun>  בסימן  שאלה,  ועולה  ממנו  <noun>מחאה</noun>  <participle>הנובעת</participle>  מאימת  <noun>הקיום</noun>  המודרני.  
  <properName>קסטל-בלום</properName>  <verb>נוקטת</verb>  ב"פואטיקת  הדלות":  <verb>מצביעה</verb>  <preposition>על</preposition>  הקונקרטי,  <verb>מתמקדת</verb>  בשטח  <adjective>מצומצם</adjective>  (לרוב  תלאביב).  <pronoun>היא</pronoun>  <verb>שוברת</verb>  <noun>תבניות</noun>  <adjective>לשוניות</adjective>  ומצביעה  <preposition>על</preposition>  <noun>היעדר</noun>  משמעותן,  <verb>נעזרת</verb>  בתיאורים  <adjective>גרוטסקיים</adjective>  ובזוועות  <conjunction>כדי</conjunction>  <verb>לייצג</verb>  <at-preposition>את</at-preposition>  <noun>תחלואי</noun>  המציאות,  <verb>מפרקת</verb>  <noun>סטריאוטיפים</noun>  <preposition>באמצעות</preposition>  <adjective>ריאליזציות</adjective>  <shel-preposition>של</shel-preposition>  <noun>מטפורות</noun>  ובונה  <noun>פער</noun>  <preposition>בין</preposition>  <noun>הדיווח</noun>  <adjective>החיצוני</adjective>  <participle>המשטיח</participle>  <preposition>לבין</preposition>  <noun>התכנים</noun>  הקשים.  <preposition>באמצעות</preposition>  <properName>ריקון</properName>  ושבירה  <shel-preposition>של</shel-preposition>  <noun>מודלים</noun>  <adjective>לשוניים</adjective>  וספרותיים,  <noun>גיבוב</noun>  <noun>פרטים</noun>  <adjective>טריוויאליים</adjective>  והסמכתם  לפרטים  <adjective>שונים</adjective>  ומנוגדים,  <verb>מומחש</verb>  קיומו  <shel-preposition>של</shel-preposition>  <noun>הפרט</noun>  במציאות  <adjective>משוללת</adjective>  היגיון.  <noun>שבירה</noun>  <pronoun>זו</pronoun>  <verb>הקנתה</verb>  לקסטל-בלום  <at-preposition>את</at-preposition>  מעמדה  כסופרת  <adjective>ישראלית</adjective>  פוסט-מודרניסטית  <adjective>מרכזית</adjective>  <punctuation>–</punctuation>  <conjunction>אם</conjunction>  <conjunction>כי</conjunction>  <existential>יש</existential>  <noun>מבקרים</noun>  <participle>הגורסים</participle>  <conjunction>כי</conjunction>  יצירתה  <verb>עונה</verb>  <adverb>רק</adverb>  <preposition>על</preposition>  <noun>אחדות</noun>  מהגדרות  <noun>הזרם</noun>  הספרותי-תרבותי  הזה.
  <numeral>שלוש</numeral>  <noun>התופעות</noun>  <participle>המאפיינות</participle>  <at-preposition>את</at-preposition>  הפוסט-מודרניזם  <preposition>אצל</preposition>  <properName>קסטל-בלום</properName>  הן:  <noun>הפסטיש</noun>  הקומי;  <noun>התנועה</noun>  הלא-ריאליסטית  <shel-preposition>של</shel-preposition>  <noun>נקודת</noun>  <noun>התצפית</noun>  שממנה  <verb>מסופר</verb>  הסיפור,  <conjunction>כלומר</conjunction>  <noun>הבאת</noun>  <noun>נקודת</noun>  <noun>התצפית</noun>  <preposition>עד</preposition>  אבסורד,  <pronoun>כך</pronoun>  שגם  <pronoun>היא</pronoun>  <verb>נהפכת</verb>  לתופעה  <adjective>קומית</adjective>  <participle>נטולת</participle>  משמעות;  והיפוך  <noun>התפקידים</noun>  <preposition>בין</preposition>  <noun>הלשון</noun>  והעולם  המעוצב,  <pronoun>כך</pronoun>  שהלשון  <verb>מובילה</verb>  <at-preposition>את</at-preposition>  <participle>המסופר</participle>  והסימנים  <verb>נעשים</verb>  <participle>חשובים</participle>  מהמסומנים  <punctuation>–</punctuation>  <noun>תופעה</noun>  <participle>המאפיינת</participle>  בעיקר  <at-preposition>את</at-preposition>  <noun>ספריההספר</noun>  <adjective>החדש</adjective>  <shel-preposition>של</shel-preposition>  <properName>אורלי</properName>  <properName>קסטל-בלום</properName>  <date>(1998)</date>  <noun>ורדיקלים</noun>  <adjective>חופשיים</adjective>  <date>(2000).</date>  <noun>עלילות</noun>  <noun>ספריה</noun>  שופעות,  מקוריות,  פרועות,  <pronoun>הן</pronoun>  <verb>גובלות</verb>  בחלקן,  לעתים,  בחוסר  שחר,  <conjunction>או</conjunction>  <participle>נתונות</participle>  במתכונות  <noun>ז'אנריות</noun>  בנוסח  <adjective>פרודי</adjective>  מוקצן.  בשונה  מיוצרים  <adjective>אחרים</adjective>  <participle>הנמנים</participle>  <preposition>עם</preposition>  <adjective>פואטיקת</adjective>  הדלות,  <preposition>אצל</preposition>  <properName>קסטל-בלום</properName>  <adjective>קיימת</adjective>  קישוריות,  <conjunction>אלא</conjunction>  שזו  מדומה.  <noun>הדמויות</noun>  ביצירותיה  <pronoun>הן</pronoun>  לרוב  פסבדו-דמויות  המתנהגות,  <adverb>לפחות</adverb>  למראית  עין,  בחוסר  <quantifier>כל</quantifier>  היגיון.  
  סגנונה  <adjective>הייחודי</adjective>  <verb>הפך</verb>  אותה  לקול  <adjective>ספרותי</adjective>  <adjective>מרכזי</adjective>  וזיכה  אותה  בשבחי  <noun>בכירי</noun>  המבקרים.  <properName>גרשון</properName>  <properName>שקד</properName>  <verb>כתב</verb>  שהיא  "מחלוצי  הפוסט-מודרניזם  בסיפורת  העברית.  <verb>אחד</verb>  מספריה  הראשונים,  'היכן  <pronoun>אני</pronoun>  <participle>נמצאת'</participle>  <date>(1990),</date>  <pronoun>הוא</pronoun>  מפורצי  <noun>הדרך</noun>  <shel-preposition>של</shel-preposition>  <noun>סיפורת</noun>  <pronoun>זו</pronoun>  בשנות  <numeral>התשעים</numeral>  <shel-preposition>של</shel-preposition>  <numeral>המאה</numeral>  העשרים"  <date>(2009).</date>  <preposition>על</preposition>  <interrogative>היכן</interrogative>  <pronoun>אני</pronoun>  <verb>נמצאת</verb>  <date>(1990)</date>  <verb>כתב</verb>  <properName>ס'</properName>  <properName>יזהר</properName>  <conjunction>כי</conjunction>  "הבלתי  <adjective>נסבל</adjective>  <verb>נכתב</verb>  <adverb>כאן</adverb>  <conjunction>מבלי</conjunction>  להתאונן:  <noun>ספר</noun>  <noun>מסע</noun>  <noun>אל</noun>  <noun>הסביבה</noun>  <adjective>הקרובה</adjective>  ביותר,  <noun>אל</noun>  <noun>תוך</noun>  <noun>יחסי</noun>  <noun>האדם</noun>  <adjective>הידועים</adjective>  לכל,  <noun>אל</noun>  <noun>המוכר</noun>  <adjective>המצוי</adjective>  ואל  <wPrefix>הבלתי</wPrefix>  אפשרי,  <participle>המתהלך</participle>  כאפשרי.  <quantifier>הכל</quantifier>  <verb>מסופר</verb>  <conjunction>כמו</conjunction>  באגב,  במלים  <adjective>הקטנות</adjective>  והמשומשות  ביותר,  באותה  <noun>התפלצות</noun>  שאינה  <verb>צועקת</verb>  ובאותו  <noun>ייאוש</noun>  שיש  במיטב  השירים"  (על  <noun>גב</noun>  הספר).  
  <noun>הנושאים</noun>  שלה  מגוונים,  ולרוב  <noun>בעלי</noun>  <noun>גוון</noun>  <adjective>אישי</adjective>  וחברתי-פוליטי.  ברומן  <properName>דולי</properName>  <noun>סיטי</noun>  <date>(1992)</date>  <noun>החוויה</noun>  <adjective>הציונית</adjective>  <verb>משמשת</verb>  כעין  <noun>מעבדה</noun>  <verb>מוקטנת</verb>  וממוזערת  <shel-preposition>של</shel-preposition>  <noun>המצב</noun>  <adjective>האנושי</adjective>  <adjective>האוניברסלי</adjective>  ושל  <noun>חוויית</noun>  <noun>הקיום</noun>  בכללותה.  <noun>המעבדה</noun>  <pronoun>היא</pronoun>  <noun>הקיום</noun>  בארץ  <properName>ישראל</properName>  בשנות  <numeral>השמונים</numeral>  והתשעים,  שעל  פיו  וממנו  <verb>נלמדים</verb>  <noun>העימותים</noun>  <participle>המאפיינים</participle>  <at-preposition>את</at-preposition>  <noun>האדם</noun>  <adjective>המערבי</adjective>  הפוסט-מודרניסטי  <conjunction>באשר</conjunction>  הוא:  <noun>מקום</noun>  <verb>שבו</verb>  גאולה,  גלות,  דת,  לאום,  <noun>זכויות</noun>  <noun>הפרט</noun>  וזכויות  הכלל,  ההנהגה,  התרבות,  <noun>העבר</noun>  והעתיד,  <noun>ערכי</noun>  <noun>מוסר</noun>  ומסורות  <punctuation>–</punctuation>  <verb>מתנגשים</verb>  <pronoun>זה</pronoun>  בזה  בעוצמה  אלימה.  <preposition>על</preposition>  <noun>רקע</noun>  <noun>הדיסטופיה</noun>  <participle>המתוארת</participle>  בדולי  <noun>סיטי</noun>  והמנוגדת  לאוטופיה  הציונית,  <verb>מוצגת</verb>  <properName>דולי</properName>  <noun>הרופאה</noun>  <noun>שעה</noun>  שהיא  <verb>מנסה</verb>  <verb>להתמודד</verb>  <preposition>עם</preposition>  אימהותה.  <noun>הרומן</noun>  <verb>עוסק</verb>  במוסד  <noun>האימהוּת</noun>  ומעמת  <preposition>בין</preposition>  סטריאוטיפ  <noun>האם</noun>  <preposition>לבין</preposition>  מימושו  הגרוטסקי.  <noun>הקישור</noun>  <preposition>בין</preposition>  <noun>חרדת</noun>  <noun>האימהות</noun>  האוניברסלית,  <noun>החרדה</noun>  <adjective>הנצחית</adjective>  להבטחת  <noun>שלום</noun>  הילד,  <preposition>לבין</preposition>  <noun>החרדה</noun>  <adjective>הקיומית</adjective>  שנחווית  בישראל  <preposition>לנוכח</preposition>  <noun>האיום</noun>  הביטחוני,  <verb>מתבצע</verb>  <conjunction>כאשר</conjunction>  <properName>דולי</properName>  <verb>משרטטת</verb>  <preposition>על</preposition>  <noun>גב</noun>  <verb>בנה</verb>  <at-preposition>את</at-preposition>  <noun>מפת</noun>  <noun>ארץ</noun>  ישראל,  וכך  <verb>מומחשת</verb>  הפקעתו  <shel-preposition>של</shel-preposition>  <adjective>הפרטי</adjective>  לטובת  <adjective>הציבורי</adjective>  בחברה  הישראלית.  <noun>החרדה</noun>  <adjective>האימהית</adjective>  <verb>הופכת</verb>  למנגנון  <noun>מלחמה</noun>  והגנה  כאחד,  <preposition>כנגד</preposition>  <noun>המאצ'ואיזם</noun>  <adjective>הגברי</adjective>  שבשמו  <verb>נשלחו</verb>  <noun>הבנים</noun>  לשדות  הקרב.  
  דמותה  <shel-preposition>של</shel-preposition>  <properName>דולי</properName>  <copula>אינה</copula>  <verb>עונה</verb>  לסטריאוטיפ  <noun>האם</noun>  הטובה,  <participle>המקריבה</participle>  <noun>עצמה</noun>  <preposition>למען</preposition>  בנה;  ומצד  אחר,  <conjunction>אף</conjunction>  שלמראית  <properName>עין</properName>  <pronoun>היא</pronoun>  <verb>מתפקדת</verb>  כ"אם  השטנית"  <noun>נוסח</noun>  <noun>האם</noun>  <adjective>החורגת</adjective>  במעשיות  העממיות,  <pronoun>היא</pronoun>  <verb>מפגינה</verb>  באופן  <verb>מוקצן</verb>  <at-preposition>את</at-preposition>  מאפייניה  <shel-preposition>של</shel-preposition>  <noun>האם</noun>  הטובה,  <participle>המבטלת</participle>  <at-preposition>את</at-preposition>  <noun>עצמה</noun>  <preposition>למען</preposition>  בנה.  <noun>שבירת</noun>  סטריאוטיפ  <noun>האם</noun>  <preposition>באמצעות</preposition>  <noun>אמצעים</noun>  <adjective>גרוטסקיים</adjective>  <copula>אינה</copula>  <verb>מפרקת</verb>  אותו,  <conjunction>אלא</conjunction>  <verb>מעמידה</verb>  <quantifier>אותו</quantifier>  <adverb>מחדש</adverb>  כתבנית  שלא  <modal>ניתן</modal>  <verb>להימלט</verb>  ממנה.  ברובד  <adjective>נוסף</adjective>  <verb>עומדת</verb>  דולי,  <properName>כמטפורה</properName>  למדינת  ישראל,  <preposition>על</preposition>  חולייה  ועל  <noun>הטראומות</noun>  <adjective>הלאומיות</adjective>  והפרטיות  <participle>המאפיינות</participle>  אותה.  <noun>אובדן</noun>  <noun>הגבולות</noun>  <shel-preposition>של</shel-preposition>  <properName>דולי</properName>  כאם  <adjective>מקביל</adjective>  לאובדן  <noun>הגבולות</noun>  <shel-preposition>של</shel-preposition>  <noun>המדינה</noun>  והחברה  ומהווה  <verb>כתב</verb>  <noun>אישום</noun>  <preposition>כלפי</preposition>  <noun>האתוס</noun>  <adjective>הציוני</adjective>  <adverb>מחד</adverb>  גיסא,  וכלפי  <noun>המציאות</noun>  <adjective>הקפיטליסטית</adjective>  <adjective>הדורסנית</adjective>  <adverb>מאידך</adverb>  גיסא.
  <conjunction>לאחר</conjunction>  <noun>הצגת</noun>  סטריאוטיפ  האם,  <verb>פונה</verb>  <properName>קסטל-בלום</properName>  לבדיקת  סטריאוטיפ  הרעיה,  ביצירתה  <verb>המינה</verb>  <date>ליזה(1995).</date>  במרכזה  <verb>מוצג</verb>  <noun>מפגש</noun>  מכונן  <preposition>בין</preposition>  <noun>פלורה</noun>  <noun>הקשישה</noun>  למינה  הגיבורה,  <participle>הגורר</participle>  <noun>יציאה</noun>  למסע  שכמוהו  כטקס  חניכה,שבמהלכו  <verb>משלימה</verb>  <verb>מינה</verb>  <preposition>עם</preposition>  זהויותיה  <adjective>הנשיות</adjective>  (כאם,  כרעיה,  כעקרת  בית)  וחוזרת  לעולמה  מחוזקת.  חלוציותה  <shel-preposition>של</shel-preposition>  <noun>הנובלה</noun>  <verb>בולטת</verb>  בשני  תחומים:  במישור  הפואטי,  <pronoun>זו</pronoun>  <noun>נובלה</noun>  פוסט-מודרנית  <participle>המכילה</participle>  <noun>עירוב</noun>  <noun>ז'אנרי</noun>  <shel-preposition>של</shel-preposition>  <noun>ריאליזם</noun>  וסוריאליזם,  <participle>הגורר</participle>  <noun>קריאה</noun>  <adjective>אלגורית</adjective>  <shel-preposition>של</shel-preposition>  המסופר.  במישור  התמטי,  <noun>הנובלה</noun>  <verb>עוסקת</verb>  בחייה  <shel-preposition>של</shel-preposition>  <noun>עקרת</noun>  <noun>בית</noun>  ומתכתבת  <preposition>עם</preposition>  <noun>המאבק</noun>  הפמיניסטי,  <noun>תוך</noun>  <noun>הפגנת</noun>  <noun>אימוץ</noun>  <noun>מרכיבים</noun>  <adjective>פמיניסטיים</adjective>  <adjective>מסוימים</adjective>  ודחיית  אחרים:  במסעה  <verb>משלימה</verb>  <verb>מינה</verb>  <preposition>עם</preposition>  זהותה  כעקרת  <noun>בית</noun>  ולא  ככותבת,  והיא  <adverb>אמנם</adverb>  <verb>נלחמת</verb>  בכוחות  <adjective>שונים</adjective>  ומדכאים  ומסייעת  לנשים  <verb>מנוצלות</verb>  אחרות,  <conjunction>אך</conjunction>  <pronoun>זאת</pronoun>  <preposition>למען</preposition>  <noun>תכלית</noun>  אחת:  <noun>החזרה</noun>  לביתה  ולזהותה  המשפחתית.  <noun>הסולידריות</noun>  <adjective>הנשית</adjective>  שמפגינה  מינה,  <participle>העולה</participle>  <preposition>מתוך</preposition>  בחירתה  <verb>לסייע</verb>  לתסריטאיות  <participle>המנהלות</participle>  <noun>מאבק</noun>  <preposition>על</preposition>  חייהן  <preposition>מול</preposition>  <noun>הדיכוי</noun>  <shel-preposition>של</shel-preposition>  <noun>ההגמוניה</noun>  הגברית,  <pronoun>היא</pronoun>  <adverb>אמנם</adverb>  <adjective>תמה</adjective>  <noun>פמיניסטית</noun>  <adjective>רדיקלית</adjective>  מרכזית,  <conjunction>אך</conjunction>  <pronoun>היא</pronoun>  <copula>אינה</copula>  <verb>ננקטת</verb>  <conjunction>כדי</conjunction>  <verb>לבטל</verb>  <at-preposition>את</at-preposition>  <noun>הסדר</noun>  <adjective>ההגמוני</adjective>  הישן,  <conjunction>אלא</conjunction>  <conjunction>כדי</conjunction>  לשמרו.  <noun>קריאה</noun>  <noun>פמיניסטית</noun>  <shel-preposition>של</shel-preposition>  <noun>הנרטיב</noun>  <verb>מזמנת</verb>  <noun>דיון</noun>  סותר,  <conjunction>כי</conjunction>  <modal>ניתן</modal>  <verb>לראות</verb>  <at-preposition>את</at-preposition>  <noun>המסר</noun>  כמעודד  <at-preposition>את</at-preposition>  חבירתן  <shel-preposition>של</shel-preposition>  <noun>נשים</noun>  <participle>המנוצלות</participle>  לצורכיהם  <shel-preposition>של</shel-preposition>  גברים,  ומנגד  <verb>להציג</verb>  <at-preposition>את</at-preposition>  דמותה  <shel-preposition>של</shel-preposition>  <verb>מינה</verb>  כמי  שהפנימה  <at-preposition>את</at-preposition>  מקומה  <adjective>השולי</adjective>  <shel-preposition>של</shel-preposition>  <noun>האישה</noun>  הכנועה.  <verb>מינה</verb>  <pronoun>היא</pronoun>  <noun>מימוש</noun>  <adjective>פרודי</adjective>  <shel-preposition>של</shel-preposition>  <noun>הרעיה</noun>  ועקרת  <noun>הבית</noun>  הסטריאוטיפית,  וההקצנה  <shel-preposition>של</shel-preposition>  דמותה  <verb>מלעיגה</verb>  <preposition>על</preposition>  <noun>התפישה</noun>  <adjective>המקובלת</adjective>  <shel-preposition>של</shel-preposition>  <noun>התפקידים</noun>  <adjective>הנשיים</adjective>  וחושפת  אותה  כרדודה,  <adjective>משפילה</adjective>  ואף  מגוחכת.  <verb>המינה</verb>  <properName>ליזה</properName>  <verb>עוסקת</verb>  <conjunction>גם</conjunction>  ביצירה  הנשית,  <preposition>באמצעות</preposition>  הצגתה  <shel-preposition>של</shel-preposition>  <verb>מינה</verb>  ככותבת  <noun>תסריטים</noun>  <participle>המפסיקה</participle>  <verb>לכתוב</verb>  ומתחבטת  בסוגיות  ארס-פואטיות,  וחוברת  לשורה  <shel-preposition>של</shel-preposition>  <noun>יצירות</noun>  קסטל-בלומיות  <participle>העוסקות</participle>  בארס-פואטיקה  מזווית  נשית,  בהן  <noun>הסיפור</noun>  "הסופרת  כזונת  צמרת"  (מתוך  <noun>סיפורים</noun>  <wPrefix>בלתי</wPrefix>  רצוניים,  <date>1993).</date>  <pronoun>אלה</pronoun>  <verb>חושפות</verb>  <at-preposition>את</at-preposition>  שוליותה  <shel-preposition>של</shel-preposition>  <noun>היצירה</noun>  <adjective>הנשית</adjective>  במציאות  <verb>שבה</verb>  <noun>ההגמוניה</noun>  <pronoun>היא</pronoun>  <adjective>גברית</adjective>  וממחישות  <at-preposition>את</at-preposition>  <noun>ניפוץ</noun>  <noun>התמה</noun>  <adjective>הפמיניסטית</adjective>  <adjective>הליברלית</adjective>  מבית  מדרשה  <shel-preposition>של</shel-preposition>  <properName>וירג'יניה</properName>  וולף,  לפיה  <noun>חדר</noun>  וכסף  <verb>מאפשרים</verb>  לאישה  לכתוב.    
  במעבר  מקובצי  <noun>הסיפורים</noun>  <noun>הראשונים</noun>  לרומנים  <adjective>המאוחרים</adjective>  <verb>השתכללה</verb>  <noun>יכולת</noun>  <noun>התיאור</noun>  <shel-preposition>של</shel-preposition>  <properName>קסטל-בלום</properName>  <properName>אתהמציאות</properName>  הישראלית.  <negation>לא</negation>  <pronoun>זו</pronoun>  <adverb>בלבד</adverb>  שהעולם  <adjective>הפנימי</adjective>  <shel-preposition>של</shel-preposition>  <noun>הגיבורות</noun>  והגיבורים  <verb>איבד</verb>  מבלעדיותו  ונאלץ  <verb>להתעמת</verb>  <preposition>עם</preposition>  המציאות,  <conjunction>אלא</conjunction>  שמרכיבים  <participle>הנחשבים</participle>  <noun>אבני</noun>  <noun>יסוד</noun>  <shel-preposition>של</shel-preposition>  <noun>כתיבה</noun>  <adjective>ריאליסטית</adjective>  <verb>מצאו</verb>  <at-preposition>את</at-preposition>  דרכם  <noun>אל</noun>  עולמה  הבדוי.  <adjective>דומה</adjective>  שמאז  <properName>דולי</properName>  <noun>סיטי</noun>  <noun>המציאות</noun>  הישראלית,  <adjective>הפוליטית</adjective>  והתרבותית,  <adjective>דומיננטית</adjective>  <adverb>למדי</adverb>  ביצירותיה.  <conjunction>גם</conjunction>  <noun>העלילה</noun>  <adjective>קוהרנטית</adjective>  <adverb>מעט</adverb>  יותר,  <conjunction>או</conjunction>  <adverb>לפחות</adverb>  <modal>ניתן</modal>  <verb>למצוא</verb>  <conjunction>גם</conjunction>  <noun>קישורים</noun>  <adjective>קונבנציונליים</adjective>  <preposition>בין</preposition>  <noun>אירועים</noun>  שונים,  וכן  <noun>הדמויות</noun>  <verb>מקיימות</verb>  <adverb>יותר</adverb>  דיאלוגים.  <pronoun>כך</pronoun>  <verb>הופכת</verb>  <noun>מציאות</noun>  <noun>הפיגועים</noun>  לחלק  <adjective>דומיננטי</adjective>  ברומן  <noun>חלקים</noun>  <adjective>אנושיים</adjective>  <date>(2002),</date>  <adverb>בנוסף</adverb>  <preposition>על</preposition>  עולמן  <adjective>הפרטי</adjective>  <shel-preposition>של</shel-preposition>  הדמויות.  ברומן  זה,  <conjunction>כמו</conjunction>  בטקסטיל,  <verb>מוצגות</verb>  <quantifier>כמה</quantifier>  דמויות,  ויש  <conjunction>גם</conjunction>  <noun>התחקות</noun>  <adjective>אחר</adjective>  עולמן  <adjective>הפנימי</adjective>  <preposition>לצד</preposition>  מגען  <preposition>עם</preposition>  העולם.  <preposition>עם</preposition>  זאת,  <conjunction>גם</conjunction>  <adverb>כאן</adverb>  <verb>מתקיים</verb>  <noun>צירוף</noun>  <preposition>בין</preposition>  <noun>מציאות</noun>  <participle>הנדמית</participle>  כמוכרת  <preposition>לבין</preposition>  <noun>עולם</noun>  <adjective>אבסורדי</adjective>  <adjective>נטול</adjective>  <noun>מציאות</noun>  קוהרנטית.  בטקסטיל  <participle>מנדי</participle>  <properName>גרובר</properName>  <verb>נאלצת</verb>  <verb>לשרוד</verb>  <at-preposition>את</at-preposition>  היותו  <shel-preposition>של</shel-preposition>  <verb>בנה</verb>  <noun>חייל</noun>  <noun>המבצע</noun>  <noun>סיכולים</noun>  <adjective>ממוקדים</adjective>  <preposition>באמצעות</preposition>  <noun>ניתוחים</noun>  פלסטיים,  שהאחרון  בהם,  <noun>שיקום</noun>  שכמות,  <verb>מוביל</verb>  למותה.  <verb>נראה</verb>  <conjunction>כי</conjunction>  <noun>מגמת</noun>  <noun>הביקורת</noun>  והגחכת  <noun>התרבות</noun>  <adjective>הישראלית</adjective>  <adjective>הקפיטליסטית</adjective>  החדשה,  <participle>נטולת</participle>  <noun>השורשים</noun>  והעומק,  <verb>הופכת</verb>  לנושא  <adjective>מרכזי</adjective>  ביצירותיה  <adjective>האחרונות</adjective>  ומעצימה  <at-preposition>את</at-preposition>  <noun>החוויה</noun>  <adjective>הקפקאית</adjective>  שחשות  דמויותיה,  <participle>התוהות</participle>  במכלול  יצירתה  <interrogative>היכן</interrogative>  <pronoun>הן</pronoun>  נמצאות.
  מספריה  האחרים:  <noun>סביבה</noun>  <adjective>עוינת</adjective>  <date>(1989);עם</date>  <noun>אורז</noun>  <negation>לא</negation>  <verb>מתווכחים</verb>  <date>(2004).</date>  <verb>ערכה</verb>  <at-preposition>את</at-preposition>  <noun>ספר</noun>  <noun>הפרוזה</noun>  <adjective>האחרון</adjective>  <shel-preposition>של</shel-preposition>  <properName>דליה</properName>  רביקוביץ,  <verb>באה</verb>  והלכה  <date>(2005).</date>  <noun>ספריה</noun>  <verb>תורגמו</verb>  לכמה  <noun>שפות</noun>  <adjective>אירופיות</adjective>  ולסינית.
  <verb>קיבלה</verb>  <quantifier>כמה</quantifier>  פרסים,  בהם:  <noun>פרס</noun>  <noun>היצירה</noun>  <shel-preposition>של</shel-preposition>  <noun>קרן</noun>  <noun>תלאביב</noun>  <date>(1990),</date>  <noun>פרס</noun>  <properName>אלתרמן</properName>  <date>(1993),</date>  <noun>פרס</noun>  <properName>ניומן</properName>  <date>(2003)</date>  ופרס  <properName>לאה</properName>  <properName>גולדברג</properName>  לסיפורת  <adjective>עברית</adjective>  <date>(2007).
</date>  References:  
  בן-שחר,  רינה.  "חבל  <preposition>על</preposition>  הטרנד:  <preposition>על</preposition>  <noun>הפואטיקה</noun>  <shel-preposition>של</shel-preposition>  <properName>אורלי</properName>  קסטל-בלום".  <properName>למ"ד</properName>  לאיל"ש:  <noun>קובץ</noun>  <noun>מחקרים</noun>  במלאת  <numeral>שלושים</numeral>  <noun>שנה</noun>  לאגודה  <adjective>הישראלית</adjective>  לבלשנות  שימושית.  ירושלים:  צבעונים.  <date>2003.</date>  93-78;  ברתנא,  אורציון.  שמונים:  <noun>ספרות</noun>  <adjective>ישראלית</adjective>  בעשור  האחרון.  <properName>תל</properName>  אביב:  <noun>אגודת</noun>  <noun>הסופרים</noun>  <adjective>העבריים</adjective>  בישראל.  <date>1993.</date>  200-187;  גינור,  צביה.  "הדיסטופיה  <adjective>הציונית</adjective>  <preposition>על</preposition>  <noun>פי</noun>  <properName>אורלי</properName>  קסטל-בלום".  <noun>ספרות</noun>  וחברה  בתרבות  <adjective>העברית</adjective>  החדשה:  <noun>מאמרים</noun>  <verb>מוגשים</verb>  לגרשון  שקד.בני  ברק:  <noun>הקיבוץ</noun>  המאוחד.  <date>2000.</date>  362-350;  נגב,  אילת.  <noun>שיחות</noun>  אינטימיות.  <properName>תל</properName>  אביב:  <noun>ידיעות</noun>  אחרונות.  <date>1995.</date>  345-337;  שוורץ,  יגאל.  "מ'מקום  אחר'  ל'דולי  סיטי': הרהורים  <preposition>על</preposition>  <noun>אדם</noun>  ומקום  בסיפורת  <adjective>העברית</adjective>  בשנותהשישים  ובשנות  התשעים".  הארץ.  <date>16.6.1995.</date>  ב'8-ב'9;  שיפמן,  סמדר.  <noun>דברים</noun>  שרואים  מכאן:  <properName>דויד</properName>  גרוסמן,  <properName>אורלי</properName>  <properName>קסטל-בלום</properName>  ומאיר  שלו:  מעברלמודרניזם?.  ירושלים:  כרמל.  <date>2007.</date>  155-109;  שקד,  גרשון.  <noun>תמונה</noun>  קבוצתית:  <noun>היבטים</noun>  בספרות  <properName>ישראל</properName>  ובתרבותה.  <properName>אור</properName>  יהודה:  דביר.  <date>2009.</date>  442-432.
 
		</body>
	</text>
</TEI>