<?xml version="1.0" encoding="UTF-8"?>
<?xml-model href="http://www.tei-c.org/release/xml/tei/custom/schema/relaxng/tei_all.rng" type="application/xml" schematypens="http://relaxng.org/ns/structure/1.0"?>
<?xml-model href="http://www.tei-c.org/release/xml/tei/custom/schema/relaxng/tei_all.rng" type="application/xml"
	schematypens="http://purl.oclc.org/dsdl/schematron"?>
<TEI xmlns="http://www.tei-c.org/ns/1.0">
   <teiHeader>
      <fileDesc>
         <publicationStmt>
            <p>Publication Information</p>
         </publicationStmt>
         <sourceDesc>
            <p>Information about the source</p>
         </sourceDesc>
      </fileDesc>
   </teiHeader>
   <text>
      <body>
 <?xml  version="1.0"  encoding="UTF-8"?>
  <?xml-model  href="http://www.tei-c.org/release/xml/tei/custom/schema/relaxng/tei_all.rng"  type="application/xml"  schematypens="http://relaxng.org/ns/structure/1.0"?>
  <?xml-model  href="http://www.tei-c.org/release/xml/tei/custom/schema/relaxng/tei_all.rng"  type="application/xml"
  	schematypens="http://purl.oclc.org/dsdl/schematron"?>
  <TEI  xmlns="http://www.tei-c.org/ns/1.0">
        <teiHeader>
              <fileDesc>
                    <publicationStmt>
                          <p>Publication  Information</p>
                    </publicationStmt>
                    <sourceDesc>
                          <p>Information  about  the  source</p>
                    </sourceDesc>
              </fileDesc>
        </teiHeader>
        <text>
              <body>
    Name:    <properName>עמרי</properName>    הרצוג
      <foreign>Birth</foreign>    Year:    whatdid
      <foreign>Birth</foreign>    Place:    
      Occupation:    
      <foreign>Entry</foreign>    writer:    <verb>נולדה</verb>    בחיפה    להורים    <noun>ילידי</noun>    ישראל.    <verb>למדה</verb>    בתיכון    "חוגים".    <verb>למדה</verb>    <noun>ספרות</noun>    וקולנוע    באוניברסיטת    <properName>תלאביב</properName>    <date><date>(1987-1983).</date></date>    <verb>עורכת</verb>    בהוצאת    <noun>הקיבוץ</noun>    המאוחד/ספרי    <noun>סימן</noun>    <noun>קריאה</noun>    ומלמדת    <noun>כתיבה</noun>    <verb>יוצרת</verb>    באוניברסיטת    תלאביב.יצירתה    <verb>כוללת</verb>    סיפורים,    נובלות,    רומנים,    <noun>מחזה</noun>    (דבורה    בארון,    שהוצג    בתיאטרון    "הקאמרי"    <date><date>ב-2000</date></date>    בבימויה    <shel-preposition>של</shel-preposition>    <properName>זהרירה</properName>    חריפאי)    וספרי    ילדים.    סיפורה    הראשון,"דיסניאל",    <verb>פורסם</verb>    <noun>במאי</noun>    <date><date>1988</date></date>    בעתון    77.    <noun>הסיפור</noun>    <verb>זכה</verb>    בפרס    <noun>הסיפור</noun>    <adjective>הקצר</adjective>    <shel-preposition>של</shel-preposition>    <noun>הירחון</noun>    <date><date>(1989)</date></date>    ותואר    <noun>עלידי</noun>    <noun>הסופר</noun>    <properName>חיים</properName>    באר,    ששפט    בתחרות,    <adverb>כרגע</adverb>    <shel-preposition>של</shel-preposition>    <noun>חסד</noun>    לספרות    הישראלית.
      <foreign>Entry</foreign>    Value:    
      קציר,    <date><date>יהודית(1963)
</date>  </date>    <noun>קובץ</noun>    סיפוריה    הראשון,סוגרים    <at-preposition>את</at-preposition>    <noun>הים</noun>    <date><date>(1990),</date></date>    <verb>זכה</verb>    לאהדת    המבקרים,    <noun>סימן</noun>    <at-preposition>את</at-preposition>    <properName>קציר</properName>    כקול    <adjective>בולט</adjective>    ומקורי    וכבעלת    <noun>שליטה</noun>    בפיתוח    <noun>העלילה</noun>    ובעיצוב    <noun>הדמויות</noun>    <participle>המלמדת</participle>    <preposition>על</preposition>    <noun>בשלות</noun>    אפית.    <noun>סיפורי</noun>    <verb>סוגרים</verb>    <at-preposition>את</at-preposition>    <noun>הים</noun>    <adjective>כתובים</adjective>    בז'אנר    <shel-preposition>של</shel-preposition>    <noun>סיפור</noun>    <noun>החניכה</noun>    ועוקבים    <preposition>אחר</preposition>    התבגרותן    <shel-preposition>של</shel-preposition>    <noun>הדמויות</noun>    <participle>המתוארות</participle>    ומעברן    מהתייחסות    <adjective>נאיבית</adjective>    לחיים,    לקליטה    <adjective>מלאה</adjective>    ומציאותית    <adverb>יותר</adverb>    שלהם.    <numeral>שני</numeral>    <noun>סיפורים</noun>    בקובץ    <verb>מתארים</verb>    <at-preposition>את</at-preposition>    התבגרותה    <shel-preposition>של</shel-preposition>    <noun>ילדה</noun>    בגיל    <adjective>מוקדם</adjective>    יחסית,    כשהיא    <noun>עדה</noun>    לנסיבות    <participle>המביאות</participle>    <at-preposition>את</at-preposition>    הוריה    לגירושים    ("דיסניאל")    וכנערה    שבגופה    <adverb>כבר</adverb>    <verb>הנצו</verb>    <noun>סימני</noun>    <noun>הנשיות</noun>    ("שלאף    שטונדה").    <numeral>שני</numeral>    <noun>הסיפורים</noun>    <adjective>האחרים</adjective>    <verb>מתארים</verb>    <noun>התבגרות</noun>    <adjective>מאוחרת</adjective>    <shel-preposition>של</shel-preposition>    <noun>אנשים</noun>    <adjective>מבוגרים</adjective>    יותר:    <noun>מלצרית</noun>    <adjective>צעירה</adjective>    <participle>השואפת</participle>    <verb>לככב</verb>    בסרטי    <noun>קולנוע</noun>    ("הנעליים    <shel-preposition>של</shel-preposition>    פליני")    ומורה    <adjective>רווקה</adjective>    בשנות    <numeral>השלושים</numeral>    בחייה    ("סוגרים    <at-preposition>את</at-preposition>    הים").    בסיפור    <pronoun>זה</pronoun>    <verb>מתוארת</verb>    <noun>הזהות</noun>    <adjective>המינית</adjective>    המפולשת,    <participle>המאפיינת</participle>    <noun>דמויות</noun>    <adjective>נשיות</adjective>    שנעות    <preposition>בין</preposition>    <adjective>הטרוסקסואליות</adjective>    ללסביוּת,    והעתידה    <verb>להתפתח</verb>    ברומנים    <shel-preposition>של</shel-preposition>    קציר.    בארבעת    <noun>הסיפורים</noun>    <verb>מוצגת</verb>    <noun>ההתבגרות</noun>    כאסון,    שנזקיו    <copula>אינם</copula>    <adjective>גלויים</adjective>    <preposition>כלפי</preposition>    חוץ,    <conjunction>אך</conjunction>    צלקותיו    <adjective>הנפשיות</adjective>    עמוקות.    בכל    <noun>סיפור</noun>    <verb>מעומת</verb>    העבר,    <verb>שבו</verb>    <quantifier>הכול</quantifier>    <copula>היה</copula>    אפשרי,    <preposition>עם</preposition>    ההווה,    שכמעט    <noun>דבר</noun>    <copula>אינו</copula>    <adjective>אפשרי</adjective>    בו.    <preposition>עם</preposition>    זאת,    <noun>הסיפורים</noun>    <verb>מבליטים</verb>    <conjunction>גם</conjunction>    <conjunction>כיוון</conjunction>    <noun>בריחה</noun>    חלופי,    <preposition>אל</preposition>    הדמיונות.    <noun>הסיפורים</noun>    <adjective>רוויים</adjective>    <noun>פיגורות</noun>    לשוניות,    ובמקרים    <adjective>רבים</adjective>    <noun>הדימויים</noun>    והמטפורות    <pronomial>הם</pronomial>    <noun>בעלי</noun>    <noun>רעננות</noun>    ועושר.    <preposition>מול</preposition>    <noun>הספרות</noun>    ה"רזה",    שהחלה    <verb>לצבור</verb>    <noun>תאוצה</noun>    בשנים    שבהן    <verb>פורסמו</verb>    <noun>סיפורים</noun>    אלה,    <verb>עומד</verb>    <noun>המבנה</noun>    <adjective>התחבירי</adjective>    <adjective>החדש</adjective>    <shel-preposition>של</shel-preposition>    קציר,    <participle>הכולל</participle>    <noun>משפטים</noun>    <adjective>ארוכים</adjective>    <adverb>במיוחד</adverb>    והיונק    ממסורת    <noun>זרם</noun>    התודעה,    <noun>אף</noun>    שהמחברת    <copula>אינה</copula>    <verb>מוותרת</verb>    <preposition>על</preposition>    <noun>העלילה</noun>    החיצונית.    <noun>הסיפור</noun>    "שלאף    שטונדה"    <verb>עובד</verb>    לסרט    <noun>קולנוע</noun>    (סודות    משפחה,    <date><date>1998).
</date>  </date>    <noun>הרומן</noun>    <numeral>הראשון</numeral>    <shel-preposition>של</shel-preposition>    קציר,    למאטיס    <existential>יש</existential>    <at-preposition>את</at-preposition>    <noun>השמש</noun>    בבטן    <date><date>(1995),</date></date>    <pronoun>הוא</pronoun>    <noun>רומן</noun>    <noun>חניכה</noun>    <noun>בעל</noun>    <noun>תשתית</noun>    אדיפלית.    <pronoun>הוא</pronoun>    <verb>מציג</verb>    <numeral>שתי</numeral>    <noun>פרשיות</noun>    בחייה    <shel-preposition>של</shel-preposition>    <noun>הגיבורה</noun>    ריבי,    <noun>סטודנטית</noun>    <noun>בת</noun>    <numeral>עשרים</numeral>    ושלוש    מחיפה:    התאהבותה    ביגאל,    <verb>מרצה</verb>    <adjective>נשוי</adjective>    שגילו    <adjective>כפול</adjective>    מגילה,    וגוויעתה    <shel-preposition>של</shel-preposition>    <properName>אמה</properName>    ממחלת    הסרטן.    <numeral>שתי</numeral>    <noun>העלילות</noun>    <adjective>מקבילות</adjective>    לשני    <noun>המרחבים</noun>    <adjective>האורבניים</adjective>    <participle>המתוארים</participle>    בספר    ומלווים    <at-preposition>את</at-preposition>    <quantifier>כל</quantifier>    כתיבתה:    <properName>תלאביב</properName>    וחיפה.    <conjunction>גם</conjunction>    <noun>הקול</noun>    <noun>המספר</noun>    <verb>מאופיין</verb>    בדואליות,    <noun>הסיפור</noun>    <verb>נמסר</verb>    <pronoun>הן</pronoun>    בגוף    <numeral>שלישי</numeral>    והן    <preposition>על</preposition>    <noun>ידי</noun>    ריבי,    <participle>המגיבה</participle>    בגוף    <numeral>ראשון</numeral>    <preposition>על</preposition>    <noun>מאורעות</noun>    העבר.    ביחסיה    <shel-preposition>של</shel-preposition>    <noun>ריבי</noun>    <preposition>עם</preposition>    <properName>אמה</properName>    <modal>ניתן</modal>    <verb>לסמן</verb>    <numeral>שני</numeral>    <noun>צירים</noun>    מנוגדים:    <preposition>מצד</preposition>    אחד,    <noun>הערצה</noun>    <wPrefix>בלתי</wPrefix>    <verb>מסויגת</verb>    <preposition>בשל</preposition>    <properName>יופייה</properName>    <shel-preposition>של</shel-preposition>    <noun>האם</noun>    ובשל    היותה    <verb>נחשקת</verb>    <preposition>על</preposition>    <noun>ידי</noun>    גברים;    ומצד    שני,    <noun>חרדה</noun>    <adjective>תורשתית</adjective>    ממוות    <conjunction>בטרם</conjunction>    עת.    <noun>ריבי</noun>    <verb>מאמצת</verb>    <at-preposition>את</at-preposition>    <numeral>שני</numeral>    <noun>דגמי</noun>    <noun>הנשיות</noun>    <shel-preposition>של</shel-preposition>    <properName>אמה</properName>    בסדר    הפוך:    <noun>מודל</noun>    <shel-preposition>של</shel-preposition>    <noun>נישואי</noun>    <noun>נוחות</noun>    לרופא    <participle>המסייע</participle>    לה    בימי    חייה    <adjective>האחרונים</adjective>    ומודל    <shel-preposition>של</shel-preposition>    <noun>אהבה</noun>    לגבר    <adjective>נשוי</adjective>    ונכסף.    בדרכה    <preposition>אל</preposition>    <noun>הנישואים</noun>    <adjective>המקובלים</adjective>    והשלווים    <verb>מוותרת</verb>    <noun>ריבי</noun>    <preposition>על</preposition>    <noun>הגבר</noun>    הבלתי-מושג    והופכת    אותו    לאובייקט    ספרותי.    <preposition>כמו</preposition>    אמה,    שהתאהבה    בדוד    <adjective>הנשוי</adjective>    ובעל    המשפחה,    <verb>מתאהבת</verb>    ריבי,    שאביה    <verb>נטש</verb>    אותה    בגיל    שלוש-עשרה,    ביגאל,    <noun>גבר</noun>    <adjective>נשוי</adjective>    <participle>הלוקח</participle>    אותה    למסעות    בעולם    ומהווה    "מאהב-אב".    <noun>מסעות</noun>    <pronoun>אלה</pronoun>    <verb>ממשיכים</verb>    <at-preposition>את</at-preposition>    <noun>מסורת</noun>    הרומנס,    <noun>המתאר</noun>    <verb>אוהבים</verb>    <participle>המתמכרים</participle>    לאהבתם    בנופים    זרים,    <conjunction>אך</conjunction>    <noun>התבנית</noun>    <adjective>הרומנסית</adjective>    <verb>נשברת</verb>    <conjunction>כאשר</conjunction>    <noun>המסע</noun>    <adjective>הפיזי</adjective>    <verb>הופך</verb>    למסע    <noun>חניכה</noun>    נפשי,    שבמקום    לקרב    <preposition>בין</preposition>    <participle>האוהבים</participle>    <verb>מנבא</verb>    <at-preposition>את</at-preposition>    פרֵדתם.        
      <date><date>ב-1999</date></date>    <verb>פירסמה</verb>    <properName>קציר</properName>    <noun>קובץ</noun>    <noun>נובלות</noun>    בשם    <noun>מגדלורים</noun>    <shel-preposition>של</shel-preposition>    יבשה.    <noun>הרומן</noun>    <numeral>השני</numeral>    שלה,    <conjunction>הנה</conjunction>    <pronoun>אני</pronoun>    מתחילה,    <verb>ראה</verb>    <noun>אור</noun>    <date><date>ב-2003</date></date>    ולא    <verb>התקבל</verb>    באהדה    <preposition>כמו</preposition>    יצירותיה    הקודמות.    <pronoun>הוא</pronoun>    <verb>מתאר</verb>    <at-preposition>את</at-preposition>    <noun>שנות</noun>    נעוריה    <shel-preposition>של</shel-preposition>    <noun>ריבי</noun>    <properName>שנהר</properName>    בסוף    <noun>שנות</noun>    <numeral>השבעים</numeral>    <shel-preposition>של</shel-preposition>    <numeral>המאה</numeral>    העשרים,    ובמרכזו    <noun>סיפור</noun>    <noun>אהבה</noun>    <adjective>חריג</adjective>    <preposition>בין</preposition>    <noun>ריבי</noun>    <noun>בת</noun>    הארבע-עשרה    <preposition>לבין</preposition>    <properName>מיכאלה</properName>    ברג,    מורתה    <adjective>הנשואה</adjective>    לספרות.    <noun>הרומן</noun>    <verb>מסופר</verb>    <preposition>על</preposition>    <noun>ידי</noun>    <noun>ריבי</noun>    בגוף    <numeral>ראשון</numeral>    ובמבט    רטרוספקטיבי,    <noun>שעה</noun>    שהיא    סופרת,    <noun>רעיה</noun>    ואם.    <noun>סיפור</noun>    <noun>האהבה</noun>    <preposition>בין</preposition>    <noun>התלמידה</noun>    למורתה    <verb>עולה</verb>    מיומנה    <shel-preposition>של</shel-preposition>    ריבי,    <participle>הבנוי</participle>    כמחברות    <participle>הנכתבות</participle>    ממנה    לקיטי,    <noun>הנמענת</noun>    הבדויה,    <noun>יצירת</noun>    דמיונה    <shel-preposition>של</shel-preposition>    <properName>אנה</properName>    פרנק.    <noun>רוב</noun>    <noun>חלקי</noun>    <noun>העלילה</noun>    <verb>מתרחשים</verb>    בחיפה,    שאינה    <verb>מהווה</verb>    <conjunction>רק</conjunction>    <noun>מרחב</noun>    <adjective>גיאוגרפי</adjective>    <conjunction>אלא</conjunction>    <conjunction>גם</conjunction>    <noun>מרחב</noun>    נשי,    שמבנהו    הטופוגרפי,    <participle>הכולל</participle>    <noun>הרים</noun>    וים,    <adjective>מקביל</adjective>    לגוף    <adjective>הנשי</adjective>    ואנלוגי    לתהליך    הפיכתה    <shel-preposition>של</shel-preposition>    <noun>ריבי</noun>    מנערה    לאישה.    <pronoun>זוהי</pronoun>    <noun>האלטרנטיבה</noun>    שמעמידה    <properName>קציר</properName>    לתלאביב    <adjective>הגברית</adjective>    <noun>נוסח</noun>    <properName>יעקב</properName>    שבתאי,    <pronoun>הן</pronoun>    בהנה    <pronoun>אני</pronoun>    <verb>מתחילה</verb>    והן    בסיפורי    <properName>חיפה</properName>    <date><date>(2005),</date></date>    <numeral>שלוש</numeral>    <noun>נובלות</noun>    <participle>המתרחשות</participle>    במרחב    החיפאי.    
      <date><date>ב-2008</date></date>    <verb>ראה</verb>    <noun>אור</noun>    ספרה    <noun>סיפורי</noun>    תל-אביב.    <date><date>ב-2013</date></date>    <verb>ראה</verb>    <noun>אור</noun>    <noun>הספר</noun>    צילה.    <pronoun>זהו</pronoun>    <noun>הרומן</noun>    הגדול,    <adjective>המורכב</adjective>    והיומרני    <adverb>ביותר</adverb>    <noun>פרי</noun>    עטה    <shel-preposition>של</shel-preposition>    קציר.    עלילתו    <verb>מתפרשת</verb>    <preposition>על</preposition>    <noun>פני</noun>    <numeral>ארבעה</numeral>    <noun>דורות</noun>    ויוצרת    <noun>חיבור</noun>    <adjective>חדש</adjective>    ורענן    <preposition>בין</preposition>    <noun>ז'אנר</noun>    <noun>רומן</noun>    הדורות,    <conjunction>או</conjunction>    <noun>הסאגה</noun>    המשפחתית,    <preposition>לבין</preposition>    <noun>ז'אנר</noun>    <noun>האוטוביוגרפיה</noun>    הבדיונית.
      ספריה    <verb>תורגמו</verb>    לכמה    <noun>שפות</noun>    <adjective>אירופיות</adjective>    ולסינית.    <pronoun>היא</pronoun>    <verb>זכתה</verb>    בפרס    <properName>אקו"ם</properName>    ליצירה    בעילום    <noun>שם</noun>    <date><date>(1989),</date></date>    בפרס    <noun>קרן</noun>    <properName>תלאביב</properName>    לאמנות    ולתרבות    <preposition>על</preposition>    <noun>שם</noun>    <properName>יהושע</properName>    <properName>רבינוביץ</properName>    <date><date>(1989),</date></date>    בפרס    <foreign>WIZO</foreign>    <adjective>הצרפתי</adjective>    <preposition>על</preposition>    למאטיס    <existential>יש</existential>    <at-preposition>את</at-preposition>    <noun>השמש</noun>    בבטן    <date><date>(2004)</date></date>    ועוד.    
      References:    
    
  		</body>
  	</text>
  </TEI> 
		</body>
	</text>
</TEI>