<?xml version="1.0" encoding="UTF-8"?>
<?xml-model href="http://www.tei-c.org/release/xml/tei/custom/schema/relaxng/tei_all.rng" type="application/xml" schematypens="http://relaxng.org/ns/structure/1.0"?>
<?xml-model href="http://www.tei-c.org/release/xml/tei/custom/schema/relaxng/tei_all.rng" type="application/xml"
	schematypens="http://purl.oclc.org/dsdl/schematron"?>
<TEI xmlns="http://www.tei-c.org/ns/1.0">
   <teiHeader>
      <fileDesc>
         <publicationStmt>
            <p>Publication Information</p>
         </publicationStmt>
         <sourceDesc>
            <p>Information about the source</p>
         </sourceDesc>
      </fileDesc>
   </teiHeader>
   <text>
      <body>
 <?xml  version="1.0"  encoding="UTF-8"?>
  <?xml-model  href="http://www.tei-c.org/release/xml/tei/custom/schema/relaxng/tei_all.rng"  type="application/xml"  schematypens="http://relaxng.org/ns/structure/1.0"?>
  <?xml-model  href="http://www.tei-c.org/release/xml/tei/custom/schema/relaxng/tei_all.rng"  type="application/xml"
  	schematypens="http://purl.oclc.org/dsdl/schematron"?>
  <TEI  xmlns="http://www.tei-c.org/ns/1.0">
        <teiHeader>
              <fileDesc>
                    <publicationStmt>
                          <p>Publication  Information</p>
                    </publicationStmt>
                    <sourceDesc>
                          <p>Information  about  <foreign>the</foreign>  source</p>
                    </sourceDesc>
              </fileDesc>
        </teiHeader>
        <text>
              <body>
    Name:    <noun>קרת</noun>    אתגר
      <foreign>Birth</foreign>    Year:    <date><date>1967
</date>  </date>    <foreign>Birth</foreign>    Place:    <properName>רמת</properName>    גן,    בוגר
      Occupation:    <noun>סופר</noun>        ותסריטאי
      <foreign>Entry</foreign>    writer:    <properName>עדיה</properName>    מנדלסון-מעוז
      <foreign>Entry</foreign>    Value:    
      <verb>נולד</verb>    ברמת    גן,    <noun>בוגר</noun>    <noun>התוכנית</noun>    הבין-תחומית    לתלמידים    <adjective>מצטיינים</adjective>    <preposition>ע"ש</preposition>    <noun>עדי</noun>    לאוטמן    באוניברסיטת    <properName>תל</properName>    <properName>אביב</properName>    ומתגורר    בתל    אביב.    <noun>כותב</noun>    <noun>סיפורים</noun>    <adjective>קצרים</adjective>    והוציא    <preposition>לאור</preposition>    כחמישה    <participle>קובצי</participle>    סיפורים.    <pronoun>הוא</pronoun>    <conjunction>גם</conjunction>    <verb>יוצר</verb>    <noun>ספרי</noun>    <noun>קומיקס</noun>    וספרי    <noun>ילדים</noun>    וכותב    לטלוויזיה,    לקולנוע    ולתיאטרון.    
      ספרו    הראשון,    צנורות,    <verb>ראה</verb>    <noun>אור</noun>    <date><date>ב-1992</date></date>    (עם    עובד)    והפתיע    <at-preposition>את</at-preposition>    <noun>הקוראים</noun>    בסגנונו    הייחודי.    <noun>ההכרה</noun>    וההערכה    <adjective>הספרותית</adjective>    <preposition>על</preposition>    יצירותיו    <shel-preposition>של</shel-preposition>    <noun>קרת</noun>    <copula>היו</copula>    <adjective>הדרגתיות</adjective>    וספרו    השני,    <noun>געגועי</noun>    <properName>לקיסינג'ר</properName>    <date><date>(1994),</date></date>    <verb>מיקם</verb>    אותו    כדמות    <noun>מפתח</noun>    בספרות    <adjective>הישראלית</adjective>    <shel-preposition>של</shel-preposition>    <noun>שנות</noun>    <numeral>התשעים</numeral>    <shel-preposition>של</shel-preposition>    <numeral>המאה</numeral>    העשרים.    כמי    שהחל    <verb>לפעול</verb>    <adverb>במקביל</adverb>    לאורלי    קסטל-בלום,    <verb>פיתח</verb>    <noun>קרת</noun>    <at-preposition>את</at-preposition>    <noun>הפואטיקה</noun>    <adjective>המזוהה</adjective>    <adverb>לעתים</adverb>    <preposition>עם</preposition>    <noun>התפישה</noun>    הפוסט-מודרנית,    <adverb>בכך</adverb>    שהיא    <verb>שוברת</verb>    <noun>נורמות</noun>    <adjective>אסתטיות</adjective>    ומכוונת    לערעור    נרטיבי,    <properName>אונטולוגי</properName>    ולשוני.    <noun>כתיבה</noun>    <pronoun>זו</pronoun>    <verb>חותרת</verb>    לפירוק    <noun>תמונת</noun>    <noun>עולם</noun>    קוהרנטית,    ובכלל    <pronoun>זה</pronoun>    <noun>פירוק</noun>    <noun>הנרטיב</noun>    הציוני,    <noun>דרך</noun>    <noun>שורה</noun>    <shel-preposition>של</shel-preposition>    <noun>אמצעים</noun>    <adjective>רטוריים</adjective>    <preposition>כגון</preposition>    <preposition>מעבר</preposition>    ממספר    <verb>בעל</verb>    <noun>סמכות</noun>    <verb>למספר</verb>    בגוף    <numeral>ראשון</numeral>    שהוא    <participle>נטול</participle>    <noun>סמכות</noun>    ובלתי    מהימן;    <noun>שימוש</noun>    ב"לשון    רזה"    <noun>בעלת</noun>    <noun>אוצר</noun>    <noun>מילים</noun>    <adjective>דל</adjective>    במתכוון,    <noun>סגנון</noun>    דיבורי,    <noun>תחביר</noun>    <noun>בסיסי</noun>    ולעתים    <conjunction>גם</conjunction>    מפורק,    <preposition>עד</preposition>    <conjunction>כדי</conjunction>    <noun>טשטוש</noun>    <noun>גבולות</noun>    <conjunction>בין</conjunction>    <noun>הכתיבה</noun>    <adjective>הספרותית</adjective>    לכתיבה    עיתונאית;    <noun>הנכחת</noun>    <adjective>החמקמקות</adjective>    <shel-preposition>של</shel-preposition>    <noun>השפה</noun>    <preposition>באמצעות</preposition>    <noun>שימוש</noun>    <verb>מוגזם</verb>    ולעתים    ליטרלי    בקלישאות,    סטריאוטיפים,    סמלים,    מיתוסים,    <noun>מטבעות</noun>    <noun>לשון</noun>    ומטפורות    שחוקות;    <noun>השטחת</noun>    <noun>המורכבות</noun>    <adjective>הנפשית</adjective>    <shel-preposition>של</shel-preposition>    <noun>הגיבורים</noun>    והצגתם    <adjective>כמריונטות</adjective>    <participle>הפועלות</participle>    <preposition>ללא</preposition>    תודעה;    <noun>טשטוש</noun>    <noun>הגבול</noun>    <conjunction>בין</conjunction>    <noun>האני</noun>    <preposition>לבין</preposition>    <noun>העולם</noun>    ובין    <noun>הגוף</noun>    <adjective>הפרטי</adjective>    לסביבותיו;    <noun>ויתור</noun>    <preposition>על</preposition>    <noun>עלילה</noun>    ליניארית    וברורה    ויצירת    <noun>חוסר</noun>    <adjective>סבירות</adjective>    בתיאור    <noun>העולם</noun>    הבדוי;    <noun>פרימת</noun>    <noun>היחסים</noun>    <conjunction>בין</conjunction>    לשון,    תודעה,    <noun>פנטזיה</noun>    וממשות.    <noun>סגנון</noun>    <pronoun>זה</pronoun>    <verb>מושפע</verb>    מדימויים    <adjective>קולנועיים</adjective>    ודרכם    <verb>יוצר</verb>    <noun>תפישה</noun>    <adjective>ויזואלית</adjective>    <adverb>מחד</adverb>    גיסא,    וערפול    <adjective>מכוון</adjective>    <conjunction>או</conjunction>    <noun>סתירה</noun>    <adjective>חושית</adjective>    <conjunction>מאידך</conjunction>    גיסא.    
      <noun>קרת</noun>    <verb>בוחר</verb>    בגרסה    <adjective>רדיקלית</adjective>    <shel-preposition>של</shel-preposition>    <properName>פואטיקה</properName>    <properName>זאתבכך</properName>    שהוא    <verb>מחליף</verb>    <at-preposition>את</at-preposition>    <adjective>הרגשי</adjective>    והרוחני    בקיצוני,    במטרה    <verb>לבדוק</verb>    <at-preposition>את</at-preposition>    <noun>הגבולות</noun>    <shel-preposition>של</shel-preposition>    <noun>הניסיון</noun>    <adjective>האנושי</adjective>    <noun>דרך</noun>    <noun>התגרות</noun>    <verb>מכוונת</verb>    בנורמות    <adjective>מוסריות</adjective>    ובתפישת    <noun>עולם</noun>    פוזיטיביסטית.    כנציג    <shel-preposition>של</shel-preposition>    <properName>דור</properName>    שחווה    <at-preposition>את</at-preposition>    <noun>השבר</noun>    באידיאולוגיה    הציונית,    שנולד    בשלהי    <noun>האופוריה</noun>    שלאחר    <noun>מלחמת</noun>    <numeral>ששת</numeral>    <noun>הימים</noun>    וחווה    <at-preposition>את</at-preposition>    <noun>ההתפכחות</noun>    המכאיבה,    כתיבתו    <verb>מתמודדת</verb>    <preposition>עם</preposition>    פירוקה    <shel-preposition>של</shel-preposition>    <noun>ההגמוניה</noun>    <adjective>הציונית</adjective>    <preposition>באמצעות</preposition>    <noun>אימוץ</noun>    <shel-preposition>של</shel-preposition>    <noun>יסודות</noun>    <adjective>אלימים</adjective>    ואכזריים,    <adjective>גרוטסקיים</adjective>    ומקאבריים,    <noun>חשיפה</noun>    וריקון    <shel-preposition>של</shel-preposition>    <interrogative>מה</interrogative>    שנתפש    בחברה    <adjective>הישראלית</adjective>    כ"פרות    קדושות"    <punctuation>–</punctuation>    מעמדו    <shel-preposition>של</shel-preposition>    צה"ל,    <noun>הנצחת</noun>    <noun>השואה</noun>    והשכול.    <conjunction>כמו</conjunction>    <conjunction>כן</conjunction>    כתיבתו    <verb>מתמודדת</verb>    <preposition>עם</preposition>    <noun>נושאים</noun>    <adjective>רגישים</adjective>    <preposition>כגון</preposition>    <noun>מחלות</noun>    ומוות.    
      <noun>גיבורי</noun>    סיפוריו    <shel-preposition>של</shel-preposition>    <noun>קרת</noun>    <pronomial>הם</pronomial>    ילדים,    <verb>מתבגרים</verb>    <conjunction>או</conjunction>    <noun>מבוגרים</noun>    <participle>הנמצאים</participle>    בשולי    החברה,    <noun>עובדים</noun>    בעבודות    מזדמנות,    <verb>נפגשים</verb>    <preposition>עם</preposition>    <noun>חברים</noun>    ומתנסים    באהבה.    <noun>דמויות</noun>    <pronoun>אלה</pronoun>    <conjunction>הן</conjunction>    <adjective>חסרות</adjective>    <noun>תודעה</noun>    וניטרליות    מבחינה    מוסרית,    <conjunction>הן</conjunction>    <verb>לוקחות</verb>    <adverb>חלק</adverb>    באירועים    הבלתי-סבירים    <conjunction>כאילו</conjunction>    <copula>היו</copula>    <noun>התרחשויות</noun>    <adjective>אפשריות</adjective>    ובנאליות.    <preposition>בשל</preposition>    <quantifier>כל</quantifier>    <pronoun>אלה</pronoun>    <conjunction>הן</conjunction>    <noun>יוצרות</noun>    <noun>הזרה</noun>    <shel-preposition>של</shel-preposition>    <noun>נורמות</noun>    מקובלות.
      <noun>קרת</noun>    <verb>מרבה</verb>    <verb>להשתמש</verb>    במוטיבים    מעולם    <noun>הקסמים</noun>    והקוסמים    ומהעולם    <shel-preposition>של</shel-preposition>    <noun>אגדות</noun>    הילדים,    שיש    בהם    <conjunction>בין</conjunction>    <noun>השאר</noun>    <noun>יצורים</noun>    פלאיים,    <noun>גמדים</noun>    וענקים.    בסיפוריו    <noun>עולמות</noun>    <pronoun>אלה</pronoun>    <verb>עוברים</verb>    <properName>טרנספורמציה</properName>    ומתחברים    <preposition>אל</preposition>    <adjective>השגרתי</adjective>    והבנאלי,    <pronoun>כך</pronoun>    שנוצר    <noun>מרחב</noun>    <shel-preposition>של</shel-preposition>    <noun>אמצע</noun>    <punctuation>–</punctuation>    <conjunction>בין</conjunction>    <noun>המציאות</noun>    <adjective>היומיומית</adjective>    <adjective>הריאליסטית</adjective>    <preposition>לבין</preposition>    <noun>עולם</noun>    פנטסטי,    <verb>שבו</verb>    <modal>יכולים</modal>    <noun>הקסמים</noun>    לעבוד.    <noun>השהייה</noun>    במרחב    <noun>הביניים</noun>    <verb>יוצרת</verb>    <noun>מצבים</noun>    גרוטסקיים,    <adjective>משעשעים</adjective>    <conjunction>אך</conjunction>    <conjunction>גם</conjunction>    <noun>מלאי</noun>    אימה,    <conjunction>שכן</conjunction>    <noun>הטרנספורמציה</noun>    <adjective>הפנטסטית</adjective>    <copula>אינה</copula>    <verb>ממומשת</verb>    <preposition>עד</preposition>    <noun>הסוף</noun>    והתוצאה    <verb>משקפת</verb>    <noun>עיוות</noun>    ותקיעות,    שגם    <noun>פרשנות</noun>    <adjective>מטפורית</adjective>    <conjunction>או</conjunction>    <adjective>אלגורית</adjective>    <copula>אינה</copula>    <verb>מצליחה</verb>    ליישבם.    <pronoun>כך</pronoun>    <conjunction>למשל</conjunction>    בסיפורים    <conjunction>כמו</conjunction>    "להטוט    כובע"    ו"געגועי    לקיסינג'ר"    <preposition>מתוך</preposition>    <noun>הספר</noun>    <noun>געגועי</noun>    <properName>לקיסינג'ר</properName>    <date><date>(1994).
</date>  </date>    <preposition>לצד</preposition>    <noun>אירועים</noun>    <adjective>פנטסטיים</adjective>    <pronoun>הוא</pronoun>    <verb>מתאר</verb>    <noun>תמונות</noun>    משגרת    <noun>הילדות</noun>    בשנות    <numeral>השבעים</numeral>    והשמונים,    <preposition>תוך</preposition>    <noun>התמודדות</noun>    <adjective>ביקורתית</adjective>    <preposition>עם</preposition>    <noun>החינוך</noun>    הציוני.    בסיפור    "נעליים"    <preposition>מתוך</preposition>    <noun>געגועי</noun>    <properName>לקיסינג'ר</properName>    <verb>מתמודד</verb>    <noun>הגיבור</noun>    <preposition>עם</preposition>    <noun>אירועי</noun>    <noun>יום</noun>    <noun>השואה</noun>    בבית    הספר,    <verb>גאה</verb>    <preposition>על</preposition>    היותו    בן    למשפחת    <noun>ניצולי</noun>    <noun>שואה</noun>    ומתלבט    <interrogative>האם</interrogative>    <verb>ללבוש</verb>    <at-preposition>את</at-preposition>    <noun>הנעליים</noun>    <adjective>החדשות</adjective>    מתוצרת    <properName>גרמניה</properName>    שהוריו    <verb>קנו</verb>    לו,    שבתוכן    <verb>מתגלמת</verb>    דמותו    <adjective>המתה</adjective>    <shel-preposition>של</shel-preposition>    הסב.    <noun>הסיפור</noun>    "הצפירה"    <preposition>מתוך</preposition>    <noun>צנורות</noun>    <verb>נע</verb>    <conjunction>בין</conjunction>    <noun>צפירת</noun>    <noun>יום</noun>    <noun>השואה</noun>    לצפירת    <noun>יום</noun>    הזיכרון,    <participle>המצילה</participle>    <at-preposition>את</at-preposition>    <noun>הגיבור</noun>    <preposition>מפני</preposition>    <noun>האלימות</noun>    <shel-preposition>של</shel-preposition>    חבריו.    
      <noun>חוויות</noun>    <noun>השירות</noun>    <adjective>הצבאי</adjective>    <noun>נוכחות</noun>    ביצירותיו.    בסדרת    סיפוריו    <adjective>הקצרים</adjective>    "כוכי",    "כוכי    2"    ו"כוכי    3"    (מספרו    צנורות)    <pronoun>הוא</pronoun>    <verb>מציג</verb>    <at-preposition>את</at-preposition>    סיפורה    <shel-preposition>של</shel-preposition>    <noun>פלוגת</noun>    <noun>חיילים</noun>    בלבנון    <participle>המצויים</participle>    בלב    <noun>פעילות</noun>    <adjective>מבצעית</adjective>    <verb>שבה</verb>    <verb>מאבד</verb>    <noun>כוכי</noun>    <at-preposition>את</at-preposition>    חייו.    <conjunction>אף</conjunction>    שכוכי    <adjective>מוגדר</adjective>    כמת,    <pronoun>הוא</pronoun>    <verb>ממשיך</verb>    <verb>להלך</verb>    ברחבי    <noun>הבסיס</noun>    כמת-חי,    <verb>מסתובב</verb>    ומכניס    <at-preposition>את</at-preposition>    <noun>האצבע</noun>    לחור    בראשו.    <noun>תופעה</noun>    <pronoun>זו</pronoun>    <verb>גורמת</verb>    אי-נוחות    ומובילה    <at-preposition>את</at-preposition>    <properName>שלמה</properName>    כהן,    <noun>טבח</noun>    היחידה,    <verb>לבקש</verb>    <noun>העברה</noun>    לבסיס    אחר,    <conjunction>שכן</conjunction>    ככהן    <adverb>אסור</adverb>    <conjunction>לו</conjunction>    <verb>לשרת</verb>    <preposition>עם</preposition>    גוויות.    <noun>טקסט</noun>    <pronoun>זה</pronoun>    <verb>מתכתב</verb>    <preposition>עם</preposition>    <noun>מיתוס</noun>    המת-החי,    שהיה    <adjective>מרכזי</adjective>    בספרות    <adjective>הישראלית</adjective>    <shel-preposition>של</shel-preposition>    <properName>דור</properName>    הפלמ"ח,    <preposition>באמצעות</preposition>    <noun>הצגה</noun>    <adjective>ליטרלית</adjective>    <shel-preposition>של</shel-preposition>    <noun>מוטיב</noun>    מטפורי.    <adverb>בכך</adverb>    <pronoun>הוא</pronoun>    <verb>מוביל</verb>    <at-preposition>את</at-preposition>    <noun>המיתוס</noun>    <shel-preposition>של</shel-preposition>    המת-החי    <preposition>עד</preposition>    אבסורד.    בסיפור    "ניילון"    <preposition>מתוך</preposition>    <noun>צנורות</noun>    <noun>הגיבור</noun>    <pronoun>הוא</pronoun>    <noun>טירון</noun>    שלא    <verb>מצליח</verb>    <verb>להתמודד</verb>    <preposition>עם</preposition>    ה"טרטורים"    ובוחר    <verb>להפעיל</verb>    <preposition>על</preposition>    <pronoun>עצמו</pronoun>    <noun>פרקטיקה</noun>    <adjective>צבאית</adjective>    <shel-preposition>של</shel-preposition>    "ניילוּן"    <conjunction>אך</conjunction>    <verb>עושה</verb>    <pronoun>זאת</pronoun>    <preposition>על</preposition>    <quantifier>כל</quantifier>    גופו.    
      <noun>מוות</noun>    <copula>איננו</copula>    <noun>סוף</noun>    <noun>המעשה</noun>    <preposition>אצל</preposition>    קרת.    בספרו    השלישי,    <noun>הקייטנה</noun>    <shel-preposition>של</shel-preposition>    <properName>קנלר</properName>    <date><date>(1998),</date></date>    <pronoun>הוא</pronoun>    <verb>מתאר</verb>    <at-preposition>את</at-preposition>    <noun>העולם</noun>    שלאחר    <noun>המוות</noun>    כעולם    <adjective>יומיומי</adjective>    <verb>שבו</verb>    <verb>מתנהלים</verb>    <noun>הגיבורים</noun>    בשגרה    מעייפת,    <conjunction>בין</conjunction>    <noun>עבודות</noun>    <adjective>זמניות</adjective>    וסיפורי    <noun>אהבה</noun>    <wPrefix>בלתי</wPrefix>    ממומשים.    <noun>מציאות</noun>    <pronoun>זו</pronoun>    <shel-preposition>של</shel-preposition>    "העולם    הבא"    <verb>מוגדרת</verb>    <preposition>על</preposition>    <noun>ידי</noun>    <noun>העבר</noun>    שממנו    <verb>ברחו</verb>    <noun>האנשים</noun>    שהתאבדו    והעתיד    הבלתי-אפשרי,    <conjunction>שכן</conjunction>    <preposition>מן</preposition>    <noun>העולם</noun>    <pronoun>הזה</pronoun>    <negation>לא</negation>    <modal>ניתן</modal>    לברוח.    
      <noun>סיפורים</noun>    <adjective>רבים</adjective>    <verb>מתארים</verb>    <noun>מערכות</noun>    <noun>יחסים</noun>    זוגיות.    <pronoun>אלה</pronoun>    <copula>היו</copula>    <modal>יכולות</modal>    <verb>ליצור</verb>    <preposition>מעין</preposition>    <noun>נחמה</noun>    <preposition>עבור</preposition>    <noun>הגיבור</noun>    <participle>המרגיש</participle>    <adjective>אבוד</adjective>    ובודד    בעולם,    <conjunction>אבל</conjunction>    <adverb>בפועל</adverb>    <conjunction>הן</conjunction>    <verb>מתוארות</verb>    כמאמץ    אירוני-פתטי.    <noun>הגיבור</noun>    <modal>יכול</modal>    "להשיג"    <at-preposition>את</at-preposition>    <noun>הבחורה</noun>    <preposition>באמצעות</preposition>    קסם,    <noun>שקר</noun>    <conjunction>או</conjunction>    <noun>פנטזיה</noun>    (כמו    <conjunction>למשל</conjunction>    בסיפור    "עמודו"    <preposition>מתוך</preposition>    <noun>געגועי</noun>    לקיסינג'ר),    <conjunction>אבל</conjunction>    <adverb>תמיד</adverb>    <verb>יגיע</verb>    <noun>הרגע</noun>    <verb>שבו</verb>    <verb>יתברר</verb>    <interrogative>מה</interrogative>    שנרמז    <preposition>מן</preposition>    <noun>השורות</noun>    <numeral>הראשונות</numeral>    <punctuation>–</punctuation>    <noun>התמונה</noun>    <adjective>הרומנטית</adjective>    <verb>משובטת</verb>    ומזויפת    <conjunction>כמו</conjunction>    <quantifier>כל</quantifier>    <noun>משמעות</noun>    <adjective>אחרת</adjective>    <participle>הנגזרת</participle>    מיחסיו    <shel-preposition>של</shel-preposition>    <noun>הגיבור</noun>    <preposition>עם</preposition>    הזולת.    
      סיפוריו    <shel-preposition>של</shel-preposition>    <noun>קרת</noun>    <verb>יוצרים</verb>    <noun>וריאציות</noun>    <adjective>אינסופיות</adjective>    <preposition>על</preposition>    <noun>סיפורי</noun>    פואנטה.    במקרים    <adjective>רבים</adjective>    <adjective>חבוי</adjective>    בסיפור    סוד,    <participle>ההופך</participle>    <at-preposition>את</at-preposition>    <numeral>אחד</numeral>    <noun>הגיבורים</noun>    <preposition>ללא</preposition>    <adjective>אנושי</adjective>    <conjunction>או</conjunction>    <verb>ליצור</verb>    כלאיים.    <pronoun>כך</pronoun>    <conjunction>למשל</conjunction>    בסיפורים    "השמנמן"    ו"ג'טלג"    בקובץ    סיפוריו    <numeral>הרביעי</numeral>    <shel-preposition>של</shel-preposition>    קרת,    <properName>אניהו</properName>    <date><date>(2002).</date></date>    <noun>הגיבור</noun>    <verb>לומד</verb>    <verb>להבין</verb>    <conjunction>כי</conjunction>    <properName>אהובתו</properName>    <verb>הופכת</verb>    בלילה    לגוץ    שמנמן,    <conjunction>או</conjunction>    שהילדה    שיושבת    לידו    בטיסה    <pronoun>היא</pronoun>    <adverb>למעשה</adverb>    <verb>גמד</verb>    <noun>המבוקש</noun>    <preposition>על</preposition>    <noun>ידי</noun>    האינטרפול.    <noun>תגליות</noun>    <pronoun>אלה</pronoun>    ואחרות    <verb>הופכות</verb>    <at-preposition>את</at-preposition>    <noun>מערכות</noun>    <noun>היחסים</noun>    הבין-אישיות    <conjunction>או</conjunction>    <noun>הרומנטיות</noun>    לבלתי    נגישות,    <conjunction>שכן</conjunction>    <adjective>האחר</adjective>    <modal>עשוי</modal>    <verb>להתגלות</verb>    כבלתי    אנושי.    <pronoun>זאת</pronoun>    ועוד,    חמקמקותו    <shel-preposition>של</shel-preposition>    <noun>הגוף</noun>    <adjective>האנושי</adjective>    והגמישות    <verb>שבו</verb>    <pronoun>הוא</pronoun>    <verb>משנה</verb>    <at-preposition>את</at-preposition>    צורתו    והופך    <verb>ליצור</verb>    <noun>כלאיים</noun>    מאפשרות    <verb>להציג</verb>    <noun>תיאורים</noun>    <shel-preposition>של</shel-preposition>    <noun>התנסויות</noun>    <adjective>אלימות</adjective>    <conjunction>בין</conjunction>    הדמויות,    <conjunction>כאשר</conjunction>    באורח    <noun>פלא</noun>    ובדומה    לסרט    <verb>מצויר</verb>    <conjunction>הן</conjunction>    <verb>ממשיכות</verb>    <verb>לתפקד</verb>    בכל    מצב,    <conjunction>גם</conjunction>    <conjunction>כאשר</conjunction>    <conjunction>הן</conjunction>    פצועות,    <participle>ירויות</participle>    <conjunction>או</conjunction>    <adjective>חסרות</adjective>    איברים.    <noun>תכונות</noun>    <pronoun>אלה</pronoun>    <verb>באות</verb>    לידי    <noun>ביטוי</noun>    <conjunction>גם</conjunction>    באופן    מהופך,    <conjunction>כאשר</conjunction>    <noun>ישויות</noun>    <adjective>דמיוניות</adjective>    <verb>מקבלות</verb>    <noun>גוף</noun>    אנושי.    <pronoun>כך</pronoun>    <conjunction>למשל</conjunction>    בסיפור    "לילנד"    <preposition>מתוך</preposition>    <noun>קובץ</noun>    סיפוריו    החמישי,    <adverb>פתאום</adverb>    <noun>דפיקה</noun>    בדלת    <date><date>(2010),</date></date>    <noun>השקר</noun>    <verb>מתגלם</verb>    כיצור    חי.    האנשתם    <shel-preposition>של</shel-preposition>    <noun>רגשות</noun>    ודמיונות    <verb>והחפצתו</verb>    <shel-preposition>של</shel-preposition>    <adjective>האנושי</adjective>    <noun>יוצרות</noun>    <noun>עולם</noun>    <participle>המתנהל</participle>    <adverb>כביכול</adverb>    <preposition>על</preposition>    <interrogative>מי</interrogative>    מנוחות,    <conjunction>אבל</conjunction>    <preposition>מאחורי</preposition>    <adjective>היומיומיות</adjective>    <verb>נמצאים</verb>    <noun>יסודות</noun>    <shel-preposition>של</shel-preposition>    אימה.            
      סגנונו    <shel-preposition>של</shel-preposition>    קרת,    <noun>הממד</noun>    <adjective>הוויזואלי</adjective>    <shel-preposition>של</shel-preposition>    סיפוריו,    <noun>השפה</noun>    <adjective>היומיומית</adjective>    והמבנה    <adjective>הקצר</adjective>    <shel-preposition>של</shel-preposition>    סיפוריו    <verb>הובילו</verb>    <at-preposition>את</at-preposition>    <noun>קרת</noun>    להיות    <properName>חלוץ</properName>    <conjunction>גם</conjunction>    בתחום    <noun>יצירת</noun>    <noun>ספרי</noun>    קומיקס.    <noun>קרת</noun>    <verb>פירסם</verb>    <noun>שני</noun>    <noun>ספרי</noun>    קומיקס,    <verb>האחד</verb>    בשיתוף    <preposition>עם</preposition>    רותו    מודן,    בשם    <negation>לא</negation>    <verb>באנו</verb>    להנות    <date><date>(1996),</date></date>    והשני,    <noun>סמטאות</noun>    <date><date>הזעם(1997),</date></date>    <preposition>עם</preposition>    <properName>אסף</properName>    חנוכה.    <properName>אסף</properName>    <properName>חנוכה</properName>    <conjunction>גם</conjunction>    <verb>עיבד</verb>    <preposition>עם</preposition>    <noun>קרת</noun>    <at-preposition>את</at-preposition>    ספרו    <noun>הקייטנה</noun>    <shel-preposition>של</shel-preposition>    <properName>קנלר</properName>    לקומיקס,    שראה    <noun>אור</noun>    <properName>בשםפיצריה</properName>    <date><date>קמיקזה(2004).</date></date>    <noun>הז'אנר</noun>    <shel-preposition>של</shel-preposition>    <noun>סיפור</noun>    <noun>הקומיקס</noun>    <adverb>עדיין</adverb>    <verb>נתפש</verb>    כיוצא    <noun>דופן</noun>    בתרבות    הישראלית.    <preposition>עם</preposition>    זאת,    <preposition>עבור</preposition>    <verb>יוצר</verb>    <noun>המבקש</noun>    <verb>להסיר</verb>    <at-preposition>את</at-preposition>    <noun>הגבולות</noun>    <conjunction>בין</conjunction>    <noun>תרבות</noun>    <adjective>גבוהה</adjective>    לנמוכה,    <noun>יצירת</noun>    <noun>הקומיקס</noun>    <verb>מאפשרת</verb>    <noun>הכלאה</noun>    <adjective>מעניינת</adjective>    <conjunction>בין</conjunction>    <noun>שני</noun>    <noun>מדיומים</noun>    ומובילה    לפיתוח    <shel-preposition>של</shel-preposition>    <noun>אמצעים</noun>    <adjective>אסתטיים</adjective>    חדשים.    <noun>הקומיקס</noun>    <shel-preposition>של</shel-preposition>    קרת,    שעבורו    <noun>כתב</noun>    <noun>סיפורים</noun>    <adjective>חדשים</adjective>    ויצר    <noun>עיבודים</noun>    <shel-preposition>של</shel-preposition>    סיפוריו    המודפסים,    <verb>ניחן</verb>    <conjunction>אף</conjunction>    <pronoun>הוא</pronoun>    במרכיבים    <adjective>אירוניים</adjective>    וביקורתיים.    <noun>סיפורי</noun>    <noun>הקומיקס</noun>    המסורתיים,    <participle>העוסקים</participle>    בגיבורי-על    ומתארים    <noun>שרשרת</noun>    <shel-preposition>של</shel-preposition>    <noun>התרחשויות</noun>    אקטיביות,    <verb>מוחלפים</verb>    <preposition>אצל</preposition>    <noun>קרת</noun>    בגיבוריו    <adjective>הילדותיים</adjective>    והפסיביים    שכל    התמודדותם    <preposition>עם</preposition>    העל-טבעי    <pronoun>היא</pronoun>    בנאלית.
      <noun>קרת</noun>    <conjunction>גם</conjunction>    <noun>כותב</noun>    לטלוויזיה    ולקולנוע.    <adjective>ידועים</adjective>    ופופולריים    <adverb>במיוחד</adverb>    <copula>היו</copula>    <noun>המערכונים</noun>    שכתב    לתוכנית    <noun>הסאטירה</noun>    <noun>החמישייה</noun>    <adjective>הקאמרית</adjective>    בשנות    התשעים.    <noun>תסריטים</noun>    <pronoun>הוא</pronoun>    כתב,    <conjunction>בין</conjunction>    השאר,    לסרטים    <properName>בומרנג</properName>    <date><date>(1997),</date></date>    <noun>משהו</noun>    <adjective>טוטאלי</adjective>    <date><date>(2000)</date></date>    ומדוזות    <date><date>(2007),</date></date>    שאותו    <conjunction>גם</conjunction>    ביים.
      <noun>קרת</noun>    <verb>זכה</verb>    להכרה    בינלאומית,    וספריו    <verb>תורגמו</verb>    לחמש-עשרה    שפות.    יצירותיו    <verb>נלמדות</verb>    בבתי    <noun>ספר</noun>    ובאוניברסיטאות.    <pronoun>הוא</pronoun>    <verb>זכה</verb>    בפרס    <noun>ראש</noun>    <noun>הממשלה</noun>    <date><date>ב-1996,</date></date>    בעיטור    <properName>אביר</properName>    מסדר    <noun>האמנויות</noun>    והספרות    בצרפת    <date><date>ב-2010,</date></date>    ובפרס    <properName>ניומן</properName>    <preposition>מטעם</preposition>    <noun>אוניברסיטת</noun>    בר-אילן    <date><date>ב-2012.</date></date>    
      <adjective>נשוי</adjective>    ליוצרת    <properName>שירה</properName>    <properName>גפן</properName>    ואב    לילד.
      References:    
      אורן,    יוסף."'אניהו'–    <properName>אתגר</properName>    קרת". סוגות    בסיפורת    הישראלית.    <numeral>ראשון</numeral>    לציון:    יחד.    <date><date>2004.</date></date>    133-151;    טאוב,    גדי.    "השפה    הרזה".רחוב    1.    <date><date>1994.</date></date>    10-16;    כצמן,    רומן."געגועים    למיתוס:    אישיות,    <noun>אתיקה</noun>    ואידיאולוגיה    במיתופואסיס    <noun>הפוסטמודרני</noun>    <shel-preposition>של</shel-preposition>    <properName>אתגר</properName>    קרת". מכאןד'.    <properName>ינואר</properName>    <date><date>2005.</date></date>    20-41;    מנדלסון-מעוז,    עדיה.    "עולמות    <adjective>אפשריים</adjective>    ביצירתם    <shel-preposition>של</shel-preposition>    <properName>אורלי</properName>    קסטל-בלום    ואתגר    קרת".    <verb>עלישיח</verb>    38.    <date><date>1996.</date></date>    39-64;    ---."סיטואציות    <adjective>קיצוניות</adjective>    <adjective>זוועתיות</adjective>    וגרוטסקיות    ביצירותיהם    <shel-preposition>של</shel-preposition>    קסטל-בלום    וקרת".    <noun>דפים</noun>    למחקר    בספרות    11.    <date><date>1998.</date></date>    269-295;    צבעוני,    עידן.    "כי    מקומיקס    באת    ואל    <noun>קומיקס</noun>    תשוב:    <quantifier>כמה</quantifier>    <noun>הערות</noun>    <preposition>על</preposition>    <noun>ספרות</noun>    <noun>הקומיקס</noun>    <shel-preposition>של</shel-preposition>    <properName>אתגר</properName>    קרת".    <noun>עתון</noun>    <date><date>77235-234.</date></date>    <date><date>1999.</date></date>    45;    קישקה,    מישל.    "אזהרה:    <noun>הרשימה</noun>    <adjective>הבאה</adjective>    <pronoun>היא</pronoun>    <noun>ביקורת</noun>    <adjective>חיובית</adjective>    <preposition>על</preposition>    <noun>קומיקס</noun>    מצוין".    <noun>הארץ</noun>    <date><date>ספרים.21.7.2004.</date></date>    1;    קניוק,    יורם.    "כמו-אדישות    <noun>שמחה</noun>    שכועסת    <adjective>עמוק</adjective>    בשורשים,    <conjunction>אך</conjunction>    <negation>לא</negation>    נואמת".    <date><date>הארץספרים.16.12.1998.</date></date>    6;    שוורץ,    יגאל.    "'הפוך    <preposition>על</preposition>    הפוך',    <preposition>על</preposition>    'סמטאות    הזעם'    <shel-preposition>של</shel-preposition>    <properName>אתגר</properName>    <noun>קרת</noun>    ואסף    חנוכה.הארץספרים.    <date><date>14.5.1997.</date></date>    6,    13;
      Peleg,    Yaron."Etgar    Keret:    <foreign>a</foreign>    <foreign>DispiritedRebel</foreign>    <foreign>with</foreign>    <foreign>a</foreign>    Cause".Israeli    <foreign>Culture</foreign>    <foreign>between</foreign>    <foreign>the</foreign>    twoIntifadas.Austin:    <foreign>University</foreign>    <foreign>of</foreign>    <foreign>Texas</foreign>    Press.    <date><date>2008.</date></date>    64-91.
    
  		</body>
  	</text>
  </TEI> 
		</body>
	</text>
</TEI>