<?xml version="1.0" encoding="UTF-8"?>
<?xml-model href="http://www.tei-c.org/release/xml/tei/custom/schema/relaxng/tei_all.rng" type="application/xml" schematypens="http://relaxng.org/ns/structure/1.0"?>
<?xml-model href="http://www.tei-c.org/release/xml/tei/custom/schema/relaxng/tei_all.rng" type="application/xml"
	schematypens="http://purl.oclc.org/dsdl/schematron"?>
<TEI xmlns="http://www.tei-c.org/ns/1.0">
   <teiHeader>
      <fileDesc>
         <publicationStmt>
            <p>Publication Information</p>
         </publicationStmt>
         <sourceDesc>
            <p>Information about the source</p>
         </sourceDesc>
      </fileDesc>
   </teiHeader>
   <text>
      <body>
 Name:  רביקוביץ,  דליה
  <foreign>Birth</foreign>  Year:  <date>1936
</date>  <foreign>Death</foreign>  Year:  <date>2005
</date>  <foreign>Birth</foreign>  Place:  <properName>רמת</properName>  גן,  בת
  Occupation:  משוררת,  סופרת,  <noun>מתרגמת</noun>  ומבקרת
  <foreign>Entry</foreign>  writer:  <properName>גדעון</properName>  טיקוצקי
  <foreign>Entry</foreign>  Value:  
  <verb>נולדה</verb>  ברמת  גן,  <noun>בת</noun>  למיכל  (לבית  הומינר,  <date>1996-1908)</date>  ולוי  <properName>רביקוביץ</properName>  <date>(1942-1909).</date>  ב-29  במאי  <date>1942</date>  <verb>נולדו</verb>  אחיה  התאומים,  <properName>אחיקם</properName>  <properName>משה</properName>  (נפטר  בפברואר  <date>2010)</date>  ועמירם  שמואל.  ב-30  באוקטובר  <date>1942</date>  <verb>נדרס</verb>  אביה  למוות  <adjective>סמוך</adjective>  לביתם  בידי  <noun>חייל</noun>  <adjective>יווני</adjective>  מכוחות  <noun>בעלות</noun>  <noun>הברית</noun>  שנהג  בגילופין.  <noun>זמן</noun>  <adjective>קצר</adjective>  <preposition>אחר</preposition>  <pronoun>כך</pronoun>  <verb>עברה</verb>  <noun>המשפחה</noun>  לקיבוץ  <properName>גבע</properName>  בעמק  <properName>יזרעאל</properName>  (כעבור  <noun>עשור</noun>  <verb>נישאה</verb>  <properName>אמה</properName>  לישראל  גור-אריה,  <noun>מנהל</noun>  <properName>בית</properName>  <noun>הספר</noun>  בקיבוץ).
  <properName>רביקוביץ</properName>  <adjective>הצעירה</adjective>  <verb>התקשתה</verb>  <verb>להשתלב</verb>  בחברת  <noun>הילדים</noun>  בקיבוץ  ובקיץ  <date>1949,</date>  <adverb>קודם</adverb>  שמלאו  לה  שלוש-עשרה  שנה,  <verb>עברה</verb>  בגפה  לחיפה,  <preposition>אל</preposition>  <noun>משפחת</noun>  אומנה.  בקיץ  <pronoun>זה</pronoun>  <verb>נדפס</verb>  <properName>שיר</properName>  <properName>פרי</properName>  <verb>עטה</verb>  בעיתון  "הנוער  העובד"במעלה  בשם  <adjective>בדוי</adjective>  (סמדר  לֶשֶם,  3  באוגוסט  <date>1949).</date>  <pronoun>היא</pronoun>  <verb>למדה</verb>  בתיכון  "חוגים"  בעיר,  <preposition>בין</preposition>  <noun>השאר</noun>  <preposition>אצל</preposition>  <properName>ברוך</properName>  קורצווייל,  ונדדה  <preposition>בין</preposition>  <noun>משפחות</noun>  <noun>אומנה</noun>  נוספות,  <numeral>חמש</numeral>  <adverb>בסך</adverb>  הכול.  בשנת  לימודיה  <adjective>האחרונה</adjective>  בתיכון  <verb>פורסם</verb>  <properName>שיר</properName>  <numeral>ראשון</numeral>  בחתימתה,  "הנערה  <noun>בעלת</noun>  <noun>צמות</noun>  הפשתן"  בכתב  <noun>העת</noun>  לנוער  <noun>עתידות</noun>  (מאי  <date>1954),</date>  <noun>בלדה</noun>  <adjective>זעירה</adjective>  <participle>המושפעת</participle>  <preposition>מן</preposition>  <noun>הבלדות</noun>  <adjective>הסקוטיות</adjective>  שתירגמה  <conjunction>אז</conjunction>  להנאתה.  בהמשך  אותה  <noun>שנה</noun>  <verb>התגייסה</verb>  לחיל  <noun>הקשר</noun>  וכעבור  <noun>חודשים</noun>  <adjective>אחדים</adjective>  <verb>שוחררה</verb>  <preposition>בשל</preposition>  <noun>בעיות</noun>  גב.  
  במהלך  שירותה  <adjective>הצבאי</adjective>  <verb>כתבה</verb>  <at-preposition>את</at-preposition>  <noun>שירה</noun>  "אהבת  <noun>תפוח</noun>  הזהב"  ושירים  נוספים.  בעצת  <noun>ידיד</noun>  <verb>פנתה</verb>  <preposition>אל</preposition>  <properName>לאה</properName>  גולדברג,  וזו  <verb>התרשמה</verb>  משיריה  והמליצה  <preposition>בפני</preposition>  <properName>אברהם</properName>  <properName>שלונסקי</properName>  לפרסמם  בכתב  <noun>העת</noun>  <properName>אורלוגין</properName>  בעריכתו.  ואמנם  בינואר  <date>1955</date>  <verb>נדפסו</verb>  בבמה  <pronoun>זו</pronoun>  <numeral>שלושה</numeral>  משירי  <properName>רביקוביץ</properName>  ("ארץ  מבוא  השמש",  "כסאות  למשפט"  ו"העיגול"),  וכך  <verb>נסללה</verb>  דרכה  לפרסום  <noun>שירים</noun>  נוספים,  <adverb>בעיקר</adverb>  במוסף  <noun>הספרות</noun>  <shel-preposition>של</shel-preposition>  <noun>עיתון</noun>  למרחב,  "משא",  בעריכת  <properName>אהרן</properName>  מגד.  <adverb>במקביל</adverb>  <verb>החלה</verb>  <verb>ללמוד</verb>  באוניברסיטה  <adjective>העברית</adjective>  בירושלים  בחוגים  לספרות  <properName>אנגלית</properName>  וללשון  עברית.  לפרנסתה  <verb>עבדה</verb>  <noun>כמורה</noun>  בבית  <noun>ספר</noun>  <noun>תיכון</noun>  <noun>ערב</noun>  בעיר  וכן  <noun>עסקה</noun>  בתרגום:  תרגומה  לספר  <noun>הנוער</noun>  <noun>הנער</noun>  מקורסיקה:  <properName>נפוליאון</properName>  והקרב  <preposition>על</preposition>  <properName>ווטרלו</properName>  <preposition>מאת</preposition>  <properName>פרנסיס</properName>  וינוור  <verb>נדפס</verb>  <date>ב-1956</date>  (בהמשך  <verb>תירגמה</verb>  <at-preposition>את</at-preposition>  <noun>מרי</noun>  <properName>פופינס</properName>  <preposition>מאת</preposition>  <properName>פ"ל</properName>  <properName>טרברס</properName>  <date>[1961],</date>  <at-preposition>את</at-preposition>  <noun>מות</noun>  <verb>יומת</verb>  <noun>המלך</noun>  <preposition>מאת</preposition>  <noun>מרי</noun>  <properName>רינו</properName>  <date>[1962]</date>  וספרים  <adjective>אחדים</adjective>  <shel-preposition>של</shel-preposition>  <properName>אלינור</properName>  פרז'ן).  במהלך  <noun>הלימודים</noun>  <verb>נישאה</verb>  ליוסף  בר-יוסף.  <preposition>כעבור</preposition>  <numeral>שלושה</numeral>  <noun>חודשים</noun>  <verb>התגרשו</verb>  השניים.  <pronoun>היא</pronoun>  <negation>לא</negation>  <verb>השלימה</verb>  <at-preposition>את</at-preposition>  <noun>לימודי</noun>  <noun>התואר</noun>  הראשון,  <date>וב-1958</date>  <verb>נסעה</verb>  לאנגליה,  <noun>שם</noun>  <verb>למדה</verb>  <noun>שנה</noun>  <numeral>אחת</numeral>  באוניברסיטת  לונדון.  
  בדצמבר  <date>1959</date>  <verb>ראה</verb>  <noun>אור</noun>  <noun>ספרה</noun>  <noun>אהבת</noun>  <noun>תפוח</noun>  <noun>הזהב</noun>  בהוצאת  <noun>מחברות</noun>  לספרות,  ביוזמת  <noun>העורך</noun>  והמו"ל  <properName>ישראל</properName>  <noun>זמורה</noun>  <punctuation>–</punctuation>  <noun>מספרי</noun>  <noun>הביכורים</noun>  <adjective>השלמים</adjective>  <adverb>ביותר</adverb>  בשירה  <adjective>העברית</adjective>  החדשה.  <noun>הספר</noun>  <verb>זכה</verb>  <preposition>למן</preposition>  הופעתו  להערכה  <adjective>רבה</adjective>  וסימן  <at-preposition>את</at-preposition>  <properName>רביקוביץ</properName>  כמשוררת  <adjective>הבולטת</adjective>  בדורה.  באותה  <noun>שנה</noun>  <conjunction>גם</conjunction>  <verb>נדפס</verb>  <noun>ספרה</noun>  לילדים  <noun>מכונית</noun>  הקסמים.  
  <pronoun>היא</pronoun>  <verb>נישאה</verb>  <adverb>שנית</adverb>  <date>ב-1961,</date>  ליצחק  <properName>לבני</properName>  (נישואיהם  <verb>ארכו</verb>  כארבע  <noun>שנים</noun>  <conjunction>אך</conjunction>  <possessive>הם</possessive>  <verb>שמרו</verb>  <preposition>על</preposition>  <noun>קשרי</noun>  <noun>ידידות</noun>  <adjective>יומיומיים</adjective>  <preposition>עד</preposition>  מותה).  <noun>ביולי</noun>  <date>1964</date>  <verb>ראה</verb>  <noun>אור</noun>  <noun>ספר</noun>  שיריה  <noun>חורף</noun>  <modal>קשה</modal>  בהוצאת  דביר,  שעליו  <properName>זכתהבפרס</properName>  <properName>שלונסקי</properName>  <date>(1965).</date>  <adverb>מאז</adverb>  <verb>זיכה</verb>  אותה  <quantifier>כל</quantifier>  <numeral>אחד</numeral>  <noun>מספרי</noun>  <verb>שירתה</verb>  <participle>הבאים</participle>  בפרס:  <properName>פרס</properName>  <properName>רמתגן</properName>  לספרות  <properName>יפה</properName>  <date>(1970)</date>  <preposition>על</preposition>  <noun>הספר</noun>  <numeral>השלישי</numeral>  <date>(1969),</date>  <properName>פרס</properName>  <properName>אוסישקין</properName>  <preposition>מטעם</preposition>  <noun>הקרן</noun>  <adjective>הקיימת</adjective>  לישראל  <date>(1975)</date>  <preposition>על</preposition>  <quantifier>מבחר</quantifier>  שיריה  <noun>הקצר</noun>  <quantifier>כל</quantifier>  מִשבריךָ  וגליךָ  <date>(1972)</date>  ופרס  <properName>ברנר</properName>  <preposition>על</preposition>  <properName>תהוֹם</properName>  <properName>קוֹרא</properName>  <date>(1976).</date>  <date>ב-1976</date>  <verb>ראה</verb>  <noun>אור</noun>  <conjunction>גם</conjunction>  <noun>ספר</noun>  <noun>פרוזה</noun>  <numeral>ראשון</numeral>  <properName>פרי</properName>  עטה,  <noun>מוות</noun>  במשפחה,  שזכה  לביקורות  <adjective>צוננות</adjective>  שריפו  <at-preposition>את</at-preposition>  ידיה  <shel-preposition>של</shel-preposition>  <properName>רביקוביץ</properName>  מכתיבת  <noun>פרוזה</noun>  לתקופה  ממושכת.  
  <noun>פרק</noun>  <adjective>חדש</adjective>  בחייה  ובכתיבתה  <verb>נפתח</verb>  <preposition>עם</preposition>  <noun>הולדת</noun>  <verb>בנה</verb>  <properName>עידו</properName>  <date>(1978),</date>  שבהשראתו  <verb>כתבה</verb>  <noun>שירים</noun>  <adjective>ליריים</adjective>  <verb>רבים</verb>  ואת  <noun>ספר</noun>  <noun>הילדים</noun>  <noun>אמא</noun>  <verb>מבולבלת</verb>  <date>(1981).</date>  <date>ב-1990,</date>  <conjunction>לאחר</conjunction>  שנפרדה  מאביו  <shel-preposition>של</shel-preposition>  עידו,  <properName>חיים</properName>  קליר,  ובתום  <noun>מאבק</noun>  משפטי,  <verb>נאלצה</verb>  <verb>להעביר</verb>  <at-preposition>את</at-preposition>  <noun>המשמורת</noun>  <preposition>על</preposition>  <verb>בנה</verb>  לידי  אביו.  <noun>הדי</noun>  <noun>פרשייה</noun>  <pronoun>זו</pronoun>  <verb>נשמעים</verb>  בפרוזה  שלה  (בייחוד  בסיפור  <noun>הקצר</noun>  "לאן  <verb>נעלם</verb>  <noun>השופט</noun>  <verb>י"ח</verb>  פורז")  ובשירתה,  בספר  <noun>אמא</noun>  <preposition>עם</preposition>  <noun>ילד</noun>  <date>(1992),</date>  שרובו  ככולו  <noun>שירים</noun>  <preposition>על</preposition>  <noun>אמא</noun>  <preposition>בלי</preposition>  ילד.  
  <date>ב-1995</date>  <verb>קיבצה</verb>  <at-preposition>את</at-preposition>  שיריה  בספר  <quantifier>כל</quantifier>  <noun>השירים</noun>  <preposition>עד</preposition>  כה,  בצירוף  <noun>מדור</noun>  <noun>שירים</noun>  חדשים.כעבור  <adjective>שנתיים</adjective>  <verb>פירסמה</verb>  <noun>ספר</noun>  <noun>פרוזה</noun>  שני,  <noun>קבוצת</noun>  <noun>הכדורגל</noun>  <shel-preposition>של</shel-preposition>  ויני  מנדלה,  <date>וב-1998</date>  <punctuation>–</punctuation>  <quantifier>מבחר</quantifier>  <noun>שירים</noun>  בפורמט  אלבומי,  מרוב  אהבה,  וצרור  <noun>שירים</noun>  חדשים,  <noun>חצי</noun>  <noun>שעה</noun>  <preposition>לפני</preposition>  המונסון.  באותה  <noun>שנה</noun>  <verb>זכתה</verb>  בפרס  <properName>ישראל</properName>  לספרות.  <conjunction>כמו</conjunction>  <conjunction>כן</conjunction>  <verb>זכתה</verb>  בפרס  <properName>ביאליק</properName>  לספרות  <properName>יפה</properName>  <date>(1987).</date>  
  <preposition>אחרי</preposition>  מותה  <verb>פורסם</verb>  <noun>ספר</noun>  שיריה  מים  <properName>רביםבעריכת</properName>  <properName>דנה</properName>  <properName>אולמרט</properName>  <date>(2006)</date>  ואחריו  <properName>דליה</properName>  רביקוביץ:  <quantifier>כל</quantifier>  <noun>השירים</noun>  בעריכת  <properName>גדעון</properName>  <properName>טיקוצקי</properName>  ועוזי  <properName>שביט</properName>  <date>(2010).
</date>  <verb>שירתה</verb>  <shel-preposition>של</shel-preposition>  <properName>רביקוביץ</properName>  <verb>זכתה</verb>  מראשיתה  להתקבלות  רחבה,  <conjunction>הן</conjunction>  <preposition>בקרב</preposition>  <noun>דור</noun>  <noun>היוצרים</noun>  <adjective>הוותיק</adjective>  והן  <preposition>בקרב</preposition>  <noun>בני</noun>  <noun>הדור</noun>  <adjective>הצעיר</adjective>  ובראשם  <verb>נתן</verb>  <adjective>זך</adjective>  ושאר  <noun>יוצרי</noun>  <noun>חבורת</noun>  "לקראת",  שאליהם  <verb>התקרבה</verb>  <noun>המשוררת</noun>  <adverb>בעיקר</adverb>  <preposition>אחרי</preposition>  <noun>פרסום</noun>  <noun>אהבת</noun>  <noun>תפוח</noun>  הזהב.  <noun>ספר</noun>  ביכוריה  <verb>מתייחד</verb>  בלשונו  המסוגננת,  <participle>המשלבת</participle>  בטבעיות  <noun>צירופים</noun>  <properName>ארכאיים</properName>  ונשגבים,  וצורת  <noun>רוב</noun>  שיריו  <adjective>הדוקה</adjective>  ומוקפדת  (משקל  כמו-תנ"כי,  <noun>שימוש</noun>  <adjective>רב</adjective>  בחזרות,  <participle>הקְבלות</participle>  וחריזה,  ועוד)  <punctuation>–</punctuation>  <adverb>אולי</adverb>  <preposition>כמעין</preposition>  <noun>פיתוח</noun>  ושכלול  <shel-preposition>של</shel-preposition>  <noun>שירת</noun>  רטוש.  <preposition>מצד</preposition>  תוכנו,  <noun>הספר</noun>  <verb>מציג</verb>  <noun>סובייקט</noun>  <adjective>פגוע</adjective>  <punctuation>–</punctuation>  ופוגע  (כבשיר  הנושא:  "תַּפּוּחַ  זָהָב/  <noun>נִבְלַע</noun>  בְּאוֹכְלֵהוּ,/  <noun>בָּא</noun>  בְּעוֹרֵהוּ,/  <properName>אַף</properName>  בִּבְשָׂרָיו")  ונוטה  <verb>להפליג</verb>  <preposition>אל</preposition>  <noun>מחוזות</noun>  <noun>האגדה</noun>  והמשל.  <adjective>בולט</adjective>  <adverb>כאן</adverb>  <conjunction>גם</conjunction>  <noun>ההיתוך</noun>  <verb>יוצא</verb>  <noun>הדופן</noun>  <shel-preposition>של</shel-preposition>  <noun>מבע</noun>  <adjective>אישי</adjective>  <preposition>עם</preposition>  <noun>מבע</noun>  אניגמטי.  בחורף  <modal>קשה</modal>  <verb>חלה</verb>  <noun>תמורה</noun>  <adjective>סגנונית</adjective>  <adjective>ניכרת</adjective>  לעין,  שעיקרה  <noun>התקרבות</noun>  ללשון  הדיבור,  <conjunction>אם</conjunction>  <conjunction>כי</conjunction>  <noun>התמטיקה</noun>  <shel-preposition>של</shel-preposition>  <noun>שירי</noun>  <noun>הספר</noun>  עודה  <adjective>אקזוטית</adjective>  בעיקרה;  <pronoun>כך</pronoun>  <conjunction>גם</conjunction>  <verb>בהספר</verb>  השלישי,  <verb>שהדיבוריוּת</verb>  שלו  <adjective>מפותחת</adjective>  במיוחד.  התמטיקה,  שבהכללה  <adjective>רחבה</adjective>  <verb>נעה</verb>  מ"עקרון  העונג"  <preposition>אל</preposition>  "עקרון  המציאות",  <verb>נקשרת</verb>  <adverb>אפוא</adverb>  לצורה,  שגם  בה  <verb>חלה</verb>  <noun>התפתחות</noun>  <adjective>סגנונית</adjective>  <shel-preposition>של</shel-preposition>  ממש–  <verb>מנוסח</verb>  ששורשיו  <adjective>נטועים</adjective>  בנופי  שירתם  <shel-preposition>של</shel-preposition>  רטוש,  <properName>שלונסקי</properName>  ואלתרמן,  <preposition>אל</preposition>  <noun>עבר</noun>  <noun>המודל</noun>  שהתווה  זך,  <noun>תוך</noun>  <noun>שמירת</noun>  <noun>הקול</noun>  הייחודי.  <noun>המעברים</noun>  <adjective>החדים</adjective>  בשירי  <numeral>שלושת</numeral>  <noun>הספרים</noun>  <preposition>מן</preposition>  <noun>הנופים</noun>  המיתולוגיים-ארכאיים  <preposition>אל</preposition>  <noun>המציאות</noun>  <adjective>הישראלית</adjective>  <adjective>הדיבורית</adjective>  ביותר,  אותה  <noun>תנועה</noun>  <adjective>רצוא</adjective>  ושוב  <preposition>בין</preposition>  <noun>שני</noun>  העולמות,  <verb>מסתיימים</verb>  <negation>לא</negation>  <numeral>אחת</numeral>  בנפילה;  ובכלל  <preposition>על</preposition>  <verb>רבים</verb>  מהשירים  <verb>מוטל</verb>  צלו  <shel-preposition>של</shel-preposition>  אסון,  כזה  שהתרחש,  <verb>מתרחש</verb>  <conjunction>או</conjunction>  יתרחש.  
  <properName>בתהוֹם</properName>  <date>קוֹרא(1976)</date>  <verb>נכללו</verb>  <noun>ראשוני</noun>  שיריה  הפוליטיים,  שנכתבו  <preposition>על</preposition>  <noun>רקע</noun>  <noun>מלחמת</noun>  <noun>ההתשה</noun>  ("מה  קורה"  ו"הסיוט  הזה").  <conjunction>כדי</conjunction>  <verb>לחזק</verb>  <at-preposition>את</at-preposition>  <noun>הקובץ</noun>  <adjective>הדק</adjective>  <verb>הותקן</verb>  בסופו  <noun>מדור</noun>  <noun>שירים</noun>  שתירגמה  <noun>שנים</noun>  <adverb>קודם</adverb>  <conjunction>לכן</conjunction>  (מאת  ייטס,  פו,  <properName>אליוט</properName>  ועוד).  <preposition>אחרי</preposition>  <noun>הפסקה</noun>  <shel-preposition>של</shel-preposition>  אחת-עשרה  <noun>שנה</noun>  <verb>הופיע</verb>  <noun>הספר</noun>  <noun>אהבה</noun>  <adjective>אמיתית</adjective>  <date>(1987)</date>  ובו  <noun>שירי</noun>  <noun>המחאה</noun>  ממלחמת  <properName>לבנון</properName>  <numeral>הראשונה</numeral>  שבהם  <verb>התייצבה</verb>  <noun>המשוררת</noun>  כנביאה  <verb>מוכיחה</verb>  בשער,  ושהותירו  <noun>רושם</noun>  <adjective>עז</adjective>  (בייחוד  "תינוק  <negation>לא</negation>  <verb>הורגים</verb>  פעמיים",  <preposition>על</preposition>  <noun>הטבח</noun>  במחנות  <noun>הפליטים</noun>  <noun>סברה</noun>  ושתילה,  שבו  <noun>רמיזות</noun>  <verb>רבות</verb>  ל"בעיר  ההרגה"  <shel-preposition>של</shel-preposition>  ביאליק);  לצדם,  ובלי  הפרדה,  <verb>נדפסו</verb>  <noun>שירי</noun>  האימהוּת.  
  <adverb>מאז</adverb>  <noun>פרסום</noun>  <noun>אהבה</noun>  <adjective>אמיתית</adjective>  <verb>נטה</verb>  <noun>מחקר</noun>  יצירתה  <shel-preposition>של</shel-preposition>  <properName>רביקוביץ</properName>  <verb>להדגיש</verb>  <at-preposition>את</at-preposition>  <noun>הפן</noun>  החברתי-פוליטי  <shel-preposition>של</shel-preposition>  שירתה.  <preposition>עד</preposition>  <conjunction>אז</conjunction>  <verb>רבו</verb>  <noun>הפרשנויות</noun>  <adjective>הביוגרפיסטיות</adjective>  והפטרוניות  ביסודן  ליצירתה,  שהוזנו  <preposition>בין</preposition>  <noun>השאר</noun>  <preposition>מן</preposition>  "החיים  החשופים"  <shel-preposition>של</shel-preposition>  <properName>רביקוביץ</properName>  (ראיונות  <adjective>נרחבים</adjective>  שהעניקה  <preposition>על</preposition>  <preposition>אודות</preposition>  <noun>טראומות</noun>  הילדוּת,  משבריה  <adjective>הנפשיים</adjective>  וכדומה).  בשנות  התשעים,  <preposition>עם</preposition>  <noun>הפנמת</noun>  <noun>השיח</noun>  <adjective>המגדרי</adjective>  והפוסט-מודרני,  <verb>הוארו</verb>  <noun>היסודות</noun>  <adjective>הפמיניסטיים</adjective>  והחתרניים  בכתיבתה  ויוחסו  לסובייקט  <adjective>האופייני</adjective>  לשיריה  <noun>תכונות</noun>  <shel-preposition>של</shel-preposition>  אקטיביות,  <noun>עוצמה</noun>  ואירוניה.  <preposition>על</preposition>  <noun>רקע</noun>  <pronoun>זה</pronoun>  <verb>הואר</verb>  <conjunction>גם</conjunction>  שימושה  <adjective>התדיר</adjective>  בלשון  <noun>המקורות</noun>  כניכוס  <shel-preposition>של</shel-preposition>  "שפת  האב".  <verb>אשר</verb>  לשיוכה  הדורי,  <adverb>חלק</adverb>  <preposition>מן</preposition>  <noun>המבקרים</noun>  והחוקרים  <verb>הציגו</verb>  <at-preposition>את</at-preposition>  יצירתה  כטיפוסית  ל"דור  המדינה",  <adjective>אחרים</adjective>  <verb>ראו</verb>  בה  <noun>תופעה</noun>  <adjective>ייחודית</adjective>  ונבדלת,  ובשנים  <adjective>האחרונות</adjective>  <verb>נוהגים</verb>  להציגה  <verb>כחוליית</verb>  <noun>קישור</noun>  <preposition>בין</preposition>  <noun>המשמרות</noun>  בשירה  <adjective>העברית</adjective>  <adjective>החדשה</adjective>  (העומדת  בניגוד  ל"מרד"  <participle>המיוחס</participle>  לזך).
  יחסה  <shel-preposition>של</shel-preposition>  <properName>רביקוביץ</properName>  <verb>עצמה</verb>  לשירתה,  <conjunction>כפי</conjunction>  שעולה  מראיונות  <verb>רבים</verb>  שנערכו  עמה,  <verb>מצטייר</verb>  <verb>כאינסטרומנטלי</verb>  <preposition>כלפי</preposition>  חוץ,  ובמסגרת  <pronoun>זאת</pronoun>  <conjunction>גם</conjunction>  <verb>הכחישה</verb>  שחיברה  <noun>שירים</noun>  ארס-פואטיים.  <conjunction>אף</conjunction>  <preposition>על</preposition>  <noun>פי</noun>  <conjunction>כן</conjunction>  <verb>משתמעת</verb>  מיצירתה  <adjective>השירית</adjective>  <noun>עמדה</noun>  ברורה,  <participle>הרואה</participle>  בשיר  <noun>אמצעי</noun>  <noun>התנגדות</noun>  <punctuation>–</punctuation>  <properName>לַכאוס</properName>  <adjective>הקיומי</adjective>  ולעוול  <conjunction>באשר</conjunction>  הוא.  
  <preposition>לצד</preposition>  <noun>השירים</noun>  <verb>כתבה</verb>  <properName>רביקוביץ</properName>  כשלושים  פזמונים,  רובם  לתוכניות  <shel-preposition>של</shel-preposition>  <noun>להקות</noun>  <properName>צה"ל</properName>  ולשם  <noun>פרנסה</noun>  (הנודעים  שבהם:  "שובי  לביתך",  "רבי  עקיבא",  "עמק  דותן",  "אילת"  ו"בסיירת  שקד").  <noun>אילוצים</noun>  <adjective>כספיים</adjective>  <possessive>הם</possessive>  <conjunction>גם</conjunction>  שעמדו  ברקע  לכתיבתה  <adjective>העיתונאית</adjective>  כמבקרת  <noun>הרדיו</noun>  והטלוויזיה  <shel-preposition>של</shel-preposition>  <properName>מעריב</properName>  בשנות  התשעים.  
  <noun>הפרוזה</noun>  <shel-preposition>של</shel-preposition>  רביקוביץ,  שנופלת  באיכויותיה  משירתה,  <verb>מעמידה</verb>  במרכזה  <noun>דמות</noun>  <adjective>נשית</adjective>  <adjective>רגישה</adjective>  שאינה  <verb>מוצאת</verb>  <at-preposition>את</at-preposition>  מקומה  במסגרות  <participle>הסובבות</participle>  אותה.  כשיריה,  <conjunction>אף</conjunction>  סיפוריה  <shel-preposition>של</shel-preposition>  <properName>רביקוביץ</properName>  <conjunction>כמו</conjunction>  <verb>מדרבנים</verb>  <at-preposition>את</at-preposition>  קוראיהם  <verb>לזהות</verb>  <at-preposition>את</at-preposition>  <noun>הדמות</noun>  <adjective>הנשית</adjective>  <preposition>עם</preposition>  <noun>המחַברת</noun>  עצמה,  באופן  שמצטייר  <noun>ספק</noun>  כתחבולה  <adjective>ספרותית</adjective>  <noun>ספק</noun>  ככתיבה  סמי-אוטוביוגרפית  <preposition>לפי</preposition>  תומה.  
  <conjunction>גם</conjunction>  יצירתה  לילדים  <pronoun>היא</pronoun>  <noun>אפיק</noun>  <adjective>שולי</adjective>  בכתיבתה,  <conjunction>אך</conjunction>  <conjunction>גם</conjunction>  בה  <adjective>ניכרות</adjective>  <adverb>היטב</adverb>  <noun>הפואטיקה</noun>  <adjective>הסגולית</adjective>  שלה  והזיקות  <preposition>אל</preposition>  <verb>שירתה</verb>  הקנונית.  <noun>ספרי</noun>  <noun>ילדים</noun>  <adjective>נוספים</adjective>  <properName>פרי</properName>  עטה:  מסיפורי  <noun>חבורת</noun>  "הלב  האמיץ"  <properName>וקלמן</properName>  <shel-preposition>של</shel-preposition>  <date>רמי(1959);</date>  <properName>מיכה</properName>  ומכבי  <date>האש(1962);</date>  <noun>מסיבה</noun>  <adjective>משפחתית</adjective>  (שבו  <verb>קובצו</verb>  <noun>שירים</noun>  <properName>פרי</properName>  <verb>עטה</verb>  <preposition>לצד</preposition>  <noun>שירים</noun>  <shel-preposition>של</shel-preposition>  אביה,  <date>1968);</date>  מעלילות  <noun>דדי</noun>  <date>המופלא(1977).
</date>  References:  
  ארגוב,  טלי.  <verb>שירתה</verb>  <adjective>המוקדמת</adjective>  <shel-preposition>של</shel-preposition>  <properName>דליה</properName>  רביקוביץ:  <noun>התקבלות</noun>  ופואטיקה.חיבור  לשם  <properName>קבלתתואר</properName>  מוסמך.ירושלים:  <noun>האוניברסיטה</noun>  העברית.  <date>1995;</date>  לאור,  יצחק.  "אין  <noun>דבר</noun>  כזה  אדונית:  <copula>להיות</copula>  במרכז  העולם;  <verb>נתן</verb>  <adjective>זך</adjective>  ומאיר  <properName>ויזלטיר</properName>  <preposition>מול</preposition>  דליהרביקוביץ".מטעם  14.  <date>2008.</date>  129-111;  צמיר,  <properName>חמוטל</properName>  ותמר  <properName>ס'</properName>  הס.  <noun>כתמי</noun>  אור:  <numeral>חמישים</numeral>  <noun>שנות</noun>  <noun>ביקורת</noun>  ומחקר  <preposition>על</preposition>  <noun>יצירת</noun>  <properName>דליה</properName>  רביקוביץ.  <properName>תל</properName>  אביב:  <noun>הקיבוץ</noun>  המאוחד.  <date>2010;</date>  וייכרט,  רפי.  "זו  <pronoun>היא</pronoun>  הבוערת".  <properName>מעריב</properName>  ספרותוספרים.  <date>19.6.1998.</date>  31;
  Szobel,  Ilana.  <foreign>A</foreign>  <foreign>Poetics</foreign>  <foreign>of</foreign>  Trauma:  <foreign>The</foreign>  <foreign>Work</foreign>  <foreign>of</foreign>  <foreign>Dahlia</foreign>  Ravikovitch.  Waltham,  Massachusetts:  <foreign>Brandeis</foreign>  <foreign>University</foreign>  Press.  <date>2013.
</date> 
		</body>
	</text>
</TEI>