<?xml version="1.0" encoding="UTF-8"?>
<?xml-model href="http://www.tei-c.org/release/xml/tei/custom/schema/relaxng/tei_all.rng" type="application/xml" schematypens="http://relaxng.org/ns/structure/1.0"?>
<?xml-model href="http://www.tei-c.org/release/xml/tei/custom/schema/relaxng/tei_all.rng" type="application/xml"
	schematypens="http://purl.oclc.org/dsdl/schematron"?>
<TEI xmlns="http://www.tei-c.org/ns/1.0">
   <teiHeader>
      <fileDesc>
         <publicationStmt>
            <p>Publication Information</p>
         </publicationStmt>
         <sourceDesc>
            <p>Information about the source</p>
         </sourceDesc>
      </fileDesc>
   </teiHeader>
   <text>
      <body>
 <?xml  version="1.0"  encoding="UTF-8"?>
  <?xml-model  href="http://www.tei-c.org/release/xml/tei/custom/schema/relaxng/tei_all.rng"  type="application/xml"  schematypens="http://relaxng.org/ns/structure/1.0"?>
  <?xml-model  href="http://www.tei-c.org/release/xml/tei/custom/schema/relaxng/tei_all.rng"  type="application/xml"
  	schematypens="http://purl.oclc.org/dsdl/schematron"?>
  <TEI  xmlns="http://www.tei-c.org/ns/1.0">
        <teiHeader>
              <fileDesc>
                    <publicationStmt>
                          <p>Publication  Information</p>
                    </publicationStmt>
                    <sourceDesc>
                          <p>Information  about  the  source</p>
                    </sourceDesc>
              </fileDesc>
        </teiHeader>
        <text>
              <body>
    Name:    רון-פדר-עמית,    גלילה
      <foreign>Birth</foreign>    Year:    <date><date>1949)ׂׂׂׂׂ
</date>  </date>    <foreign>Birth</foreign>    Place:    חיפה
      Occupation:    <noun>סופרת</noun>    ועורכת
      <foreign>Entry</foreign>    writer:    <properName>רון</properName>    לסרי
      <foreign>Entry</foreign>    Value:    
      <verb>נולדה</verb>    בחיפה.    <adverb>כבר</adverb>    בהיותה    <noun>בת</noun>    <numeral>תשע</numeral>    <verb>החלה</verb>    <verb>לכתוב</verb>    <noun>סיפורי</noun>    הרפתקאות.    <verb>למדה</verb>    במגמה    <adjective>הביולוגית</adjective>    בבית    <noun>הספר</noun>    "הריאלי"    בחיפה.    <conjunction>למרות</conjunction>    <verb>היותה</verb>    <noun>בת</noun>    למשפחה    שנשבו    בה    <noun>רוחות</noun>    <properName>מפא"י</properName>    <verb>כתבה</verb>    <properName>רומן</properName>    <preposition>על</preposition>    <noun>נערה</noun>    שאחיה    <verb>נמנה</verb>    <preposition>עם</preposition>    <noun>כוחות</noun>    האצ"ל,    ואף    <verb>שלחה</verb>    <at-preposition>את</at-preposition>    טיוטתו    למנחם    בגין,    שבתגובה    <adjective>הזמינה</adjective>    ובירכה    <preposition>על</preposition>    פעולתה.    <date><date>ב-2010</date></date>    <verb>פירסמה</verb>    <at-preposition>את</at-preposition>    <noun>הספר</noun>    בעוז    ובהדר:    סיפורו    <shel-preposition>של</shel-preposition>    <properName>מנחם</properName>    בגין.    <verb>שירתה</verb>    כחיילת    בנח"ל,    ולאחר    שחרורה    <verb>למדה</verb>    <noun>ספרות</noun>    ומקרא    באוניברסיטה    <adjective>העברית</adjective>    בירושלים.    רון-פדר-עמית    <pronoun>היא</pronoun>    <conjunction>אם</conjunction>    לשלושה    ילדים,    ובשנים    <date><date>1972-1979</date></date>    <verb>אימצה</verb>    שנים-עשר    <noun>ילדים</noun>    ממשפחות    <adjective>קשות</adjective>    יום.    <noun>פרט</noun>    <pronoun>זה</pronoun>    <verb>השפיע</verb>    <adverb>רבות</adverb>    <preposition>על</preposition>    כתיבתה    והיווה    <noun>השראה</noun>    לסדרת    <noun>הספרים</noun>    "ציון",    שנכתבה    בשנים    <date><date>1976-1981.
</date>  </date>    רון-פדר-עמית    <pronoun>היא</pronoun>    מהיוצרות    <adjective>הפופולריות</adjective>    והפורות    בספרות    <noun>הילדים</noun>    העברית.    <preposition>עד</preposition>    <adverb>כה</adverb>    <verb>פירסמה</verb>    כשלוש    <numeral>מאות</numeral>    ספרים,    רובם    <adjective>המכריע</adjective>    לילדים.    <noun>ספריה</noun>    <verb>תורגמו</verb>    לשפות    שונות,    ובהן:    אנגלית,    גרמנית,    <properName>צרפתית</properName>    ויפנית.    <quantifier>כמה</quantifier>    מספריה    <verb>עובדו</verb>    לסרטים,    ובהם:    <noun>בחינת</noun>    בגרות,    בבימויו    <shel-preposition>של</shel-preposition>    <properName>אסי</properName>    <properName>דיין</properName>    <date><date>(1983).</date></date>    <adverb>בנוסף</adverb>    לכך,    <copula>היתה</copula>    <noun>העורכת</noun>    <numeral>הראשונה</numeral>    <shel-preposition>של</shel-preposition>    <noun>עיתון</noun>    <noun>הילדים</noun>    לטבע    פשוש,    ובהמשך    <verb>ערכה</verb>    <at-preposition>את</at-preposition>    <noun>השבועון</noun>    <noun>ראש</noun>    צעיר.    <conjunction>כמו</conjunction>    <conjunction>כן</conjunction>    <verb>פירסמה</verb>    <noun>סיפורים</noun>    בהמשכים    בשבועונים    לילדים    וכתבה    <noun>מאמרים</noun>    בכתבי    <noun>עת</noun>    ובעיתונות    <participle>העוסקים</participle>    ברובם    בחינוך    ובספרות    ילדים.    ספרה    הראשון,    <noun>ילדי</noun>    <noun>השכונה</noun>    במחתרת,    שראה    <noun>אור</noun>    <date><date>ב-1971</date></date>    (קרני),    <verb>מתאר</verb>    <at-preposition>את</at-preposition>    קורותיה    <shel-preposition>של</shel-preposition>    <noun>קבוצת</noun>    <noun>ילדים</noun>    <adjective>ירושלמים</adjective>    בתקופת    המנדט.    אחריו    <verb>כתבה</verb>    <at-preposition>את</at-preposition>    <noun>סדרת</noun>    <noun>הספרים</noun>    <numeral>הראשונה</numeral>    שלה:    "ילדים    אלמונים",    <participle>המספרת</participle>    <preposition>על</preposition>    הרפתקאותיהם    <shel-preposition>של</shel-preposition>    <noun>ילדים</noun>    <adjective>חיפאים</adjective>    <participle>המסייעים</participle>    ללוחמי    <numeral>שלוש</numeral>    <noun>המחתרות</noun>    במלחמתם    בבריטים.    <date><date>ב-1976</date></date>    <verb>ראה</verb>    <noun>אור</noun>    ספרה    <numeral>הראשון</numeral>    בסדרת    "ציון",    <noun>אל</noun>    עצמי,    <participle>המתאר</participle>    <at-preposition>את</at-preposition>    חוויותיו    <shel-preposition>של</shel-preposition>    ציון,    <noun>ילד</noun>    שנפלט    ממשפחתו    <noun>קשת</noun>    <adverb>היום</adverb>    בבית    שאן    ומגיע    למשפחה    <noun>אומנת</noun>    בחיפה."ג'ינג'י",    <noun>סדרת</noun>    <noun>הספרים</noun>    <adjective>המצליחה</adjective>    <adverb>ביותר</adverb>    <shel-preposition>של</shel-preposition>    הסופרת,נכתבה    בשנים    <date><date>1980-2010</date></date>    ועוסקת    בהרפתקאותיהם    <adjective>המסתוריות</adjective>    <shel-preposition>של</shel-preposition>    <properName>אודי</properName>    <properName>שחר</properName>    וחבריו.    <quantifier>מבחר</quantifier>    מסדרות    <noun>ספריה</noun>    הבולטות:    "כס"ח    <noun>חברי</noun>    <noun>כוח</noun>    <noun>סיירות</noun>    חוקר"    <noun>הפותרים</noun>    <noun>תעלומות</noun>    ברחבי    הארץ,    "מנהרת    הזמן"    <participle>המתארת</participle>    <noun>אירועים</noun>    <adjective>משמעותיים</adjective>    בהיסטוריה    <adjective>היהודית</adjective>    והציונית,    "טולי    תעלולי",    קורותיה    <shel-preposition>של</shel-preposition>    <noun>ילדה</noun>    <adjective>שובבה</adjective>    בכפר    <noun>נופש</noun>    <participle>המנוהל</participle>    <preposition>על</preposition>    <noun>ידי</noun>    אביה,    ו"סיירת    המדע"    <participle>המפרה</participle>    <at-preposition>את</at-preposition>    <noun>הקוראים</noun>    בהשכלה    <adjective>מדעית</adjective>    בסיסית.    <verb>מרבה</verb>    <verb>לכתוב</verb>    <noun>ספרי</noun>    הרפתקאות,    שחלקם    <verb>מתרחשים</verb>    בהקשרים    <adjective>היסטוריים</adjective>    <conjunction>או</conjunction>    מדעיים,    <conjunction>אך</conjunction>    ככלל    <adjective>קיימת</adjective>    בכתיבתה    <noun>מגמה</noun>    <adjective>חינוכית</adjective>    <participle>המעלה</participle>    לדיון    <noun>נושאים</noun>    כגון:    <noun>חינוך</noun>    <adjective>מיני</adjective>    ושימוש    בסמים    ובאלכוהול.    <conjunction>כמו</conjunction>    כן,    <pronoun>היא</pronoun>    <verb>משתמשת</verb>    בשפה    <participle>המכילה</participle>    <properName>סלנג</properName>    ומתקרבת    <noun>אל</noun>    <noun>שפת</noun>    <noun>הדיבור</noun>    <adjective>המקובלת</adjective>    <preposition>בקרב</preposition>    <noun>קהל</noun>    <noun>היעד</noun>    <shel-preposition>של</shel-preposition>    הספר.    
      <verb>פירסמה</verb>    <preposition>עד</preposition>    <adverb>כה</adverb>    <numeral>שבעה</numeral>    <noun>ספרים</noun>    למבוגרים.    <numeral>הראשון</numeral>    מתוכם:    <existential>יש</existential>    <noun>אישה</noun>    אחרת,    <verb>יצא</verb>    לאור    <date><date>ב-1994</date></date>    (מודן)    והוא    <verb>עוקב</verb>    <preposition>אחר</preposition>    דמותה    <shel-preposition>של</shel-preposition>    יעלי,    שסוד    בחיי    <noun>בעלה</noun>    <verb>מביא</verb>    אותה    לבחינת    חייה    ויחסיה    מחדש.    ספרה    <adjective>האחרון</adjective>    למבוגרים,    <date><date>חיפושים(2006),</date></date>    <verb>מתאר</verb>    <at-preposition>את</at-preposition>    מסעה    <shel-preposition>של</shel-preposition>    <properName>רננה</properName>    רז,    <noun>שחקנית</noun>    מצליחה,    <participle>היוצאת</participle>    למרכז    <noun>מדיטציה</noun>    בבורמה,    ואת    חברתה    נעמי,    <noun>פרופסור</noun>    למקרא,    <participle>המתחקה</participle>    אחריה.    <noun>הרומן</noun>    <verb>ממשיך</verb>    <noun>מגמה</noun>    בכתיבתה    <preposition>על</preposition>    <noun>מסעות</noun>    <adjective>נשיים</adjective>    לחיפוש    <adjective>עצמי</adjective>    במזרח    הרחוק,    <participle>המתגלה</participle>    <conjunction>גם</conjunction>    בספרה    <noun>אמא</noun>    <shel-preposition>של</shel-preposition>    <noun>תרמילאי</noun>    <date><date>(2002).</date></date>    <date><date>ב-2012</date></date>    <verb>פירסמה</verb>    <at-preposition>את</at-preposition>    <noun>הספר</noun>    <verb>אומרים</verb>    <noun>אהבה</noun>    יש:    סיפורו    <shel-preposition>של</shel-preposition>    <properName>חיים</properName>    <properName>נחמן</properName>    ביאליק.
      References:    
      אופק,    אוריאל.    <noun>לקסיקון</noun>    <properName>אופק</properName>    לספרות    <noun>ילדים</noun>    ב'.    <properName>תל</properName>    אביב:    זמורה-ביתן.    <date><date>1985.</date></date>    596-597;    שגב,    תום.    "הנוער    <preposition>על</preposition>    <noun>פי</noun>    <properName>גלילה</properName>    <properName>רון</properName>    פדר".    <noun>כותרת</noun>    <noun>ראשית</noun>    133.    <date><date>1985.</date></date>    33-35.
    
  		</body>
  	</text>
  </TEI> 
		</body>
	</text>
</TEI>