<?xml version="1.0" encoding="UTF-8"?>
<?xml-model href="http://www.tei-c.org/release/xml/tei/custom/schema/relaxng/tei_all.rng" type="application/xml" schematypens="http://relaxng.org/ns/structure/1.0"?>
<?xml-model href="http://www.tei-c.org/release/xml/tei/custom/schema/relaxng/tei_all.rng" type="application/xml"
	schematypens="http://purl.oclc.org/dsdl/schematron"?>
<TEI xmlns="http://www.tei-c.org/ns/1.0">
   <teiHeader>
      <fileDesc>
         <publicationStmt>
            <p>Publication Information</p>
         </publicationStmt>
         <sourceDesc>
            <p>Information about the source</p>
         </sourceDesc>
      </fileDesc>
   </teiHeader>
   <text>
      <body>
 <?xml  version="1.0"  encoding="UTF-8"?>
  <?xml-model  href="http://www.tei-c.org/release/xml/tei/custom/schema/relaxng/tei_all.rng"  type="application/xml"  schematypens="http://relaxng.org/ns/structure/1.0"?>
  <?xml-model  href="http://www.tei-c.org/release/xml/tei/custom/schema/relaxng/tei_all.rng"  type="application/xml"
  	schematypens="http://purl.oclc.org/dsdl/schematron"?>
  <TEI  xmlns="http://www.tei-c.org/ns/1.0">
        <teiHeader>
              <fileDesc>
                    <publicationStmt>
                          <p>Publication  Information</p>
                    </publicationStmt>
                    <sourceDesc>
                          <p>Information  about  the  source</p>
                    </sourceDesc>
              </fileDesc>
        </teiHeader>
        <text>
              <body>
    Name:    רותם,    יהודית
      <foreign>Birth</foreign>    Year:    <date><date>1942
</date>  </date>    <foreign>Birth</foreign>    Place:    בודפשט,    הונגריה,    בזמן
      Occupation:    <noun>סופרת</noun>    ועורכת
      <foreign>Entry</foreign>    writer:    <properName>ניצה</properName>    בן-דב
      <foreign>Entry</foreign>    Value:    
      <verb>נולדה</verb>    בבודפשט,    הונגריה,    בזמן    <noun>מלחמת</noun>    <noun>העולם</noun>    השנייה.    משפחתה    <verb>השתייכה</verb>    לזרם    <adjective>האורתודוקסי</adjective>    האדוק.    <properName>אמה</properName>    אסתר-אליזבט,    <properName>נצר</properName>    למשפחת    <properName>חת"ם</properName>    סופר,    ואביה    <properName>פנחס</properName>    (פאול)    ויינגרטן,    <noun>בוגר</noun>    ישיבות,    <adjective>פעיל</adjective>    בתנועת    "צעירי    <noun>אגודת</noun>    ישראל"    ושותף    בעסק    <noun>הטקסטיל</noun>    המשפחתי.    בהיותה    <noun>בת</noun>    <noun>שנתיים</noun>    <verb>חולצה</verb>    מהונגריה    <preposition>עם</preposition>    משפחתה    ב"רכבת    קסטנר"    והגיעה    למחנה    ברגן-בלזן,שבו    <verb>שהו</verb>    <numeral>שבעה</numeral>    חודשים.    <conjunction>לאחר</conjunction>    <verb>מכן</verb>    <verb>המשיכו</verb>    לתחנת    <noun>ביניים</noun>    בשווייץ,    ולבסוף    <verb>עלו</verb>    לארץ    ישראל.    בילדותה    <verb>גרה</verb>    בגבעת    שמואל,    ומאוחר    <adverb>יותר</adverb>    <verb>עברה</verb>    <noun>המשפחה</noun>    לשכונה    <adjective>חרדית</adjective>    בבני    ברק.    בגיל    שבע-עשרה    <verb>סיימה</verb>    <noun>תיכון</noun>    <adjective>חרדי</adjective>    <verb>לבנות</verb>    והשלימה    <noun>תעודת</noun>    <noun>בגרות</noun>    ותעודת    <noun>הוראה</noun>    בלימודים    אקסטרניים.    <noun>בת</noun>    שמונה-עשרה    <verb>נישאה</verb>    לתלמיד    <noun>ישיבה</noun>    ועברה    ליישוב    רכסים.    <noun>בעלה</noun>    <verb>למד</verb>    ב"כולל"    והיא    <verb>עבדה</verb>    <noun>כמורה</noun>    ופירנסה    <at-preposition>את</at-preposition>    המשפחה.    <noun>ילדה</noun>    <numeral>שמונה</numeral>    <noun>בנות</noun>    ובן,    <numeral>שתיים</numeral>    מבנותיה    נפטרו.    בגיל    <numeral>שלושים</numeral>    ושלוש    <verb>החלה</verb>    במסע    <noun>אל</noun>    <adjective>מחוץ</adjective>    לעולם    החרדי,    שהסתיים    <conjunction>לאחר</conjunction>    <numeral>חמש</numeral>    <noun>שנים</noun>    בגירושים    מבעלה.    בנה    <verb>בחר</verb>    <verb>להישאר</verb>    בעולם    <noun>הישיבות</noun>    ושש    בנותיה    <verb>הצטרפו</verb>    אליה.    לפרנסתה    <verb>עסקה</verb>    בעריכת    <noun>עלוני</noun>    <noun>חברות</noun>    ושימשה    <noun>סופרת</noun>    צללים.    
      יצירתה    <verb>כוללת</verb>    <noun>סיפורים</noun>    קצרים,    <noun>נובלות</noun>    ורומנים.    ספרה    הראשון,אחות    <adjective>רחוקה</adjective>    <punctuation>–</punctuation>    עולמה    <shel-preposition>של</shel-preposition>    <noun>האישה</noun>    <adjective>החרדית</adjective>    בעיני    <interrogative>מי</interrogative>    שיצאה    <adverb>משם</adverb>    (סטימצקי,    <date><date>1992),</date></date>    <verb>כולל</verb>    <adjective>רשמי</adjective>    <noun>פגישות</noun>    <preposition>עם</preposition>    <noun>נשים</noun>    חרדיות,    <participle>המתקשרים</participle>    <preposition>עם</preposition>    <noun>חוויות</noun>    וזיכרונות    אישיים.    בספרה    השני,    <noun>הרומן</noun>    <date><date>קריעה(1996),</date></date>    <properName>רותם</properName>    <verb>מתארת</verb>    <at-preposition>את</at-preposition>    <noun>סיפור</noun>    חייה    <adjective>רווי</adjective>    <noun>הטלטלות</noun>    <shel-preposition>של</shel-preposition>    <noun>ילדה</noun>    שהופכת    לאישה    <participle>המורדת</participle>    בעולם    החרדי.    <date><date>ב-2000</date></date>    <verb>פירסמה</verb>    <at-preposition>את</at-preposition>    <noun>הרומן</noun>    <adjective>רחב</adjective>    <noun>היריעה</noun>    <verb>אהבתי</verb>    כל-כך,    שהיה    לרב-מכר    וזכה    לביקורות    אוהדות.    <noun>הספר</noun>    <verb>מגולל</verb>    <at-preposition>את</at-preposition>    <noun>סיפור</noun>    חייה    <shel-preposition>של</shel-preposition>    <properName>גבריאלה</properName>    מנהיים,    <participle>המספרת</participle>    לאחייניתה    <at-preposition>את</at-preposition>    <noun>הקורות</noun>    אותה    מתקופת    ילדותה    בהונגריה    כבת    למשפחה    <adjective>חרדית</adjective>    ועד    <noun>ימי</noun>    זקנתה,    <conjunction>לאחר</conjunction>    שמימשה    <noun>קריירה</noun>    <adjective>מקצועית</adjective>    <adjective>מרשימה</adjective>    כבעלים    <shel-preposition>של</shel-preposition>    <noun>מפעל</noun>    אופנה.    <properName>רותם</properName>    <verb>מתכתבת</verb>    ברומן    <pronoun>זה</pronoun>    <preposition>עם</preposition>    פרשנותו    <shel-preposition>של</shel-preposition>    <properName>אריך</properName>    <verb>נוימן</verb>    למושגים    <noun>ארוס</noun>    ופסיכה    ומציגה    <noun>מיתוס</noun>    <adjective>חדש</adjective>    <shel-preposition>של</shel-preposition>    <noun>סיפור</noun>    <noun>חניכה</noun>    נשי,    <participle>המבוסס</participle>    <preposition>על</preposition>    "כפיית    החזרה"    הפרוידיאנית,    שמשמעה    <noun>דפוס</noun>    <noun>התנהגות</noun>    <noun>החוזר</noun>    <preposition>על</preposition>    <pronoun>עצמו</pronoun>    כתוצאה    מדטרמיניזם    <adjective>פסיכולוגי</adjective>    עמוק.    <properName>גבריאלה</properName>    <verb>נישאת</verb>    <numeral>שלוש</numeral>    <noun>פעמים</noun>    לגברים    שבוגדים    בה,    <conjunction>כאשר</conjunction>    בכל    <noun>פעם</noun>    <pronoun>היא</pronoun>    <verb>נסחפת</verb>    <adverb>מחדש</adverb>    בהכרה    <adjective>צלולה</adjective>    <noun>אל</noun>    אותה    <noun>תבנית</noun>    אומללה.    <preposition>אחרי</preposition>    נישואיה    בפעם    <numeral>השלישית</numeral>    <pronoun>היא</pronoun>    <verb>לומדת</verb>    <verb>לבגוד</verb>    בבעלה    <conjunction>בלי</conjunction>    שהדבר    <verb>יפגע</verb>    באהבתה    אליו.    <noun>מיזוג</noun>    <noun>הניגודים</noun>    <verb>מתקיים</verb>    בה    בהרמוניה:    <noun>אהבה</noun>    ובגידה;    <noun>נשיות</noun>    ואי-מימוש    אימהות;    <noun>חשיפת</noun>    סיפורה    והסתרת    <noun>מרכיבים</noun>    <participle>המתגלים</participle>    בדיעבד.    <verb>להבדיל</verb>    מסיפורי    <noun>חניכה</noun>    גבריים,    <adjective>המוגבלים</adjective>    לזמן    נתון,    <noun>מיתוס</noun>    <noun>החניכה</noun>    ברומן    <pronoun>זה</pronoun>    <verb>נפרש</verb>    <preposition>על</preposition>    <noun>פני</noun>    <quantifier>כל</quantifier>    <noun>שנות</noun>    חייה    <shel-preposition>של</shel-preposition>    האישה.    
      ברומן    <pronoun>כולם</pronoun>    <adjective>צמאים</adjective>    <date><date>לאהבה(2003)</date></date>    בנימין,    <noun>גבר</noun>    <adjective>חרדי</adjective>    במיטב    שנותיו,    <verb>משתוקק</verb>    <verb>לפרוץ</verb>    <at-preposition>את</at-preposition>    <noun>גבולות</noun>    <noun>העולם</noun>    החרדי,    <noun>למגינת</noun>    לבם    <shel-preposition>של</shel-preposition>    אשתו    ובני    משפחתו.    בינו    <preposition>לבין</preposition>    <noun>התרפיסטית</noun>    שלו    <verb>נוצר</verb>    <noun>קשר</noun>    מיוחד.    <noun>הספר</noun>    <verb>עוסק</verb>    במפגש    <preposition>בין</preposition>    <noun>איש</noun>    <adjective>חרדי</adjective>    לאישה    <adjective>חילונית</adjective>    ובהשפעה    <adjective>ההדדית</adjective>    ביניהם.    <date><date>ב-2009</date></date>    <verb>יצא</verb>    <noun>הספר</noun>    <preposition>על</preposition>    משכבם    בלילות,    <noun>ספר</noun>    <noun>ההמשך</noun>    לכולם    <adjective>צמאים</adjective>    לאהבה.    <date><date>כמיהה(2006)</date></date>    <pronoun>הוא</pronoun>    <noun>רומן</noun>    <adjective>היסטורי</adjective>    <adjective>רחב</adjective>    יריעה.    <noun>הגיבור</noun>    <adjective>המרכזי</adjective>    בו    <pronoun>הוא</pronoun>    <noun>מרק</noun>    ז'יטלני,    רופא,    <properName>בן</properName>    לאב    אוסט-יודה    מאודסה    שהתערה    בצ'רנוביץ,    בממלכה    האוסטרו-הונגרית.    והנה,    <adverb>דווקא</adverb>    <noun>מרק</noun>    זה,    <properName>בן</properName>    <adjective>הזקונים</adjective>    <participle>המפונק</participle>    והאהוב    <shel-preposition>של</shel-preposition>    <noun>אב</noun>    שהעלה    <at-preposition>את</at-preposition>    משפחתו    <preposition>על</preposition>    <noun>דרך</noun>    <noun>המלך</noun>    <preposition>על</preposition>    <noun>ידי</noun>    <noun>התרחקות</noun>    מכוונת    מיהודי    רוסיה,    <participle>מגלה</participle>    <noun>עניין</noun>    <adjective>עמוק</adjective>    במקורותיו    <adjective>המשפחתיים</adjective>    ומגלם    בחייו    <at-preposition>את</at-preposition>    מסעותיהם    <shel-preposition>של</shel-preposition>    <noun>היהודים</noun>    המזרח-אירופים    בעולם    המודרני:    מצ'רנוביץ,    <preposition>לשם</preposition>    <verb>היגרה</verb>    משפחתו    מרוסיה,    <verb>עובר</verb>    <noun>מרק</noun>    לווינה,    <adverb>משם</adverb>    לרוסיה,    ומשם    לארגנטינה    ולארצות    הברית,    ולבסוף    <verb>מגיע</verb>    לארץ    <properName>ישראל</properName>    ומתיישב    בה    לצמיתות.    <numeral>שני</numeral>    <noun>גורמים</noun>    <verb>מתווים</verb>    <at-preposition>את</at-preposition>    חייו:    רצונו    <verb>לרַצות</verb>    <at-preposition>את</at-preposition>    <noun>הברון</noun>    <properName>הירש</properName>    שהוא    מעריץ,    <preposition>בין</preposition>    <noun>השאר</noun>    <conjunction>כי</conjunction>    <copula>היה</copula>    אביו    <shel-preposition>של</shel-preposition>    חברו    <adjective>הקרוב</adjective>    שנפטר    בדמי    ימיו;    ומקצוע    הרפואה,    שמגדיר    אותו    כאדם    בכל    <conjunction>אשר</conjunction>    יפנה.    <conjunction>אבל</conjunction>    בו-זמנית    <noun>מרק</noun>    <adjective>ז'יטלני</adjective>    <pronoun>הוא</pronoun>    <conjunction>גם</conjunction>    <properName>בן</properName>    לאמו    ולאביו;    <noun>אח</noun>    לאחיו;    <noun>אחיין</noun>    לדודתו,    <noun>אחות</noun>    אביו;    <properName>בןדוד</properName>    לרוחמה,    <noun>בת</noun>    דודתו    שנאנסה    בפוגרום.    <pronoun>הוא</pronoun>    <conjunction>גם</conjunction>    מחזר,    חבר,    <verb>אוהב</verb>    ואהוב    <preposition>על</preposition>    <noun>ידי</noun>    חבריו    ומטופליו    <adjective>הרבים</adjective>    ועל    <noun>ידי</noun>    <properName>בני</properName>    <noun>משפחה</noun>    <adjective>החרדים</adjective>    לרווחתו    ולשלומו.    <adverb>לבסוף</adverb>    <pronoun>הוא</pronoun>    <verb>מופיע</verb>    <conjunction>גם</conjunction>    בתפקיד    <shel-preposition>של</shel-preposition>    אב,    <participle>העולה</participle>    <conjunction>לו</conjunction>    בייסורים    קשים.    רותם,    <participle>המזוהה</participle>    <preposition>עם</preposition>    גיבורותיה    הנשיות,    <verb>כותבת</verb>    <adverb>כאן</adverb>    <preposition>מתוך</preposition>    <noun>תודעה</noun>    גברית.
      <date><date>ב-2012</date></date>    <verb>יצא</verb>    ספרה    <adjective>האחרון</adjective>    <preposition>עד</preposition>    כה,    <adverb>מתי</adverb>    <verb>תבוא</verb>    אלי,שעלילתו    <verb>מתרחשת</verb>    <preposition>על</preposition>    <noun>הקו</noun>    שבין    <properName>גרמניה</properName>    וישראל    ועוסקת    בתהליכים    <shel-preposition>של</shel-preposition>    <noun>התרחקות</noun>    <preposition>בין</preposition>    <properName>בני</properName>    <noun>זוג</noun>    מבוגרים,    אהבה,    <noun>זקנה</noun>    וחברות.    
      ספריה    <verb>תורגמו</verb>    לאנגלית    ולאיטלקית.    <verb>זכתה</verb>    בפרס    <noun>ראש</noun>    <noun>הממשלה</noun>    <preposition>על</preposition>    <noun>שם</noun>    <properName>לוי</properName>    <properName>אשכול</properName>    <date><date>(2003)</date></date>    ובפרס    <noun>רמת</noun>    <properName>גן</properName>    <date><date>(2009).</date></date>    
      References:    
      אוריין,    יהודית.    "להיות    <noun>גבר</noun>    <conjunction>מבלי</conjunction>    <verb>לוותר</verb>    <preposition>על</preposition>    האנימה״.    <noun>עתון</noun>    77    304.    <properName>אוקטובר</properName>    <date><date>2005.</date></date>    7;    בן-דב,    ניצה.    ״מיתוס    <noun>חניכה</noun>    נשי״.    הארץספרים.    <date><date>27.9.2000.</date></date>    12,    22;    ---.    "חלום    והתפכחות    ברומן    ההיסטורי״.    <noun>כיוונים</noun>    <adjective>חדשים</adjective>    17.    <properName>ינואר</properName>    <date><date>2008.</date></date>    269-262;    בן-דוד,    יערה.    "מול    <noun>השער</noun>    הנעול״.    <noun>מאזניים</noun>    <preposition>ע"ט</preposition>    (5-4).    אוקטובר-נובמבר    <date><date>2005.</date></date>    32-31;    ישראל,    יעל.    "קריאת    האשה״.    <noun>עתון</noun>    77    202.    <properName>דצמבר</properName>    <date><date>1996.</date></date>    8.
    
  		</body>
  	</text>
  </TEI> 
		</body>
	</text>
</TEI>