<?xml version="1.0" encoding="UTF-8"?>
<?xml-model href="http://www.tei-c.org/release/xml/tei/custom/schema/relaxng/tei_all.rng" type="application/xml" schematypens="http://relaxng.org/ns/structure/1.0"?>
<?xml-model href="http://www.tei-c.org/release/xml/tei/custom/schema/relaxng/tei_all.rng" type="application/xml"
	schematypens="http://purl.oclc.org/dsdl/schematron"?>
<TEI xmlns="http://www.tei-c.org/ns/1.0">
   <teiHeader>
      <fileDesc>
         <publicationStmt>
            <p>Publication Information</p>
         </publicationStmt>
         <sourceDesc>
            <p>Information about the source</p>
         </sourceDesc>
      </fileDesc>
   </teiHeader>
   <text>
      <body>
 <?xml  version="1.0"  encoding="UTF-8"?>
  <?xml-model  href="http://www.tei-c.org/release/xml/tei/custom/schema/relaxng/tei_all.rng"  type="application/xml"  schematypens="http://relaxng.org/ns/structure/1.0"?>
  <?xml-model  href="http://www.tei-c.org/release/xml/tei/custom/schema/relaxng/tei_all.rng"  type="application/xml"
  	schematypens="http://purl.oclc.org/dsdl/schematron"?>
  <TEI  xmlns="http://www.tei-c.org/ns/1.0">
        <teiHeader>
              <fileDesc>
                    <publicationStmt>
                          <p>Publication  Information</p>
                    </publicationStmt>
                    <sourceDesc>
                          <p>Information  about  the  source</p>
                    </sourceDesc>
              </fileDesc>
        </teiHeader>
        <text>
              <body>
    Name:    <properName>אלמוג</properName>    (מבורת),    אהרון
      <foreign>Birth</foreign>    Year:    <date><date>1931
</date>  </date>    <foreign>Birth</foreign>    Place:    תלאביב,    <noun>דור</noun>    שלישי
      Occupation:    <noun>משורר</noun>    וסופר
      <foreign>Entry</foreign>    writer:    <properName>שולמית</properName>    שירן
      <foreign>Entry</foreign>    Value:    
      <verb>נולד</verb>    בתלאביב,    <noun>דור</noun>    <numeral>שלישי</numeral>    בארץ.    סבו,    <noun>רבי</noun>    <noun>חיים</noun>    מבורת,    <verb>עלה</verb>    בילדותו    <adverb>ארצה</adverb>    מתימן    בשלהי    <numeral>המאה</numeral>    התשע-עשרה    והיה    ממניחי    <noun>היסוד</noun>    לשכונת    <properName>כרם</properName>    <adjective>התימנים</adjective>    בתלאביב.    אביו    <copula>היה</copula>    חזן,    שלימד    אותו    <at-preposition>את</at-preposition>    <noun>לשון</noun>    <noun>הפיוטים</noun>    והסליחות.    <verb>למד</verb>    בבית    <noun>הספר</noun>    <adjective>היסודי</adjective>    <adjective>הדתי</adjective>    בנווה    <noun>צדק</noun>    ובבית    <noun>הספר</noun>    <adjective>החקלאי</adjective>    "מקווה    ישראל",    <date><date>וב-1948</date></date>    <verb>התגייס</verb>    <preposition>עם</preposition>    הכשרתו    לפלמ"ח.    <preposition>עם</preposition>    <noun>תום</noun>    <noun>מלחמת</noun>    <noun>העצמאות</noun>    <verb>יצא</verb>    <preposition>עם</preposition>    חבריו    להתיישבות    בקיבוץ    תלגזר.    <date><date>ב-1950,</date></date>    <preposition>לאחר</preposition>    התפרקותה    <shel-preposition>של</shel-preposition>    <noun>הקבוצה</noun>    ונטישת    המקום,    <verb>חזר</verb>    לתלאביב    והתנסה    בעבודות    שונות.    בשנים    <date><date>1957-1956</date></date>    <verb>למד</verb>    <noun>ספרות</noun>    באוניברסיטת    תלאביב,    ואחרכך,    <preposition>במשך</preposition>    <numeral>ארבעים</numeral>    ושמונה    שנים,    <verb>לימד</verb>    <noun>ספרות</noun>    בבתי    <noun>ספר</noun>    תיכוניים.    רעייתו    <pronoun>היא</pronoun>    <noun>הסופרת</noun>    <properName>רות</properName>    אלמוג.
      יצירתו    <verb>כוללת</verb>    שירים,    מחזה,    <noun>סיפורים</noun>    קצרים,    <adjective>רומנים</adjective>    ורשימות    ספרותיות.    שירו    <numeral>הראשון</numeral>    בדפוס,"לתל    <noun>גזר</noun>    העזובה,    באהבה",    <verb>התפרסם</verb>    <date><date>בדבר(1953).</date></date>    בספר    שיריו    הראשון,    <noun>אביב</noun>    <noun>עצבת</noun>    ביהודה    (ספרית    פועלים,    <date><date>1956),</date></date>    <verb>ניכרות</verb>    השפעותיהן    <shel-preposition>של</shel-preposition>    <noun>שירת</noun>    <properName>ביאליק</properName>    ושירת    <noun>המודרניזם</noun>    הארץ-ישראלי    <shel-preposition>של</shel-preposition>    <noun>שנות</noun>    <numeral>השלושים</numeral>    והארבעים,    <adverb>בעיקר</adverb>    <shel-preposition>של</shel-preposition>    שלונסקי.    <noun>השפעות</noun>    <pronoun>אלה</pronoun>    <verb>מתגלות</verb>    במיזוג    <preposition>בין</preposition>    <adjective>האישי</adjective>    ללאומי,    בסער    הסוציאליסטי,    בהזדהות    <preposition>עם</preposition>    <noun>סבל</noun>    <noun>העמלים</noun>    ובנאמנות    לחריזה    <adjective>סדורה</adjective>    ושקולה.    <preposition>עם</preposition>    <pronoun>זאת</pronoun>    <verb>מופיעים</verb>    בספר    <noun>נושאים</noun>    וחוויות    <noun>יסוד</noun>    <verb>שונים</verb>    <preposition>מאלהשל</preposition>    <noun>משוררי</noun>    <noun>המודרניזם</noun>    הארץ-ישראלי,    שיפותחו    בעתיד    בשיריו    ובסיפוריו:    <noun>חוויות</noun>    <noun>הילדות</noun>    בדרום    תלאביב;    <noun>הקרע</noun>    <preposition>בין</preposition>    <noun>תחושת</noun>    <adjective>השייכות</adjective>    לבית    <properName>אבא</properName>    <adjective>הדתי</adjective>    והקפדן    ובין    <verb>המשיכה</verb>    <adverb>לעולם</adverb>    החילוני;    <noun>טראומת</noun>    <noun>התפרקות</noun>    <noun>קבוצת</noun>    <noun>תל</noun>    גזר;    ובעיקר    <noun>מחאה</noun>    <preposition>על</preposition>    עליבותם    <shel-preposition>של</shel-preposition>    <noun>החיים</noun>    ואמונה    בכוחה    <shel-preposition>של</shel-preposition>    <verb>השירה</verb>    <verb>לברוא</verb>    <noun>עולם</noun>    <properName>יפה</properName>    יותר:    "בְּעוׂלָמִי    <verb>זֶה</verb>    <noun>וּמוּל</noun>    <noun>שָׁמַיִים</noun>    אֵלֶּה/    <noun>שֶׁכּוׂכָבִים</noun>    בָּהֶם    <noun>רַבִּים</noun>    <noun>הֵם</noun>    מִנֵּי    סְפוׂר/    <properName>אוׂמֵר</properName>    <properName>אֲנִי</properName>    שִׁירָה    <noun>עַל</noun>    <properName>מְאוׂרוׂת</properName>    כָּבִים/    <noun>וְעַל</noun>    <noun>יַלְדֵּי</noun>    <adjective>עִירִי</adjective>    <properName>מְחֻסְפְּסֵי</properName>    הַכְּפוׂר.//    <properName>לֶחֶם</properName>    <adjective>אֵין</adjective>    <adverb>לִי</adverb>    <properName>בְּחַדְרִי</properName>    וְשִיׁר    <properName>אֲנִי</properName>    שׁוׂמֵעַ".    
      <noun>ספרי</noun>    שיריו    הבאים,    <noun>הצדעה</noun>    לישראל    <date><date>(1977)</date></date>    והילטון    <properName>ירושלים</properName>    <date><date>(1979),</date></date>    <verb>הציגו</verb>    <properName>פואטיקה</properName>    <adjective>חדשה</adjective>    ברוח    <noun>התמורות</noun>    שהתחוללו    בשירה    <adjective>העברית</adjective>    בשנות    החמישים.    <adverb>אמנם</adverb>    <pronoun>הוא</pronoun>    <negation>לא</negation>    <verb>השתייך</verb>    לחבורת    "לקראת",    <conjunction>אך</conjunction>    <copula>היה</copula>    <noun>קרוב</noun>    ברוחו    לזך,    לעמיחי    ולאבידן.    בספרים    <pronoun>אלה</pronoun>    <verb>מופיעות</verb>    <noun>תכונות</noun>    חדשות:    <noun>הנמכת</noun>    הפאתוס,    <noun>בתים</noun>    <adjective>ארוכים</adjective>    <adjective>רחבי</adjective>    <noun>טורים</noun>    בריתמוס    חופשי,    <noun>שימוש</noun>    בהומור,    שמקורו    בצירופים    <verb>מפתיעים</verb>    <shel-preposition>של</shel-preposition>    <noun>שפה</noun>    <adjective>גבוהה</adjective>    ונמוכה,    ויצירת    <noun>עימותים</noun>    <preposition>בין</preposition>    <noun>פרטים</noun>    <adjective>השייכים</adjective>    לשדות    <noun>משמעות</noun>    רחוקים,    <participle>הניכרים</participle>    <conjunction>גם</conjunction>    בשמות    <noun>ספרי</noun>    שיריו:    למנצח    <preposition>על</preposition>    <noun>מות</noun>    <noun>שחקן</noun>    <noun>כדורגל</noun>    <date><date>(1981)</date></date>    <noun>ורקויאם</noun>    לזונה    <date><date>(1983).
</date>  </date>    <conjunction>גם</conjunction>    <noun>דיוקן</noun>    <noun>הדובר</noun>    <verb>השירי</verb>    משתנה:    <preposition>במקום</preposition>    <verb>נביא</verb>    <noun>הזעם</noun>    <conjunction>או</conjunction>    <properName>הפייטן</properName>    <verb>בא</verb>    <noun>דובר</noun>    ששירתו    אוטוביוגרפית,    ועם    <pronoun>זאת</pronoun>    מבטו    <verb>מופנה</verb>    <adverb>תמיד</adverb>    החוצה,    <modal>אל</modal>    <noun>החברה</noun>    ואל    <noun>המקום</noun>    שבהם    <pronoun>הוא</pronoun>    חי.    <noun>הלהט</noun>    <adjective>הסוציאליסטי</adjective>    <verb>מתחלף</verb>    בסאטירה    <preposition>על</preposition>    <noun>דמות</noun>    <noun>החברה</noun>    הישראלית,    ובמחאה    <preposition>על</preposition>    עלבונם    <shel-preposition>של</shel-preposition>    <noun>האנשים</noun>    <participle>הקטנים</participle>    <participle>הנשחקים</participle>    <preposition>תחת</preposition>    <noun>גלגלי</noun>    <noun>הביורוקרטיה</noun>    וגחמות    השלטון:    "נֶעֶלְמוּ    <noun>הַחֲמוׂרִים</noun>    מִן    <adverb>הָאָרֶץ</adverb>    הַזּׂאת/    <noun>מֵתָה</noun>    שִׁקְמָה    אָבְלוּ    <properName>עֲצֵי</properName>    שָׂדֶה/    <noun>הֶהָרִים</noun>    <properName>לׂא</properName>    יִרְקְדוּ/    <verb>הַגְבָעוׂת</verb>    <properName>לׂא</properName>    יִמְחֲאוּ    כַּף/    <properName>חָלַף</properName>    <properName>אָבִיב</properName>    <properName>כָּלָה</properName>    קַיִץ/    <noun>וְהֵם</noun>    <noun>אוׂמְרִים</noun>    לְךָ    <properName>תָּמִיד</properName>    מַה    לַּעֲשׂוׂת    לֵךְ    לְפׂה/    לֵךְ    לְשָׁם    <noun>חֲזׂר</noun>    <properName>שַׁלֵּם</properName>    אֶתזֶה/    וְאַתָּה    <noun>עוׂשֶה</noun>    מַה    שֶּׁאוׂמְרִים    לְךָ    הוׂלֵךְ    לְפׂה/    הוׂלֵךְ    לְשָׁם    וּמְשַׁלֵּם    <properName>אֶת</properName>    זֶה/    מָחוּק    כְּמוׂ    <noun>הָאָבָק</noun>    שֶׁנֶּעְרַם    <noun>עַל</noun>    שֻׁלְחָנְךָ/    <properName>אַתָּה</properName>    <properName>חוׂזֵר</properName>    בְּמֶשֶׁך    הַשָּׁנִים/    נִזְכָּר    בַּדְּבָרִים    שֶׁשָּׁכַחְתָּ"    ("נעלמו    החמורים",למנצח    <preposition>על</preposition>    <noun>מות</noun>    <noun>שחקן</noun>    כדורגל).
      <quantifier>מבחר</quantifier>    מהשירים    שנכתבו    בשנות    <numeral>השבעים</numeral>    והשמונים    <verb>כונס</verb>    <verb>בספרורחוב</verb>    <properName>הרצל</properName>    <date><date>(1987)</date></date>    <preposition>עם</preposition>    <noun>שירים</noun>    <adjective>חדשים</adjective>    שבמרכזם    <noun>רחוב</noun>    הרצל,    <verb>שבו</verb>    גדל,    <participle>המוצג</participle>    בהם    <possessive>הן</possessive>    במשמעות    <adjective>הארצית</adjective>    <adjective>הממשית</adjective>    והן    כסמל    לחזון    הציוני.    <noun>הכעס</noun>    <preposition>על</preposition>    <noun>האלימות</noun>    והעוני,    שהיו    <noun>מנת</noun>    חלקו    בילדותו,    <verb>מתחלף</verb>    בגעגועים    לבית    <noun>ההורים</noun>    ובתיאורי    <verb>הווי</verb>    <noun>החיים</noun>    <adjective>התימני</adjective>    <preposition>על</preposition>    לשונו,    דמויותיו    ופולחניו.בספרואם    <verb>תראו</verb>    <noun>סוכה</noun>    <verb>עפה</verb>    <date><date>(2004)</date></date>    <verb>כונס</verb>    <quantifier>מבחר</quantifier>    <adjective>גדול</adjective>    משירים    שנכתבו    בשנים    <date><date>1950-1992,</date></date>    וגם    <noun>הפרק</noun>    "שורות    אישיות",    <noun>רשימות</noun>    שעניינן    <noun>שירה</noun>    ומשוררים.    
      <noun>הימים</noun>    <adjective>הראשונים(עם</adjective>    עובד,    <date><date>1964),</date></date>    ספרו    <numeral>הראשון</numeral>    בפרוזה,    <pronoun>הוא</pronoun>    <noun>סיפור</noun>    <preposition>על</preposition>    <noun>אהבה</noun>    שלא    <verb>התממשה</verb>    <preposition>בין</preposition>    <noun>בת</noun>    <adjective>עשירים</adjective>    לבן    <noun>עניים</noun>    שראשיתו    <properName>בתלאביב</properName>    <shel-preposition>של</shel-preposition>    <noun>ראשית</noun>    <noun>שנות</noun>    <numeral>השלושים</numeral>    וסיומו    בראשית    <noun>ימי</noun>    המדינה.    אהבתם    <shel-preposition>של</shel-preposition>    <noun>הגיבורים</noun>    <verb>מתוארת</verb>    <preposition>על</preposition>    <noun>רקע</noun>    תלאביב,    <noun>הפאר</noun>    והיומרה    <shel-preposition>של</shel-preposition>    <noun>חיי</noun>    <noun>עשיריה</noun>    מכאן,    ותיאורי    <noun>המצוקה</noun>    והעוני    <shel-preposition>של</shel-preposition>    <noun>חיי</noun>    <noun>ענייה</noun>    מכאן.    במרכזו    <shel-preposition>של</shel-preposition>    <noun>הסיפור</noun>    <verb>עומד</verb>    <noun>הקונפליקט</noun>    <preposition>בין</preposition>    שאיפותיהם    <shel-preposition>של</shel-preposition>    גיבוריו    וחלומותיהם    ובין    <noun>מציאות</noun>    חייהם    ותכתיבי    החברה,    שמהווה    <noun>נושא</noun>    <adjective>מרכזי</adjective>    בכל    יצירותיו.ספרו    הבא,    כלב    <adjective>שחור</adjective>    ועוד    <date><date>סיפורים(1974),</date></date>    <pronoun>הוא</pronoun>    <noun>קובץ</noun>    <noun>סיפורים</noun>    <adjective>קצרים</adjective>    <participle>המשלבים</participle>    <noun>קטעי</noun>    <noun>מציאות</noun>    <preposition>עם</preposition>    <noun>סיטואציות</noun>    <adjective>דמיוניות</adjective>    ומצבים    <adjective>קומיים</adjective>    ואבסורדיים,    כשמבעד    להומור    <verb>שואלים</verb>    <noun>הסיפורים</noun>    <noun>שאלות</noun>    <adjective>קיומיות</adjective>    <adjective>אוניברסליות</adjective>    <preposition>על</preposition>    <noun>משמעות</noun>    <noun>הסבל</noun>    האנושי.
      <noun>הפער</noun>    <adjective>המעמדי</adjective>    והעדתי    <preposition>בין</preposition>    <noun>הגיבורים</noun>    <verb>עומד</verb>    <conjunction>גם</conjunction>    בבסיס    <verb>הרומןשבוע</verb>    בתש"ח    <date><date>(1980),</date></date>    <participle>המתרחש</participle>    <preposition>על</preposition>    <noun>רקע</noun>    <noun>מלחמת</noun>    <noun>העצמאות</noun>    ומספר    <at-preposition>את</at-preposition>    <noun>סיפור</noun>    אהבתם    <noun>בן</noun>    <noun>השבוע</noun>    <shel-preposition>של</shel-preposition>    זהרה,    <noun>בת</noun>    לאב    מהעלייה    השנייה,    <noun>חבר</noun>    <noun>מושב</noun>    בעמק    יזרעאל,    ואבשלום    תם,    <noun>נער</noun>    <adjective>תימני</adjective>    <noun>בן</noun>    <properName>פרבר</properName>    תל-אביבי,    <participle>המתגייס</participle>    לפלמ"ח.    דמותו    <shel-preposition>של</shel-preposition>    <properName>אבשלוםמציגה</properName>    <noun>מודל</noun>    <properName>צבר</properName>    <adjective>שונה</adjective>    <adverb>מאוד</adverb>    מאורי,    <adjective>גיבורהוא</adjective>    <verb>הלך</verb>    בשדות    <shel-preposition>של</shel-preposition>    <properName>משה</properName>    שמיר.    <noun>טראומת</noun>    התפרקותה    <shel-preposition>של</shel-preposition>    <noun>הכשרת</noun>    <noun>תל</noun>    <noun>גזר</noun>    ונטישת    <noun>המקום</noun>    <verb>עומדת</verb>    בבסיס    <verb>הרומןהלילה</verb>    <verb>שבו</verb>    <verb>מתה</verb>    <noun>הציונות</noun>    <date><date>(1990).</date></date>    <noun>הרומן</noun>    <verb>מציג</verb>    <at-preposition>את</at-preposition>    <noun>המתחים</noun>    שבין    <noun>מאווייו</noun>    <shel-preposition>של</shel-preposition>    <adjective>היחיד</adjective>    לתביעותיה    <shel-preposition>של</shel-preposition>    <noun>החברה</noun>    ואת    <noun>הפער</noun>    שבין    <noun>הערכים</noun>    <adjective>הנעלים</adjective>    <preposition>לבין</preposition>    <noun>קשיי</noun>    <noun>ההתמודדות</noun>    <adjective>היומיומיים</adjective>    <preposition>עם</preposition>    <noun>העבודה</noun>    <adjective>הקשה</adjective>    ועם    <noun>חיי</noun>    <noun>הניתוק</noun>    והבדידות    שכופה    <noun>המקום</noun>    <preposition>על</preposition>    אנשיו.    
      <preposition>במשך</preposition>    <numeral>חמישים</numeral>    <noun>שנה</noun>    ויותר    <verb>מתארת</verb>    יצירתו    <at-preposition>את</at-preposition>    <noun>ההוויה</noun>    הישראלית,    <adverb>בעיקר</adverb>    התל-אביבית,    <verb>מעלה</verb>    <noun>דמויות</noun>    <shel-preposition>של</shel-preposition>    <noun>בני</noun>    <noun>משפחה</noun>    וחברי    ילדות,    <noun>נערות</noun>    אהובות,    מורים,    <noun>משוררים</noun>    ומנהיגים,    <preposition>עם</preposition>    <noun>אירועים</noun>    <adjective>פרטיים</adjective>    וציבוריים,    <participle>המתחברים</participle>    <adverb>לעולם</adverb>    שבנוי    ממתחים    <preposition>בין</preposition>    <noun>מזרח</noun>    למערב,    <preposition>בין</preposition>    <conjunction>אז</conjunction>    לעכשיו,    <preposition>בין</preposition>    <noun>זעם</noun>    לחמלה,    ובעיקר    מראייה    <adjective>הומוריסטית</adjective>    והיאחזות    ביש,    מתוך    <noun>השקפת</noun>    <noun>עולם</noun>    שבסיסה    <noun>ההכרה</noun>    באפסותו    <shel-preposition>של</shel-preposition>    האדם:    "וְאִם    בִּגְבוּרוׂת    <noun>שְׁמוׂנִים</noun>    <noun>שָׁנָה</noun>    <properName>אֵלֶּה</properName>    <noun>הֵם</noun>    חַיֶּיך/    <properName>וְכָל</properName>    יָפְיְךָ    עָלִים,    <noun>אֲדָמָה</noun>    רֵיחַ    שֶׁל    <properName>גֶֹשֶׁם</properName>    טִפָּה/    <noun>אַחַר</noun>    <properName>טִפָּה</properName>    <properName>הִתְרַגְּשׁוּת</properName>    וְהַלֵּץ/שֶׁבְּךָ    בּוׂכֶה    מִתְגַּעְגֵּעַ    לְמַרְאֶה    <properName>כּׂה</properName>    פָּשׁוּט    שֶׁל/    <noun>בּקֶר</noun>    בַּחַלּוׂן/    מָה    <properName>אַתָּה</properName>    <properName>רוׂאֶה</properName>    בֶּן    אָדָם/    מָה    <properName>אַתָּה</properName>    מַשְׁאִיר    אַחֲרֶיךָ/    אֲפִילּוּ    <noun>אֶבֶן</noun>    מִקִּיר/    <properName>לׂא</properName>    <noun>תִּזְעַק</noun>    עָלֶיךָ    <noun>וְעַל</noun>    בְּגָדֶיךָ/    יַפִּילוּ    גוׂרָל"    ("ואם    בגבורות",    <noun>רחוב</noun>    הרצל).
      יצירתו    <verb>כוללת</verb>    <conjunction>גם</conjunction>    <at-preposition>את</at-preposition>    <participle>המחזהתיקון</participle>    <noun>חצות</noun>    <date><date>(1962)</date></date>    ואת    <noun>קובץ</noun>    <noun>הסיפורים</noun>    <modal>אל</modal>    <verb>תצחיקו</verb>    <at-preposition>את</at-preposition>    <noun>סבתא</noun>    <date><date>(1994).</date></date>    <verb>זכה</verb>    בפרס    <properName>ברנר</properName>    <date><date>(1982)</date></date>    ובפרס    <properName>ביאליק</properName>    <date><date>(1999).</date></date>    
      References:    
      גלוסקא,    יצחק.    "עברית    <verb>ישנה</verb>    וחדשה    בשירת    <properName>תימן</properName>    <adjective>הצעירה</adjective>    בישראל".    <properName>עטרת</properName>    יצחק:    <noun>קובץ</noun>    <noun>מחקרים</noun>    במורשת    <noun>יהודי</noun>    תימן.    נתניה:    <noun>האגודה</noun>    לטיפוח    <noun>חברה</noun>    ותרבות.    <date><date>2003.</date></date>    145-176;    חקק,    לב.    "'שהין'    לאהרון    אלמוג".    <noun>פרקים</noun>    בספרות    <noun>יהודי</noun>    <noun>המזרח</noun>    במדינת    ישראל.    ירושלים:    <noun>קריית</noun>    ספר.    <date><date>1985.</date></date>    54-61;    לינק,    ברוך.    "בגרותו    <shel-preposition>של</shel-preposition>    משורר,    <noun>עיונים</noun>    בשירתו    <shel-preposition>של</shel-preposition>    <properName>אהרון</properName>    אלמוג".    עלי    <noun>שיח</noun>    24.    <date><date>1986.</date></date>    44-51;    פלס,    יוסי.    "כוחה    <shel-preposition>של</shel-preposition>    <noun>המלה</noun>    <verb>לשחרר</verb>    <at-preposition>את</at-preposition>    האדם,    <verb>להסב</verb>    <conjunction>לו</conjunction>    <noun>אושר</noun>    אמיתי".    <noun>הארץ</noun>    <noun>תרבות</noun>    וספרות.    <date><date>1.7.2005.ה'4.</date></date>    
    
  		</body>
  	</text>
  </TEI> 
		</body>
	</text>
</TEI>