<?xml version="1.0" encoding="UTF-8"?>
<?xml-model href="http://www.tei-c.org/release/xml/tei/custom/schema/relaxng/tei_all.rng" type="application/xml" schematypens="http://relaxng.org/ns/structure/1.0"?>
<?xml-model href="http://www.tei-c.org/release/xml/tei/custom/schema/relaxng/tei_all.rng" type="application/xml"
	schematypens="http://purl.oclc.org/dsdl/schematron"?>
<TEI xmlns="http://www.tei-c.org/ns/1.0">
   <teiHeader>
      <fileDesc>
         <publicationStmt>
            <p>Publication Information</p>
         </publicationStmt>
         <sourceDesc>
            <p>Information about the source</p>
         </sourceDesc>
      </fileDesc>
   </teiHeader>
   <text>
      <body>
 Name:  ריבנר,  <properName>טוביה</properName>  (קורט  אריך)
  <foreign>Birth</foreign>  Year:  <date>1924
</date>  <foreign>Birth</foreign>  Place:  ברטיסלבה,  סלובקיה
  Occupation:  משורר,  מתרגם,  <noun>עורך</noun>  וחוקר  ספרות
  <foreign>Entry</foreign>  writer:  <properName>רפי</properName>  וייכרט
  <foreign>Entry</foreign>  Value:  
  <verb>נולד</verb>  בברטיסלבה,  סלובקיה.  אביו  <properName>מוריץ</properName>  מנפרד,  אמו  <verb>אלזה</verb>  לבית  <properName>גרינוולד</properName>  ואחותו  <properName>אליס</properName>  (ליצי)  <verb>נרצחו</verb>  באושוויץ  <date>ב-1942.</date>  <verb>למד</verb>  <numeral>שמונה</numeral>  <noun>שנים</noun>  בבתי  <noun>ספר</noun>  בלשון  <adjective>הגרמנית</adjective>  ושנה  <adjective>נוספת</adjective>  בגימנסיה  סלובקית.  <preposition>עם</preposition>  <noun>סילוק</noun>  <noun>היהודים</noun>  מבתי  <noun>הספר</noun>  <verb>עשה</verb>  בהכשרה  <adjective>תיכונית</adjective>  (חצי  <noun>יום</noun>  עבודה,  <noun>חצי</noun>  <noun>יום</noun>  לימודים),  <adverb>תחילה</adverb>  בדרום-סלובקיה,  ואחרי  <verb>פרוץ</verb>  <noun>מלחמת</noun>  <noun>העולם</noun>  <numeral>השנייה</numeral>  <properName>בבאנסקה</properName>  ביסטריצה.  <adverb>בראשית</adverb>  <properName>מאי</properName>  <date>1941</date>  <verb>הגיע</verb>  <adverb>ארצה</adverb>  <preposition>עם</preposition>  <numeral>שמונה</numeral>  <noun>חברי</noun>  "השומר  הצעיר"  ונשלח  לקיבוץ  מרחביה,  <adverb>שם</adverb>  <pronoun>הוא</pronoun>  <verb>מתגורר</verb>  <preposition>עד</preposition>  היום.  בקיבוץ  <properName>עבד</properName>  בענפי  <noun>חקלאות</noun>  שונים,  <adverb>בעיקר</adverb>  כרועה  צאן.  <date>ב-1944</date>  <verb>נשא</verb>  לאישה  <at-preposition>את</at-preposition>  <properName>עדה</properName>  קליין,  שנספתה  בתאונה  <adjective>קטלנית</adjective>  בפברואר  <date>1950</date>  בהותירה  אחריה  <at-preposition>את</at-preposition>  בתם  המשותפת,  מרים,  <noun>בת</noun>  <noun>שבעת</noun>  החודשים.  ריבנר,  שנפצע  בתאונה,  <verb>עבר</verb>  <noun>תהליך</noun>  <noun>שיקום</noun>  ובסוף  <date>1950</date>  <verb>החל</verb>  <verb>ללמד</verb>  <noun>ספרות</noun>  <adjective>כללית</adjective>  בכיתות  <adjective>העליונות</adjective>  <shel-preposition>של</shel-preposition>  <noun>המוסד</noun>  <adjective>החינוכי</adjective>  <adjective>המקומי</adjective>  ועבד  <date>כספרן.ב-1953</date>  <adjective>נישא</adjective>  <adverb>שנית</adverb>  לפסנתרנית  <properName>גלילה</properName>  יזרעאלי,  <noun>בת</noun>  <noun>קיבוץ</noun>  עיןחרוד.  לשניים  <verb>נולדו</verb>  <numeral>שני</numeral>  בנים:  <properName>עידן</properName>  ומורן.  <date>ב-1963</date>  <verb>יצא</verb>  <preposition>עם</preposition>  משפחתו  לשליחות  בשווייץ.  <adverb>בסוף</adverb>  <date>1966,</date>  <preposition>עם</preposition>  שובו  ארצה,  <verb>הוזמן</verb>  <verb>ללמד</verb>  <noun>ספרות</noun>  בסמינר  <noun>התנועה</noun>  <adjective>הקיבוצית</adjective>  "אורנים".  <date>ב-1972</date>  <verb>הוזמן</verb>  <verb>ללמד</verb>  <noun>ספרות</noun>  <adjective>כללית</adjective>  באוניברסיטאות  <properName>תל</properName>  <properName>אביב</properName>  וחיפה.  באוניברסיטת  <properName>תל</properName>  <properName>אביב</properName>  <verb>לימד</verb>  <preposition>עד</preposition>  <date>1974.</date>  באוניברסיטת  <properName>חיפה</properName>  <verb>כיהן</verb>  כפרופסור  לספרות  <preposition>עד</preposition>  פרישתו  <date>ב-1993.</date>  
  <date>ב-1982,</date>  <preposition>אחרי</preposition>  שירותו  <adjective>הצבאי</adjective>  במלחמת  <properName>לבנון</properName>  הראשונה,  <verb>יצא</verb>  <noun>הבן</noun>  <properName>מורן</properName>  <verb>לבקר</verb>  <at-preposition>את</at-preposition>  הוריו  בהרווארד,  ארצותהברית,  <adverb>שם</adverb>  <verb>עשה</verb>  אביו  בשנת  שבתון.  <preposition>אחרי</preposition>  שובם  <shel-preposition>של</shel-preposition>  הוריו  לישראל  בחורף  <date>1983</date>  <verb>המשיך</verb>  לטיול  בדרום-אמריקה,  ובאקוודור  <verb>אבדו</verb>  עקבותיו. הבן  <noun>הבכור</noun>  <properName>עידן</properName>  <verb>יצא</verb>  <adverb>בסוף</adverb>  <noun>שנות</noun>  <numeral>השבעים</numeral>  למסע  במזרח-אסיה  והיה  לבודהיסט  <date>ומ-1990</date>  <pronoun>הוא</pronoun>  <verb>חי</verb>  בנפאל.  <noun>הבת</noun>  <properName>מרים</properName>  <verb>הקימה</verb>  <noun>משפחה</noun>  באיסלנד.
  <at-preposition>את</at-preposition>  שיריו  <noun>הראשונים</noun>  <verb>כתב</verb>  <properName>ריבנר</properName>  בגרמנית.  <preposition>אחרי</preposition>  עלייתו  <adverb>ארצה</adverb>  <verb>המשיך</verb>  <verb>לכתוב</verb>  בגרמנית.  <at-preposition>את</at-preposition>  שירו  <adjective>העברי</adjective>  <numeral>הראשון</numeral>  <verb>פירסמה</verb>  <properName>לאה</properName>  <properName>גולדברג</properName>  <date>ב-1950</date>  בעיתוןדבר.  <date>ב-1953</date>  <verb>עבר</verb>  <verb>לכתוב</verb>  <conjunction>רק</conjunction>  בעברית.  
  בספר  שיריו  הראשון,  <noun>האש</noun>  באבן  (הקיבוץ  <adjective>הארצי</adjective>  <properName>השומר</properName>  הצעיר,  <date>1957),</date>  <verb>ניכרת</verb>  <noun>מסורת</noun>  <noun>השירה</noun>  הגרמנית.  ספרו  השני,  <noun>שירים</noun>  <verb>למצוא</verb>  <noun>עת</noun>  <date>(1961), התאפיין</date>  בחיפוש  <preposition>אחרי</preposition>  <noun>צורות</noun>  <noun>ביטוי</noun>  חדשות,  ורק  בספרו  השלישי,  <quantifier>כל</quantifier>  <adverb>עוד</adverb>  <date>(1967),</date>  <verb>מצא</verb>  <at-preposition>את</at-preposition>  קולו  האישי,  <participle>הקשוב</participle>  לצליליה  <shel-preposition>של</shel-preposition>  <adjective>העברית</adjective>  ולשלל  רגישויותיה.
  מראשית  דרכו  <verb>בלטו</verb>  ביצירתו  <quantifier>כמה</quantifier>  <noun>סימני</noun>  <noun>היכר</noun>  תמטיים.  <noun>ראש</noun>  וראשון  להם  <pronoun>הוא</pronoun>  <noun>נושא</noun>  השואה,  שבא  לידי  <noun>ביטוי</noun>  <adverb>כבר</adverb>  במחזור  <adjective>המוקדם</adjective>  "אחותי  הקטנה"  (האש  באבן).  <noun>אובדן</noun>  <properName>עידן</properName>  <noun>התום</noun>  <shel-preposition>של</shel-preposition>  הילדות,  <noun>נטישת</noun>  <noun>הבית</noun>  וניתוצו  <shel-preposition>של</shel-preposition>  <noun>התא</noun>  <adjective>המשפחתי</adjective>  <verb>נעשו</verb>  <adjective>מרכזיים</adjective>  <adverb>יותר</adverb>  ויותר  בחלוף  השנים.  בספריו  <adjective>המאוחרים</adjective>  <verb>הִרבה</verb>  <verb>להתמקד</verb>  בתיאור  ביתו  הראשון,  בדמויות  האב,  <noun>האם</noun>  והאחות  וכן  בנופי  ילדותו.  <preposition>עם</preposition>  זאת,  <adverb>כבר</adverb>  בשלב  <adjective>מוקדם</adjective>  <verb>החלה</verb>  <verb>להיווצר</verb>  בשירתו  <noun>חטיבה</noun>  <participle>המתאפיינת</participle>  בקליטה  <adjective>חושנית</adjective>  <shel-preposition>של</shel-preposition>  <noun>נופי</noun>  הארץ.  בשירים  <pronoun>אלה</pronoun>  <verb>מתפקד</verb>  <noun>הנוף</noun>  בשני  רבדים.  <verb>האחד</verb>  הריאליסטי,  <verb>שבו</verb>  <noun>תיאורי</noun>  <noun>ההרים</noun>  והמדבר,  <noun>החי</noun>  והצומח,  <noun>הנתונים</noun>  במחזור  <noun>עונות</noun>  השנה.  ברובד  <numeral>השני</numeral>  <verb>משמש</verb>  <noun>הנוף</noun>  <properName>מטפורה</properName>  לתהליכי  הנפש.  <adverb>כאן</adverb>  <modal>ניתן</modal>  <verb>להבחין</verb>  במתח  <adjective>המתמיד</adjective>  <preposition>בין</preposition>  <noun>הגעגועים</noun>  למראות  <noun>התשתית</noun>  <shel-preposition>של</shel-preposition>  <noun>הנוף</noun>  <adjective>האירופי</adjective>  <preposition>לבין</preposition>  <noun>הקרבה</noun>  <adjective>האינטימית</adjective>  לנופי  הארץ.  
  <at-preposition>את</at-preposition>  שירתו  מאפיין,  <adverb>כבר</adverb>  משלביה  המוקדמים,  <verb>שבר</verb>  <preposition>בין</preposition>  <noun>הלשון</noun>  <participle>המייצגת</participle>  <preposition>לבין</preposition>  <noun>העולם</noun>  המיוצג.  <preposition>עד</preposition>  <adverb>מהרה</adverb>  <verb>השתחררה</verb>  שירתו  מכבלי  <noun>החרוז</noun>  והבית  המאורגן,  ועם  <noun>השנים</noun>  <verb>חדרו</verb>  אליה  <noun>צורות</noun>  <adjective>דיבוריות</adjective>  והיא  <verb>נעשתה</verb>  <adverb>פחות</adverb>  "פיוטית".  <noun>בד</noun>  בבד  <verb>נכנס</verb>  אליה  <noun>יסוד</noun>  <adjective>חריף</adjective>  <shel-preposition>של</shel-preposition>  אירוניה,  <participle>המאפשר</participle>  <verb>להטיל</verb>  <noun>ספק</noun>  בוודאויות  המקובלות.  <properName>עידן</properName>  אי-הוודאות  <verb>מוצא</verb>  <at-preposition>את</at-preposition>  ביטויו  בשיריו,  <preposition>בין</preposition>  השאר,  בריבוי  <noun>מבנים</noun>  <adjective>תחביריים</adjective>  <shel-preposition>של</shel-preposition>  <noun>שאלות</noun>  <participle>הנותרות</participle>  <preposition>ללא</preposition>  מענה.
  בספרו  <negation>אין</negation>  <verb>להשיב</verb>  <date>(1971)</date>  <verb>נשמעים</verb>  <noun>הדי</noun>  <noun>מלחמת</noun>  <numeral>ששת</numeral>  <noun>הימים</noun>  כתגובה  <adjective>פרטית</adjective>  ואינטימית  שאינה  <verb>נכנעת</verb>  <preposition>למצהלות</preposition>  <noun>הניצחון</noun>  ולשיכרון  המנצחים.  <noun>הספר</noun>  <verb>פסל</verb>  ומסכה  <date>(1982)</date>  <adjective>כתוב</adjective>  רובו  ככולו  <preposition>בעקבות</preposition>  <noun>יצירות</noun>  מהאמנות  הפלסטית.  <noun>המשורר</noun>  <verb>מגיב</verb>  <preposition>על</preposition>  <noun>יצירות</noun>  <adjective>נודעות</adjective>  מהקלאסיקה  (ליאונרדו,  הולביין,  ורמר)  ומהמודרנה  (שאגאל,  קליי,  ארנסט),  שבהן  <pronoun>הוא</pronoun>  <verb>מזהה</verb>  <at-preposition>את</at-preposition>  <noun>נושאי</noun>  <noun>היסוד</noun>  שהעסיקו  <at-preposition>את</at-preposition>  שירתו  מראשיתה:  השואה,  <noun>החיים</noun>  בצל  המוות,  <noun>היחסים</noun>  <preposition>בין</preposition>  <noun>הצייד</noun>  לניצוד.
  <date>ב-1990</date>  <verb>פורסם</verb>  <quantifier>מבחר</quantifier>  <adjective>מקיף</adjective>  <shel-preposition>של</shel-preposition>  <adverb>יותר</adverb>  משלושים  <noun>שנות</noun>  <noun>יצירה</noun>  בספר  ואל  מקומו  שואף,  ואחריו,  <preposition>עם</preposition>  <noun>הספר</noun>  <noun>שירים</noun>  <adjective>מאוחרים</adjective>  <date>(1999),</date>  <verb>מתחילה</verb>  <noun>תקופה</noun>  <adjective>חדשה</adjective>  בשירתו.  <noun>מקום</noun>  <adjective>מרכזי</adjective>  בספר  <pronoun>זה</pronoun>  <verb>תופשות</verb>  <noun>גלויות</noun>  מערים  <adjective>שונות</adjective>  בארץ  ובעולם,  ובהן  <noun>ביטוי</noun>  לאהבת  <noun>הנופים</noun>  והאמנות  ולביקורת  <adjective>חברתית</adjective>  ופוליטית.  <adverb>חלק</adverb>  <preposition>מן</preposition>  <noun>הגלויות</noun>  <verb>מתארות</verb>  <at-preposition>את</at-preposition>  <noun>נופי</noun>  <properName>אירופה</properName>  מפרספקטיבה  <shel-preposition>של</shel-preposition>  <noun>אדם</noun>  <participle>השב</participle>  ופוקד  <at-preposition>את</at-preposition>  <noun>מחוזות</noun>  ילדותו.  <noun>הביקורת</noun>  <adjective>החברתית</adjective>  והפוליטית  <verb>לובשת</verb>  <noun>פנים</noun>  <shel-preposition>של</shel-preposition>  <noun>פרודיה</noun>  וגרוטסקה  בספר  <noun>חרוזי</noun>  <noun>ילדים</noun>  <adjective>קלוקלים</adjective>  <date>(2004).</date>  <noun>שיר</noun>  <noun>הילדים</noun>  <conjunction>או</conjunction>  <noun>שיר</noun>  <noun>הערש</noun>  <adjective>הקליליםכביכול</adjective>  <pronomial>הם</pronomial>  <adverb>כאן</adverb>  <noun>ערוץ</noun>  <shel-preposition>של</shel-preposition>  <noun>ביקורת</noun>  <adjective>חריפה</adjective>  <preposition>על</preposition>  <noun>המצב</noun>  <adjective>הישראלי</adjective>  ועל  <noun>ארץ</noun>  <participle>האוכלת</participle>  <at-preposition>את</at-preposition>  יושביה.  <date>ב-2005</date>  <verb>ראה</verb>  <noun>אור</noun>  <quantifier>מבחר</quantifier>  <noun>השירים</noun>  <adjective>המקיף</adjective>  <noun>עקבות</noun>  ימים:  <noun>שירים</noun>  <date>2005-1957.</date>  <date>ב-2006</date>  <verb>פירסם</verb>  <at-preposition>את</at-preposition>  <noun>סיפור</noun>  חייו  בספר  <adjective>האוטוביוגרפי</adjective>  <noun>חיים</noun>  <adjective>ארוכים</adjective>  קצרים.  שיריו  <verb>תורגמו</verb>  לשפות  <adjective>רבות</adjective>  וראו  <noun>אור</noun>  בספרים  בגרמניה,  בשבדיה  ובסלובקיה.
  <date>ב-1959 ערך</date>  <at-preposition>את</at-preposition>  <noun>הספר</noun>  בדרכי  <noun>הספרות</noun>  <preposition>מאת</preposition>  <properName>אריה</properName>  <properName>לודביג</properName>  שטראוס.  בשנות  <numeral>השמונים</numeral>  <verb>שימש</verb>  <noun>עורך</noun>  <noun>סדרת</noun>  "טעמים  <punctuation>–</punctuation>  <quantifier>מבחר</quantifier>  <noun>כתבי</noun>  <noun>מופת</noun>  באסתטיקה".  <verb>כתב</verb>  <properName>מונוגרפיה</properName>  <preposition>על</preposition>  <properName>לאה</properName>  <properName>גולדברג</properName>  <date>(1980),</date>  <noun>ערך</noun>  <at-preposition>את</at-preposition>  <numeral>שלושת</numeral>  <noun>הכרכים</noun>  <shel-preposition>של</shel-preposition>  <quantifier>כל</quantifier>  שיריה  והיה  <noun>העורך</noun>  <adjective>הראשי</adjective>  <shel-preposition>של</shel-preposition>  כתביה  <preposition>מן</preposition>  <date>העיזבון.מ-1987</date>  הואחבר  באקדמיה  <adjective>הגרמנית</adjective>  לשפה  ולספרות  <properName>בדרמשטדט</properName>  <date>ומ-1995</date>  <noun>חבר</noun>  <noun>האקדמיה</noun>  למדע  ולספרות  במיינץ.  <conjunction>כמו</conjunction>  <conjunction>כן</conjunction>  <pronoun>הוא</pronoun>  <noun>חבר</noun>  בעמותות  <properName>הוגו</properName>  <properName>פון</properName>  הופמנסתאל,  <verb>אלזה</verb>  לסקר-שילר  ופרנץ  קפקא,  ובחברה  <adjective>האירופית</adjective>  לתרבות.  מתרגומיו  לגרמנית:  <noun>סיפורי</noun>  <properName>ש"י</properName>  <properName>עגנון</properName>  ושיריהם  <shel-preposition>של</shel-preposition>  <properName>דן</properName>  פגיס  וט'  כרמי.  
  <pronoun>הוא</pronoun>  <verb>זכה</verb>  בפרס  <properName>כריסטיאן</properName>  <properName>וגנר</properName>  בוורמברון,  <properName>גרמניה</properName>  <date>(1994);</date>  בפרס  <preposition>על</preposition>  <adverb>שם</adverb>  <properName>פאול</properName>  <properName>צלאן</properName>  <properName>בדרמשטדט</properName>  <date>(1999)</date>  <preposition>על</preposition>  תרגומו  לרומן  <noun>שירה</noun>  <preposition>מאת</preposition>  עגנון. באותה  <noun>שנה</noun>  <verb>זכה</verb>  בפרס  <adjective>ז'נט</adjective>  שוקןבברמרהאבן,  גרמניה.  <conjunction>כמו</conjunction>  <conjunction>כן</conjunction>  <verb>זכה</verb>  בפרס  <properName>יאן</properName>  <properName>סְמְרֶק</properName>  בברטיסלבה,  <properName>סלובקיה</properName>  <date>(2002).</date>  בארץ  <verb>זכה</verb>  בפרס  <properName>ירושלים</properName>  <preposition>על</preposition>  <adverb>שם</adverb>  <properName>אורי</properName>  <properName>צבי</properName>  <properName>גרינברג</properName>  <preposition>על</preposition>  ספרו  <adverb>כמעט</adverb>  <noun>שיחה</noun>  <date>(2002), בפרס</date>  <noun>היצירה</noun>  <preposition>על</preposition>  <adverb>שם</adverb>  <noun>ראש</noun>  <noun>הממשלה</noun>  <properName>לוי</properName>  <properName>אשכול</properName>  <date>(2007), וגולת</date>  <noun>הכותרת</noun>  <pronoun>הוא</pronoun>  <properName>פרס</properName>  <properName>ישראל</properName>  לשירה  <date>(2008). </date>  
  <preposition>במשך</preposition>  <quantifier>כל</quantifier>  <noun>השנים</noun>  <noun>עסק</noun>  <properName>ריבנר</properName>  <conjunction>גם</conjunction>  בצילום.  תצלומיו  <adjective>המוקדמים</adjective>  <verb>מתעדים</verb>  <at-preposition>את</at-preposition>  <noun>חיי</noun>  <noun>קיבוץ</noun>  מרחביה  בשנות  החמישים,  וחלקם  <verb>הוצגו</verb>  בתערוכה  במוזיאון  <properName>הארץ</properName>  <date>(2008).</date>  תצלומיו  <verb>הוצגו</verb>  <conjunction>גם</conjunction>  באיטליה,  בצרפת  ובשווייץ.  <date>ב-2007</date>  <verb>ראה</verb>  <noun>אור</noun>  <noun>האלבוםגם</noun>  <pronoun>זאת</pronoun>  <verb>ראו</verb>  עיני: תצלומים  <date>2007-1948.
</date>  References:  
  בהט,  יעקב."עיון  בשיריו  <shel-preposition>של</shel-preposition>  ט.  ריבנר".  מולדט"ו.  <date>1958.</date>  646-642;  בסר,  יעקב.  "ראיון  <preposition>עם</preposition>  <properName>טוביה</properName>  ריבנר:  <pronoun>אני</pronoun>  <negation>לא</negation>  <verb>יוצא</verb>  בהכרזות".  <preposition>על</preposition>  <date>המשמר.28.1.1994.</date>  19;  ברזל,  הלל.  "שירה  כהתחברות  <noun>דבר</noun>  <preposition>אל</preposition>  דבר:  <noun>עיון</noun>  בפואטיקה  <shel-preposition>של</shel-preposition>  <noun>שירת</noun>  ריבנר".  עלי  <date>שיח22-21.1984.</date>  63-49;  ברם,  שחר."הנפילה  <shel-preposition>של</shel-preposition>  <noun>איקרוס</noun>  על-פי  ברכל,  <properName>שאגאל</properName>  וריבנר:  <noun>מסה</noun>  <preposition>על</preposition>  <noun>שיר</noun>  <preposition>בעקבות</preposition>  תמונה".  מכאןט'.  <properName>מאי</properName>  <date>2008.124-97;</date>  וייכרט,  רפי."מבט  <adjective>פנורמי</adjective>  חכם:  <preposition>על</preposition>  <noun>שירת</noun>  <properName>טוביה</properName>  ריבנר".מעריב  <date>ספרות.2.4.2002.</date>  24.  
 
		</body>
	</text>
</TEI>