<?xml version="1.0" encoding="UTF-8"?>
<?xml-model href="http://www.tei-c.org/release/xml/tei/custom/schema/relaxng/tei_all.rng" type="application/xml" schematypens="http://relaxng.org/ns/structure/1.0"?>
<?xml-model href="http://www.tei-c.org/release/xml/tei/custom/schema/relaxng/tei_all.rng" type="application/xml"
	schematypens="http://purl.oclc.org/dsdl/schematron"?>
<TEI xmlns="http://www.tei-c.org/ns/1.0">
   <teiHeader>
      <fileDesc>
         <publicationStmt>
            <p>Publication Information</p>
         </publicationStmt>
         <sourceDesc>
            <p>Information about the source</p>
         </sourceDesc>
      </fileDesc>
   </teiHeader>
   <text>
      <body>
 Name:  <properName>אלמוג</properName>  (לומפ),  רות
  <foreign>Birth</foreign>  Year:    <date>(1936
</date>  <foreign>Birth</foreign>  Place:  <noun>פתח</noun>  <properName>תקווה</properName>  להורים
  Occupation:  סופרת,  מבקרת,  <verb>עורכת</verb>  ומתרגמת
  <foreign>Entry</foreign>  writer:  מעין  הראל
  <foreign>Entry</foreign>  Value:  
  <verb>נולדה</verb>  בפתח  <properName>תקווה</properName>  להורים  רופאים,  שהיגרו  מגרמניה  לישראל  <date>ב-1933,</date>  <preposition>עם</preposition>  <noun>עליית</noun>  <noun>הנאצים</noun>  לשלטון,  והתפרנסו  בארץ  <conjunction>גם</conjunction>  מגידול  דבורים.  <verb>התחנכה</verb>  בבתי  <noun>ספר</noun>  דתיים,  <preposition>אחר</preposition>  <pronoun>כך</pronoun>  <verb>למדה</verb>  בבית  <noun>המדרש</noun>  למורים  <preposition>ע"ש</preposition>  <properName>דוד</properName>  <properName>ילין</properName>  בירושלים,  ומאוחר  <adverb>יותר</adverb>  בחוגים  לתיאטרון,  לספרות  <adjective>עברית</adjective>  ולפילוסופיה  באוניברסיטת  <properName>תל</properName>  אביב.  <noun>עסקה</noun>  בהוראה,  <date>ומ-1967</date>  <preposition>עד</preposition>  <date>2000</date>  <verb>עבדה</verb>  בעיתון  <noun>הארץ</noun>  כעורכת  <noun>המשנה</noun>  <shel-preposition>של</shel-preposition>  <noun>המוסף</noun>  "תרבות  וספרות".  <verb>מתגוררת</verb>  בתל  אביב,  <adjective>נשואה</adjective>  למשורר  <properName>אהרון</properName>  אלמוג.  
  <verb>החלה</verb>  <verb>לפרסם</verb>  בראשית  <noun>שנות</noun>  <numeral>השלושים</numeral>  לחייה.  סיפורה  הראשון,  "רחל  <properName>שטרן</properName>  <verb>רוצה</verb>  <verb>לפגוש</verb>  <at-preposition>את</at-preposition>  פליני",  <verb>נדפס</verb>  בהארץ  <date>ב-1967,</date>  וקובץ  סיפוריה  הראשון,  <noun>חסדי</noun>  <noun>הלילה</noun>  <shel-preposition>של</shel-preposition>  מרגריטה,  <verb>ראה</verb>  <noun>אור</noun>  <date>ב-1969</date>  בהוצאת  <noun>משרד</noun>  הביטחון.  <noun>סיפורי</noun>  <noun>קובץ</noun>  זה,  <preposition>לצד</preposition>  <noun>הרומן</noun>  בארץ  <noun>גזירה</noun>  <date>(1971)</date>  וקובץ  <noun>הסיפורים</noun>  <noun>השני</noun>  <preposition>אחרי</preposition>  <properName>ט"ו</properName>  בשבט  <date>(1979),</date>  קבעו  <conjunction>במידה</conjunction>  <noun>רבה</noun>  <at-preposition>את</at-preposition>  תדמיתה  כסופרת  ריאליסטית-לירית,  שיצירותיה  הכמו-ממואריות  <participle>גדושות</participle>  בתיאורים  <shel-preposition>של</shel-preposition>  <noun>שנות</noun>  ילדותה,  <noun>בית</noun>  ההורים,  <noun>נופי</noun>  <noun>המושבה</noun>  <verb>שבה</verb>  <verb>גדלה</verb>  ומראות  <noun>הטבע</noun>  סביבה.  <adjective>נוסף</adjective>  לכך  <verb>בלטו</verb>  <adverb>כבר</adverb>  בתחילת  דרכה  <noun>הנטייה</noun>  <verb>להיצמד</verb>  לנקודת  <noun>תצפית</noun>  <adjective>נשית</adjective>  והעיסוק  בדמויות  <noun>נשים</noun>  ובעולמן  הרגשי.  
  יצירותיה  <adjective>הבאות</adjective>  <verb>תוארו</verb>  כעשירות  <adverb>יותר</adverb>  בתחבולות  <shel-preposition>של</shel-preposition>  <noun>הרחקה</noun>  וכעושות  <noun>שימוש</noun>  בטכניקות  <adjective>ספרותיות</adjective>  מורכבות:  <at-preposition>את</at-preposition>  <noun>הזר</noun>  והאויב  <date>(1980)</date>  <pronoun>הוא</pronoun>  כעין  <noun>דין</noun>  וחשבון  <adjective>פסיכולוגי</adjective>  <preposition>על</preposition>  מצבה  <shel-preposition>של</shel-preposition>  <noun>אישה</noun>  <participle>הסובלת</participle>  מחסימה  יצירתית,  ומוות  בגשם  <date>(1982)</date>  <pronoun>הוא</pronoun>  <noun>נובלת</noun>  <noun>מכתבים</noun>  <verb>מורחבת</verb>  ומורכבת,  שעלילתה  <verb>נבנית</verb>  <properName>כפאזל</properName>  <noun>דרך</noun>  <noun>נקודות</noun>  <noun>התצפית</noun>  <adjective>השונות</adjective>  <shel-preposition>של</shel-preposition>  <noun>הדמויות</noun>  ומבעד  לשיבוש  <adjective>הכרונולוגי</adjective>  <adjective>המכוון</adjective>  שלה.  
  <at-preposition>את</at-preposition>  <noun>המפנה</noun>  <adjective>העיקרי</adjective>  בכתיבתה  <shel-preposition>של</shel-preposition>  <properName>אלמוג</properName>  <noun>מקובל</noun>  <verb>לסמן</verb>  בסוף  <noun>שנות</noun>  השמונים,  <preposition>עם</preposition>  <noun>פרסום</noun>  <noun>הרומן</noun>  <participle>החשוב</participle>  שלה  <noun>שורשי</noun>  <noun>אוויר</noun>  <date>(1987).</date>  <pronoun>זהו</pronoun>  <noun>ניסיון</noun>  <numeral>ראשון</numeral>  בספרות  <properName>העברית</properName>  <shel-preposition>של</shel-preposition>  <noun>אישה</noun>  <noun>סופרת</noun>  <verb>לכתוב</verb>  <properName>רומן</properName>  <adjective>היסטורי</adjective>  <adjective>רחב</adjective>  יריעה,  <participle>הנע</participle>  <conjunction>בין</conjunction>  <participle>תקופות</participle>  <verb>שונות</verb>  בהיסטוריה  <shel-preposition>של</shel-preposition>  <noun>היישוב</noun>  <noun>היהודי</noun>  בארץ  <properName>ישראל</properName>  (מהעלייה  <numeral>הראשונה</numeral>  ועד  <preposition>אחרי</preposition>  <noun>מלחמת</noun>  <date>1967),</date>  <conjunction>כמו</conjunction>  <conjunction>גם</conjunction>  <conjunction>בין</conjunction>  <noun>אירועים</noun>  <adjective>מרכזיים</adjective>  באירופה  <shel-preposition>של</shel-preposition>  <noun>שנות</noun>  השישים,  והכול  <noun>דרך</noun>  תולדותיה  <shel-preposition>של</shel-preposition>  <noun>משפחה</noun>  אחת.  <pronoun>זהו</pronoun>  <properName>רומן</properName>  שהעיסוק  בפרטי  <adjective>כרוך</adjective>  בו  בתודעה  <adjective>פוליטית</adjective>  ואידיאולוגית  רחבה.  <verb>לדעת</verb>  חוקרים,  <noun>פתח</noun>  <noun>שורשי</noun>  <noun>אוויר</noun>  <noun>תקופה</noun>  <adjective>חדשה</adjective>  ביצירתה,  <verb>שבה</verb>  <verb>נכתבו</verb>  <conjunction>גם</conjunction>  <noun>סיפורי</noun>  <noun>הקובץ</noun>  <noun>תיקון</noun>  <adjective>אמנותי</adjective>  <date>(1993).</date>  <verb>פנינה</verb>  <properName>שירב</properName>  <date>(1998),</date>  <properName>נורית</properName>  <properName>גרץ</properName>  <date>(2000)</date>  ויעל  <properName>פלדמן</properName>  <date>(2002)</date>  <verb>טענו</verb>  <conjunction>כי</conjunction>  <noun>הסיפורים</noun>  <pronoun>הללו</pronoun>  <verb>מייצגים</verb>  <at-preposition>את</at-preposition>  <noun>המעבר</noun>  שהתחולל  ביצירת  <properName>אלמוג</properName>  <preposition>מן</preposition>  <noun>הסיפור</noun>  האישי,  <adjective>הפרטי</adjective>  והפסיכולוגי  <modal>אל</modal>  <noun>הסיפור</noun>  <adjective>החברתי</adjective>  והלאומי  ואל  <noun>העיסוק</noun>  בדמויות  <adjective>שוליים</adjective>  בחברה  הישראלית:  <noun>ניצולי</noun>  שואה,  <noun>פליטים</noun>  וכו'.  
  ואף  <preposition>על</preposition>  <noun>פי</noun>  <noun>כן</noun>  <verb>המשיכה</verb>  <noun>יצירת</noun>  <properName>אלמוג</properName>  <verb>להפתיע</verb>  <at-preposition>את</at-preposition>  <noun>הקוראים</noun>  <conjunction>גם</conjunction>  <conjunction>לאחר</conjunction>  מכן:  <noun>האגם</noun>  <adjective>הפנימי</adjective>  <date>(2000)</date>  <pronoun>הוא</pronoun>  <noun>יצירה</noun>  <adjective>ניסיונית</adjective>  <participle>המערבת</participle>  הגות,  <noun>שירה</noun>  ופרוזה,  ובמרכזה  <noun>דימויים</noun>  <adjective>שונים</adjective>  <shel-preposition>של</shel-preposition>  נשיות.  <noun>הרומן</noun>  באהבה  נטליה  <date>(2005)</date>  <verb>חוזר</verb>  למתכונת  <shel-preposition>של</shel-preposition>  <properName>רומן</properName>  <noun>מכתבים</noun>  ומתאר  <at-preposition>את</at-preposition>  חייהם  <shel-preposition>של</shel-preposition>  <noun>אמנים</noun>  <adjective>ישראליים</adjective>  <preposition>במשך</preposition>  <numeral>שלושה</numeral>  <noun>עשורים</noun>  בארץ  ישראל,  בארצות  <properName>הברית</properName>  ובאירופה.  <adjective>זרה</adjective>  בגן  <properName>עדן</properName>  <date>(2008)</date>  <pronoun>הוא</pronoun>  <properName>רומן</properName>  שבמרכזו  <noun>מארג</noun>  <noun>היחסים</noun>  <adjective>הסבוך</adjective>  <conjunction>בין</conjunction>  <noun>התרבות</noun>  היהודית-ישראלית  לתרבות  <adjective>הגרמנית</adjective>  החדשה-ישנה,  כביטויו  בסיפור  אהבתן  <participle>המתעתע</participle>  <shel-preposition>של</shel-preposition>  <numeral>שתי</numeral>  <noun>נשים</noun>  אמניות:  פאטי,  <noun>ציירת</noun>  <noun>נופים</noun>  ישראלית,  ואנדריאה,  <noun>משוררת</noun>  גרמנייה.  בשריקת  <noun>האוקרינה</noun>  <date>(2011)</date>  <verb>חוזרת</verb>  <properName>אלמוג</properName>  למחוזות  ילדותה  משתי  <noun>זוויות</noun>  <noun>ראות</noun>  מתחלפות:  <pronoun>זו</pronoun>  <shel-preposition>של</shel-preposition>  <noun>הילדה</noun>  בזמן  התרחשותם  <shel-preposition>של</shel-preposition>  <noun>האירועים</noun>  וזו  <shel-preposition>של</shel-preposition>  <participle>המספרת</participle>  <participle>המתבוננת</participle>  לאחור,  <conjunction>לאחר</conjunction>  <noun>שנים</noun>  רבות.    
  <adverb>יותר</adverb>  מכול  <modal>ניתן</modal>  <verb>לומר</verb>  <conjunction>כי</conjunction>  יצירתה  <adjective>המורכבת</adjective>  <copula>אינה</copula>  <verb>נענית</verb>  לדיכוטומיות  <adjective>חדות</adjective>  <conjunction>או</conjunction>  לחלוקות  חד-משמעיות.  <noun>הדבר</noun>  <verb>תקף</verb>  <conjunction>גם</conjunction>  ביחס  לנושאי  <noun>היסוד</noun>  שלה.  כך,  למשל,  <verb>נקל</verb>  <verb>לפרש</verb>  אותם,  <conjunction>כפי</conjunction>  שקובעת  <properName>יעל</properName>  <properName>פלדמן</properName>  <date>(2003),</date>  <preposition>על</preposition>  <noun>רקע</noun>  "נושא  <noun>הקיבעון</noun>  <adjective>האדיפאלי</adjective>  שאין  <conjunction>לו</conjunction>  תיקון".  ואכן,  <noun>העיסוק</noun>  בדמות  <noun>האב</noun>  וביחסים  <conjunction>בין</conjunction>  <noun>אבות</noun>  <verb>לבנות</verb>  <pronoun>הוא</pronoun>  <preposition>מן</preposition>  <adjective>הבולטים</adjective>  ביצירותיה.  <conjunction>גם</conjunction>  <noun>עניינים</noun>  <adjective>אחרים</adjective>  <verb>נדמים</verb>  כמשקפים  <at-preposition>את</at-preposition>  <noun>תפישת</noun>  <noun>האדם</noun>  מנקודת  <noun>מבט</noun>  פסיכואנליטית,  בהם  <noun>הבחירה</noun>  <verb>להקדיש</verb>  <noun>קובץ</noun>  <adjective>שלם</adjective>  לסיפורים  <preposition>על</preposition>  <noun>נשים</noun>  חולות,  שמיניותן  <verb>מודחקת</verb>  (נשים,  <date>1986),</date>  <preposition>על</preposition>  <noun>רקע</noun>  הטענה,  שעליה  <verb>חזרה</verb>  <properName>אלמוג</properName>  <quantifier>כמה</quantifier>  פעמים,  ולפיה  "להיות  <noun>אישה</noun>  <pronoun>הוא</pronoun>  <copula>להיות</copula>  <adjective>חולה</adjective>  באופן  כזה  <conjunction>או</conjunction>  אחר".
  <preposition>עם</preposition>  <pronoun>זאת</pronoun>  יצירותיה,  <participle>השואבות</participle>  מהביוגרפי,  <adjective>הפסיכולוגי</adjective>  והריאליסטי  (לעתים  <preposition>עד</preposition>  הנטורליסטי),  <verb>נוטות</verb>  בעת  ובעונה  אחת,  <adverb>כבר</adverb>  מראשיתן,  <conjunction>גם</conjunction>  <modal>אל</modal>  המיתולוגי,  <adjective>המטפיזי</adjective>  והפנטסטי,  <preposition>על</preposition>  <noun>גבול</noun>  ההזיה.  <noun>נטייה</noun>  <pronoun>זו</pronoun>  <verb>עולה</verb>  <conjunction>גם</conjunction>  מסגנונה  <adjective>הספרותי</adjective>  הייחודי,  <participle>הכולל</participle>  <noun>תערובת</noun>  <adjective>מרתקת</adjective>  <shel-preposition>של</shel-preposition>  <noun>תיאורים</noun>  <adjective>ריאליסטיים</adjective>  מדויקים,  <adjective>צלולים</adjective>  וחשופים,עם  <noun>פיגורטיביות</noun>  <adjective>פיוטית</adjective>  עשירה,  וגם  מבחירתה  <verb>לעסוק</verb>  <adverb>לעתים</adverb>  <adverb>תכופות</adverb>  בשאלת  <noun>היחס</noun>  <conjunction>בין</conjunction>  <noun>המציאות</noun>  <preposition>לבין</preposition>  דימוייה  וייצוגיה.  <noun>כפל</noun>  <noun>הפנים</noun>  <pronoun>הזה</pronoun>  <adjective>ניכר</adjective>  <conjunction>גם</conjunction>  בבחירות  <verb>הז'אנריות</verb>  שלה:  <adverb>מחד</adverb>  <adverb>גיסא</adverb>  <noun>סיפורים</noun>  קצרים,  <adjective>מהודקים</adjective>  ובעלי  <noun>עלילה</noun>  סדורה,  ומאידך  <adverb>גיסא</adverb>  <noun>טקסטים</noun>  <noun>פרגמנטריים</noun>  כמו-שיריים.  <adverb>עוד</adverb>  <modal>ניתן</modal>  <verb>לטעון</verb>  <conjunction>כי</conjunction>  <conjunction>גם</conjunction>  <noun>הרגישות</noun>  לעוול  ולסבל  <verb>מאפיינת</verb>  <at-preposition>את</at-preposition>  יצירתה  מראשיתה  (כבסיפור  "הילד",  <participle>המופיע</participle>  <adverb>כבר</adverb>  בקובץ  סיפוריה  השני),  ובאה  לידי  <noun>ביטוי</noun>  באופנים  <adjective>שונים</adjective>  <conjunction>גם</conjunction>  ביצירות  מאוחרות.  
  במחקרים  <preposition>מן</preposition>  <noun>השנים</noun>  <adjective>האחרונות</adjective>  <noun>מקובל</noun>  <verb>לתאר</verb>  <at-preposition>את</at-preposition>  <properName>אלמוג</properName>  כחלק  מ"השושלת  הנשית"  <adjective>המודרניסטית</adjective>  <shel-preposition>של</shel-preposition>  <noun>הספרות</noun>  העברית,  להציגה  ככותבת  "כתיבה  נשית",  ובעיקר  <verb>להדגיש</verb>  <at-preposition>את</at-preposition>  <noun>יחסי</noun>  <noun>הגומלין</noun>  <conjunction>בין</conjunction>  יצירתה  <preposition>לבין</preposition>  "האגף  הנשי"  <shel-preposition>של</shel-preposition>  <noun>יוצרי</noun>  <noun>דור</noun>  המדינה,  ובראש  ובראשונה  <properName>עמליה</properName>  כהנא-כרמון.  <preposition>עם</preposition>  זאת,  ביצירתה  <verb>מתקיימים</verb>  <noun>דיאלוגים</noun>  <adjective>עמוקים</adjective>  <preposition>עם</preposition>  <noun>התנ"ך</noun>  ועם  <noun>יוצרים</noun>  נוספים,  שהם  <preposition>מן</preposition>  <noun>הקנוניים</noun>  <adverb>ביותר</adverb>  בספרות  העברית,  <conjunction>כמו</conjunction>  <properName>עגנון</properName>  וברנר.  <conjunction>כמו</conjunction>  <noun>כן</noun>  <verb>בולטות</verb>  בה  <noun>זיקות</noun>  <adjective>מורכבות</adjective>  לספרות  <adjective>האירופית</adjective>  ולמגוון  <shel-preposition>של</shel-preposition>  מיתולוגיות.  מעניין  <verb>לבחון</verb>  <conjunction>גם</conjunction>  <at-preposition>את</at-preposition>  <noun>היחסים</noun>  והקשרים  שבין  יצירותיה:  <noun>גלגולים</noun>  <shel-preposition>של</shel-preposition>  <noun>מוטיבים</noun>  ופרסום  <shel-preposition>של</shel-preposition>  <quantifier>אותו</quantifier>  <noun>סיפור</noun>  בנוסח  <verb>שונה</verb>  <conjunction>לאחר</conjunction>  <noun>שנים</noun>  (לדוגמה,  <noun>הסיפור</noun>  "רחל  <properName>שטרן</properName>  <verb>רוצה</verb>  <verb>לפגוש</verb>  <at-preposition>את</at-preposition>  <adjective>פליני</adjective>  <punctuation>–</punctuation>  <date>1966",</date>  שהופיע  בחסדי  <noun>הלילה</noun>  <shel-preposition>של</shel-preposition>  מרגריטה,  <verb>שוכתב</verb>  בקובץ  <noun>נשים</noun>  <verb>בשם</verb>  "רחל  שטרן,  ברומא,  <verb>פוגשת</verb>  <at-preposition>את</at-preposition>  פליני").  
  <modal>חשוב</modal>  <verb>לציין</verb>  <conjunction>כי</conjunction>  יצירותיה  <verb>נכתבות</verb>  <conjunction>גם</conjunction>  <preposition>תוך</preposition>  <noun>התייחסות</noun>  לעולם  <noun>האמנות</noun>  כולו,  ובעיקר  לאמנות  <adjective>הפלסטית</adjective>  ולמוזיקה.  <verb>מופיעות</verb>  בהן  <verb>תדיר</verb>  <noun>דמויות</noun>  <shel-preposition>של</shel-preposition>  <noun>אמנים</noun>  וכן  <noun>רמיזות</noun>  <verb>שונות</verb>  להבדלים  שבין  <noun>ציור</noun>  לסיפור  (כבסיפור  "שלומית:  <noun>סוס</noun>  <verb>שותה</verb>  שחור,  <properName>חבצלת</properName>  ואור  זורם"  בקובץ  נשים).  <pronoun>היא</pronoun>  <conjunction>גם</conjunction>  <verb>מרבה</verb>  <verb>לעסוק</verb>  בשאלות  <preposition>על</preposition>  מקומה  ואופייה  <shel-preposition>של</shel-preposition>  <noun>היצירה</noun>  <adjective>הספרותית</adjective>  ושל  <noun>החוויה</noun>  היצירתית.  <negation>לא</negation>  <numeral>אחת</numeral>  <pronoun>היא</pronoun>  <verb>מתארת</verb>  <at-preposition>את</at-preposition>  <noun>מלאכת</noun>  <noun>הכתיבה</noun>  ואת  <noun>יכולת</noun>  <noun>הדמיון</noun>  כמהלך  <shel-preposition>של</shel-preposition>  <noun>היחלצות</noun>  מהמציאות,  ואת  <noun>האמנות</noun>  כמעניקה  <noun>חוויה</noun>  כמו-גופנית  <shel-preposition>של</shel-preposition>  עונג,  <noun>תיקון</noun>  <conjunction>או</conjunction>  גאולה.  <conjunction>אלא</conjunction>  שהאמנות  (והכתיבה  בפרט)  <copula>אינה</copula>  <verb>מתוארת</verb>  <conjunction>רק</conjunction>  כאופציה  <shel-preposition>של</shel-preposition>  <noun>בריחה</noun>  מהעולם  הממשי,  <conjunction>אלא</conjunction>  <conjunction>במידה</conjunction>  <noun>רבה</noun>  <conjunction>גם</conjunction>  כניסיון  <adjective>עיקש</adjective>  ובלתי  <verb>פוסק</verb>  <verb>לחקור</verb>  <at-preposition>את</at-preposition>  <noun>המציאות</noun>  <shel-preposition>של</shel-preposition>  <adverb>כאן</adverb>  ועכשיו.  <pronoun>כך</pronoun>  <pronoun>היא</pronoun>  <verb>מוצגת</verb>  <conjunction>גם</conjunction>  כמעשה  <shel-preposition>של</shel-preposition>  <noun>חקירה</noun>  מתמשכת.  <modal>ייתכן</modal>  שמסיבה  <pronoun>זו</pronoun>  <properName>אלמוג</properName>  <copula>אינה</copula>  <verb>חדלה</verb>  <verb>להתנסות</verb>  בחקירה-כתיבה  בסגנונות  שונים,  ויצירתה  <verb>שבה</verb>  ומתחדשת  לאורך  השנים.  <noun>דוגמה</noun>  <adjective>נוספת</adjective>  לתופעה  <pronoun>זו</pronoun>  <pronoun>היא</pronoun>  ספרה  <adjective>האחרון</adjective>  לעת  עתה,  <noun>נשים</noun>  בגן  <date>(2012).</date>  גיבורותיו  <pronoun>הן</pronoun>  <noun>ציירות</noun>  ופסלות,  <noun>בנות</noun>  <participle>תקופות</participle>  ומקומות  שונים,  שנגזר  עליהן  <quantifier>אותו</quantifier>  הגורל.  מכולן  <verb>נגזל</verb>  <noun>חופש</noun>  היצירה,  ומשלחמו  וזכו  בו,  <verb>שילמו</verb>  <noun>מחיר</noun>  כבד:  במעמדן  החברתי,  באפשרותן  <verb>לבנות</verb>  <noun>משפחה</noun>  ואפילו  בחייהן.  <noun>הספר</noun>  <adjective>ערוך</adjective>  במתכונת  <participle>הממזגת</participle>  <noun>אלבום</noun>  <noun>ציורים</noun>  וספר  <noun>קריאה</noun>  רגיל,  והוא  <participle>ארוג</participle>  מפרטים  <adjective>אמיתיים</adjective>  ובדויים,  <noun>פרי</noun>  <noun>מחקר</noun>  <adjective>שקדני</adjective>  ודמיון  <adjective>אמנותי</adjective>  מרשים.        
  <verb>פירסמה</verb>  <conjunction>גם</conjunction>  <noun>ספרים</noun>  לילדים  ולבני  נוער,בהם:  נפי,  <noun>נסיך</noun>  <noun>הקרנפים</noun>  <date>(1979);</date>  <noun>צוענים</noun>  בפרדס  <date>(1986);</date>  <adverb>עוד</adverb>  <noun>חיבוק</noun>  <numeral>אחד</numeral>  <date>(2003).</date>  <adjective>נוסף</adjective>  לכך,  <verb>פירסמה</verb>  <preposition>עם</preposition>  <properName>אסתר</properName>  <properName>אטינגר</properName>  <noun>שני</noun>  <noun>ספרי</noun>  <noun>מתח</noun>  <verb>בשם</verb>  <noun>העט</noun>  <properName>אלמוג</properName>  אטינגר:  <noun>מאהב</noun>  <verb>מושלם</verb>  <date>(1995)</date>  <adjective>ואשטלינה</adjective>  <adjective>אהובתי</adjective>  <date>(2002).</date>  <pronoun>היא</pronoun>  <verb>תירגמה</verb>  <quantifier>כמה</quantifier>  <noun>ספרים</noun>  מאנגלית  (משל  <properName>אלק</properName>  נטס,  <properName>יחזקאל</properName>  מפללה  ועוד).  
  <verb>זכתה</verb>  בפרסים  <adjective>ספרותיים</adjective>  <preposition>על</preposition>  יצירתה  למבוגרים  ולילדים,  ובהם:  <properName>פרס</properName>  <properName>ברנר</properName>  <date>(1987),</date>  <properName>פרס</properName>  <properName>עגנון</properName>  <date>(2001),</date>  <properName>פרס</properName>  <properName>ניומן</properName>  <date>(2004),</date>  <properName>פרס</properName>  <properName>זאב</properName>  לספרות  <noun>ילדים</noun>  ונוער  <date>(1985,</date>  <date>2000),</date>  <properName>פרס</properName>  לספרות  <noun>נוער</noun>  <preposition>מטעם</preposition>  <noun>אוניברסיטת</noun>  <properName>חיפה</properName>  <date>(1986),</date>  <noun>אות</noun>  <properName>אנדרסן</properName>  <date>(2002),</date>  <properName>פרס</properName>  <noun>יד</noun>  ושם  <date>(2000),</date>  <properName>פרס</properName>  <properName>ביאליק</properName>  <date>(2006)</date>  ופרס  <properName>יהודה</properName>  <properName>עמיחי</properName>  <date>(2011).</date>  ספריה  <verb>תורגמו</verb>  לכמה  <noun>שפות</noun>  <adjective>אירופיות</adjective>  ולסינית.  <preposition>עם</preposition>  זאת,  <adjective>דומה</adjective>  שיצירתה  <adjective>המגוונת</adjective>  והמורכבת  <adverb>טרם</adverb>  <verb>זכתה</verb>  להכרה  ולהערכה  <adjective>הציבוריות</adjective>  והמחקריות  שהיא  <adjective>ראויה</adjective>  להן.
  References:  
  גרץ,  נורית.  "מתחת  <preposition>לפני</preposition>  השטח:  <preposition>על</preposition>  <noun>הסיפור</noun>  שמתחת  לסיפורה  <shel-preposition>של</shel-preposition>  <properName>רות</properName>  <properName>אלמוג</properName>  <noun>גמדים</noun>  <preposition>על</preposition>  הפיז'מה".  <conjunction>בין</conjunction>  <noun>ספרות</noun>  לחברה:  <noun>עיונים</noun>  בתרבות  <properName>העברית</properName>  החדשה.  <properName>בני</properName>  ברק:  <noun>הקיבוץ</noun>  המאוחד.  <date>2000.</date>  316-327;  הראל,  מעין.  <noun>גוף</noun>  פגום.  <noun>מחלה</noun>  ממארת.  <noun>הוויה</noun>  פגומה: ייצוגים  <shel-preposition>של</shel-preposition>  <noun>חולי</noun>  בסיפורת  <properName>העברית</properName>  החדשה.  <noun>חיבור</noun>  <preposition>לשם</preposition>  <noun>קבלת</noun>  <noun>תואר</noun>  דוקטור.  <properName>באר</properName>  שבע:  <noun>אוניברסיטת</noun>  בן-גוריוןבנגב.  <date>2008;</date>  סקרה,  חנה.  "הקול  <adjective>המיתולוגי</adjective>  <shel-preposition>של</shel-preposition>  <noun>הזהות</noun>  <adjective>הנשית</adjective>  ביצירותיהן  <shel-preposition>של</shel-preposition>  <properName>רות</properName>  <properName>אלמוג</properName>  ושל  <properName>אורלי</properName>  קסטל-בלום".  עלי  <noun>שיח</noun>  44.  <date>2000.</date>  19-41;  פלדחי-ברנר,  רחל.  <noun>החופש</noun>  ליצור:האמנית  והעולם  ביצירתה  <shel-preposition>של</shel-preposition>  <properName>רות</properName>  אלמוג.  <properName>בני</properName>  ברק:  <noun>הקיבוץ</noun>  המאוחד.  <date>2008;</date>  פלדמן,  יעל.  "מעבר  לרומנס  הפמיניסטי:  <properName>רות</properName>  אלמוג".  <preposition>ללא</preposition>  <noun>חדר</noun>  משלהן:  מגדר  ולאומיות  ביצירתן  <shel-preposition>של</shel-preposition>  <noun>סופרות</noun>  ישראליות.  תלאביב:  <noun>הקיבוץ</noun>  המאוחד.  <date>2002.</date>  200-230;  ---.  "לתקון  <at-preposition>את</at-preposition>  <conjunction>הלא</conjunction>  <modal>ניתן</modal>  <adverb>עוד</adverb>  לתיקון  (אחרית  דבר)".  <quantifier>כל</quantifier>  <noun>האושר</noun>  <adjective>המופרז</adjective>  הזה:  <noun>סיפורים</noun>  <date>1997-1967.</date>  ירושלים:  כתר.  <date>2003.</date>  447-443;  שירב,  פנינה.  <noun>כתיבה</noun>  <negation>לא</negation>  תמה:  <noun>עמדת</noun>  <noun>שיח</noun>  וייצוגי  <noun>נשיות</noun>  ביצירותיהן  <shel-preposition>של</shel-preposition>  <adjective>יהודית</adjective>  הנדל,  <properName>עמליה</properName>  כהנא-כרמון  ורות  אלמוג.  תלאביב:  <noun>הקיבוץ</noun>  המאוחד.  <date>1998.</date>  195-262;  שוורץ,  יגאל.  "מלאכים  מנייר  –עבדות,  <noun>גלות</noun>  וגאולה  בסיפורת  <shel-preposition>של</shel-preposition>  <properName>רות</properName>  <properName>אלמוג</properName>  (אחרית  דבר)".  <noun>מעיל</noun>  קטון.  <noun>אור</noun>  יהודה:  זמורה-ביתן.  <date>2008.</date>  187-165;  שקד,  גרשון.  "האב,  <noun>הזר</noun>  והאויב".  <noun>הסיפורת</noun>  <properName>העברית</properName>  <date>1880-1980</date>  ה'.  תלאביב:  <noun>הקיבוץ</noun>  המאוחד.  <date>1998.</date>  340-366.
 
		</body>
	</text>
</TEI>