<?xml version="1.0" encoding="UTF-8"?>
<?xml-model href="http://www.tei-c.org/release/xml/tei/custom/schema/relaxng/tei_all.rng" type="application/xml" schematypens="http://relaxng.org/ns/structure/1.0"?>
<?xml-model href="http://www.tei-c.org/release/xml/tei/custom/schema/relaxng/tei_all.rng" type="application/xml"
	schematypens="http://purl.oclc.org/dsdl/schematron"?>
<TEI xmlns="http://www.tei-c.org/ns/1.0">
   <teiHeader>
      <fileDesc>
         <publicationStmt>
            <p>Publication Information</p>
         </publicationStmt>
         <sourceDesc>
            <p>Information about the source</p>
         </sourceDesc>
      </fileDesc>
   </teiHeader>
   <text>
      <body>
 <?xml  version="1.0"  encoding="UTF-8"?>
  <?xml-model  href="http://www.tei-c.org/release/xml/tei/custom/schema/relaxng/tei_all.rng"  type="application/xml"  schematypens="http://relaxng.org/ns/structure/1.0"?>
  <?xml-model  href="http://www.tei-c.org/release/xml/tei/custom/schema/relaxng/tei_all.rng"  type="application/xml"
  	schematypens="http://purl.oclc.org/dsdl/schematron"?>
  <TEI  xmlns="http://www.tei-c.org/ns/1.0">
        <teiHeader>
              <fileDesc>
                    <publicationStmt>
                          <p>Publication  Information</p>
                    </publicationStmt>
                    <sourceDesc>
                          <p>Information  about  the  source</p>
                    </sourceDesc>
              </fileDesc>
        </teiHeader>
        <text>
              <body>
    Name:    <numeral>ש'</numeral>    (שיפמן-שמואלביץ'),    שפרה
      <foreign>Birth</foreign>    Year:    <date><date>1931
</date>  </date>    <foreign>Death</foreign>    Year:    <date><date>2012
</date>  </date>    <foreign>Birth</foreign>    Place:    <properName>תל</properName>    אביב,    בת
      Occupation:    משוררת,    <noun>מתרגמת</noun>    וחוקרת    ספרות
      <foreign>Entry</foreign>    writer:    <properName>חיה</properName>    שחם
      <foreign>Entry</foreign>    Value:    
      <verb>נולדה</verb>    בתל    אביב,    <noun>בת</noun>    למשפחה    <adjective>ירושלמית</adjective>    ותיקה;    <verb>למדה</verb>    <verb>קבלה</verb>    וספרות    <properName>עברית</properName>    באוניברסיטה    <properName>העברית</properName>    בירושלים,    וספרות    <properName>עברית</properName>    וחינוך    באוניברסיטת    <properName>תל</properName>    אביב.    <conjunction>כמו</conjunction>    <conjunction>כן</conjunction>    <verb>למדה</verb>    <noun>אכדית</noun>    ושומרית    באוניברסיטת    בר-אילן.לימדה    <noun>ספרות</noun>    <noun>המזרח</noun>    <adjective>הקדום</adjective>    במכללת    <properName>לוינסקי</properName>    ובאוניברסיטת    תלאביב.
      <copula>היתה</copula>    <adjective>נשואה</adjective>    למתי    <properName>שמואלביץ'</properName>    <date><date>(1995-1921),</date></date>    <noun>איש</noun>    <properName>הלח"י</properName>    ולימים    <noun>מנכ"ל</noun>    <noun>משרד</noun>    <noun>ראש</noun>    הממשלה.
      שיריה    <numeral>הראשונים</numeral>    <verb>נדפסו</verb>    במוספים    לספרות    ובכתבי    <noun>עת</noun>    בראשית    <noun>שנות</noun>    החמישים.    <noun>קובץ</noun>    <noun>שירים</noun>    <numeral>ראשון</numeral>    מפרי    עטה,    <properName>שיר</properName>    אשה,    <verb>ראה</verb>    <noun>אור</noun>    <date><date>ב-1962</date></date>    (מחברות    לספרות).    <noun>חוויית</noun>    <noun>האהבה</noun>    והתשוקה    <adjective>הנשית</adjective>    <punctuation>–</punctuation>    שתהווה    <noun>מוטיב</noun>    <adjective>מרכזי</adjective>    <conjunction>גם</conjunction>    בשירתה    לעתיד    <punctuation>–</punctuation>    <verb>מוצגת</verb>    בו    בצורה    חושפנית,    <preposition>תוך</preposition>    <noun>הישענות</noun>    <preposition>על</preposition>    <noun>מוטיבים</noun>    מסיפור    <noun>גן</noun>    <noun>העדן</noun>    <adjective>המקראי</adjective>    ובתיווכה    <shel-preposition>של</shel-preposition>    <noun>לשון</noun>    <noun>רוויה</noun>    <noun>משקעים</noun>    מקראיים.    
      <noun>המתח</noun>    <adjective>הארוטי</adjective>    <preposition>בין</preposition>    <noun>אישה</noun>    לגבר,    <noun>ההשתוקקות</noun>    והציפייה    הנשית,    <noun>עולים</noun>    כנושאים    <adjective>בולטים</adjective>    <conjunction>גם</conjunction>    בשני    <noun>ספרי</noun>    שיריה    הבאים:    <noun>הצעד</noun>    <adjective>הבא</adjective>    <date><date>(1968)</date></date>    ושירי    <noun>מדבר</noun>    <date><date>(1971).</date></date>    באחרון    <verb>בולטות</verb>    <noun>דמויות</noun>    <adjective>מקראיות</adjective>    <shel-preposition>של</shel-preposition>    <noun>נשים</noun>    ושל    גברים,    <participle>המתפקדות</participle>    כהיטלים    <adjective>נפשיים</adjective>    <shel-preposition>של</shel-preposition>    ה"אני"    השרה.    
      <date><date>ב-1987</date></date>    <verb>ראה</verb>    <noun>אור</noun>    <noun>הקובץ</noun>    <noun>חצבים</noun>    <noun>נרות</noun>    נשמה,    ובו    <noun>שירים</noun>    <preposition>מן</preposition>    <noun>השנים</noun>    <date><date>1985-1973.</date></date>    בקובץ    <pronoun>זה</pronoun>    <verb>מסתמן</verb>    שינוי:    <noun>המיתוסים</noun>    <shel-preposition>של</shel-preposition>    <noun>המזרח</noun>    <adjective>הקדום</adjective>    <verb>מחלחלים</verb>    לתוכו    כחומרי    תשתית,    <noun>הנוף</noun>    <adjective>המקומי</adjective>    ובעיקר    <noun>הפלורה</noun>    <verb>מקבלים</verb>    בו    ביטוי,    <conjunction>כמו</conjunction>    <conjunction>גם</conjunction>    <noun>זיכרונות</noun>    הילדות.    <noun>יחסי</noun>    גברים-נשים    <verb>מתוארים</verb>    <preposition>על</preposition>    המתחים,    <noun>השחיקה</noun>    והאכזבות    שבהם.    <noun>השירים</noun>    <verb>מתארכים</verb>    ומתחזק    בהם    <noun>היסוד</noun>    הסיפורי.    <noun>התחביר</noun>    משתנה.    <noun>המשפטים</noun>    <participle>פתוכים</participle>    <pronoun>זה</pronoun>    בזה    ומתאפיינים    בחלקם    <adjective>הגדול</adjective>    בזרימה    <participle>המבטלת</participle>    <noun>פסיקים</noun>    ונקודות.        
      <noun>השירים</noun>    שנכתבו    <preposition>בין</preposition>    <date><date>1986</date></date>    <date><date>ל-1999</date></date>    <verb>כונסו</verb>    בספר    <noun>אשה</noun>    שמתאמנת    בלחיות    <date><date>(2001),</date></date>    שזיכה    אותה    <date><date>ב-2002</date></date>    בפרס    <properName>עמיחי</properName>    לשירה.    <noun>המיתוסים</noun>    <shel-preposition>של</shel-preposition>    <noun>המזרח</noun>    <adjective>הקדום</adjective>    <participle>השזורים</participle>    בשירים    <verb>משמשים</verb>    כמצע    למבעים    אישיים,    <participle>המשקפים</participle>    <noun>היבטים</noun>    <adjective>אוטוביוגרפיים</adjective>    <shel-preposition>של</shel-preposition>    המחברת.    <noun>נושא</noun>    <noun>המוות</noun>    <punctuation>–</punctuation>    ובעיקר    <noun>מות</noun>    <noun>בן</noun>    <noun>הזוג</noun>    <punctuation>–</punctuation>    וכן    <noun>נושא</noun>    <noun>הבדידות</noun>    <verb>תופשים</verb>    <noun>מקום</noun>    <adjective>בולט</adjective>    בקובץ.    
      <date><date>ב-2007</date></date>    <verb>רואה</verb>    <noun>אור</noun>    <noun>הקובץ</noun>    משי    לחשת    לי,    <participle>המכיל</participle>    <properName>פוליפוניה</properName>    <shel-preposition>של</shel-preposition>    <noun>קולות</noun>    <adjective>נשיים</adjective>    והתבוננות    <adjective>מדוקדקת</adjective>    בדמויות    <adjective>נשיות</adjective>    וביחסי    גבר-אישה    מנקודת    ראותה    <shel-preposition>של</shel-preposition>    <noun>האישה</noun>    הבשלה,    וכן    <punctuation>–</punctuation>    <noun>זיכרונות</noun>    עבר.
      <preposition>מלבד</preposition>    <participle>קובצי</participle>    <noun>השירה</noun>    <verb>הללו</verb>    <verb>פירסמה</verb>    <numeral>ש'</numeral>    <properName>שפרה</properName>    <date><date>ב-1994</date></date>    <noun>ספר</noun>    פרוזה,    <noun>רחוב</noun>    החול,    שזיכה    אותה    בפרס    <properName>אקו"ם</properName>    ובפרס    <properName>לאה</properName>    <properName>גולדברג</properName>    <date><date>1997,</date></date>    ובו    <numeral>ארבעה</numeral>    <noun>סיפורים</noun>    ושתי    נובלות.הסיפורים,    <participle>המעלים</participle>    באוב    <noun>פרשיות</noun>    שנלכדו    בזיכרון    <noun>הילדות</noun>    <shel-preposition>של</shel-preposition>    הדוברת,    <verb>שוזרים</verb>    <numeral>שתי</numeral>    <noun>פרספקטיבות</noun>    <punctuation>–</punctuation>    <pronoun>זו</pronoun>    <shel-preposition>של</shel-preposition>    <noun>ילדה</noun>    <verb>זוכרת</verb>    וזו    <shel-preposition>של</shel-preposition>    <participle>המספרת</participle>    הבוגרת,    ובמרכזם    <verb>עומדות</verb>    גיבורות-נשים.    <preposition>לאחר</preposition>    מותה    <verb>ראה</verb>    <noun>אור</noun>    <noun>הספר</noun>    <noun>אשה</noun>    <pronoun>היא</pronoun>    <conjunction>רק</conjunction>    <noun>זירה</noun>    <date><date>(2012),</date></date>    <participle>המקבץ</participle>    <noun>שני</noun>    <noun>מחזורי</noun>    <noun>סיפורים</noun>    קצרים.
      <date><date>ב-1997</date></date>    פירסמה,בשיתוף    <noun>עם</noun>    <noun>פרופ'</noun>    <properName>יעקב</properName>    קליין,    <noun>אנתולוגיה</noun>    משירת    <noun>המזרח</noun>    הקדום,    <verb>מתורגמת</verb>    <preposition>מן</preposition>    <properName>השומרית</properName>    ומהאכדית,    בשם    בימים    <adjective>הרחוקים</adjective>    ההם.    <preposition>על</preposition>    <noun>מפעל</noun>    <noun>תרגום</noun>    <pronoun>זה</pronoun>    <verb>זכתה</verb>    (עם    <noun>פרופ'</noun>    קליין)    בפרס    <properName>טשרניחובסקי</properName>    לתרגום    <date><date>(1998),</date></date>    וכן    בפרס    לתרגום    משפה    <adjective>מיוחדת</adjective>    <shel-preposition>של</shel-preposition>    <noun>משרד</noun>    <noun>התרבות</noun>    <date><date>(2003).</date></date>    <noun>האנתולוגיה</noun>    <noun>רחבת</noun>    <noun>ההיקף</noun>    <verb>מכילה</verb>    <noun>אפוסים</noun>    <conjunction>כמו</conjunction>    "עלילות    גלגמש",    <noun>מיתוסים</noun>    <conjunction>כמו</conjunction>    "אנומה    אליש",    <noun>מחזור</noun>    <noun>שירי</noun>    תמוז-אשתר,    <noun>ספרות</noun>    חוכמה,    <noun>פתגמים</noun>    ועוד.    <noun>מלאכת</noun>    <noun>התרגום</noun>    <verb>נמשכה</verb>    כחמש-עשרה    שנה.    <noun>תרגומים</noun>    <adjective>חדשים</adjective>    שלה    מספרות    <noun>המזרח</noun>    <adjective>הקדום</adjective>    <verb>ראו</verb>    <noun>אור</noun>    בכתבי    <noun>עת</noun>    ובמוספים    לספרות.
      <preposition>בעקבות</preposition>    <noun>מפעל</noun>    <noun>התרגום</noun>    <preposition>מן</preposition>    <properName>השומרית</properName>    והאכדית,    <verb>פירסמה</verb>    <noun>עיבודים</noun>    <shel-preposition>של</shel-preposition>    <noun>האפוסים</noun>    לילדים    ולבני    נוער:עלילות    גלגמש,עם    <noun>ציורים</noun>    <shel-preposition>של</shel-preposition>    <properName>מנשה</properName>    <properName>קדישמן</properName>    <date><date>(2000),</date></date>    <adjective>זכה</adjective>    בפרס    <properName>זאב</properName>    <date><date>2001</date></date>    ובעיטור    <properName>אנדרסן</properName>    <date><date>2002;</date></date>    <noun>עלילות</noun>    <noun>אנזו</noun>    <noun>הנשר</noun>    הגדול,    <numeral>חמישה</numeral>    <noun>אפוסים</noun>    ומיתוסים    מעובדים    לילדים    <date><date>(2009);</date></date>    ועלילות    אינַנַה-אישתר    <date><date>בשאול(2012).
</date>  </date>    בתחום    <noun>המחקר</noun>    <verb>פירסמה</verb>    <at-preposition>את</at-preposition>    הספרים:    <preposition>בין</preposition>    <noun>תנור</noun>    לבריכה,    <noun>מקרא</noun>    בסיפורי    <properName>נסים</properName>    <properName>אלוני</properName>    <date><date>(1981);מעלילות</date></date>    <noun>ראשית</noun>    ועד    <noun>מלכים</noun>    ונביאים–מקורות    <noun>חוץ</noun>    לתוכנית    <noun>הלימודים</noun>    <noun>החדשה</noun>    במקרא    <date><date>(2003);</date></date>    <participle>המלים</participle>    ככישוף    והכישוף    שבמלים,    <noun>שיחות</noun>    <preposition>על</preposition>    <noun>ספרות</noun>    <noun>המזרח</noun>    הקדום,    <preposition>בעקבות</preposition>    <noun>האוניברסיטה</noun>    <participle>המשודרת</participle>    <shel-preposition>של</shel-preposition>    "גלי    צה"ל"    <date><date>(2008).</date></date>    <conjunction>כמו</conjunction>    <conjunction>כן</conjunction>    <verb>ראו</verb>    <noun>אור</noun>    <noun>מאמרים</noun>    <noun>פרי</noun>    <verb>עטה</verb>    <noun>העוסקים</noun>    ביצירותיהם    <shel-preposition>של</shel-preposition>    <noun>משוררים</noun>    וסופרים    ישראליים,    בהם:    <properName>נתן</properName>    אלתרמן,    <properName>יונתן</properName>    רטוש,    <properName>אסתר</properName>    ראב,    <properName>אמיל</properName>    חביבי,    <properName>ע'</properName>    הלל,    <properName>חנוך</properName>    ברטוב,    <properName>אהרן</properName>    אמיר,    <properName>משה</properName>    <properName>דור</properName>    ונתן    זך.
      <noun>ערכה</noun>    <conjunction>גם</conjunction>    <quantifier>כמה</quantifier>    ספרים,    בהם:    <noun>ראשית</noun>    <verb>הימיםמאתיונתן</verb>    <properName>רטוש</properName>    <date><date>(1982),</date></date>    וערכה    <at-preposition>את</at-preposition>    <noun>אנתולוגיית</noun>    <noun>השירה</noun>    "זמרו    לאלה"    שהופיעה    בקטלוג    <noun>אלילות</noun>    <adjective>מקומיות</adjective>    <punctuation>–</punctuation>    מאלות    <adjective>קדמוניות</adjective>    ועד    לנשים    <noun>המיתולוגיות</noun>    <shel-preposition>של</shel-preposition>    <date><date>היום(1994).</date></date>    <conjunction>כמו</conjunction>    <conjunction>כן</conjunction>    <copula>היתה</copula>    <noun>חברת</noun>    <noun>מערכת</noun>    <shel-preposition>של</shel-preposition>    <properName>קשת</properName>    החדשה.
      <preposition>מלבד</preposition>    <noun>הפרסים</noun>    שצוינו,    <verb>זכתה</verb>    <conjunction>גם</conjunction>    בפרס    <noun>נשיא</noun>    <noun>המדינה</noun>    לספרות    בשיתוף    <noun>האוניברסיטה</noun>    <properName>העברית</properName>    <preposition>על</preposition>    <noun>כלל</noun>    יצירתה    <date><date>(2004),</date></date>    בפרס    <properName>ברנר</properName>    למפעל    <noun>חיים</noun>    <date><date>(2007)</date></date>    ובפרס    <adjective>אמ"ת</adjective>    <preposition>על</preposition>    <noun>כלל</noun>    יצירתה    <date><date>(2010).
</date>  </date>    References:    
      בן-שאול,    משה.    "תמצית    החיים".    <noun>עתון</noun>    77    254.    <date><date>2001.</date></date>    10;    לוז,    צבי.    "שירי    מדבר".    <noun>מאזניים</noun>    <properName>ל"ו</properName>    (2).    <date><date>1973.</date></date>    152-151;    קרינסקי,    אביבה.    "פילגשות    כמצב    קיומי".    <noun>עתון</noun>    77    328-327.    <date><date>2008.</date></date>    10;    שוהם,    חיים.    "ארץ    <properName>ישראל</properName>    כתבנית-יסוד    חווייתית".    <properName>מעריב</properName>    ספרות.    <date><date>11.3.1988.</date></date>    3.
    
  		</body>
  	</text>
  </TEI> 
		</body>
	</text>
</TEI>