<?xml version="1.0" encoding="UTF-8"?>
<?xml-model href="http://www.tei-c.org/release/xml/tei/custom/schema/relaxng/tei_all.rng" type="application/xml" schematypens="http://relaxng.org/ns/structure/1.0"?>
<?xml-model href="http://www.tei-c.org/release/xml/tei/custom/schema/relaxng/tei_all.rng" type="application/xml"
	schematypens="http://purl.oclc.org/dsdl/schematron"?>
<TEI xmlns="http://www.tei-c.org/ns/1.0">
   <teiHeader>
      <fileDesc>
         <publicationStmt>
            <p>Publication Information</p>
         </publicationStmt>
         <sourceDesc>
            <p>Information about the source</p>
         </sourceDesc>
      </fileDesc>
   </teiHeader>
   <text>
      <body>
 Name:  שביט,  זהר
  <foreign>Birth</foreign>  Year:  <date>1951
</date>  <foreign>Birth</foreign>  Place:  <properName>תל</properName>  <properName>אביב</properName>  להוריה,
  Occupation:  <verb>חוקרת</verb>  <noun>תרבות</noun>  וספרות
  <foreign>Entry</foreign>  writer:  <noun>מערכת</noun>  הלקסיקון
  <foreign>Entry</foreign>  Value:  
  <verb>נולדה</verb>  בתל  <properName>אביב</properName>  להוריה,  <properName>ציפורה</properName>  ומיכאל  (פיינברג)  דרור.  <at-preposition>את</at-preposition>  <noun>לימודי</noun>  <noun>התיכון</noun>  <verb>עשתה</verb>  <properName>בגימנסיה</properName>  "הרצליה"  בתל  אביב.  <verb>למדה</verb>  לתואר  <numeral>הראשון</numeral>  בחוג  לתורת  <noun>הספרות</noun>  <adjective>הכללית</adjective>  באוניברסיטת  <properName>תל</properName>  אביב,  ולאחר  <verb>מכן</verb>  <verb>המשיכה</verb>  כתלמידת  <noun>המסלול</noun>  <adjective>הישיר</adjective>  לדוקטורט,  בהנחיית  <properName>איתמר</properName>  אבן-זהר.  <noun>נוסח</noun>  <adjective>מעובד</adjective>  <shel-preposition>של</shel-preposition>  <noun>עבודת</noun>  <noun>הדוקטור</noun>  שלה  <verb>ראה</verb>  <noun>אור</noun>  כספר,  <noun>החיים</noun>  <adjective>הספרותיים</adjective>  בארץ-ישראל  <date>1933-1910(הקיבוץ</date>  המאוחד,  <noun>המכון</noun>  <adjective>הישראלי</adjective>  לפואטיקה  וסמיוטיקה  <preposition>ע"ש</preposition>  פורטר,  <date>1982).</date>  <verb>החלה</verb>  <verb>ללמד</verb>  בחוג  לתורת  <noun>הספרות</noun>  הכללית,  ולאחר  <verb>מכן</verb>  <copula>היתה</copula>  <noun>שותפה</noun>  להקמת  <noun>היחידה</noun>  למחקר  התרבות,  שבה  <pronoun>היא</pronoun>  <verb>מכהנת</verb>  כפרופסור  <preposition>מן</preposition>  המניין.  <properName>שביט</properName>  <adjective>נשואה</adjective>  להיסטוריון  ולסופר  <noun>פרופ'</noun>  <properName>יעקב</properName>  שביט.
  <properName>שביטהיא</properName>  <noun>חלוצת</noun>  <noun>מחקר</noun>  <noun>תרבות</noun>  <noun>הילד</noun>  בישראל  ובעלת  <noun>מוניטין</noun>  <adjective>בינלאומי</adjective>  בתחום  <pronoun>זה</pronoun>  ובהיסטוריה  <shel-preposition>של</shel-preposition>  <noun>התרבות</noun>  העברית,  הארץ-ישראלית  והיהודית.  <pronoun>היא</pronoun>  <verb>העמידה</verb>  <noun>תשתית</noun>  <adjective>מושגית</adjective>  ותיאורטית,  <noun>בעלת</noun>  <properName>אוריינטציה</properName>  תרבותית-היסטורית,  בחקר  <noun>תרבות</noun>  <noun>הילד</noun>  והציעה  <noun>מודלים</noun>  <adjective>עקרוניים</adjective>  להתפתחות  <noun>ספרות</noun>  <noun>הילדים</noun>  בארצות  המערב.  באוניברסיטת  <properName>תל</properName>  <properName>אביב</properName>  <verb>ייסדה</verb>  <at-preposition>את</at-preposition>  <noun>התוכנית</noun>  "תרבות  וחינוך  הילד"  ואת  <noun>המסלול</noun>  ללימודים  <adjective>מתקדמים</adjective>  בתרבות  הילד.  <at-preposition>את</at-preposition>  שמה  <adjective>הבינלאומי</adjective>  <verb>קנתה</verb>  בזכות  מחקריה  בתחום  <noun>הטקסטים</noun>  לילדים  <adjective>יהודים</adjective>  בארצות  <noun>דוברות</noun>  <properName>גרמנית</properName>  ומחקרה  <adjective>רחב</adjective>  <noun>היריעה</noun>  <preposition>על</preposition>  <noun>ספרות</noun>  <noun>הילדים</noun>  <adjective>הגרמנית</adjective>  שלאחר  <noun>מלחמת</noun>  <noun>העולם</noun>  השנייה,  כחלק  מהבניית  <noun>תמונת</noun>  <noun>העבר</noun>  <shel-preposition>של</shel-preposition>  <noun>תקופת</noun>  הרייך  השלישי;  ובזכות  מחקריה  <preposition>על</preposition>  <noun>ספרות</noun>  <noun>הילדים</noun>  <adjective>העברית</adjective>  בארץ  <properName>ישראל</properName>  ומחקריה  <preposition>על</preposition>  <noun>ההיסטוריה</noun>  <shel-preposition>של</shel-preposition>  <noun>התרבות</noun>  העברית.
  <verb>פירסמה</verb>  <preposition>עד</preposition>  <adverb>כה</adverb>  <numeral>עשרה</numeral>  <noun>ספרים</noun>  בעברית,  בגרמנית  ובאנגלית.  ספרה  <foreign>Poetics</foreign>  <foreign>of</foreign>  Children's  <foreign>Literature</foreign>  <pronoun>הוא</pronoun>  <noun>מחקר</noun>  <noun>חלוצי</noun>  בתחום  <noun>ספרות</noun>  <noun>הילדים</noun>  בעידן  המודרני.  <noun>נוסח</noun>  <adjective>מעובד</adjective>  ומורחב  <verb>ראה</verb>  <noun>אור</noun>  בעברית  <preposition>תחת</preposition>  <noun>הכותרת</noun>  <noun>מעשה</noun>  ילדות:  <noun>מבוא</noun>  לפואטיקה  <shel-preposition>של</shel-preposition>  <noun>ספרות</noun>  <noun>ילדים</noun>  <date>(1996,</date>  <verb>השתתפה</verb>  בכתיבה:  <properName>בשמת</properName>  אבן-זהר).  <adverb>בנוסף</adverb>  <verb>פירסמה</verb>  בגרמנית  <noun>מחקרים</noun>  <preposition>על</preposition>  <noun>ספרים</noun>  לילדים  <adjective>יהודים</adjective>  בארצות  <noun>דוברות</noun>  גרמנית,  <noun>כולל</noun>  <noun>ביבליוגרפיה</noun>  <shel-preposition>של</shel-preposition>  <noun>הטקסטים</noun>  לילדים  ונוער  <adjective>יהודים</adjective>  במרחב  <noun>דובר</noun>  <adjective>הגרמנית</adjective>  מתקופת  <noun>ההשכלה</noun>  ועד  <date>1945.</date>  <noun>ביבליוגרפיה</noun>  <pronoun>זו</pronoun>  <verb>מהווה</verb>  <noun>תשתית</noun>  לשורה  <shel-preposition>של</shel-preposition>  <noun>מחקרי</noun>  <properName>שדה</properName>  <preposition>על</preposition>  <noun>המגעים</noun>  <preposition>בין</preposition>  <noun>התרבויות</noun>  <adjective>הגרמנית</adjective>  והיהודית  בארצות  <noun>דוברות</noun>  גרמנית.  
  בספרה  <verb>עבר</verb>  בלא  <noun>צל</noun>  <date>(1999)</date>  <verb>עסקה</verb>  בבניית  <noun>תמונת</noun>  <noun>העבר</noun>  <shel-preposition>של</shel-preposition>  <noun>תקופת</noun>  הרייך  <numeral>השלישי</numeral>  במערב-גרמניה  <conjunction>לאחר</conjunction>  <noun>מלחמת</noun>  <noun>העולם</noun>  <numeral>השנייה</numeral>  בספרי  ילדים.  ספרה  בנייתה  <shel-preposition>של</shel-preposition>  <noun>תרבות</noun>  עברית–  <verb>כרך</verb>  <numeral>חמישי</numeral>  בסדרה"תולדות  <noun>היישוב</noun>  <adjective>היהודי</adjective>  בארץ  <properName>ישראל</properName>  <adverb>מאז</adverb>  <noun>העלייה</noun>  הראשונה"  <date>(1998),</date>  <pronoun>הוא</pronoun>  <noun>המחקר</noun>  <adjective>המקיף</adjective>  <numeral>הראשון</numeral>  <preposition>על</preposition>  <noun>היווצרות</noun>  <noun>הממסדים</noun>  <shel-preposition>של</shel-preposition>  <noun>התרבות</noun>  <adjective>העברית</adjective>  בתקופת  <noun>היישוב</noun>  בארץ  ישראל.  <verb>פירסמה</verb>  <numeral>עשרות</numeral>  <noun>מאמרים</noun>  בשפות  <adjective>שונות</adjective>  ועמדה  בראש  <noun>פרויקטים</noun>  מחקריים,  שנערכו  בשיתוף  <noun>פעולה</noun>  <preposition>עם</preposition>  <noun>חוקרים</noun>  בארץ,  בגרמניה  ובצרפת.  
  <properName>שביט</properName>  <adjective>מעורבת</adjective>  בפעילות  <adjective>ציבורית</adjective>  <adjective>ענפה</adjective>  בתחומי  התרבות.  בהיותה  <noun>יועצת</noun>  לשר  המדע,  <noun>התרבות</noun>  והספורט  <properName>מתן</properName>  וילנאי,  <verb>קידמה</verb>  <at-preposition>את</at-preposition>  <noun>חוק</noun>  הקולנוע,  <noun>חוק</noun>  <noun>הספריות</noun>  <adjective>הציבוריות</adjective>  וחוק  <noun>המועצה</noun>  <adjective>הציבורית</adjective>  לתרבות,  ושימשה  <noun>יועצת</noun>  לוועדת  <noun>החינוך</noun>  והתרבות  <shel-preposition>של</shel-preposition>  הכנסת.  <conjunction>כמו</conjunction>  <conjunction>כן</conjunction>  <copula>היתה</copula>  <noun>חברת</noun>  <noun>מועצת</noun>  <noun>הרשות</noun>  <numeral>השנייה</numeral>  לקולנוע  וטלוויזיה,  ועמדה  בראש  "ועדת  <properName>חזון</properName>  אלפיים"  שגיבשה  <at-preposition>את</at-preposition>  <noun>קווי</noun>  <noun>היסוד</noun>  <shel-preposition>של</shel-preposition>  <noun>מדיניות</noun>  <noun>התרבות</noun>  במדינת  ישראל.  <pronoun>היא</pronoun>  <noun>יועצת</noun>  לראש  <noun>עיריית</noun>  <properName>תל</properName>  אביב-יפו  <properName>רון</properName>  <properName>חולדאי</properName>  בנושאי  תרבות,  ויזמה  <at-preposition>את</at-preposition>  <noun>פרויקט</noun>  "שירה  <preposition>על</preposition>  הדרך".
  <verb>תירגמה</verb>  לעברית  <noun>ספרי</noun>  <noun>ילדים</noun>  מהקאנון  האנגלו-סקסי  <shel-preposition>של</shel-preposition>  <numeral>המאה</numeral>  העשרים.  בהם:  <properName>יו</properName>  לופטינג,עלילות  <properName>דוליטל</properName>  <date>הרופא(1975);</date>  <properName>א"ב</properName>  וייט,סטיוארט  <date>קטינא(1977);</date>  <properName>רוברט</properName>  לוסון,הגנרל  <shel-preposition>של</shel-preposition>  <noun>אמורי</noun>  <noun>הצעיר</noun>  <date>(1978);</date>  <properName>רואלד</properName>  דאל,דני  <noun>אלוף</noun>  <noun>העולם</noun>  <date>(1984);</date>  <properName>א"ב</properName>  וייט,חוות  <date>הקסמים(1977;</date>  מהדורה  <adjective>חדשה</adjective>  וערוכה,  <date>2007),</date>  <noun>תרגום</noun>  שעליו  <verb>זכתה</verb>  בעיטור  <properName>אנדרסן</properName>  לתרגומי  <noun>מופת</noun>  <date>ב-1978.
</date>  References:  
 
		</body>
	</text>
</TEI>