<?xml version="1.0" encoding="UTF-8"?>
<?xml-model href="http://www.tei-c.org/release/xml/tei/custom/schema/relaxng/tei_all.rng" type="application/xml" schematypens="http://relaxng.org/ns/structure/1.0"?>
<?xml-model href="http://www.tei-c.org/release/xml/tei/custom/schema/relaxng/tei_all.rng" type="application/xml"
	schematypens="http://purl.oclc.org/dsdl/schematron"?>
<TEI xmlns="http://www.tei-c.org/ns/1.0">
   <teiHeader>
      <fileDesc>
         <publicationStmt>
            <p>Publication Information</p>
         </publicationStmt>
         <sourceDesc>
            <p>Information about the source</p>
         </sourceDesc>
      </fileDesc>
   </teiHeader>
   <text>
      <body>
 Name:  שבתאי,  ננו
  <foreign>Birth</foreign>  Year:  <date>1975
</date>  <foreign>Birth</foreign>  Place:  <properName>ירושליםולמדה</properName>  <adverb>שם</adverb>  במגמת
  Occupation:  <noun>משוררת</noun>  ומחזאית
  <foreign>Entry</foreign>  writer:  <properName>נעמי</properName>  ברנשטיין
  <foreign>Entry</foreign>  Value:  
  <verb>נולדה</verb>  <verb>בירושליםולמדה</verb>  <adverb>שם</adverb>  במגמת  <properName>תיאטרון</properName>  בתיכון  לאמנויות.  בהמשך  <verb>השלימה</verb>  <noun>לימודי</noun>  <noun>משחק</noun>  ובימוי  במכללת  "סמינר  הקיבוצים"  ולימודי  <properName>תסריטאות</properName>  בבית  <noun>הספר</noun>  <properName>סם</properName>  <properName>שפיגל</properName>  לקולנוע  וטלוויזיה.  בתו  <shel-preposition>של</shel-preposition>  <noun>המשורר</noun>  והמתרגם  <properName>אהרן</properName>  <properName>שבתאי</properName>  ואחייניתו  <shel-preposition>של</shel-preposition>  <noun>הסופר</noun>  <properName>יעקב</properName>  שבתאי.
  <verb>החלה</verb>  <at-preposition>את</at-preposition>  דרכה  <adjective>האמנותית</adjective>  בעולם  התיאטרון.  <preposition>לאחר</preposition>  <noun>סיום</noun>  לימודיה  ב"סמינר  הקיבוצים"  <verb>כתבה</verb>  <at-preposition>את</at-preposition>  <noun>המחזה</noun>  <verb>להגיד</verb>  <verb>מותר</verb>  הכל,  שהוצג  <date>ב-2001</date>  בתיאטרון  <properName>הרצליה</properName>  (בימוי:  <properName>גדליה</properName>  בסר).  <noun>המחזה</noun>  <verb>מתאר</verb>  <noun>משפחה</noun>  מפורקת,  <noun>ילדים</noun>  שהם  <noun>פרי</noun>  <shel-preposition>של</shel-preposition>  <noun>בית</noun>  <noun>גידול</noun>  משובש,  <verb>שבו</verb>  <noun>עקרונות</noun>  <noun>הפסיכולוגיה</noun>  <verb>החליפו</verb>  <noun>עקרונות</noun>  <noun>מוסר</noun>  ושימשו  <noun>לגיטימציה</noun>  להתנהגות  <adjective>חסרת</adjective>  <noun>אחריות</noun>  <shel-preposition>של</shel-preposition>  <noun>המבוגרים</noun>  במשפחה.  בהמשך  <verb>כתבה</verb>  וביימה  <quantifier>כמה</quantifier>  <noun>מחזות</noun>  נוספים,  בהם:  <noun>הרמוניה</noun>  (מחזמר  לילדים)  וקורבנות  <noun>החובה</noun>  (עיבוד  ובימוי  <shel-preposition>של</shel-preposition>  <noun>מחזה</noun>  <preposition>מאת</preposition>  <properName>אז'ן</properName>  יונסקו).  <adverb>חלק</adverb>  ממחזותיה  <verb>מנהלים</verb>  <noun>דיאלוג</noun>  <adjective>ברור</adjective>  <preposition>עם</preposition>  <noun>יצירות</noun>  אחרות.  למשל,  <noun>המחזה</noun>  <noun>בובות</noun>  <verb>מבוסס</verb>  <preposition>על</preposition>  ספרו  <shel-preposition>של</shel-preposition>  <properName>פול</properName>  <properName>גאליקו</properName>  <noun>אהבת</noun>  <numeral>שבע</numeral>  הבובות.    
  <adverb>במקביל</adverb>  לעשייה  בתחום  התיאטרון,  <verb>פירסמה</verb>  <noun>שירים</noun>  במוספי  <noun>הספרות</noun>  ובכתבי  עת.  <conjunction>כמו</conjunction>  כן,  <noun>סיפורים</noun>  <adjective>קצרים</adjective>  <noun>פרי</noun>  עטה  <verb>ראו</verb>  <noun>אור</noun>  באסופות  <verb>עושים</verb>  <at-preposition>את</at-preposition>  <pronoun>זה</pronoun>  (עורכת:  <properName>בתיה</properName>  גור,  <date>2001)</date>  ומעבר  לסף  <punctuation>–</punctuation>  <noun>סיפורת</noun>  <adjective>ישראלית</adjective>  <adjective>עכשווית</adjective>  (עורכת:  <properName>דנה</properName>  אולמרט,  <date>2003).</date>  <noun>הדוברים</noun>  ברבים  מסיפוריה  (למשל:  "התאונה",  "מוות  פליק-פלאק  לאחור",  "ברית  <conjunction>בין</conjunction>  הבדלים"  ו"דה-קונסטרוקציה")  <pronoun>הם</pronoun>  ילדים,  <noun>בנים</noun>  <conjunction>או</conjunction>  בנות,  <conjunction>כאשר</conjunction>  <verb>נוצר</verb>  <noun>מתח</noun>  <conjunction>בין</conjunction>  <noun>השפה</noun>  הישירה,  הכמו-ילדותית  <shel-preposition>של</shel-preposition>  <noun>הדוברים</noun>  ובין  <noun>האירועים</noun>  שהיא  מגוללת.  
  <noun>ספר</noun>  שיריה  הראשון,  <noun>ילדת</noun>  <noun>הברזל</noun>  (משכל,  <date>2006),</date>  שעליו  <verb>זכתה</verb>  בפרס  <properName>אקו"ם</properName>  לעידוד  יצירה,  <pronoun>הוא</pronoun>  <noun>ספר</noun>  <adjective>אישי</adjective>  מאוד,  ועם  <pronoun>זאת</pronoun>  <adjective>בולט</adjective>  בו  <noun>היסוד</noun>  התיאטרלי.  בחלק  <adjective>גדול</adjective>  מהשירים  <pronoun>היא</pronoun>  ממחיזה  <noun>סיטואציות</noun>  אינטימיות.  <noun>השפה</noun>  <adjective>בוטה</adjective>  מאוד,  ולרוב  <adjective>מקוטעת</adjective>  ומשבשת  <adverb>במכוון</adverb>  <at-preposition>את</at-preposition>  התחביר.  <noun>השירים</noun>  <adjective>מלאים</adjective>  במוזיקה  פנימית.  <noun>היסוד</noun>  <adjective>האוטוביוגרפי</adjective>  <adjective>בולט</adjective>  בספר,  <adverb>במיוחד</adverb>  <conjunction>כאשר</conjunction>  <pronoun>היא</pronoun>  <verb>משלבת</verb>  בשירים  <noun>פניות</noun>  <adjective>ישירות</adjective>  לבני  משפחה,  ובאופן  <adjective>בולט</adjective>  לאביה,  <noun>המשורר</noun>  <properName>אהרן</properName>  שבתאי.  <numeral>שלושה</numeral>  <noun>שירים</noun>  <verb>מוקדשים</verb>  <preposition>לשם</preposition>  "ננו"  שהעניק  לה  האב,  ובאחד  מהם  <pronoun>היא</pronoun>  <conjunction>אף</conjunction>  <verb>משבצת</verb>  <noun>שורה</noun>  <preposition>מתוך</preposition>  <numeral>אחד</numeral>  משיריו.  <noun>היחס</noun>  <preposition>אל</preposition>  <noun>האב</noun>  <participle>העולה</participle>  <preposition>מן</preposition>  <noun>השירים</noun>  <pronoun>הוא</pronoun>  <shel-preposition>של</shel-preposition>  <noun>כעס</noun>  <adverb>יחד</adverb>  <preposition>עם</preposition>  <noun>אהבה</noun>  ותחושת  בגידה.  <adverb>חלק</adverb>  מהשירים  <verb>מתארים</verb>  <noun>חוויות</noun>  והזיות  קיצוניות:  אלימות,  <noun>גילוי</noun>  <noun>עריות</noun>  ואובססיות.  ואולם  <noun>הטון</noun>  <adjective>ההומוריסטי</adjective>  <noun>הנספח</noun>  לשירים,  <conjunction>בין</conjunction>  <noun>השאר</noun>  <preposition>באמצעות</preposition>  <noun>שילוב</noun>  <noun>שירי</noun>  ילדים,  <noun>פרודיות</noun>  <noun>קלילות</noun>  ועוד,  מאפק  <at-preposition>את</at-preposition>  <noun>האווירה</noun>  הקשה.  
  <date>ב-2010</date>  <verb>ראה</verb>  <noun>אור</noun>  <noun>ספר</noun>  <participle>הכולל</participle>  <numeral>שלושה</numeral>  ממחזותיה:  <verb>להגיד</verb>  <verb>מותר</verb>  הכל,  <verb>ילדה</verb>  בגן  והקוקסינלים  (שלושה  מחזות,  <noun>הוצאת</noun>  עמדה).
  References:  
  בז'רנו,  מאיה.  "משהו  <noun>מזכיר</noun>  בלוג:  <noun>יומן</noun>  <noun>שירי</noun>  מקוון".  <noun>הארץ</noun>  ספרים.  <date>1.3.2006.</date>  6;  לאור,  יצחק.  "בנות  שנעזבו  ולא  גדלו".  <noun>הארץ</noun>  <noun>תרבות</noun>  וספרות.  <date>1.9.2006.</date>  2;  סתיו,  שירה.  "אבות  ובנות:  <noun>המלכוד</noun>  <shel-preposition>של</shel-preposition>  <noun>גילוי</noun>  העריות".  <noun>תיאוריה</noun>  וביקורת  37.  <date>2010.</date>  95-69.
 
		</body>
	</text>
</TEI>