<?xml version="1.0" encoding="UTF-8"?>
<?xml-model href="http://www.tei-c.org/release/xml/tei/custom/schema/relaxng/tei_all.rng" type="application/xml" schematypens="http://relaxng.org/ns/structure/1.0"?>
<?xml-model href="http://www.tei-c.org/release/xml/tei/custom/schema/relaxng/tei_all.rng" type="application/xml"
	schematypens="http://purl.oclc.org/dsdl/schematron"?>
<TEI xmlns="http://www.tei-c.org/ns/1.0">
   <teiHeader>
      <fileDesc>
         <publicationStmt>
            <p>Publication Information</p>
         </publicationStmt>
         <sourceDesc>
            <p>Information about the source</p>
         </sourceDesc>
      </fileDesc>
   </teiHeader>
   <text>
      <body>
 Name:  שופמן,  גרשֹם
  <foreign>Birth</foreign>  Year:  <date>1880
</date>  <foreign>Death</foreign>  Year:  <date>1972
</date>  <foreign>Birth</foreign>  Place:  אוֹרְשָה,  <noun>פלך</noun>  מוהילוב,
  Occupation:  סופר,  <noun>עורך</noun>  ומתרגם
  <foreign>Entry</foreign>  writer:  <properName>נורית</properName>  גוברין
  <foreign>Entry</foreign>  Value:  
  <verb>נולד</verb>  באוֹרְשָה,  <noun>פלך</noun>  מוהילוב,  <properName>רוסיה</properName>  הלבנה,  כבן  למשפחת  <verb>מלמדים</verb>  <noun>ענייה</noun>  מחסידי  חב"ד.  <verb>למד</verb>  בחדר  ומגיל  אחת-עשרה  <verb>נשלח</verb>  לישיבות  <properName>בדוֹברוֹבְּנָה</properName>  ובוִויטבּסק.  במשפחה  <copula>היו</copula>  <numeral>שלושה</numeral>  <noun>בנים</noun>  ובת:  <properName>משה</properName>  הבכור,  גרשם,  <properName>זליג</properName>  וחסיה.  <noun>שני</noun>  <adjective>האחרונים</adjective>  <verb>נספו</verb>  <properName>באורשה</properName>  <noun>עם</noun>  <noun>אנשי</noun>  <noun>הקהילה</noun>  במלחמת  <noun>העולם</noun>  השנייה.  בהשפעת  משה,  <noun>האח</noun>  הבכור,  <verb>התחיל</verb>  בלימודי  <noun>חול</noun>  <adjective>כאוטודידקט</adjective>  והכיר  <adverb>מקרוב</adverb>  <at-preposition>את</at-preposition>  <noun>הספרות</noun>  <adjective>העברית</adjective>  והרוסית.  מכתביו  <preposition>אל</preposition>  <noun>האח</noun>  <copula>היו</copula>  ניסיונותיו  <adjective>הספרותיים</adjective>  הראשונים.
  <noun>תחנות</noun>  חייו  <verb>מתחלקות</verb>  לשלוש  תקופות,  <adverb>בהתאם</adverb>  למקומות  שבהם  חי:  א.  ורשה,  <noun>השירות</noun>  בצבא  ולבוב  <date>(1913-1901);</date>  ב.  אוסטריה:  וינה,  וֶצֶלְסְדוֹרְף  <date>(1938-1913);</date>  ג.  <noun>ארץ</noun>  <properName>ישראל</properName>  <punctuation>–</punctuation>  <properName>תלאביב</properName>  וחיפה  <date>(1972-1938).</date>  <date>ב-1901</date>  <verb>הגיע</verb>  לוורשה  במטרה  <verb>להוציא</verb>  לאור  <at-preposition>את</at-preposition>  ספרו  הראשון,סיפורים  <date>וציורים(1902),</date>  בהוצאת  <noun>תושיה</noun>  <shel-preposition>של</shel-preposition>  <properName>בן</properName>  אביגדור.  <adverb>שם</adverb>  <verb>נפגש</verb>  <noun>עם</noun>  <noun>סופרי</noun>  <properName>יידיש</properName>  ועברית,  בהם  ברדיצ'בסקי,  נומברג,  פרישמן,  פרץ,  רייזין.  סיפוריו  <adjective>הקצרים</adjective>  <verb>משכו</verb>  <adverb>מיד</adverb>  <at-preposition>את</at-preposition>  <noun>תשומת</noun>  <noun>הלב</noun>  בחידושי  <noun>הסגנון</noun>  והתוכן  שלהם  וקבעו  <at-preposition>את</at-preposition>  מקומו  כאחד  מחבורת  "הצעירים״,  שעמה  <verb>נמנו</verb>  <noun>ז"י</noun>  אנוכי,  <properName>ברנר</properName>  וגנסין.  <noun>סיפורי</noun>  <noun>הקובץ</noun>  <adjective>שייכים</adjective>  <adverb>אמנם</adverb>  לדמויות  "התלושים"  שאפיינו  <at-preposition>את</at-preposition>  <noun>ספרות</noun>  הדור,  <conjunction>אבל</conjunction>  <verb>ניתן</verb>  להם  <noun>עיצוב</noun>  <adjective>חדש</adjective>  ונועז.  <adverb>כבר</adverb>  <verb>בספר</verb>  <numeral>ראשון</numeral>  <pronoun>זה</pronoun>  <verb>ניכרו</verb>  <noun>מאפיינים</noun>  <adjective>מובהקים</adjective>  שעתידים  <verb>ללוות</verb>  <at-preposition>את</at-preposition>  יצירתו  בעתיד.
  בשנים  <date>1904-1902</date>  <verb>שירת</verb>  <properName>שופמן</properName>  בצבא  הרוסי,  <verb>נחשף</verb>  לאנטישמיות  בשורותיו  והיה  <preposition>עד</preposition>  <noun>לפרעותשעשו</noun>  "חבריו"  <noun>החיילים</noun>  ביהודים  והביאו  <quantifier>אותו</quantifier>  להערצת  הכוח.  <noun>עם</noun>  <verb>פרוץ</verb>  <noun>מלחמת</noun>  יפן-רוסיה  <date>(13.3.1904)</date>  <verb>ערק</verb>  <preposition>מן</preposition>  <noun>הצבא</noun>  הרוסי,  <verb>הבריח</verb>  <at-preposition>את</at-preposition>  <noun>הגבול</noun>  לגליציה,  <properName>נאסר</properName>  והתיישב  <properName>בלבוב</properName>  (למברג),  <verb>שבה</verb>  <verb>גר</verb>  כתשע  שנים,  <preposition>עד</preposition>  <noun>קיץ</noun>  <date>1913.</date>  <noun>חוויית</noun>  <noun>הפליט</noun>  ובית  <noun>הסוהר</noun>  <verb>נוספו</verb>  לחוויות  <participle>המפרנסות</participle>  <at-preposition>את</at-preposition>  סיפוריו,  <adverb>יחד</adverb>  <noun>עם</noun>  <noun>אווירת</noun>  <properName>גליציה</properName>  <adjective>היהודית</adjective>  והלא-יהודית.  <noun>תקופת</noun>  <noun>לבוב</noun>  <copula>היתה</copula>  חשובה,  <adjective>אינטנסיבית</adjective>  ומגוונת  ביותר:  ביקורת,  שירה,  תרגום,  עריכה,  ובעיקר  <noun>כתיבת</noun>  פרוזה.  בתקופה  <pronoun>זו</pronoun>  <verb>פירסם</verb>  <numeral>חמישים</numeral>  <noun>סיפורים</noun>  (בכתבי  <noun>העת</noun>  <noun>השילוח</noun>  והמעורר),  שנאספו  בשלושה  קבצים:  <date>רשימות(1908);</date>  <conjunction>מאידך</conjunction>  <properName>גיסא</properName>  <date>(1909);</date>  <noun>סיפורים</noun>  <date>וציורים(1914;</date>  <date>1919).</date>    
  <date>ב-1908,</date>  <noun>עם</noun>  <verb>הגיעו</verb>  <shel-preposition>של</shel-preposition>  <properName>ברנר</properName>  אליו  ללבוב,  <verb>שיתפו</verb>  <numeral>השניים</numeral>  <noun>פעולה</noun>  בנושאים  ספרותיים,  <conjunction>כמו</conjunction>  <noun>עריכת</noun>  <noun>כתב</noun>  <noun>העת</noun>  רביבים,  ועמדו  <adverb>יחד</adverb>  במוקד  <noun>הוויכוח</noun>  <adjective>הספרותי</adjective>  <adjective>הסוער</adjective>  <preposition>על</preposition>  <noun>המודרניזם</noun>  בספרות  העברית.  לקשרים  <adjective>המורכבים</adjective>  ביניהם  <verb>ניתן</verb>  <noun>ביטוי</noun>  <adjective>מוסווה</adjective>  בסיפוריהם  וגלוי  במכתביהם.  
  במאסף  <adjective>הספרותי</adjective>  <date>שלכת(1911)</date>  בעריכתו  <verb>פורסמו</verb>  יצירותיהם  <shel-preposition>של</shel-preposition>  <noun>מיטב</noun>  <noun>סופרי</noun>  הדור.  <conjunction>כמו</conjunction>  <conjunction>כן</conjunction>  <verb>השתתף</verb>  בעריכת  <date>סנונית(1912),</date>  <verb>שבו</verb>  <verb>פורסם</verb>  שירו  <adjective>העברי</adjective>  <numeral>הראשון</numeral>  <shel-preposition>של</shel-preposition>  <properName>אורי</properName>  <properName>צבי</properName>  גרינברג.  בקיץ  <date>1913</date>  <verb>עבר</verb>  לווינה  ושהה  בה  בשנות  <noun>מלחמת</noun>  <noun>העולם</noun>  <numeral>הראשונה</numeral>  כפליט  <adjective>יהודי</adjective>  <noun>בעל</noun>  <noun>נתינות</noun>  זרה.  <adverb>שם</adverb>  <verb>התוודע</verb>  לסופרים  נוספים,  בהם  <properName>אברהם</properName>  <properName>בן</properName>  יצחק,  <properName>דוד</properName>  פוגל,  <noun>מלך</noun>  ראוויטש.  רישומה  <shel-preposition>של</shel-preposition>  <noun>תקופה</noun>  <pronoun>זו</pronoun>  <verb>נשאר</verb>  בסיפוריו,  <adverb>בעיקר</adverb>  באלה  שפורסמו  בהתקופה,כמו  "מלחמה  ושלום"  <date>(1921),</date>  "במצור  ובמצוק"  <date>(1922).</date>  בשנות  <noun>המלחמה</noun>  <verb>הכיר</verb>  <at-preposition>את</at-preposition>  <pronoun>אני</pronoun>  <noun>פלנק</noun>  <adjective>היפה</adjective>  <noun>בת</noun>  השש-עשרה,  ממשפחת  <noun>איכרים</noun>  <noun>אוסטרית</noun>  מאזור  שטיריה,  שנעשתה  לימים  רעייתו  (אפריל  <date>1920),</date>  <verb>התגיירה</verb>  וליוותה  <quantifier>אותו</quantifier>  <quantifier>יותר</quantifier>  מחמישים  שנה.  <noun>השילוב</noun>  <shel-preposition>של</shel-preposition>  <noun>אהבה</noun>  <noun>בצל</noun>  <noun>המלחמה</noun>  <verb>בא</verb>  לידי  <noun>ביטוי</noun>  בסיפוריו  משנים  אלה,  בהם  "סוף  סוף"  <date>(1919);</date>  "בימי  <verb>הרג</verb>  רב"  <date>(1920);</date>  "קול  הדמים"  <date>(1922).
</date>  <conjunction>לאחר</conjunction>  <noun>שהות</noun>  <adjective>קצרה</adjective>  <properName>בבאדן</properName>  <verb>השתקעו</verb>  בכפר  וצלסדורף,  <preposition>ליד</preposition>  <noun>העיר</noun>  <properName>גראץ</properName>  באזור  שטיריה,  <adverb>שם</adverb>  <verb>נולדו</verb>  בנו  פטר-משה  <date>(1922)</date>  ובתו  טרודה-אסתר  <date>(1924).</date>  <noun>נושאי</noun>  סיפוריו  מתקופה  <pronoun>זו</pronoun>  <participle>שאובים</participle>  מסביבתו  הקרובה:  נישואיו,  ילדיו  והכפר  <noun>האוסטרי</noun>  היפה,  <adjective>האכזרי</adjective>  והאנטישמי.  למשל,  "אדם  בארץ"  <date>(1923);</date>  "עיניים  ונהרות"  <date>(1927);</date>  "אור  חדש"  <date>(1935).</date>  <properName>א"י</properName>  <properName>שטיבל</properName>  <verb>תמך</verb>  בו,  ובעזרתו  <noun>ערך</noun>  <properName>שופמן</properName>  <at-preposition>את</at-preposition>  <noun>כתב</noun>  <noun>העת</noun>  <date>גבולות(1919,</date>  <noun>עם</noun>  <properName>צבי</properName>  דיזנדרוק)  ואת  <noun>המאסף</noun>  החד-פעמי  <noun>פרט</noun>  <date>(1924),</date>  <verb>תירגם</verb>  ובעיקר  <verb>הרחיב</verb>  <at-preposition>את</at-preposition>  <noun>היריעה</noun>  <shel-preposition>של</shel-preposition>  סיפוריו,  <noun>כתב</noun>  <noun>מסות</noun>  ודברי  <noun>עיון</noun>  ושקד  <preposition>על</preposition>  כינוסם  בארבעה  <noun>כרכים</noun>  <date>(1934-1927).</date>  <pronoun>הוא</pronoun>  <verb>סבל</verb>  מקשיים  כלכליים,  <adverb>בעיקר</adverb>  בעת  <noun>המשבר</noun>  בהוצאת  <properName>שטיבל</properName>  <date>(1927-1924).</date>  סיפוריו  מתקופה  <pronoun>זו</pronoun>  <verb>מבשרים</verb>  <at-preposition>את</at-preposition>  <noun>עליית</noun>  <noun>הנאציזם</noun>  שחש  בה  בסביבתו  הקרובה,  <adverb>יחד</adverb>  <noun>עם</noun>  מצוקתו  הכלכלית,  בהם  "בימי  <noun>שרב</noun>  <adjective>כבדים</adjective>  <verb>אלה...״</verb>  <date>(1925);</date>  "בלי  דאגות"  <date>(1931);</date>  "יהודי  זקן"  <date>(1932).</date>  <adverb>אז</adverb>  <conjunction>גם</conjunction>  <verb>גדל</verb>  מספרן  <shel-preposition>של</shel-preposition>  ה"רשימות"  ופחת  מספרם  <shel-preposition>של</shel-preposition>  הסיפורים.
  <preposition>על</preposition>  <noun>אף</noun>  ריחוקו  <adjective>הגיאוגרפי</adjective>  <preposition>עקב</preposition>  בהתמדה  <adjective>אחר</adjective>  <participle>הנעשה</participle>  בספרות  <adjective>העברית</adjective>  בארץ  ישראל,  <verb>התכתב</verb>  <noun>עם</noun>  <properName>אשר</properName>  ברש,  <properName>ברל</properName>  כצנלסון,  <properName>שלמה</properName>  <properName>צמח</properName>  ועוד.  <verb>השתתף</verb>  בפולמוסים  <adjective>הסוערים</adjective>  <preposition>בין</preposition>  <noun>החבורות</noun>  <adjective>הספרותיות</adjective>  <shel-preposition>של</shel-preposition>  <noun>אנשי</noun>  <noun>כתובים</noun>  וטורים  <preposition>לבין</preposition>  <noun>אנשי</noun>  מאזניים,  שתמך  בהם  ככותב  בעיתון  <noun>דבר</noun>  ובמאזניים.  ביולי  <date>1938</date>  <verb>עלה</verb>  <properName>שופמן</properName>  <noun>עם</noun>  משפחתו  לארץ  <properName>ישראל</properName>  <preposition>בעזרת</preposition>  <properName>ברל</properName>  כצנלסון,  <verb>התיישב</verb>  <properName>בתלאביב</properName>  (עד  <properName>אפריל</properName>  <date>1954)</date>  וזכה  לקבלת  <noun>פנים</noun>  <adjective>חמה</adjective>  <preposition>מצד</preposition>  אוהדיו.  בסיפוריו  הארץ-ישראליים  <verb>נתן</verb>  <noun>ביטוי</noun>  למאורעות  <date>1939-1936,</date>  <conjunction>למשל</conjunction>  "בין  <properName>גלבוע</properName>  לגלעד"  (אפריל  <date>1939),</date>  "הנשיקה"  (מרס  <date>1940).</date>  <pronoun>הוא</pronoun>  <copula>היה</copula>  מהראשונים  שנתנו  <noun>ביטוי</noun>  ביצירתם  לאימי  <noun>השואה</noun>  ("אוֹרשה״,  <date>29.8.1941)</date>  ולחוויה  <shel-preposition>של</shel-preposition>  <properName>תלאביב</properName>  המופצצת:  "חבלי  מקלט"  <date>(12.7.1940);</date>  "תל-אביב"  <date>(20.9.1940).</date>  רשימותיו  הארץ-ישראליות  כונסו  <adverb>בבטרם</adverb>  <date>ארגעה(1942).
</date>  <date>ב-1945</date>  נעשה,  בהמלצתו  <shel-preposition>של</shel-preposition>  <properName>א"צ</properName>  גרינברג,  לעורך  <noun>המדור</noun>  לספרות  <shel-preposition>של</shel-preposition>  <noun>השבועון</noun>  <noun>הד</noun>  <properName>ירושלים</properName>  שהוציא  <properName>יהושע</properName>  טן-פי.  <date>ב-1946</date>  <verb>הופיע</verb>  <noun>הכרך</noun>  <numeral>הראשון</numeral>  <shel-preposition>של</shel-preposition>  <quantifier>כל</quantifier>  כתביו  בהוצאת  <noun>עם</noun>  עובד.  <numeral>שלושת</numeral>  <noun>הכרכים</noun>  <adjective>האחרים</adjective>  <verb>הופיעו</verb>  <date>ב-1952.</date>  <date>ב-1947</date>  <noun>ערך</noun>  <at-preposition>את</at-preposition>  <adverb>מעט</adverb>  מהרבה  <punctuation>–</punctuation>  <adjective>מאסף</adjective>  <noun>סופרי</noun>  <noun>ארץ</noun>  ישראל,  <verb>שבו</verb>  <verb>פורסמה</verb>  <adverb>לראשונה</adverb>    עדותו  <shel-preposition>של</shel-preposition>  <properName>ק'</properName>  <noun>צטניק</noun>  (יחיאל  די-נור)  <preposition>על</preposition>  השואה.  <conjunction>כמו</conjunction>  <conjunction>כן</conjunction>  <noun>ערך</noun>  <at-preposition>את</at-preposition>  <noun>המדור</noun>  לספרות  <shel-preposition>של</shel-preposition>  <noun>ידיעות</noun>  <date>אחרונות(1948)</date>  והשתתף  בו  בכל  <noun>שבוע</noun>  במדורו  "נצנוצים"  <preposition>עד</preposition>  <properName>מרס</properName>  <date>1960.</date>  <date>ב-1954</date>  <verb>עבר</verb>  <noun>עם</noun>  <noun>קבוצת</noun>  <noun>סופרים</noun>  לחיפה,  <preposition>לפי</preposition>  הזמנתו  <shel-preposition>של</shel-preposition>  <noun>ראש</noun>  <noun>העירייה</noun>  דאז,  <properName>אבא</properName>  חושי.  באותה  <noun>שנה</noun>  <verb>הופיע</verb>  <noun>הכרך</noun>  <numeral>החמישי</numeral>  <shel-preposition>של</shel-preposition>  <quantifier>כל</quantifier>  כתביו.  <date>ב-1967הופיעילקוט</date>  <noun>סיפורים</noun>  שלו  <noun>עם</noun>  <noun>מבוא</noun>  <shel-preposition>של</shel-preposition>  <properName>שלום</properName>  קרמר.  <preposition>על</preposition>  <noun>אף</noun>  פעילותו  <adjective>הספרותית</adjective>  בארץ  <properName>ישראל</properName>  ובמדינת  ישראל,  <verb>חש</verb>  <at-preposition>את</at-preposition>  <pronoun>עצמו</pronoun>  כ"מי  שהיה"  והצטער  שדור  <noun>הסופרים</noun>  <noun>הצעירים</noun>  <copula>אינו</copula>  <verb>מכיר</verb>  אותו.  <noun>יום</noun>  הולדתו  <numeral>התשעים</numeral>  <verb>נחוג</verb>  במסיבה  בבית  <noun>הנשיא</noun>  <properName>זלמן</properName>  <properName>שז"ר</properName>  (אפריל  <date>1970).</date>  
  <properName>שופמן</properName>  <pronoun>הוא</pronoun>  <noun>אמן</noun>  <noun>הסיפור</noun>  הקצר,  התמציתי,  <participle>הבנוי</participle>  היטב,  <noun>המרכז</noun>  <at-preposition>את</at-preposition>  <noun>מלוא</noun>  משמעותה  <shel-preposition>של</shel-preposition>  <noun>המציאות</noun>  בפרט  <adjective>מייצג</adjective>  <numeral>אחד</numeral>  והמצטיין  בסיומי  <noun>פואנטה</noun>  מגוונים.  ביצירתו  <verb>הצליח</verb>  <verb>להפוך</verb>  <at-preposition>את</at-preposition>  <adjective>הפרטי</adjective>  למשותף  לרבים,  <conjunction>כשם</conjunction>  מסתו  <date>(1929).</date>  חוויותיו  הביוגרפיות,  <participle>המשמשות</participle>  <noun>אבני</noun>  <noun>יסוד</noun>  ביצירתו,  <conjunction>הן</conjunction>  <conjunction>גם</conjunction>  <noun>יומן</noun>  <adjective>ספרותי</adjective>  <shel-preposition>של</shel-preposition>  <noun>דור</noun>  שלם.  <quantifier>כל</quantifier>  <noun>תחנה</noun>  מתחנות  חייו,  שהיא  <conjunction>גם</conjunction>  <noun>חלק</noun>  מההיסטוריה  <adjective>המשותפת</adjective>  <shel-preposition>של</shel-preposition>  <noun>עם</noun>  <properName>ישראל</properName>  מסוף  <numeral>המאה</numeral>  התשע-עשרה  ועד  <noun>שלהי</noun>  <numeral>המאה</numeral>  <numeral>העשרים</numeral>  במדינת  ישראל,  <verb>מצאה</verb>  <noun>ביטוי</noun>  ביצירתו.  <noun>חוויות</noun>  ילדותו  בבית  <noun>עני</noun>  וחוויותיו  מתקופת  <noun>הצבא</noun>  שוקעו  בסיפוריו  לאורך  <quantifier>כל</quantifier>  חייו.  
  <adverb>כבר</adverb>  בספרו  הראשון,סיפורים  <date>וציורים(1902),</date>  <verb>ניכרה</verb>  העזתו,  <adverb>אולי</adverb>  <adverb>לראשונה</adverb>  בספרות  העברית,  <verb>לתאר</verb>  <noun>דמויות</noun>  <shel-preposition>של</shel-preposition>  <noun>גברים</noun>  <participle>הנמשכים</participle>  לבני  מינם,  כמשהו  <adjective>ענוג</adjective>  ועדין  <adverb>מאוד</adverb>  ("יונה״,  "כְּחום  היום״,  ואולי  <conjunction>גם</conjunction>  "בבית  זר״).  סיפוריו  מתקופת  <noun>לבוב</noun>  <verb>ממשיכים</verb>  <verb>לעסוק</verb>  בנושאים  שהיו  טאבו,  כשתיאר  <noun>דמויות</noun>  <noun>נשים</noun>  ב"קצווי  הכרך"  <date>(1914)</date>  ומערכות  <noun>יחסים</noun>  בבתי  <noun>זונות</noun>  כמשקפות  <noun>מציאות</noun>  <adjective>ריאליסטית</adjective>  וסמלית  כאחד  ("קטנוּת״,  <date>1904;</date>  "הַניה״,  <date>1908).</date>  ובמקביל,  <noun>עלילת</noun>  <noun>שני</noun>  <noun>ידידים</noun>  <participle>הנלחמים</participle>  <preposition>על</preposition>  אהבתה  <shel-preposition>של</shel-preposition>  <noun>אישה</noun>  <numeral>אחת</numeral>  <participle>המפרידה</participle>  ביניהם  ("אהבה״,  <date>1911).</date>  סיפוריו,  שגיבוריהם  <noun>יהודים</noun>  ולא  <noun>יהודים</noun>  כאחד,  <verb>מתארים</verb>  <noun>מציאות</noun>  אכזרית,  <adjective>סיוטית</adjective>  ומטורפת  בלא  אשליות,  <noun>בד</noun>  בבד  <noun>עם</noun>  <noun>כמיהה</noun>  לרוך  ולאהבה.  <noun>עם</noun>  <properName>ברנר</properName>  וגנסין  <verb>נחשב</verb>  <properName>שופמן</properName>  לאמן  <noun>הסיפור</noun>  המודרני.  <pronoun>הוא</pronoun>  <verb>הושפע</verb>  ממנדלי,  מטשרניחובסקי  ומהספרות  <adjective>הרוסית</adjective>  (דוסטוייבסקי,  טולסטוי,  צ'כוב),  <conjunction>אך</conjunction>  <verb>הכחיש</verb>  <verb>דברי</verb>  <noun>מבקרים</noun>  שטענו  <conjunction>כי</conjunction>  <verb>הושפע</verb>  מפטר  אלטנברג.  
  <properName>שופמן</properName>  <verb>זכה</verb>  בפרס  <properName>ביאליק</properName>  <date>(1947),</date>  בפרס  <properName>רופין</properName>  <date>(1953),</date>  בפרס  <properName>ישראל</properName>  <date>(1956),</date>  בפרס  <properName>ניומן</properName>  <preposition>מטעם</preposition>  <noun>המכון</noun>  ללימודי  <noun>היהדות</noun>  <shel-preposition>של</shel-preposition>  <noun>אוניברסיטת</noun>  <properName>ניויורק</properName>  <date>(1969,</date>  <noun>עם</noun>  <properName>לאה</properName>  גולדברג).  <conjunction>כמו</conjunction>  <conjunction>כן</conjunction>  <verb>הוכתר</verb>  באזרחות  <noun>כבוד</noun>  <shel-preposition>של</shel-preposition>  <noun>העיר</noun>  <properName>חיפה</properName>  <date>(1960).</date>  
  מתרגומיו:  <properName>קין</properName>  וארתם  <preposition>מאת</preposition>  <properName>גורקי</properName>  <date>(1905),</date>  <date>גן-הדובדבנים(1921)</date>  ובת  <properName>שחף</properName>  <date>(1922)</date>  <preposition>מאת</preposition>  <properName>צ'כוב</properName>  וכתבים  <verb>נבחרים</verb>  <preposition>מאת</preposition>  <verb>פטר</verb>  <properName>אלטנברג</properName>  <date>(1922).</date>  
  References:  
  באר,  חיים.  ״נס  אפל:'המקרה'  <shel-preposition>של</shel-preposition>  ג.  שופמן".  שלכת:סיפורים.  <properName>תל</properName>  <properName>אביב:עם</properName>  עובד.  <date>1994.</date>  280-241;  ---.  ״נס  <adjective>אפל</adjective>  <punctuation>–</punctuation>  <preposition>אל</preposition>  ג.  <properName>שופמן</properName>  בוינה  ובוצלסדורף".  מזיכרונותיה  <shel-preposition>של</shel-preposition>  <noun>תולעת</noun>  ספרים:מסעות  <preposition>בעקבות</preposition>  <noun>סופרים</noun>  וספרים.  <properName>תל</properName>  אביב:  <noun>עם</noun>  עובד.  <date>2011.</date>  97-15;  גוברין,  <properName>נורית</properName>  (עורכת).  ג.  שופמן,  <quantifier>מבחר</quantifier>  <noun>מאמרי</noun>  <noun>ביקורת</noun>  <preposition>על</preposition>  יצירתו.  <properName>תל</properName>  <properName>אביב:עם</properName>  <noun>עובד</noun>  וקרן  <properName>תל</properName>  <properName>אביב</properName>  לספרות  ולאמנות.  <date>1978;</date>  ---.מאופק  <preposition>אל</preposition>  אופק:  ג.  <properName>שופמן</properName>  חייו  ויצירתו.  <properName>תל</properName>  אביב:  <adverb>יחדיו</adverb>  ואוניברסיטת  <properName>תל</properName>  אביב.  <date>1983;</date>  ---.  ״ג.  שופמן".  <noun>קריאת</noun>  הדורות,  <noun>ספרות</noun>  <properName>עברית</properName>  במעגליה  ג'.  <properName>תל</properName>  אביב:  <properName>כרמל</properName>  ואוניברסיטת  <properName>תל</properName>  אביב.  <date>2008.</date>  244-218;  שקד,  גרשון.  ״ג.שופמן".  <preposition>ללא</preposition>  מוצא:על  <properName>י.ח</properName>  ברנר,  <properName>מ.י</properName>  ברדיצ'בסקי,  ג.  <properName>שופמן</properName>  וא.נ  גנסין.  <properName>תל</properName>  אביב:  <noun>הקיבוץ</noun>  המאוחד.  <date>1973.</date>  151-121.
 
		</body>
	</text>
</TEI>