<?xml version="1.0" encoding="UTF-8"?>
<?xml-model href="http://www.tei-c.org/release/xml/tei/custom/schema/relaxng/tei_all.rng" type="application/xml" schematypens="http://relaxng.org/ns/structure/1.0"?>
<?xml-model href="http://www.tei-c.org/release/xml/tei/custom/schema/relaxng/tei_all.rng" type="application/xml"
	schematypens="http://purl.oclc.org/dsdl/schematron"?>
<TEI xmlns="http://www.tei-c.org/ns/1.0">
   <teiHeader>
      <fileDesc>
         <publicationStmt>
            <p>Publication Information</p>
         </publicationStmt>
         <sourceDesc>
            <p>Information about the source</p>
         </sourceDesc>
      </fileDesc>
   </teiHeader>
   <text>
      <body>
 <?xml  version="1.0"  encoding="UTF-8"?>
  <?xml-model  href="http://www.tei-c.org/release/xml/tei/custom/schema/relaxng/tei_all.rng"  type="application/xml"  schematypens="http://relaxng.org/ns/structure/1.0"?>
  <?xml-model  href="http://www.tei-c.org/release/xml/tei/custom/schema/relaxng/tei_all.rng"  type="application/xml"
  	schematypens="http://purl.oclc.org/dsdl/schematron"?>
  <TEI  xmlns="http://www.tei-c.org/ns/1.0">
        <teiHeader>
              <fileDesc>
                    <publicationStmt>
                          <p>Publication  Information</p>
                    </publicationStmt>
                    <sourceDesc>
                          <p>Information  about  the  source</p>
                    </sourceDesc>
              </fileDesc>
        </teiHeader>
        <text>
              <body>
    Name:    שחם,    נתן
      <foreign>Birth</foreign>    Year:    <date><date>1925
</date>  </date>    <foreign>Birth</foreign>    Place:    <properName>תל</properName>    אביב
      Occupation:    סופר,    <noun>מחזאי</noun>    ועורך
      <foreign>Entry</foreign>    writer:    <properName>מוריה</properName>    דיין
      <foreign>Entry</foreign>    Value:    
      <verb>נולד</verb>    בתל    אביב.    אביו,    <noun>הסופר</noun>    <properName>אליעזר</properName>    שטיינמן,    <verb>ערך</verb>    <at-preposition>את</at-preposition>    <noun>הביטאון</noun>    <adjective>כתובים</adjective>    והסב    <at-preposition>את</at-preposition>    <noun>בית</noun>    <noun>המשפחה</noun>    לחדר    המערכת.    <properName>שחם</properName>    ואחיו,    <noun>הסופר</noun>    <properName>דוד</properName>    שחם,    <verb>בילו</verb>    <at-preposition>את</at-preposition>    ילדותם    <preposition>בין</preposition>    ספרים,    <noun>סופרים</noun>    ומשוררים.    אמו    <copula>היתה</copula>    <noun>זמרת</noun>    שנאלצה    <verb>להפסיק</verb>    <at-preposition>את</at-preposition>    לימודיה,    ואת    אהבתה    למוזיקה    <verb>הנחילה</verb>    לבניה.    <copula>היה</copula>    <verb>חבר</verb>    בתנועות    <noun>נוער</noun>    חלוציות,    <adverb>תחילה</adverb>    בתנועת    "המחנות    העולים"    ומאוחר    <adverb>יותר</adverb>    בתנועת    "השומר    הצעיר".    לבטי    <noun>המעבר</noun>    <preposition>בין</preposition>    <noun>התנועות</noun>    <pronoun>האלה</pronoun>    <verb>משתקפים</verb>    בספרו    <noun>לב</noun>    <properName>תל</properName>    <properName>אביב</properName>    <date><date>(1996).</date></date>    
      <verb>שירת</verb>    בפלמ"ח.    <verb>הצטרף</verb>    לקיבוץ    <noun>בית</noun>    אלפא,    <verb>שבו</verb>    <pronoun>הוא</pronoun>    <verb>חבר</verb>    <preposition>עד</preposition>    היום.    <date><date>ב-1946</date></date>    <verb>בילה</verb>    <adjective>חודשיים</adjective>    במחנה    <noun>מעצר</noun>    ברפיח,    ושנה    <conjunction>לאחר</conjunction>    <verb>מכן</verb>    <verb>שימש</verb>    כשליח    במחנות    <noun>העקורים</noun>    בצ'כיה    ובגרמניה.    
      פרסומיו    <numeral>הראשונים</numeral>    <copula>היו</copula>    בתחום    השירה,    בביטאונים    <noun>משמר</noun>    ועל    <adjective>החומה</adjective>    <date><date>(1944).</date></date>    סיפורו    הראשון,    "סיפור    <preposition>על</preposition>    <noun>החלון</noun>    המשובץ",    <verb>התפרסם</verb>    במחברות    לספרות    <date><date>(1945)</date></date>    וכונס    בספר    ביכוריו    דגן    ועופרת    <date><date>(1948).</date></date>    <verb>כתב</verb>    <pronoun>כמה</pronoun>    מחזות,    בהם:    <pronomial>הם</pronomial>    <verb>יגיעו</verb>    <adverb>מחר</adverb>    <date><date>(1949)</date></date>    ואל    <verb>תקרא</verb>    לי    <properName>סמיוקה</properName>    <date><date>(1950).</date></date>    <noun>הרומן</noun>    <numeral>הראשון</numeral>    שלו    שראה    <properName>אור</properName>    <pronoun>הוא</pronoun>    <noun>אבן</noun>    <preposition>על</preposition>    <adverb>פי</adverb>    <noun>הבאר</noun>    <date><date>(1956).</date></date>    
      יצירתו    הענפה,    <participle>הכוללת</participle>    <adverb>יותר</adverb>    מארבעים    ושמונה    ספרים,    <verb>מגוונת</verb>    מבחינה    ז'אנרית.    <preposition>לצד</preposition>    המחזות,    <participle>קובצי</participle>    <noun>הסיפורים</noun>    והרומנים,    <verb>כתב</verb>    <conjunction>גם</conjunction>    <noun>ספרי</noun>    ילדים,    מסות,    <noun>רשימות</noun>    <adjective>אוטוביוגרפיות</adjective>    וספרי    מסע.    <adverb>במקביל</adverb>    לפעילותו    <adjective>הספרותית</adjective>    <verb>עבד</verb>    כחקלאי    ולקח    <adverb>חלק</adverb>    בפעילויות    ציבוריות.    בשנים    <date><date>1968-1975</date></date>    <verb>שימש</verb>    כמשנה    ליו"ר    <noun>רשות</noun>    השידור.    בשנים    <date><date>1977-1980</date></date>    <verb>שימש</verb>    כקונסול    לענייני    <noun>תרבות</noun>    <properName>בניו</properName>    יורק,    <date><date>וב-1985</date></date>    <verb>התמנה</verb>    למנהל    <adjective>הכללי</adjective>    <shel-preposition>של</shel-preposition>    <noun>ספרית</noun>    פועלים,    <noun>תפקיד</noun>    שאותו    <verb>מילא</verb>    <numeral>שלוש</numeral>    שנים.    <preposition>אחרי</preposition>    <noun>המיזוג</noun>    <preposition>עם</preposition>    <noun>הקיבוץ</noun>    <adjective>המאוחד</adjective>    <verb>עבד</verb>    <adverb>שם</adverb>    כעורך,    <preposition>עד</preposition>    לפרישתו    <date><date>ב-2005.
</date>  </date>    <properName>שחם</properName>    <verb>נמנה</verb>    <preposition>עם</preposition>    <noun>קבוצת</noun>    <noun>היוצרים</noun>    <participle>המכונה</participle>    בפי    <noun>הביקורת</noun>    "דור    הפלמ"ח"    וכוללת    <noun>יוצרים</noun>    כס'    יזהר,        <properName>משה</properName>    <properName>שמיר</properName>    ואחרים.    <noun>קבוצה</noun>    <pronoun>זו</pronoun>    <verb>מתאפיינת</verb>    בחתך    <noun>גילאים</noun>    <adjective>דומה</adjective>    ובתמות    משותפות,    שעניינן    <noun>מצב</noun>    החברה,    הקרבות,    <noun>הקיבוץ</noun>    ודמות    הצבר.    <pronomial>הם</pronomial>    <verb>הרבו</verb>    <verb>לכתוב</verb>    בסגנון    <adjective>ריאליסטי</adjective>    <preposition>על</preposition>    <noun>בעיות</noun>    <adjective>אקטואליות</adjective>    <preposition>מבעד</preposition>    <noun>לפריזמה</noun>    <adjective>מוסרית</adjective>    ולאומית.    כתיבתם    <verb>נתפשה</verb>    כמייצגת    <at-preposition>את</at-preposition>    <noun>צורכי</noun>    הדור,    <noun>כולל</noun>    <noun>התביעה</noun>    למחויבות    ולמעורבות    <adjective>חברתית</adjective>    ופוליטית.    <noun>הפואטיקה</noun>    <shel-preposition>של</shel-preposition>    <properName>שחם</properName>    <verb>נענית</verb>    <preposition>לקונבנציות</preposition>    אלה,    <preposition>תוך</preposition>    שהיא    <verb>מתפתחת</verb>    בכפוף    לסערות    העתים,    ומקבלת    <noun>גוון</noun>    <adjective>פסיכולוגי</adjective>    <preposition>על</preposition>    <noun>חשבון</noun>    <pronoun>זה</pronoun>    האידיאולוגי.    
      <participle>קובצי</participle>    סיפוריו    <numeral>הראשונים</numeral>    <verb>נוגעים</verb>    בסוגיות    <participle>הקשורות</participle>    למלחמת    השחרור,    <noun>המחתרות</noun>    וההקרבה.    בקובץ    סיפוריו    <noun>האלים</noun>    <adjective>עצלים</adjective>    <date><date>(1949)</date></date>    <verb>בולט</verb>    <noun>הסיפור</noun>    "שבעה    מהם",    ששימש    <noun>תשתית</noun>    למחזה    <pronomial>הם</pronomial>    <verb>יגיעו</verb>    <adverb>מחר</adverb>    <date><date>(1949).</date></date>    בסיפור    <verb>נבחנים</verb>    <noun>יחסי</noun>    <noun>האנוש</noun>    בסיטואציה    <shel-preposition>של</shel-preposition>    <noun>לחימה</noun>    <verb>מורטת</verb>    עצבים,    <preposition>דרך</preposition>    <noun>קבוצת</noun>    <noun>לוחמים</noun>    <participle>הניצבת</participle>    <preposition>מול</preposition>    <noun>רכס</noun>    ממוקש,    <noun>הגובה</noun>    <numeral>שישה</numeral>    קורבנות.    
      <noun>העלייה</noun>    השלישית,    שנדונה    <conjunction>גם</conjunction>    בהמשך    יצירתו,    <verb>מטופלת</verb>    ברומן    <numeral>הראשון</numeral>    שהוציא,    <noun>אבן</noun>    <preposition>על</preposition>    <adverb>פי</adverb>    <date><date>הבאר(1956).</date></date>    ברומן    <pronoun>זה</pronoun>    <verb>מתמזגים</verb>    <noun>קווי</noun>    <noun>עלילה</noun>    שהיו    בתחילה    מקבילים,    ומשקפים    <noun>מערכת</noun>    <adjective>אנושית</adjective>    <participle>הפועלת</participle>    <preposition>בתוך</preposition>    <noun>מערכת</noun>    אידיאולוגית.    <properName>שחם</properName>    <verb>מרחיב</verb>    <at-preposition>את</at-preposition>    <noun>מעגל</noun>    <noun>הדמויות</noun>    שלו    בקובץ    <noun>שיכון</noun>    ותיקים    <date><date>(1958),</date></date>    <participle>העוסק</participle>    ביהודים    <noun>עולי</noun>    מרוקו,    וברומןגוף    <numeral>ראשון</numeral>    <date><date>רבים(1968),</date></date>    <participle>העוסק</participle>    בעולים    מגרמניה.    <noun>גוף</noun>    <numeral>ראשון</numeral>    <adjective>רבים</adjective>    <copula>הנו</copula>    <noun>רומן</noun>    <noun>בעל</noun>    <noun>מורכבות</noun>    טכנית,    <participle>הנובעת</participle>    מקולו    <adjective>המשתנה</adjective>    <shel-preposition>של</shel-preposition>    המספר.    <noun>החלק</noun>    <numeral>הראשון</numeral>    <shel-preposition>של</shel-preposition>    <noun>הרומן</noun>    <verb>נמסר</verb>    בגוף    שלישי,    <noun>החלק</noun>    <numeral>השני</numeral>    <verb>נמסר</verb>    בגוף    <noun>שני</noun>    והחלק    <adjective>האחרון</adjective>    בגוף    ראשון.    <noun>נקודות</noun>    <noun>הראות</noun>    <adjective>השונות</adjective>    יוצרות,    בזיקת    <noun>הגומלין</noun>    ביניהן,    <preposition>מעין</preposition>    <noun>מבנה</noun>    <shel-preposition>של</shel-preposition>    "רשומון".
      <adverb>בעצם</adverb>    <modal>אל</modal>    <verb>עצמו</verb>    <date><date>(1981)</date></date>    <verb>מפעיל</verb>    <properName>שחם</properName>    <at-preposition>את</at-preposition>    <noun>התחבולה</noun>    <adjective>האמנותית</adjective>    <shel-preposition>של</shel-preposition>    <noun>גיבור</noun>    <noun>הכותב</noun>    יומן.    במרכז    <noun>הרומן</noun>    סיפורו    <shel-preposition>של</shel-preposition>    <properName>אביגדור</properName>    ברקוב,    שעלה    בעלייה    השלישית,    <verb>שינה</verb>    טעמו    ועקר    לרוסיה    <adjective>הסובייטית</adjective>    ממניעים    אידיאולוגיים,    וחזר    בערוב    ימיו    לארץ.    סיפורו    <pronoun>הוא</pronoun>    <noun>סיפור</noun>    <shel-preposition>של</shel-preposition>    <noun>תהפוכות</noun>    רעיוניות,    ודרכו    <verb>ניכרת</verb>    <noun>התרככות</noun>    בתפישת    עולמו    <shel-preposition>של</shel-preposition>    שחם.    
      <noun>הטכניקה</noun>    <shel-preposition>של</shel-preposition>    <noun>כתיבת</noun>    יומן,    שחוזרת    ביצירתו,    <verb>מופיעה</verb>    <conjunction>גם</conjunction>    ברומן    <noun>רביעיית</noun>    <properName>רוזנדורף</properName>    <date><date>(1987).</date></date>    שחם,    שלמד    <verb>לנגן</verb>    בגיל    <adjective>צעיר</adjective>    והופיע    בהרכבים    שונים,    <verb>מציג</verb>    ברומן    <pronoun>זה</pronoun>    <at-preposition>את</at-preposition>    סיפורה    <shel-preposition>של</shel-preposition>    <noun>רביעייה</noun>    קאמרית,    <participle>המורכבת</participle>    ממהגרים    <noun>יוצאי</noun>    גרמניה.    <noun>העלילה</noun>    <verb>מתרחשת</verb>    ברובה    בשנות    <numeral>השלושים</numeral>    <shel-preposition>של</shel-preposition>    <numeral>המאה</numeral>    הקודמת.    <numeral>ארבעת</numeral>    הנגנים:    <noun>הכנר</noun>    הראשון,    <noun>הכנר</noun>    השני,    <noun>נגנית</noun>    <properName>הוויולה</properName>    והצ'לן,    <noun>יוצרים</noun>    <preposition>לפי</preposition>    דרכם    <numeral>ארבע</numeral>    <noun>זוויות</noun>    <noun>ראייה</noun>    שונות.    <noun>הפסיפס</noun>    <verb>מתגלה</verb>    כמורכב    <adverb>עוד</adverb>    <adverb>יותר</adverb>    <preposition>עם</preposition>    הגעתו    <shel-preposition>של</shel-preposition>    <noun>הקול</noun>    החמישי,    <properName>אגון</properName>    לוונטל,    שאחראי    <adverb>למעשה</adverb>    <noun>הבדיון</noun>    כולו;    <pronoun>זוהי</pronoun>    <noun>הדמות</noun>    שכתבה    <at-preposition>את</at-preposition>    <numeral>ארבעת</numeral>    היומנים.    <noun>רביעיית</noun>    <properName>רוזנדורף</properName>    <copula>הנו</copula>    <noun>רומן</noun>    <verb>שבו</verb>    <verb>באים</verb>    לידי    <noun>ביטוי</noun>    <adjective>רבים</adjective>    ממאפייני    <noun>הפואטיקה</noun>    <shel-preposition>של</shel-preposition>    שחם:    <noun>השימוש</noun>    בקולות    מתפצלים,    <noun>סיום</noun>    "פואנטה"    ותיאור    <noun>סיטואציה</noun>    <adjective>חברתית</adjective>    <preposition>תוך</preposition>    ניתוחה    בכלים    <participle>הגותיים</participle>    ופסיכולוגיים.    <noun>רומן</noun>    זה,    <participle>הנחשב</participle>    לאחד    משיאי    יצירתו,    <verb>זיכה</verb>    אותו    בפרס    <properName>ביאליק</properName>    לספרות    יפה.
      משנות    <numeral>השמונים</numeral>    <adjective>המאוחרות</adjective>    ועד    <noun>היום</noun>    <verb>פירסם</verb>    <properName>שחם</properName>    <adverb>יותר</adverb>    מעשרה    ספרים.    <noun>ספר</noun>    <adjective>חתום</adjective>    <date><date>(1988)</date></date>    ודור    <noun>המדבר</noun>    <date><date>(1991)</date></date>    <pronomial>הם</pronomial>    <noun>שני</noun>    חלקיה    <shel-preposition>של</shel-preposition>    <noun>הביוגרפיה</noun>    <adjective>הספרותית</adjective>    שלו.    <preposition>בין</preposition>    <noun>השאר</noun>    <verb>עוסקת</verb>    <noun>הביוגרפיה</noun>    בדמותו    <shel-preposition>של</shel-preposition>    אביו,    <properName>אליעזר</properName>    שטיינמן,    ובהשפעותיה    <shel-preposition>של</shel-preposition>    יצירתו.    <noun>מעשה</noun>    <noun>הכתיבה</noun>    <adjective>הביוגרפית</adjective>    <verb>נידון</verb>    בהרחבה    בספרו    <noun>קרן</noun>    <properName>אקסודוס</properName>    <date><date>(2006),</date></date>    <verb>שבו</verb>    <adverb>ביוגרף</adverb>    <verb>נקרא</verb>    <verb>לכתוב</verb>    <at-preposition>את</at-preposition>    <noun>מסכת</noun>    חייו    <shel-preposition>של</shel-preposition>    <noun>עסקן</noun>    אפור,    ודרך    <noun>חקירת</noun>    קורותיו    <verb>נפרשת</verb>    <noun>תמונה</noun>    <shel-preposition>של</shel-preposition>    <properName>דור</properName>    שלם.
      <noun>התמות</noun>    <adjective>המרכזיות</adjective>    ביצירתו    <verb>נוגעות</verb>    למציאות    <noun>החיים</noun>    בארץ,    <preposition>דרך</preposition>    סיפוריהם    <shel-preposition>של</shel-preposition>    הלוחמים,    <noun>המהגרים</noun>    והאמנים.    <noun>הממד</noun>    <adjective>האקטואלי</adjective>    <verb>מקבל</verb>    <noun>משמעות</noun>    אוניברסלית,    <participle>הנגזרת</participle>    מאופיין    <shel-preposition>של</shel-preposition>    <noun>הדמויות</noun>    ומדרכי    <noun>ההתמודדות</noun>    שלהן.    <noun>סגנון</noun>    כתיבתו    <adjective>צמוד</adjective>    לריאליה,    <conjunction>אולם</conjunction>    <preposition>תוך</preposition>    <noun>יצירת</noun>    <noun>תודעה</noun>    שאינה    <adverb>בהכרח</adverb>    "אובייקטיבית",    <conjunction>אלא</conjunction>    <adjective>נאמנה</adjective>    לתהליכים    <adjective>הנפשיים</adjective>    שעוברים    הגיבורים.    <noun>רוב</noun>    גיבוריו    <pronomial>הם</pronomial>    <noun>בעלי</noun>    <noun>יכולת</noun>    <adjective>אינטלקטואלית</adjective>    גבוהה,    <noun>רמת</noun>    <noun>התבטאות</noun>    <adjective>מרשימה</adjective>    וכושר    <noun>ניתוח</noun>    חד.    
      אופייה    <adjective>ההגותי</adjective>    <shel-preposition>של</shel-preposition>    יצירתו    <verb>מועצם</verb>    <preposition>באמצעות</preposition>    <noun>השימוש</noun>    בנוסח    <noun>הכתיבה</noun>    המונולוגית,    שקיומה    <verb>בולט</verb>    <adverb>במיוחד</adverb>    ביצירתו    המאוחרת.    <preposition>באמצעות</preposition>    <noun>דיווחים</noun>    יומניים,    <noun>קטעי</noun>    זיכרונות,    <noun>מונולוגים</noun>    <adjective>פנימיים</adjective>    וכו'    <verb>נדחקת</verb>    <noun>המציאות</noun>    לטובת    פרשנותה    <preposition>על</preposition>    <noun>ידי</noun>    הסובייקט,    שלעתים    <verb>מפוצל</verb>    לכמה    קולות.    
      התקבלותו    בציבור    <noun>הקוראים</noun>    והמבקרים    <verb>ידעה</verb>    <noun>עליות</noun>    ומורדות.    <noun>הביקורת</noun>    בכללותה    <verb>עברה</verb>    <noun>שינוי</noun>    בתפישתה    <at-preposition>את</at-preposition>    "דור    הפלמ"ח".    <noun>אלה</noun>    נחשבו,    <preposition>עם</preposition>    הופעתה    <shel-preposition>של</shel-preposition>    <noun>ספרות</noun>    <noun>שנות</noun>    השישים,    כ"מגויסים"    <noun>יתר</noun>    <preposition>על</preposition>    <noun>המידה</noun>    לעלילת-העל    הציונית,    וקולם    <adjective>הריאליסטי</adjective>    <verb>נתפש</verb>    כנחות    <preposition>לעומת</preposition>    קולם    <adjective>המודרני</adjective>    <shel-preposition>של</shel-preposition>    <noun>יוצרי</noun>    <noun>שנות</noun>    השישים.    <noun>תפישה</noun>    <pronoun>זו</pronoun>    <verb>השתנתה</verb>    <adverb>בהדרגה</adverb>    בשנות    התשעים,    וכיום    <verb>מציגה</verb>    <noun>הביקורת</noun>    <noun>עמדה</noun>    אמביוולנטית,    <participle>המפרקת</participle>    <at-preposition>את</at-preposition>    <noun>מקשת</noun>    "דור    הפלמ"ח"    ומתמקדת    <adverb>יותר</adverb>    באורח    התמודדותם    <preposition>עם</preposition>    <noun>מיתוסים</noun>    <adjective>לאומיים</adjective>    ויהודיים    שונים,    וגם    <adverb>שמה</adverb>    <noun>יתר</noun>    <noun>דגש</noun>    <preposition>על</preposition>    <noun>אמנות</noun>    <noun>הסיפור</noun>    <adjective>הייחודית</adjective>    לכל    <noun>יוצר</noun>    ויוצר.    יצירתו    <shel-preposition>של</shel-preposition>    <properName>שחם</properName>    <verb>פילסה</verb>    <at-preposition>את</at-preposition>    דרכה    בעקיבות    <modal>אל</modal>    <noun>לב</noun>    <noun>הקוראים</noun>    וגם    <modal>אל</modal>    <noun>שולחנות</noun>    האקדמיה.    ספרו    <noun>רביעיית</noun>    <properName>רוזנדורף</properName>    <copula>היה</copula>    לרב-מכר    וסימן    <properName>ציון</properName>    <preposition>דרך</preposition>    <adjective>משמעותי</adjective>    בהתקבלותו.    
      ספריו    <verb>תורגמו</verb>    ללשונות    שונות.    <noun>עצם</noun>    <modal>אל</modal>    <verb>עצמו</verb>    <verb>תורגם</verb>    לאנגלית    <date><date>(1993),</date></date>    <pronomial>הם</pronomial>    <verb>יגיעו</verb>    <adverb>מחר</adverb>    <verb>תורגם</verb>    לשמונה    שפות,    ורביעיית    <properName>רוזנדורף</properName>    לשבע    שפות.    <preposition>במשך</preposition>    <noun>השנים</noun>    <verb>זכה</verb>    בפרסים    רבים,    בהם:    <properName>פרס</properName>    <preposition>מטעם</preposition>    <noun>תיאטרון</noun>    "הבימה"    <preposition>על</preposition>    <pronomial>הם</pronomial>    <verb>יגיעו</verb>    <adverb>מחר</adverb>    <date><date>(1950),</date></date>    <properName>פרס</properName>    <properName>ניומן</properName>    <preposition>מטעם</preposition>    <noun>אוניברסיטת</noun>    בר-אילן    <preposition>על</preposition>    <noun>מכלול</noun>    יצירתו    <date><date>(1993)</date></date>    ופרס    <properName>אקו"ם</properName>    <preposition>על</preposition>    <noun>מפעל</noun>    <noun>חיים</noun>    <date><date>(1986).</date></date>    <date><date>ב-2012</date></date>    <verb>קיבל</verb>    <at-preposition>את</at-preposition>    <properName>פרס</properName>    ישראל.
      References:    
      אורן,    יוסף.    "האושר    שמעבר    לפרגוד    בסיפורי    <verb>נתן</verb>    שחם".    <noun>הסיפור</noun>    <adjective>הישראלי</adjective>    הקצר.    <numeral>ראשון</numeral>    לציון:    יחד.    <date><date>1987.</date></date>    56-46;    בן-יהודה,    מעין.    "נתן    החכם".    <noun>מאזניים</noun>    80    (6-5).    <date><date>2006.</date></date>    63-62;    יצחקי,    ידידיה.    "שורשים    ונוף:    <noun>עיונים</noun>    ביצירת    <verb>נתן</verb>    שחם".    עלי    <noun>שיח</noun>    33.    <date><date>1993.</date></date>    86-83;    מהלו,    אביבה.    וכי    <noun>עירום</noun>    אתה?!    <noun>אמת</noun>    ומיתוס    בסיפורי    <properName>דור</properName>    הפלמ"ח.    <properName>באר</properName>    שבע:    <noun>אוניברסיטת</noun>    בן-גוריון    בנגב.    <date><date>2008;</date></date>    קדמי,    יחיאל.    "בצבת    <noun>גוף</noun>    <numeral>ראשון</numeral>    <adjective>רבים</adjective>    <shel-preposition>של</shel-preposition>    <verb>נתן</verb>    שחם".    עלי    <noun>שיח</noun>    3.    <date><date>1976.</date></date>    130-124;    שמיר,    זיוה.    "פואטיקה    ופוליטיקה    ביצירתו    <shel-preposition>של</shel-preposition>    <verb>נתן</verb>    שחם".    עלי    <noun>שיח</noun>    40.    <date><date>1998.</date></date>    33-25;    שקד,    גרשון.    "תמיד    <pronoun>אנחנו</pronoun>    <noun>גוף</noun>    <numeral>ראשון</numeral>    רבים?    (נתן    שחם)".    <noun>הסיפורת</noun>    <adjective>העברית</adjective>    <date><date>1980-1880</date></date>    ד'.    <properName>תל</properName>    אביב:    <noun>הקיבוץ</noun>    המאוחד.    <date><date>1993.</date></date>    347-317.
    
  		</body>
  	</text>
  </TEI> 
		</body>
	</text>
</TEI>