<?xml version="1.0" encoding="UTF-8"?>
<?xml-model href="http://www.tei-c.org/release/xml/tei/custom/schema/relaxng/tei_all.rng" type="application/xml" schematypens="http://relaxng.org/ns/structure/1.0"?>
<?xml-model href="http://www.tei-c.org/release/xml/tei/custom/schema/relaxng/tei_all.rng" type="application/xml"
	schematypens="http://purl.oclc.org/dsdl/schematron"?>
<TEI xmlns="http://www.tei-c.org/ns/1.0">
   <teiHeader>
      <fileDesc>
         <publicationStmt>
            <p>Publication Information</p>
         </publicationStmt>
         <sourceDesc>
            <p>Information about the source</p>
         </sourceDesc>
      </fileDesc>
   </teiHeader>
   <text>
      <body>
 <?xml  version="1.0"  encoding="UTF-8"?>
  <?xml-model  href="http://www.tei-c.org/release/xml/tei/custom/schema/relaxng/tei_all.rng"  type="application/xml"  schematypens="http://relaxng.org/ns/structure/1.0"?>
  <?xml-model  href="http://www.tei-c.org/release/xml/tei/custom/schema/relaxng/tei_all.rng"  type="application/xml"
  	schematypens="http://purl.oclc.org/dsdl/schematron"?>
  <TEI  xmlns="http://www.tei-c.org/ns/1.0">
        <teiHeader>
              <fileDesc>
                    <publicationStmt>
                          <p>Publication  Information</p>
                    </publicationStmt>
                    <sourceDesc>
                          <p>Information  about  the  source</p>
                    </sourceDesc>
              </fileDesc>
        </teiHeader>
        <text>
              <body>
    Name:    שחר,    דוד
      <foreign>Birth</foreign>    Year:    <date><date>1926
</date>  </date>    <foreign>Death</foreign>    Year:    <date><date>1997
</date>  </date>    <foreign>Birth</foreign>    Place:    ירושלים
      Occupation:    סופר,    <noun>מתרגם</noun>    ועורך
      <foreign>Entry</foreign>    writer:    <noun>חיה</noun>    שחם
      <foreign>Entry</foreign>    Value:    
      <verb>נולד</verb>    בירושלים.    <noun>דור</noun>    <numeral>חמישי</numeral>    לילידי    העיר.    <adverb>חלק</adverb>    משנות    ילדותו    ותקופת    התבגרותו    <verb>בילה</verb>    בשכונת    <numeral>מאה</numeral>    <noun>שערים</noun>    בבית    סבתו,    <conjunction>אך</conjunction>    <verb>התחנך</verb>    מנעוריו    מחוצה    לה.    <adverb>תחילה</adverb>    בבית    <noun>הספר</noun>    <adjective>היסודי</adjective>    לבנים    "תחכמוני"    ואחר    <pronoun>כך</pronoun>    בבית    <noun>ספר</noun>    <noun>תיכון</noun>    <adjective>חילוני</adjective>    בבית    הכרם.    <verb>למד</verb>    באוניברסיטה    <adjective>העברית</adjective>    בירושלים    <noun>ספרות</noun>    עברית,    <noun>פסיכולוגיה</noun>    ותולדות    <noun>עם</noun>    ישראל.    <copula>היה</copula>    <adjective>נשוי</adjective>    להיסטוריונית    <noun>פרופ'</noun>    <properName>שולמית</properName>    שחר.
      <properName>ירושלים</properName>    <verb>ממלאת</verb>    <noun>תפקיד</noun>    <adjective>מרכזי</adjective>    ביצירתו    הספרותית,    ובעיקר    <noun>חלקים</noun>    <adjective>מסוימים</adjective>    שלה,    <preposition>כגון</preposition>    <noun>שכונת</noun>    <numeral>מאה</numeral>    שערים,    <noun>רחוב</noun>    <noun>הנביאים</noun>    ורחובות    <adjective>אחדים</adjective>    <participle>הסמוכים</participle>    לו    ומסתעפים    ממנו,    שאליהם    <pronoun>הוא</pronoun>    <verb>חוזר</verb>    <adverb>שוב</adverb>    ושוב    ביצירותיו.    <adjective>מדובר</adjective>    בירושלים    <adjective>המנדטורית</adjective>    <shel-preposition>של</shel-preposition>    <noun>שנות</noun>    <numeral>השלושים</numeral>    בעיקר,    <preposition>על</preposition>    <noun>המגוון</noun>    האנושי-תרבותי-עדתי-דתי    שבה,    והיא    <verb>מאופיינת</verb>    כמקום    שהוא    <adjective>קרתני</adjective>    וקוסמופוליטי    <conjunction>גם</conjunction>    יחד.    
      <at-preposition>את</at-preposition>    דרכו    <adjective>הספרותית</adjective>    <verb>החל</verb>    כמחברם    <shel-preposition>של</shel-preposition>    <noun>סיפורים</noun>    קצרים.    סיפורו    הראשון,    "אורח    ירושלמי",    <verb>ראה</verb>    <noun>אור</noun>    בעיתון    <noun>הרדיו</noun>    <date><date>הגלגלב-1947.</date></date>    <noun>קובץ</noun>    <numeral>ראשון</numeral>    <shel-preposition>של</shel-preposition>    סיפוריו    הקצרים,    <preposition>על</preposition>    החלומות,    <verb>התפרסם</verb>    <date><date>ב-1954</date></date>    בהוצאת    <noun>עם</noun>    <noun>עובד</noun>    וכלל    <noun>סיפורים</noun>    שפורסמו    בעיתונות    ובכתבי    <noun>עת</noun>    במהלך    <noun>שנות</noun>    החמישים.    <noun>קבצים</noun>    <adjective>נוספים</adjective>    <shel-preposition>של</shel-preposition>    <noun>סיפורים</noun>    <adjective>קצרים</adjective>    <verb>נאספו</verb>    בספרים    <properName>קיסר</properName>    <date><date>(1960)</date></date>    ומגיד    <noun>העתידות</noun>    <date><date>(1966).</date></date>    <adjective>מאוחר</adjective>    <adverb>יותר</adverb>    <verb>פורסמו</verb>    <adverb>מחדש</adverb>    <noun>סיפורי</noun>    <noun>הקבצים</noun>    <verb>הללו</verb>    בשני    ספרים:מותו    <shel-preposition>של</shel-preposition>    <noun>האלוהים</noun>    <adjective>הקטן</adjective>    <date><date>(1970;</date></date>    <date><date>1982)</date></date>    ושפמו    <shel-preposition>של</shel-preposition>    <noun>האפיפיור</noun>    <date><date>(1971),</date></date>    שראה    <noun>אור</noun>    <conjunction>גם</conjunction>    במהדורה    <verb>מורחבת</verb>    <date><date>ב-1982.
</date>  </date>    <properName>רומן</properName>    <numeral>ראשון</numeral>    <properName>פרי</properName>    עטו,    <noun>ירח</noun>    <noun>הדבש</noun>    והזהב,    <verb>ראה</verb>    <noun>אור</noun>    <date><date>ב-1959.</date></date>    <pronoun>זהו</pronoun>    <properName>רומן</properName>    סאטירי,    שבאמצעות    גיבורו    <participle>המנצל</participle>    <at-preposition>את</at-preposition>    <noun>החברה</noun>    <adjective>המושחתת</adjective>    והנהנתנית    לקידום    מטרותיו    האישיות,    <verb>מבטא</verb>    <noun>המחבר</noun>    <noun>אכזבה</noun>    <preposition>מן</preposition>    <noun>המציאות</noun>    <adjective>הישראלית</adjective>    שתפשה    <at-preposition>את</at-preposition>    מקומו    <shel-preposition>של</shel-preposition>    <noun>החזון</noun>    <adjective>הציוני</adjective>    <adverb>טרם</adverb>    <noun>הקמת</noun>    המדינה.    
      <date><date>ב-1979</date></date>    <verb>פירסם</verb>    <at-preposition>את</at-preposition>    <noun>הרומן</noun>    <noun>סוכן</noun>    <noun>הוד</noun>    מלכותו,    <properName>רומן</properName>    <noun>אהבה</noun>    <adjective>מפותל</adjective>    <participle>המושתת</participle>    <preposition>על</preposition>    <noun>פרשייה</noun>    שאירעה    במציאות,    <conjunction>אך</conjunction>    <pronoun>זו</pronoun>    <verb>משמשת</verb>    בו    כבסיס    לסטייה    יצירתית.    <noun>הרומן</noun>    <verb>מתבונן</verb>    במושגי    <noun>הנאמנות</noun>    והבגידה    במובנם    <adjective>הרחב</adjective>    במרחב    <adjective>הפרטי</adjective>    והציבורי-לאומי    כאחד.    <verb>פירסם</verb>    <noun>ספר</noun>    <numeral>אחד</numeral>    לילדים    בשם    סודו    <shel-preposition>של</shel-preposition>    ריקי:    הרפתקאותיו    <shel-preposition>של</shel-preposition>    <properName>ריקי</properName>    <properName>מעוז</properName>    וכל    עלילותיו    וגבורותיו    <date><date>(1960).
</date>  </date>    במהלך    <noun>השנים</noun>    <verb>עסק</verb>    <properName>שחר</properName>    לפרנסתו,    <preposition>בין</preposition>    השאר,    <conjunction>גם</conjunction>    בתרגום    ועריכה.    <preposition>בין</preposition>    <noun>הספרים</noun>    שתירגם    <modal>ניתן</modal>    <verb>למנות</verb>    <at-preposition>את</at-preposition>    <noun>מסעות</noun>    <properName>קולומבוס</properName>    <preposition>מאת</preposition>    <noun>א'</noun>    <noun>ספרי</noun>    <date><date>(1953);</date></date>    <noun>העוז</noun>    והתפארת    <preposition>מאת</preposition>    <properName>גרהם</properName>    <properName>גרין</properName>    <date><date>(1960);</date></date>    <noun>ילדי</noun>    <noun>התאו</noun>    <preposition>מאת</preposition>    פרל    <properName>ס'</properName>    <adverb>בק</adverb>    <date><date>(1960);</date></date>    <noun>חכמת</noun>    <verb>הזֶן</verb>    <preposition>מאת</preposition>    <properName>פ'</properName>    <verb>רפס</verb>    <date><date>(1963)</date></date>    ועוד.    <pronoun>הוא</pronoun>    ליקט,    <verb>תירגם</verb>    וערך,    <preposition>בין</preposition>    השאר,    <at-preposition>את</at-preposition>    <quantifier>מבחר</quantifier>    <noun>הסיפור</noun>    <adjective>האנגלי</adjective>    <date><date>(1956)</date></date>    ואת    <quantifier>מבחר</quantifier>    <noun>הסיפור</noun>    <adjective>האפריקאי</adjective>    <date><date>(1961).</date></date>    
      בתקופה    שבין    <noun>פרסום</noun>    <numeral>שני</numeral>    <noun>הרומנים</noun>    <participle>הנזכרים</participle>    <adverb>לעיל</adverb>    <verb>החל</verb>    <properName>שחר</properName>    בחיבורה    <shel-preposition>של</shel-preposition>    <noun>יצירה</noun>    מורכבת,    <noun>היכל</noun>    <noun>הכלים</noun>    <adjective>השבורים</adjective>    אוהלוריאן,    <conjunction>כפי</conjunction>    שבחר    לכנותו,    <preposition>על</preposition>    <noun>שם</noun>    גיבורו,    <properName>גבריאל</properName>    לוריא.    <participle>הלוריאן</participle>    <verb>נחשב</verb>    כפסגת    יצירתו    <shel-preposition>של</shel-preposition>    <properName>שחר</properName>    וכאחת    <noun>היצירות</noun>    <adjective>החשובות</adjective>    בספרות    הישראלית.
      <adjective>מדובר</adjective>    במסכת    <noun>בת</noun>    <numeral>שמונה</numeral>    "שערים"    (רומנים),    שהתפרסמה    לאורך    <numeral>חצי</numeral>    <properName>יובל</properName>    <noun>שנים</noun>    (בין    <date><date>1969</date></date>    <date><date>ל-1994),</date></date>    <participle>הכוללת</participle>    <at-preposition>את</at-preposition>    <noun>היצירות</noun>    דלהלן:    <noun>קיץ</noun>    בדרך    <noun>הנביאים</noun>    <date><date>(1969);</date></date>    <noun>המסע</noun>    <preposition>לאור</preposition>    כשדים    <date><date>(1971);</date></date>    <noun>יום</noun>    <noun>הרוזנת</noun>    <date><date>(1976);</date></date>    <noun>נינגל</noun>    <date><date>(1983);</date></date>    <noun>יום</noun>    <noun>הרפאים</noun>    <date><date>(1986);</date></date>    <noun>חלום</noun>    ליל    <properName>תמוז</properName>    <date><date>(1988);</date></date>    <preposition>על</preposition>    <noun>הנר</noun>    ועל    <noun>הרוח</noun>    <date><date>(1994);</date></date>    והשער    השמיני,    <noun>לילות</noun>    לוטציה    <date><date>(1991),</date></date>    שנכתב    לפני    <noun>השער</noun>    <numeral>השביעי</numeral>    וקיבל    <at-preposition>את</at-preposition>    <noun>הכינוי</noun>    "השער    הסתום".    <conjunction>לאחר</conjunction>    פטירתו    <verb>נמצא</verb>    בעיזבונו    <shel-preposition>של</shel-preposition>    <properName>שחר</properName>    <verb>קטע</verb>    מסיפור    <adjective>גדול</adjective>    שהוא    <verb>עסק</verb>    בכתיבתו    <adjective>סמוך</adjective>    למותו    ונועד    <adverb>כנראה</adverb>    <verb>לסכם</verb>    ולחתום    <adverb>סופית</adverb>    <at-preposition>את</at-preposition>    <noun>מפעל</noun>    <noun>הענק</noun>    <shel-preposition>של</shel-preposition>    <noun>היכל</noun>    <noun>הכלים</noun>    השבורים.    <noun>הקטע</noun>    <verb>פורסם</verb>    <preposition>על</preposition>    <noun>ידי</noun>    <noun>מוסד</noun>    <properName>ביאליק</properName>    <date><date>(1998)</date></date>    בשם    <preposition>אל</preposition>    <properName>הר</properName>    <properName>הזיתים</properName>    כמחוות    <noun>כבוד</noun>    לדוד    שחר,    שהיה    <verb>חבר</verb>    <adjective>פעיל</adjective>    בוועדה    לספרות    ולביקורת    <shel-preposition>של</shel-preposition>    המוסד.
      <noun>היכל</noun>    <noun>הכלים</noun>    <adjective>השבורים</adjective>    <pronoun>הוא</pronoun>    <noun>מבנה</noun>    <noun>סיפורי</noun>    <adjective>ארכיטקטוני</adjective>    <participle>הנשען</participle>    מבחינה    <adjective>רעיונית</adjective>    <preposition>על</preposition>    <noun>ההנחה</noun>    <adjective>הקבלית</adjective>    בדבר    <noun>השפע</noun>    <adjective>האלוהי</adjective>    שאין    <noun>הכלים</noun>    <adjective>הארציים</adjective>    <modal>יכולים</modal>    להכילו    ולפיכך    <pronomial>הם</pronomial>    נשברים.    <conjunction>אולם</conjunction>    <noun>הפרשנות</noun>    שהנחה    <pronoun>זו</pronoun>    <verb>זוכה</verb>    לה    ביצירתו    <shel-preposition>של</shel-preposition>    <properName>שחר</properName>    <pronoun>היא</pronoun>    <noun>פרשנות</noun>    <adjective>אמנותית</adjective>    <noun>בעלת</noun>    <noun>גוון</noun>    <adjective>אישי</adjective>    ואף    אוטוביוגרפי.    <noun>היצירה</noun>    <adjective>האמנותית</adjective>    <pronoun>היא</pronoun>    ה"תיקון"    <participle>המתבקש</participle>    לשבירת    הכלים:    היא-היא    <noun>תוצאת</noun>    <noun>איסוף</noun>    <noun>הרסיסים</noun>    ואיחוי    השברים,    ובמילים    <adjective>אחרות</adjective>    <punctuation>–</punctuation>    <pronoun>היא</pronoun>    החייאתן    <shel-preposition>של</shel-preposition>    <noun>הדמויות</noun>    <adjective>האנושיות</adjective>    <verb>שֶכּלו</verb>    <adjective>פיזית</adjective>    <preposition>מן</preposition>    העולם,    <conjunction>אך</conjunction>    <verb>קמות</verb>    לתחייה    ברוחו    <shel-preposition>של</shel-preposition>    <noun>המחבר</noun>    ובכוח    יצירתו.        
      <properName>שחר</properName>    <verb>מקים</verb>    במסכת    <noun>הרומנים</noun>    שלו    <noun>היכל</noun>    <noun>זיכרון</noun>    לפיסת    <noun>חיים</noun>    במקום    ובזמן    מסוימים,    <participle>המכיל</participle>    <noun>עם</noun>    <pronoun>זאת</pronoun>    <conjunction>גם</conjunction>    <noun>זמנים</noun>    ומקומות    <adjective>אחרים</adjective>    ורחוקים.    <pronoun>הוא</pronoun>    <verb>עושה</verb>    <pronoun>זאת</pronoun>    <preposition>באמצעות</preposition>    <noun>הפעלת</noun>    <noun>הזיכרון</noun>    ככלי    הראשי,    ובעיקר    <punctuation>–</punctuation>    <noun>הזיכרון</noun>    האסוציאטיבי,    <participle>הנודד</participle>    <preposition>בין</preposition>    <noun>הווה</noun>    לעבר,    <participle>המערבל</participle>    <noun>מקומות</noun>    וזמנים    ואורג    אותם    למסכת    אחת.    בהיכל    <noun>הכלים</noun>    <adjective>השבורים</adjective>    <verb>יצר</verb>    <properName>שחר</properName>    <preposition>מעין</preposition>    "קומדיה    אנושית",    שדמויותיה    <adjective>חוזרות</adjective>    ומופיעות    ברומנים    <adjective>השונים</adjective>    <adverb>לפעמים</adverb>    בתפקידים    ראשיים,    <adverb>לפעמים</adverb>    כגיבורים    <adjective>משניים</adjective>    ולפעמים    כדמויות    <noun>רקע</noun>    בלבד.    גיבוריו    <noun>ניצבים</noun>    באורח    <adjective>קבוע</adjective>    בעמדת    <noun>השתאות</noun>    <preposition>אל</preposition>    <noun>מול</noun>    המציאות,    <participle>המאותתת</participle>    להם    <preposition>על</preposition>    <interrogative>מה</interrogative>    ש"מעֵבר",    ומתאווים    <verb>לפענח</verb>    <at-preposition>את</at-preposition>    נסתרותיה.    <noun>דמויות</noun>    ומצבים    בהיכל    <noun>הכלים</noun>    <adjective>השבורים</adjective>    <verb>מופיעים</verb>    <adverb>תמיד</adverb>    בכפל    פנים:    בלבושם    <adjective>הארצי</adjective>    ובהווייתם    האחרת,    <participle>הנגלית</participle>    למספר    בעולמות    הסמי-פנטסטיים    שהוא    בורא.    <noun>יש</noun>    שהצביעו    <preposition>על</preposition>    <noun>עקבות</noun>    "פרוּסטיאניים"    ביצירה    <pronoun>זו</pronoun>    <preposition>בשל</preposition>    הסתמכותו    <shel-preposition>של</shel-preposition>    <noun>המספר</noun>    <preposition>על</preposition>    כוחו    <participle>המְחיה</participle>    <shel-preposition>של</shel-preposition>    <noun>הזיכרון</noun>    ובשל    <noun>השיוט</noun>    <adjective>האסוציאטיבי</adjective>    <preposition>בין</preposition>    <noun>מצבי</noun>    <noun>תודעה</noun>    הזייתיים,    <noun>תחושות</noun>    ומחשבות,    <conjunction>אך</conjunction>    <noun>יש</noun>    <conjunction>גם</conjunction>    שהסתייגו    מהשוואה    זו.
      התקבלותו    <preposition>על</preposition>    <noun>ידי</noun>    <noun>הממסד</noun>    <adjective>הספרותי</adjective>    בארץ    וקהל    <noun>הקוראים</noun>    <adjective>הישראלי</adjective>    <negation>לא</negation>    <copula>היתה</copula>    גורפת.    <noun>עם</noun>    <pronoun>זאת</pronoun>    <pronoun>הוא</pronoun>    <verb>זכה</verb>    בשורה    <shel-preposition>של</shel-preposition>    <noun>פרסים</noun>    ספרותיים:    <properName>פרס</properName>    <properName>עגנון</properName>    <date><date>(1973),</date></date>    <properName>פרס</properName>    <properName>ביאליק</properName>    <date><date>(1984),</date></date>    <properName>פרס</properName>    <properName>ניומן</properName>    <shel-preposition>של</shel-preposition>    <noun>אוניברסיטת</noun>    בר-אילן    <date><date>(1987-1986),</date></date>    <properName>פרס</properName>    <noun>ראש</noun>    <noun>הממשלה</noun>    <date><date>(1969,</date></date>    <date><date>1978,</date></date>    <date><date>1991)</date></date>    ופרס    <noun>הנשיא</noun>    <date><date>(1997).
</date>  </date>    <date><date>ב-1972</date></date>    <verb>נבחר</verb>    <verb>לכהן</verb>    כיו"ר    <noun>אגודת</noun>    <noun>הסופרים</noun>    העבריים,    וכיהן    <conjunction>גם</conjunction>    כחבר    בוועד    <adjective>המרכזי</adjective>    <shel-preposition>של</shel-preposition>    <properName>קלוב</properName>    <properName>פא"ן</properName>    הישראלי.    <noun>מהדורה</noun>    <shel-preposition>של</shel-preposition>    יצירותיו    <participle>המקובצות</participle>    בעריכתו    <verb>ראתה</verb>    <noun>אור</noun>    <date><date>ב-1996</date></date>    ב"ספריית    השעות"    בשיתוף    <noun>הוצאת</noun>    <noun>ידיעות</noun>    אחרונות.    יצירותיו    <verb>תורגמו</verb>    לשפות    רבות.    להצלחה    <adjective>הגדולה</adjective>    <adverb>ביותר</adverb>    <verb>זכה</verb>    בצרפת.    <numeral>אחד</numeral>    <noun>הביטויים</noun>    להצלחה    <pronoun>זו</pronoun>    (שלה    שותפה,    כנראה,    <conjunction>גם</conjunction>    <noun>המתרגמת</noun>    שלו    מדלין    נז')    <pronoun>הוא</pronoun>    <noun>הפרסים</noun>    והעיטורים    <adjective>החשובים</adjective>    שזכה    בהם    שם.    <date><date>ב-1981</date></date>    <verb>זכה</verb>    בפרס    "מדיסיס"    <adjective>היוקרתי</adjective>    לספרות    <adjective>זרה</adjective>    (Prix    <foreign>Medicis</foreign>    Etranger)    <date><date>וב-1985</date></date>    <verb>קיבל</verb>    <at-preposition>את</at-preposition>    <noun>עיטור</noun>    <noun>המפקד</noun>    <shel-preposition>של</shel-preposition>    <noun>מסדר</noun>    <noun>האמנויות</noun>    והספרות    <preposition>מטעם</preposition>    <noun>ממשלת</noun>    צרפת.    <conjunction>כמו</conjunction>    <conjunction>כן</conjunction>    <verb>זכה</verb>    בעיטורים    <adjective>נוספים</adjective>    <preposition>מטעם</preposition>    <noun>מוסדות</noun>    וערים    בצרפת    <preposition>על</preposition>    יצירתו.
      References:    
      בזיז,    אורנא.    <noun>הכלים</noun>    לעולם    <negation>לא</negation>    <modal>יוכלו</modal>    <verb>להכיל</verb>    <at-preposition>את</at-preposition>    <noun>השפע</noun>    <punctuation>–</punctuation>    חייו    ויצירתו    <shel-preposition>של</shel-preposition>    <properName>דוד</properName>    שחר.    ירושלים:    כרמל.    <date><date>2003;</date></date>    ברזל,    הלל.    "דוד    שחר:    <preposition>בעקבות</preposition>    <noun>הזכרון</noun>    החי".    <noun>מספרים</noun>    בייחודם.    <properName>תל</properName>    אביב:    יחדיו.    <date><date>1981.</date></date>    183-161;    כ"ץ,    שרה.    <noun>מראות</noun>    בירושלים    <shel-preposition>של</shel-preposition>    <properName>דוד</properName>    שחר.    <properName>תל</properName>    אביב:    <noun>עם</noun>    עובד.    <date><date>1985;</date></date>    לוז,    צבי.    "דוד    שחר:    <noun>תהומות</noun>    <noun>הנפש</noun>    בסימטאות    ירושלים".    <noun>מציאות</noun>    ואדם    בספרות    הארץ-ישראלית.    <properName>תל</properName>    אביב:    דביר.    <date><date>1970.</date></date>    143-122;    פלד-גינזבורג,    <properName>מיכל</properName>    ומשה    רון.    <noun>כלים</noun>    <adjective>שבורים</adjective>    <punctuation>–</punctuation>    זיכרון,    <noun>זהות</noun>    ובריאה    ביצירת    <properName>דוד</properName>    שחר.    <properName>תל</properName>    אביב:    <noun>הקיבוץ</noun>    המאוחד.    <date><date>2004;</date></date>    שקד,    גרשון.    "שפע    <adjective>הערגונות</adjective>    והזכרונות    (דוד    שחר)".    <noun>הסיפורת</noun>    <adjective>העברית</adjective>    <date><date>1980-1880</date></date>    ה'.    <properName>תל</properName>    <properName>אביב</properName>    וירושלים:    <noun>הקיבוץ</noun>    <adjective>המאוחד</adjective>    וכתר.    <date><date>1998.</date></date>    133-119.
    
  		</body>
  	</text>
  </TEI> 
		</body>
	</text>
</TEI>