<?xml version="1.0" encoding="UTF-8"?>
<?xml-model href="http://www.tei-c.org/release/xml/tei/custom/schema/relaxng/tei_all.rng" type="application/xml" schematypens="http://relaxng.org/ns/structure/1.0"?>
<?xml-model href="http://www.tei-c.org/release/xml/tei/custom/schema/relaxng/tei_all.rng" type="application/xml"
	schematypens="http://purl.oclc.org/dsdl/schematron"?>
<TEI xmlns="http://www.tei-c.org/ns/1.0">
   <teiHeader>
      <fileDesc>
         <publicationStmt>
            <p>Publication Information</p>
         </publicationStmt>
         <sourceDesc>
            <p>Information about the source</p>
         </sourceDesc>
      </fileDesc>
   </teiHeader>
   <text>
      <body>
 Name:  שילוני,  לנה
  <foreign>Birth</foreign>  Year:  <date>1938
</date>  <foreign>Birth</foreign>  Place:  <adjective>דל</adjective>  והתחנך  בניו
  Occupation:  אלמוג,  רות.  "ויזה  <adjective>צרפתית</adjective>  ליפאן".הארץספרים.  <date>21.11.2006;</date>  מעוז,  רבקה."יש  לה  סיפור:  <preposition>על</preposition>  ספרה  <shel-preposition>של</shel-preposition>  <properName>לנה</properName>  שילוני,  'גשר  החלומות'.ידיעות  <adjective>אחרונות</adjective>  <date>לשבת.22.12.2006.29.
</date>  <foreign>Entry</foreign>  writer:  <properName>גלעד</properName>  מאירי
  <foreign>Entry</foreign>  Value:  
  <verb>חוקרת</verb>  <noun>ספרות</noun>  וסופרת
  <verb>נולדה</verb>  בפולין.  <noun>תהפוכות</noun>  <noun>מלחמת</noun>  <noun>העולם</noun>  <numeral>השנייה</numeral>  <verb>אילצו</verb>  <at-preposition>את</at-preposition>  <noun>בני</noun>  משפחתה  <verb>להימלט</verb>  לרפובליקות  <adjective>האסייתיות</adjective>  <shel-preposition>של</shel-preposition>  <properName>ברית</properName>  המועצות,  <adverb>שם</adverb>  <verb>נפטר</verb>  אביה  מטיפוס.  <conjunction>לאחר</conjunction>  <noun>המלחמה</noun>  <verb>חזרה</verb>  <preposition>עם</preposition>  <noun>אמה</noun>  ואביה  <adjective>החורג</adjective>  לפולין,  <conjunction>אך</conjunction>  <verb>חלתה</verb>  ונשלחה  לבית  <noun>מרפא</noun>  בשווייץ,  <adverb>שם</adverb>  <verb>נחשפה</verb>  לספרות  <adjective>צרפתית</adjective>  ולמדה  עברית.  בגיל  16  <verb>עלתה</verb>  לישראל.  <adjective>נשואה</adjective>  לבן-עמי  שילוני,  <noun>חוקר</noun>  <noun>תרבות</noun>  יפן.
  <verb>למדה</verb>  <noun>ספרות</noun>  <adjective>צרפתית</adjective>  וספרות  <adjective>אנגלית</adjective>  לתואר  <numeral>ראשון</numeral>  באוניברסיטה  <adjective>העברית</adjective>  בירושלים;  <noun>תואר</noun>  <noun>שני</noun>  בלשון  ובספרות  <adjective>צרפתית</adjective>  <verb>קיבלה</verb>  באותו  <noun>מוסד</noun>  <date>ב-1965.</date>  באותה  <noun>שנה</noun>  <verb>נסעה</verb>  <preposition>עם</preposition>  <noun>בעלה</noun>  ליפן,  ומשם  <verb>המשיכה</verb>  <noun>המשפחה</noun>  לארצות  הברית.  <noun>עבודת</noun>  <noun>הדוקטור</noun>  שלה  (אוניברסיטת  פרינסטון,  <date>1971)</date>  <noun>עסקה</noun>  בסופר  <adjective>הצרפתי</adjective>  <verb>זוכה</verb>  <properName>פרס</properName>  <verb>נובל</verb>  <properName>פרנסואה</properName>  מוריאק.  <verb>החל</verb>  <date>מ-1973</date>  ובמשך  <numeral>שלושים</numeral>  שנה,  <preposition>עד</preposition>  לפרישתה,  <verb>לימדה</verb>  באוניברסיטה  <adjective>העברית</adjective>  <noun>קורסים</noun>  <adjective>רבים</adjective>  <participle>הנוגעים</participle>  לספרות  <adjective>צרפתית</adjective>  ולתרגום.  
  עבודתה  <adjective>המחקרית</adjective>  <verb>התמקדה</verb>  בשלושה  <noun>סופרים</noun>  <adjective>צרפתים</adjective>  <noun>בני</noun>  <numeral>המאה</numeral>  העשרים:  מוריאק,  <properName>ז'אבס</properName>  ופֶּרֶק.  <verb>פירסמה</verb>  <noun>שני</noun>  <noun>ספרי</noun>  <noun>מחקר</noun>  בצרפתית:  <noun>הרומן</noun>  <participle>הסותר</participle>  <at-preposition>את</at-preposition>  <pronoun>עצמו</pronoun>  <date>(1978Minard,</date>  <punctuation>)</punctuation>  <verb>עוסק</verb>  בפקעת  הצפעוניםלמוריאק;  והשני,  ביצירתו  <shel-preposition>של</shel-preposition>  <properName>ז'אבס</properName>  <date>(1991</date>  Minard,).  לשילוני  <noun>חלק</noun>  <adjective>נכבד</adjective>  בחשיפתו  <shel-preposition>של</shel-preposition>  <properName>ז'ורז'</properName>  <noun>פרק</noun>  לקהל  <noun>הקוראים</noun>  הישראלי.  <pronoun>היא</pronoun>  <verb>כתבה</verb>  <noun>מאמרים</noun>  <preposition>על</preposition>  יצירתו  <adverb>עוד</adverb>  <preposition>לפני</preposition>  שספרים  <noun>פרי</noun>  עטו  <verb>תורגמו</verb>  לעברית.  משהופיעו  תרגומים,  <verb>פירסמה</verb>  עליהם  <noun>רשימות</noun>  ביקורת.  
  ספרה  <noun>גשר</noun>  החלומות(כרמל,  <date>2006)</date>  <pronoun>הוא</pronoun>  <noun>רומן</noun>  אוטוביוגרפי,  והוא  <verb>משלב</verb>  <noun>זיכרונות</noun>  וקטעים  ספרותיים-בדיוניים.  שמו  <verb>נלקח</verb>  ממושג  <adjective>בודהיסטי</adjective>  <participle>המופיע</participle>  בספרות  <adjective>היפנית</adjective>  הקלאסית,שמתאר  <at-preposition>את</at-preposition>  <noun>הגשר</noun>  <participle>המקשר</participle>  <preposition>בין</preposition>  <noun>העולם</noun>  <pronoun>הזה</pronoun>  לעולם  הבא.  חייה,  שהיו  <adjective>רצופים</adjective>  <noun>נדודים</noun>  בארצות  ובשפות  שונות,  <verb>מתוארים</verb>  בספר  בזיקה  לשאלות  <participle>הנוגעות</participle>  לזיכרון,  <noun>דמיון</noun>  וספרות.  במהלך  <noun>הרומן</noun>  <pronoun>היא</pronoun>  <verb>מצטטת</verb>  מיצירותיהם  <shel-preposition>של</shel-preposition>  <noun>סופרים</noun>  כפרק  ורוסו,  וגם  מיצירתה  <shel-preposition>של</shel-preposition>  <properName>מוראסקי</properName>  שיקיבו,  <noun>סופרת</noun>  <adjective>יפנית</adjective>  <noun>בת</noun>  <numeral>המאה</numeral>  האחת-עשרה,  ובכך  <verb>נותנת</verb>  <noun>ביטוי</noun>  לעולמה  <adjective>הרוחני</adjective>  שניזון  מהשפעות  <noun>המערב</noun>  והמזרח.    
  <noun>דקל</noun>  <properName>שי</properName>  שחורי
  שימל,  <properName>הרולד</properName>  <date>(1935)
</date>  משורר,  <noun>מתרגם</noun>  ועורך
  נולדבניוג'רזי,  <verb>גדל</verb>  והתחנך  <properName>בניו</properName>  יורק.  <verb>עלה</verb>  <adverb>ארצה</adverb>  <date>ב-1962.</date>  <verb>קיבל</verb>  <noun>תואר</noun>  <numeral>ראשון</numeral>  בספרות  <adjective>אנגלית</adjective>  וגרמנית  באוניברסיטת  קורנל,  <properName>ניו</properName>  יורק.  <verb>לימד</verb>  בחוגים  לספרות  <adjective>אנגלית</adjective>  באוניברסיטה  <adjective>העברית</adjective>  בירושלים  ובאוניברסיטאות  <properName>חיפה</properName>  ותל  אביב.  <noun>כתב</noun>  <noun>ביקורת</noun>  <noun>אמנות</noun>  בכתבי  <noun>העת</noun>  <noun>קו</noun>  וציור  ופיסול.  <verb>מתגורר</verb>  בירושלים.  
  <noun>שני</noun>  ספריו  <noun>הראשונים</noun>  <verb>פורסמו</verb>  באנגלית:  <foreign>First</foreign>  <foreign>poems</foreign>  (Milella  Lecce,  <date>1962)</date>  ו-NOW:  <foreign>poems</foreign>  <foreign>by</foreign>  <foreign>Robert</foreign>  friend,  <foreign>Harrold</foreign>  Schimmel,  <foreign>Dennis</foreign>  <date>silk(1964).</date>  <date>מ-1967</date>  <verb>עבר</verb>  לעברית,  והשירים  (גט  דאט,  <date>1968)</date>  <copula>היה</copula>  ספרו  <numeral>הראשון</numeral>  בעברית.  <noun>נושא</noun>  <adjective>מרכזי</adjective>  בשירתו  <pronoun>הוא</pronoun>  ארס-פואטיקה.  <noun>דרך</noun>  <noun>העיסוק</noun>  בספרות,  באמנויות  <adjective>אחרות</adjective>  ובלשון  מעוצבות  <noun>תמונת</noun>  <noun>העולם</noun>  והזהות  <shel-preposition>של</shel-preposition>  <noun>הדובר</noun>  והמחבר  <participle>המובלע</participle>  כמשורר.  <conjunction>למרות</conjunction>  זאת,  <negation>לא</negation>  <verb>מדובר</verb>  בשירה  <adjective>המנותקת</adjective>  מהמציאות,  מהאקטואליה  ומהביוגרפיה,  <conjunction>אלא</conjunction>  שהן  <verb>ממוחזרות</verb>  ומתווכות  <noun>דרך</noun>  <noun>המדיום</noun>  הספרותי.  <conjunction>לכן</conjunction>  <conjunction>אך</conjunction>  <adjective>טבעי</adjective>  ששימל  <verb>מקיים</verb>  <noun>דיאלוג</noun>  <adjective>עקבי</adjective>  ורחב  <preposition>עם</preposition>  <noun>מגוון</noun>  מקורות,  <adjective>קלאסיים</adjective>  ופופולריים,  מהתקופה  <adjective>העתיקה</adjective>  ועד  ימינו.  <conjunction>למשל</conjunction>  <preposition>עם</preposition>  היהדות,  <noun>המיתולוגיה</noun>  היוונית,  זן-בודהיזם  ויוצרים  ישראלים,  <adjective>אירופים</adjective>  ואמריקנים  בספרות,  באמנות,  בקולנוע  ובמוזיקה,  <preposition>כגון</preposition>  ברנר,  <properName>ראב</properName>  (שירי  <noun>מלון</noun>  <date>ציון,1974),</date>  ביאליק,  טשרניחובסקי,  פיכמן,  צלאן,  לסקר-שילר,  <noun>תומרקין</noun>  <date>(ארעא,1979),</date>  זך,  אבידן,  רביקוביץ,  רודן,  בלזק,  <noun>הפסנתרן</noun>  <properName>גלן</properName>  גולד,  <noun>הזמרים</noun>  <properName>רמי</properName>  <properName>קליינשטיין</properName>  וברוס  <properName>ספרינגסטין</properName>  (קש  שיר,  <date>2008)</date>  ורבים  אחרים.  לחלק  מהיוצרים  <verb>מתייחס</verb>  <noun>שימל</noun>  <preposition>כאל</preposition>  ידידים,  <conjunction>גם</conjunction>  <conjunction>אם</conjunction>  <negation>לא</negation>  <verb>הכירם</verb>  אישית.  <noun>קהל</noun>  <noun>היעד</noun>  שלו  <pronoun>הוא</pronoun>  <noun>הקהילה</noun>  <adjective>הספרותית</adjective>  שעמה  <pronoun>הוא</pronoun>  מזדהה,  <noun>קהל</noun>  <noun>בעל</noun>  <noun>מיומנויות</noun>  <noun>קריאה</noun>  גבוהות,  ולכן  <noun>שימל</noun>  <verb>מבכר</verb>  בדרך  <noun>כלל</noun>  <at-preposition>את</at-preposition>  <adjective>הספרותיות</adjective>  <preposition>על</preposition>  <noun>פני</noun>  התקשורתיות.  
  <noun>חלק</noun>  <adjective>ניכר</adjective>  מספריו  <adjective>המאוחרים</adjective>  <pronoun>הוא</pronoun>  קונספטואלי,  <verb>עוסק</verb>  בנושא  אחד,  <adverb>לעתים</adverb>  כפואמה  <adjective>ארוכה</adjective>  בנוסח  <noun>היצירות</noun>  <adjective>הקלאסיות</adjective>  <adjective>הנרטיביות</adjective>  <shel-preposition>של</shel-preposition>  <noun>המיתולוגיה</noun>  היוונית,  דנטה,  <properName>מילטון</properName>  ואחרים.  לדוגמה,  ספרו  <properName>לוֹאֶל</properName>  <date>(1986)מוקדש</date>  כולו  לעיצוב  דמותו  <shel-preposition>של</shel-preposition>  <noun>המשורר</noun>  <properName>רוברט</properName>  לואל;  <noun>הספריה</noun>  <date>(1999)</date>  <pronoun>הוא</pronoun>  <noun>שיר</noun>  <verb>הלל</verb>  לספרייתו  <shel-preposition>של</shel-preposition>  הדובר,  <adverb>למעשה</adverb>  <shel-preposition>של</shel-preposition>  <noun>שימל</noun>  עצמו,  וזאת  <conjunction>גם</conjunction>  <preposition>באמצעות</preposition>  <noun>תצלומים</noun>  שלה;  וקש  <noun>שיר</noun>  <pronoun>הוא</pronoun>  <properName>אוֹדָה</properName>  <adjective>קיומית</adjective>  <preposition>על</preposition>  <noun>חיי</noun>  <noun>היומיום</noun>  <shel-preposition>של</shel-preposition>  הדובר-המחבר  <noun>בן</noun>  השבעים.  <pronoun>זהו</pronoun>  ספרו  <adjective>התקשורתי</adjective>  ביותר  והוא  <noun>ניחן</noun>  בהומור,  בפרודיה  עצמית,  בארוס,  במשחקי  <noun>לשון</noun>  וצליל  ובשחרור  <shel-preposition>של</shel-preposition>  <noun>משורר</noun>  <participle>המביט</participle>  <adverb>לאחור</adverb>  <preposition>על</preposition>  חייו  בהשלמה  ומסתגל  לקהילתו  <adjective>הספרותית</adjective>  <participle>ההולכת</participle>  ומזדקנת,  ואף  נעלמת,  <conjunction>כמו</conjunction>  בפתיחה  המקאברית-סנטימנטלית  <shel-preposition>של</shel-preposition>  <noun>שיר</noun>  <noun>מס'</noun>  שמ"ד:  "הִפְסַדְתִּיחַדְשׁוֹתשְׁמוֹנֶהאֲבָלבָּרוּר/  דָּלִיָהרַבִיקוֹבִיץאֵינֶנָּהכַּרְמִיכַּרְטִיס/  <noun>סִדֵּרלְיָדָהּלָשֶׁבֶת..."</noun>  <quantifier>כל</quantifier>  <noun>שירי</noun>  <noun>קש</noun>  <noun>שיר</noun>  <verb>מעוצבים</verb>  בפורמט  <shel-preposition>של</shel-preposition>  <numeral>שלושה</numeral>  <noun>בתים</noun>  <noun>בני</noun>  <verb>עשר</verb>  שורות:  <numeral>שניים</numeral>  <noun>בני</noun>  <verb>ארבע</verb>  <noun>שורות</noun>  והאחרון  <preposition>מעין</preposition>  קופלט,  כסונטה  <participle>נטולת</participle>  בית,  <interrogative>מה</interrogative>  שמעניק  <verb>לספר</verb>  <noun>לכידות</noun>  וייחוד  צורניים.  ספריו  <participle>הפואמטיים</participle>  <adjective>כתובים</adjective>  כיחידות  <adjective>רצופות</adjective>  וארוכות,  <adjective>נטולות</adjective>  <noun>סימני</noun>  פיסוק,  <participle>המטשטשות</participle>  <adverb>לעתים</adverb>  <at-preposition>את</at-preposition>  <noun>הגבול</noun>  <adjective>הז'אנרי</adjective>  <preposition>בין</preposition>  <noun>שירה</noun>  לסיפורת.  <noun>טשטוש</noun>  <pronoun>זה</pronoun>  <verb>בא</verb>  לידי  <noun>ביטוי</noun>  <adjective>צורני</adjective>  <adjective>ישיר</adjective>  <date>בנֹכַח(1995),</date>  <noun>ספר</noun>  <shel-preposition>של</shel-preposition>  <noun>שירה</noun>  בפרוזה,  ולכן  <quantifier>כל</quantifier>  שיריו  מפוסקים,  <conjunction>אולם</conjunction>  <noun>התוכן</noun>  <copula>אינו</copula>  פרוזאי,  <conjunction>אלא</conjunction>  <adverb>דווקא</adverb>  <adverb>קשה</adverb>  לפענוח.  
  <noun>הפואטיקה</noun>  שלו  <adjective>לירית</adjective>  ומשלבת  <preposition>בין</preposition>  <noun>לכידות</noun>  לפרגמנטריות,  <preposition>בין</preposition>  <noun>דיבור</noun>  <adjective>יומיומי</adjective>  לחידתיות  ובין  <adjective>קונקרטי</adjective>  למופשט.  <adverb>לעתים</adverb>  <noun>הפרגמנטרי</noun>  <verb>בא</verb>  לידי  <noun>ביטוי</noun>  במעברים  <adjective>חדים</adjective>  <preposition>בין</preposition>  <noun>נושאים</noun>  ובהתבוננות  <adjective>אינטנסיבית</adjective>  בפרטים,  <preposition>עד</preposition>  שהקונקרטי  <verb>שב</verb>  להפשטה.  <pronoun>הוא</pronoun>  <verb>מחבר</verb>  <preposition>בין</preposition>  האוטוביוגרפי,  הקרוב,  <adjective>המוחשי</adjective>  והחולף,  <conjunction>כמו</conjunction>  <noun>שמות</noun>  <adjective>ספציפיים</adjective>  <shel-preposition>של</shel-preposition>  <noun>אנשים</noun>  ורחובות,  <preposition>לבין</preposition>  <noun>תיאורים</noun>  <adjective>חידתיים</adjective>  <verb>מופשטים</verb>  <noun>בעלי</noun>  <noun>רמת</noun>  <noun>פיגורטיביות</noun>  גבוהה.  <noun>דרך</noun>  <adjective>נוספת</adjective>  <participle>המייחדת</participle>  <at-preposition>את</at-preposition>  <noun>הנוסח</noun>  שלו  <pronoun>היא</pronoun>  <noun>עיצוב</noun>  <adjective>ניסויי</adjective>  <shel-preposition>של</shel-preposition>  <noun>הפונטים</noun>  והכותרת:  בחלק  מספריו  <properName>הפונט</properName>  גדול,  <adjective>מודגש</adjective>  וחגיגי  (ארעא,לוֹאֶל)  והכותרת  <adjective>משולבת</adjective>  בשורת  <noun>הפתיחה</noun>  <shel-preposition>של</shel-preposition>  <noun>השיר</noun>  <preposition>באמצעות</preposition>  הדגשתה  בפונט  <adjective>גדול</adjective>  (נֹכַח).  
  <noun>שימל</noun>  <verb>תירגם</verb>  לאנגלית  משירת  <properName>יהודה</properName>  עמיחי,  <noun>אבות</noun>  ישורון,  <properName>אסתר</properName>  ראב,  אצ"ג,  <properName>ישראל</properName>  פנקס,  <properName>מרדכי</properName>  גלדמן,  <properName>מאיר</properName>  ויזלטיר,  <verb>נח</verb>  <properName>שטרן</properName>  ואחרים.  <verb>ייסד</verb>  וערך  <at-preposition>את</at-preposition>  <noun>כתב</noun>  <noun>העת</noun>  לספרות  ולאמנות  בשפה  <adjective>האנגלית</adjective>  <foreign>Get</foreign>  <date>That(1967-1969),</date>  שיצא  לאור  בישראל.    
  References:  
  אופנהיימר,  יוחאי."במקום  אפוס".חדרים  7.  <date>1988.</date>  86־99;  וינפלד,  דוד."שירי  <properName>הרולד</properName>  שימל".סימן  <noun>קריאה</noun>  5.  <date>1976.</date>  456־459;  זקס,  אריה.  "משוררי  האנטי-מטאפורה:אהרן  <properName>שבתאי</properName>  והרולד  שימל".  <noun>דברי</noun>  <adjective>הקונגרסהעולמי</adjective>  <numeral>השישי</numeral>  למדעי  <noun>היהדות</noun>  <noun>חטיבה</noun>  ג'.  <date>1967.</date>  171־177;  חבר,  חנן.  "שירי  <noun>מלון</noun>  <properName>ציון</properName>  להרולד  שימל".  <verb>קורא</verb>  שירה:  רשימות,  <noun>מסות</noun>  ומחקרים  <preposition>על</preposition>  שירהעברית.  <properName>תל</properName>  אביב:  <noun>קשב</noun>  לשירה.  <date>2005.</date>  170־178.  
 
		</body>
	</text>
</TEI>