<?xml version="1.0" encoding="UTF-8"?>
<?xml-model href="http://www.tei-c.org/release/xml/tei/custom/schema/relaxng/tei_all.rng" type="application/xml" schematypens="http://relaxng.org/ns/structure/1.0"?>
<?xml-model href="http://www.tei-c.org/release/xml/tei/custom/schema/relaxng/tei_all.rng" type="application/xml"
	schematypens="http://purl.oclc.org/dsdl/schematron"?>
<TEI xmlns="http://www.tei-c.org/ns/1.0">
   <teiHeader>
      <fileDesc>
         <publicationStmt>
            <p>Publication Information</p>
         </publicationStmt>
         <sourceDesc>
            <p>Information about the source</p>
         </sourceDesc>
      </fileDesc>
   </teiHeader>
   <text>
      <body>
 Name:  שיץ,  דוד
  <foreign>Birth</foreign>  Year:  <date>1941
</date>  <foreign>Birth</foreign>  Place:  ברלין,  גרמניה
  Occupation:  סופר
  <foreign>Entry</foreign>  writer:  בתיה  שמעוני
  <foreign>Entry</foreign>  Value:  
  <verb>נולד</verb>  בברלין,  גרמניה.  בהיותו  <noun>בן</noun>  <adjective>שבע</adjective>  <verb>עלה</verb>  לארץ  <preposition>עם</preposition>  אחיו  במסגרת  "עליית  הנוער",  והתחנך  במוסדות  ובמשפחות  אומנות.  <verb>למד</verb>  <noun>היסטוריה</noun>  ופילוסופיה  באוניברסיטה  <adjective>העברית</adjective>  בירושלים,  <noun>בעל</noun>  <noun>תואר</noun>  <verb>מוסמך</verb>  בהיסטוריה  <date>(1969).</date>  <properName>עבד</properName>  כעורך  בשירות  <noun>הסרטים</noun>  הישראלי.  <date>מ-1968</date>  <verb>פירסם</verb>  <noun>סיפורים</noun>  קצרים,  <adverb>בעיקר</adverb>  בכתב  <noun>העת</noun>  קשת.  פריצתו  <adjective>הספרותית</adjective>  <copula>היתה</copula>  <preposition>עם</preposition>  <noun>פרסום</noun>  <noun>רומן</noun>  <noun>הביכורים</noun>  שלו,  <noun>העשב</noun>  והחול  (ספרית  פועלים,  <date>1978).</date>  <noun>הספר</noun>  <verb>שהה</verb>  <noun>חודשים</noun>  <adjective>אחדים</adjective>  ברשימת  רבי-המכר  וזכה  לביקורות  רבות,  חלקן  <verb>נלהבות</verb>  ואחרות  צוננות.  
  ברומן  <existential>יש</existential>  <noun>יסודות</noun>  <adjective>ביוגרפיים</adjective>  רבים,  <conjunction>אך</conjunction>  <pronoun>הוא</pronoun>  <adverb>בעיקר</adverb>  <noun>חקירה</noun>  כמו-היסטורית,  שבה  <verb>מבקש</verb>  עמנואל,  <noun>המספר</noun>  הבדוי,  <verb>להתחקות</verb>  <preposition>אחר</preposition>  <noun>סוד</noun>  עברו  ולהבין  <at-preposition>את</at-preposition>  נטישתה  <shel-preposition>של</shel-preposition>  אמו.  <pronoun>הוא</pronoun>  <verb>חוזר</verb>  <numeral>ארבעה</numeral>  <noun>דורות</noun>  <adverb>לאחור</adverb>  ובוחן  <at-preposition>את</at-preposition>  <noun>השתלשלות</noun>  <noun>הקללה</noun>  <adjective>המשפחתית</adjective>  <preposition>דרך</preposition>  <noun>הביוגרפיה</noun>  <shel-preposition>של</shel-preposition>  <noun>נשות</noun>  המשפחה.  <noun>הדמות</noun>  <numeral>הראשונה</numeral>  בשרשרת  <copula>היא</copula>  סבתו,  שנולדה  <noun>כפרי</noun>  <noun>ניאופים</noun>  ונוצלה  <adverb>מינית</adverb>  <preposition>על</preposition>  <noun>ידי</noun>  אביה.היא  <verb>בורחת</verb>  מכפרה  ונישאת  ליהודי  ומתגיירת,  ועם  <noun>תחילת</noun>  <noun>מלחמת</noun>  <noun>העולם</noun>  <numeral>הראשונה</numeral>  <verb>נוטשת</verb>  <at-preposition>את</at-preposition>  בתה,  <adjective>לוטה</adjective>  מרים,  בבית  <noun>הוריה</noun>  ומניחה  אותה  לגורלה.  <noun>חטא</noun>  <noun>הניאוף</noun>  וחטא  <noun>הנטישה</noun>  <verb>הופכים</verb>  לכוח  <noun>המניע</noun>  <at-preposition>את</at-preposition>  חייה  <shel-preposition>של</shel-preposition>  <adjective>לוטה</adjective>  <properName>מרים</properName>  ומשפחתה.  <copula>היא</copula>  <verb>יולדת</verb>  <numeral>ארבעה</numeral>  <noun>ילדים</noun>  לשלושה  <noun>גברים</noun>  <adjective>שונים</adjective>  ונוטשת  אותם  בזה  <preposition>אחר</preposition>  <pronoun>זה</pronoun>  <preposition>אצל</preposition>  שכנתה  <noun>הגויה</noun>  ובעלה,  <noun>איש</noun>  <noun>המפלגה</noun>  הנאצית.  <noun>הילדים</noun>  <verb>גדלים</verb>  כעשבי  בר,  וכל  <numeral>אחד</numeral>  מהם  <noun>נושא</noun>  עמו  בצורה  <adjective>שונה</adjective>  <at-preposition>את</at-preposition>  <noun>תוצאות</noun>  <noun>בגידת</noun>  האם.
  הנשיות,  <preposition>על</preposition>  <noun>פניה</noun>  <noun>הארכיטיפיים</noun>  <adjective>השונים</adjective>  (האם,  הרעיה,  המאהבת,  הזונה)  ודרכי  השפעתה  <preposition>על</preposition>  הגיבור,  <participle>המשועבד</participle>  לה  באופן  טוטלי,  <copula>היא</copula>  <noun>נושא</noun>  רב-עוצמה,  ששיץ  <verb>חוזר</verb>  אליו  <adverb>שוב</adverb>  ושוב.  <noun>החפירה</noun>  בעבר  <conjunction>גם</conjunction>  <copula>היא</copula>  <noun>נושא</noun>  <adjective>קבוע</adjective>  בסיפוריו,ובמסגרתה  <pronoun>הוא</pronoun>  <verb>שב</verb>  <adverb>תמיד</adverb>  <preposition>אל</preposition>  <noun>בגידת</noun>  ההורים.  <noun>מוטיב</noun>  <adjective>קבוע</adjective>  ביצירתו  <pronoun>הוא</pronoun>  <noun>תמונת</noun>  <noun>ילד</noun>  <participle>השוכב</participle>  במיטתו  ושומע  מחדר  הוריו  <at-preposition>את</at-preposition>  מלמוליהם,  כשהם  <verb>זוממים</verb>  <verb>לחנוק</verb>  אותו  <conjunction>או</conjunction>  <verb>לרצוח</verb>  אותו  בדרך  אחרת.
  ספרו  השני,ההזדמנות  <adjective>האחרונה</adjective>  <date>(1980),שנכתב</date>  <preposition>לפני</preposition>  <noun>העשב</noun>  והחול  <conjunction>אך</conjunction>  <verb>פורסם</verb>  אחריו,  <noun>כולל</noun>  <noun>סיפורים</noun>  <adjective>קצרים</adjective>  וכמה  <noun>נובלות</noun>  בסגנון  אלגורי-סמלני,  <adverb>לעתים</adverb>  סוריאליסטי.  <noun>הקובץ</noun>  <negation>לא</negation>  <verb>זכה</verb>  לאהדת  הביקורת.  ברוב  <noun>הסיפורים</noun>  <noun>העולם</noun>  המסודר-לכאורה  <participle>מוחרד</participle>  <preposition>על</preposition>  <noun>ידי</noun>  <noun>סוג</noun>  <shel-preposition>של</shel-preposition>  טירוף,  רצח,  <noun>פריצות</noun>  <adverb>מינית</adverb>  ומופקרות.  <conjunction>לאחר</conjunction>  כישלונו  <shel-preposition>של</shel-preposition>  <noun>הספר</noun>  <noun>שקע</noun>  <properName>שיץ</properName>  בשבע  <noun>שנות</noun>  שתיקה,  שבעקבותיה  <verb>באה</verb>  <noun>פריחה</noun>  מחודשת.  בזה  <preposition>אחר</preposition>  <pronoun>זה</pronoun>  <adjective>פורסמושני</adjective>  רומנים:  <preposition>עד</preposition>  <noun>עולם</noun>  <verb>אחכה</verb>  <date>(1987)</date>  ושושן  לבן,  <noun>שושן</noun>  <properName>אדום</properName>  <date>(1988).</date>  
  <preposition>בעד</preposition>  <noun>עולם</noun>  <verb>אחכה</verb>  <verb>מופיעים</verb>  <noun>המוטיבים</noun>  <adjective>המוכרים</adjective>  <shel-preposition>של</shel-preposition>  <noun>הגירה</noun>  ושורשים  <participle>חתוכים</participle>  ושל  <noun>נטישה</noun>  <preposition>על</preposition>  <noun>ידי</noun>  <noun>ההורים</noun>  <participle>השבים</participle>  לאירופה,  <preposition>אל</preposition>  <noun>מחוז</noun>  <noun>החפץ</noun>  והגעגועים,  <participle>הנתפשים</participle>  <adverb>כאן</adverb>  כחסרי  תוחלת.  בשושן  לבן,  <noun>שושן</noun>  <properName>אדום</properName>  <verb>מובא</verb>  סיפורם  <shel-preposition>של</shel-preposition>  <numeral>שישה</numeral>  <noun>ילדים</noun>  עקורים,  <participle>המגיעים</participle>  לישראל  מאירופה  ונשלחים  למשפחות  <noun>אומנות</noun>  בכפר  פסטורלי;  בכל  <numeral>אחד</numeral>  משלושת  <noun>חלקי</noun>  <noun>הספר</noun>  <verb>מובאת</verb>  <noun>וריאציה</noun>  <preposition>על</preposition>  <noun>אהבה</noun>  אסורה,  <adjective>אפלה</adjective>  והרסנית,  <participle>הנוגעת</participle>  בגילוי  עריות.  סיפורם  <shel-preposition>של</shel-preposition>  <noun>הנערים</noun>  <verb>מעלה</verb>  <preposition>על</preposition>  <noun>פני</noun>  השטח,  בקווים  <adjective>דרמטיים</adjective>  עזים,  <at-preposition>את</at-preposition>  <noun>המפגש</noun>  <adjective>הקשה</adjective>  <shel-preposition>של</shel-preposition>  <noun>המהגרים</noun>  לישראל  <shel-preposition>של</shel-preposition>  <noun>ראשית</noun>  <noun>שנות</noun>  <noun>המדינה</noun>  <preposition>עם</preposition>  <noun>החברה</noun>  <adjective>הוותיקה</adjective>  האטומה.
  ספריו  <adjective>האחרונים</adjective>  <shel-preposition>של</shel-preposition>  שיץ:  <properName>אבישג</properName>  <date>(1989);שבע</date>  <noun>נשים</noun>  <date>(1995);</date>  <preposition>כמו</preposition>  <date>נחל(1997),</date>  <participle>נטועים</participle>  <quantifier>פחות</quantifier>  בעבר  ובשורשים  שמעבר  לים  וקשורים  <quantifier>יותר</quantifier>  לאקטואליה  הישראלית.  <pronomial>הם</pronomial>  <adjective>מורכבים</adjective>  ואינטנסיביים  <quantifier>פחות</quantifier>  מקודמיהם.  <noun>יומן</noun>  <noun>הזהב</noun>  <date>(1991)</date>  <pronoun>הוא</pronoun>  <noun>ספר</noun>  <noun>נוער</noun>  <participle>המתאר</participle>  <noun>קיץ</noun>  במוסד  לנערים.  <adverb>כאן</adverb>  <noun>עולים</noun>  <noun>קווים</noun>  <adjective>אוטוביוגרפיים</adjective>  ברוריםשל  <noun>הילדות</noun>  במוסד,  ובהם  <noun>חשיפת</noun>  <noun>הדרך</noun>  שבה  <verb>הצליח</verb>  המספר,  <noun>בן</noun>  דמותו  <shel-preposition>של</shel-preposition>  שיץ,  <verb>לשרוד</verb>  בחברת  <noun>הילדים</noun>  האלימה:  <pronoun>הוא</pronoun>  <verb>הופך</verb>  <verb>למספר</verb>  <adjective>סיפוריםמבוקש</adjective>  ועקב  <pronoun>כך</pronoun>  <verb>נעשה</verb>  <adjective>חסין</adjective>  מפגיעה.      
  מבחינה  <adjective>סגנונית</adjective>  <properName>שיץ</properName>  <adjective>שייך</adjective>  לזרם  האקספרסיוניסטי,  <participle>המונחה</participle>  <preposition>על</preposition>  <noun>ידי</noun>  <noun>העיקרון</noun>  <shel-preposition>של</shel-preposition>  <noun>העצמה</noun>  וזעקה  ריגושית.  <noun>המציאות</noun>  <participle>המעוצבת</participle>  ביצירה  <copula>אינה</copula>  <verb>מבקשת</verb>  <copula>להיות</copula>  <noun>בעלת</noun>  <noun>היגיון</noun>  <adjective>ריאליסטי</adjective>  <conjunction>אלא</conjunction>  <verb>לחשוף</verb>  <at-preposition>את</at-preposition>  הנפש,  <at-preposition>את</at-preposition>  <noun>האני</noun>  <adjective>הפנימי</adjective>  המועצם,  <preposition>על</preposition>  חלקיו  האפלים.  <conjunction>לפיכך</conjunction>  <noun>רוב</noun>  <noun>האלמנטים</noun>  <adjective>הסיפוריים</adjective>  (וידוי,  מכתבים,  יומנים,  <noun>נקודות</noun>  <noun>מבט</noun>  שונות)  <verb>משועבדים</verb>  לביטוי  <noun>המצוקה</noun>  <adjective>האנושית</adjective>  במופעיה  <verb>הריגושיים</verb>  הקיצוניים,  ולניסיון  <participle>הנואש</participle>  <verb>לשים</verb>  <noun>קץ</noun>  למצוקה  הזאת.  בסגנונו  <pronoun>הוא</pronoun>  <noun>קרוב</noun>  ליורם  קניוק,אף  <pronoun>הוא</pronoun>  <participle>סופר</participle>  <adjective>אקספרסיוניסטי</adjective>  מובהק,  וכן  למסורת  <noun>הכתיבה</noun>  <adjective>הגרמנית</adjective>  ההיפר-ריאליסטית.  בתכני  יצירתו  <noun>קרוב</noun>  אליו  <properName>דניאל</properName>  כהן-שגיא.  יצירתו  <verb>מצטיינת</verb>  במבנים  <adjective>ארכיטקטוניים</adjective>  מורכבים,  בריבוי  <noun>תודעות</noun>  שדרכן  <verb>משתקפים</verb>  <noun>חלקים</noun>  <adjective>שונים</adjective>  בעלילה,  <adverb>לעתים</adverb>  <preposition>תוך</preposition>  <noun>הארה</noun>  <verb>מחודשת</verb>  ושונה  <shel-preposition>של</shel-preposition>  אותם  <noun>חלקי</noun>  סיפור,  וגם  בעיצוב  <noun>סצנות</noun>  <adjective>תיאטרליות</adjective>  מסוגננות,  <adjective>מרובות</adjective>  משתתפים,  <participle>המוסיפות</participle>  <noun>נופך</noun>  פרודי-סרקסטי.
  <preposition>על</preposition>  ספרו  <noun>שושן</noun>  לבן,  <noun>שושן</noun>  אדום,  שתורגם  לגרמנית,  <verb>קיבל</verb>  <properName>שיץ</properName>  <at-preposition>את</at-preposition>  <properName>פרס</properName>  <properName>ברנשטיין</properName>  <date>(1988).</date>  <preposition>כמו</preposition>  <conjunction>כן</conjunction>  <verb>קיבל</verb>  <at-preposition>את</at-preposition>  <properName>פרס</properName>  <properName>ירושלים</properName>  לספרות  <properName>יפה</properName>  <date>(1991).</date>  <noun>העשב</noun>  והחול  <verb>תורגם</verb>  לצרפתית  ולגרמנית.  בארכיונו  <shel-preposition>של</shel-preposition>  <properName>דוד</properName>  <properName>שיץ</properName>  במכון  "הקשרים"  באוניברסיטת  בן-גוריון  <adjective>מצויים</adjective>  סיפורים,  <noun>נובלות</noun>  ורשימות  שלו  שטרם  כונסו  <punctuation>–</punctuation>  חלקם  <negation>לא</negation>  <verb>ראו</verb>  <properName>אור</properName>  מעולם.  
  References:  
  הולצמן,  אבנר.  "הזיכרון  כקלידוסקופ:  <noun>עיון</noun>  ברומן  'שושן  לבן,  <noun>שושן</noun>  אדום'  <preposition>מאת</preposition>  <properName>דוד</properName>  שיץ".  <noun>אהבות</noun>  ציון.  ירושלים:  כרמל.  <date>2006.</date>  588-596;  הלפרין,  שרה.  "על  יצירתו  <shel-preposition>של</shel-preposition>  <properName>דוד</properName>  שיץ".  <noun>מחקרים</noun>  בספרות  ישראל.  <properName>ניו</properName>  יורק:  <noun>בית</noun>  <noun>המדרש</noun>  לרבנים  באמריקה.  <date>2003.</date>  297-287;  שוורץ,  יגאל.  "מטוטלת  <noun>הכוח</noun>  <shel-preposition>של</shel-preposition>  <properName>דוד</properName>  שיץ".  <noun>העשב</noun>  והחול  (אחרית  דבר).  <properName>תל</properName>  אביב:  <noun>צד</noun>  התפר,  כתר.  <date>1992.</date>  216-209;  ---.  "אופרה  סריה?  <adjective>גרנדיוזיות</adjective>  וגבריות  בסיפוריו  <shel-preposition>של</shel-preposition>  <properName>דוד</properName>  שיץ".  <noun>דפים</noun>  למחקר  בספרות  18.  <date>2012.</date>  207-189;  בן-בנימין,  שרי.  <numeral>שתי</numeral>  <noun>פניה</noun>  <shel-preposition>של</shel-preposition>  האישה:  <preposition>על</preposition>  <adjective>המיניות</adjective>  והאימהות  ביצירתו  <shel-preposition>של</shel-preposition>  <properName>דוד</properName>  שיץ.  <noun>חיבור</noun>  <preposition>לשם</preposition>  <noun>קבלת</noun>  <noun>תואר</noun>  מוסמך.  <properName>תל</properName>  אביב:  <noun>אוניברסיטת</noun>  <properName>תל</properName>  אביב.  <date>1994.
</date> 
		</body>
	</text>
</TEI>