<?xml version="1.0" encoding="UTF-8"?>
<?xml-model href="http://www.tei-c.org/release/xml/tei/custom/schema/relaxng/tei_all.rng" type="application/xml" schematypens="http://relaxng.org/ns/structure/1.0"?>
<?xml-model href="http://www.tei-c.org/release/xml/tei/custom/schema/relaxng/tei_all.rng" type="application/xml"
	schematypens="http://purl.oclc.org/dsdl/schematron"?>
<TEI xmlns="http://www.tei-c.org/ns/1.0">
   <teiHeader>
      <fileDesc>
         <publicationStmt>
            <p>Publication Information</p>
         </publicationStmt>
         <sourceDesc>
            <p>Information about the source</p>
         </sourceDesc>
      </fileDesc>
   </teiHeader>
   <text>
      <body>
 Name:  שלו,  מאיר
  <foreign>Birth</foreign>  Year:  <date>1948
</date>  <foreign>Birth</foreign>  Place:  <noun>מושב</noun>  <properName>נהלל</properName>  שבעמק
  Occupation:  סופר
  <foreign>Entry</foreign>  writer:  <properName>אבנר</properName>  הולצמן
  <foreign>Entry</foreign>  Value:  
  <verb>נולד</verb>  במושב  <properName>נהלל</properName>  שבעמק  יזרעאל.  אביו  <pronoun>הוא</pronoun>  <noun>המשורר</noun>  <properName>יצחק</properName>  שלו  <date>(1992-1919).</date>  אמו  <properName>בתיה</properName>  <copula>היתה</copula>  <noun>בת</noun>  למשפחת  בן-ברק,  <preposition>מן</preposition>  <noun>המשפחות</noun>  <participle>המייסדות</participle>  <shel-preposition>של</shel-preposition>  נהלל.  ילדותו  <verb>עברה</verb>  בנהלל,  בקיבוץ  <properName>גינוסר</properName>  ובשכונת  <properName>קריית</properName>  <properName>משה</properName>  בירושלים,  <adverb>שם</adverb>  <verb>התיישבה</verb>  משפחתו  בהיותו  כבן  אחת-עשרה.  אביו  ואמו,  <noun>מורים</noun>  <verb>מהוללים</verb>  לתנ"ך  ולספרות,  <verb>השפיעו</verb>  <adverb>עמוקות</adverb>  <preposition>על</preposition>  <noun>עיצוב</noun>  זיקתו  לתנ"ך  וללשון  העברית,  ואילו  <noun>המורה</noun>  <adjective>האגדי</adjective>  לטבע  <properName>אמוץ</properName>  <properName>כהן</properName>  <verb>חיזק</verb>  <at-preposition>את</at-preposition>  זיקתו  לעולם  <adjective>החי</adjective>  והצומח  הארץ-ישראלי,  שיסודותיה  <verb>נטבעו</verb>  בילדותו  הכפרית.  <preposition>אחרי</preposition>  <noun>סיום</noun>  לימודיו  בבית  <noun>הספר</noun>  "התיכון  <preposition>ליד</preposition>  האוניברסיטה"  בירושלים,  <verb>התגייס</verb>  לסיירת  גולני.  בנובמבר  <date>1967</date>  <verb>נפצע</verb>  בפעילות  <adjective>מבצעית</adjective>  בבקעת  הירדן.  <verb>למד</verb>  באוניברסיטה  <adjective>העברית</adjective>  בירושלים  וקיבל  <noun>תואר</noun>  <numeral>ראשון</numeral>  בפסיכולוגיה.  <date>מ-1974</date>  <preposition>עד</preposition>  <date>1987</date>  <verb>עבד</verb>  בטלוויזיה  <adjective>הישראלית</adjective>  בתפקידי  עריכה,  תחקיר,  <noun>כתיבה</noun>  והגשה  <shel-preposition>של</shel-preposition>  <noun>תוכניות</noun>  <noun>אקטואליה</noun>  ובידור.  <numeral>שני</numeral>  ספריו  <noun>הראשונים</noun>  <copula>היו</copula>  <noun>קובץ</noun>  <noun>חרוזים</noun>  הומוריסטיים-ארוטיים,  <noun>משכב</noun>  <noun>לצים</noun>  (דליה  פלד,  <date>1982),</date>  ואסופת  <noun>מסות</noun>  <adjective>פרשניות</adjective>  <adjective>שנונות</adjective>  <preposition>על</preposition>  <noun>סיפורי</noun>  המקרא,  <noun>תנ"ך</noun>  <adverb>עכשיו</adverb>  <date>(1985).</date>  <adverb>מאז</adverb>  <noun>שנות</noun>  <numeral>השמונים</numeral>  <pronoun>הוא</pronoun>  <verb>מפרסם</verb>  <noun>טור</noun>  <adjective>עיתונאי</adjective>  קבוע,  <adverb>תחילה</adverb>  בהארץ  ולאחר  <verb>מכן</verb>  בידיעות  אחרונות.  <date>מ-1999</date>  <pronoun>הוא</pronoun>  <verb>מחלק</verb>  <at-preposition>את</at-preposition>  חייו  <preposition>בין</preposition>  <properName>ירושלים</properName>  ובין  <noun>הבית</noun>  שבנה  באלוני  אבא,  <negation>לא</negation>  <adverb>הרחק</adverb>  <preposition>מן</preposition>  <noun>המקום</noun>  <verb>שבו</verb>  נולד.
  <date>ב-1988</date>  <verb>פירסם</verb>  <at-preposition>את</at-preposition>  <noun>הרומן</noun>  <numeral>הראשון</numeral>  שלו,  <noun>רומן</noun>  רוסי,  שכבש  <at-preposition>את</at-preposition>  לבם  <shel-preposition>של</shel-preposition>  <noun>רבבות</noun>  קוראים.  <noun>הסיפור</noun>  <verb>מתרחש</verb>  במושב  <adjective>ותיק</adjective>  בעמק  יזרעאל,  <preposition>מעין</preposition>  <noun>גלגול</noun>  <adjective>בדיוני</adjective>  <shel-preposition>של</shel-preposition>  נהלל,  וניזון  מהיכרותו  האישית-משפחתית  <adjective>הקרובה</adjective>  <shel-preposition>של</shel-preposition>  <noun>המחבר</noun>  <preposition>עם</preposition>  <verb>הווי</verb>  המקום,  טיפוסיו  וסיפוריו,  וכן  מתחקיר  שערך  <preposition>בקרב</preposition>  <adjective>אחרוני</adjective>  <noun>העלייה</noun>  השנייה.  <noun>המספר</noun>  <properName>ברוך</properName>  שנהר,  <noun>נכד</noun>  לאחד  המייסדים,  <verb>מגולל</verb>  במצוות  סבו  <at-preposition>את</at-preposition>  <noun>תולדות</noun>  <noun>המקום</noun>  ובורא  מחדש,  בגרסה  גרוטסקית,  <at-preposition>את</at-preposition>  <noun>המיתוס</noun>  <adjective>ההרואי</adjective>  <shel-preposition>של</shel-preposition>  <noun>העלייה</noun>  <numeral>השנייה</numeral>  והשלישית  כאוסף  <shel-preposition>של</shel-preposition>  <noun>אנקדוטות</noun>  רבות-דמיון,  שגיבוריהן  <pronoun>הם</pronoun>  <noun>שרשרת</noun>  רב-דורית  <shel-preposition>של</shel-preposition>  <noun>הוזים</noun>  ומטורפים.  <noun>הרומן</noun>  <verb>בוחן</verb>  <at-preposition>את</at-preposition>  <noun>המיתוס</noun>  בתערובת  <shel-preposition>של</shel-preposition>  <noun>הערצה</noun>  והשתאות  <preposition>עם</preposition>  <noun>ספקנות</noun>  משועשעת,  <preposition>תוך</preposition>  <noun>טשטוש</noun>  <noun>הגבול</noun>  <preposition>בין</preposition>  <noun>מציאות</noun>  לפנטזיה.  <noun>סמל</noun>  רב-משמעי  <adjective>מרכזי</adjective>  ברומן  <pronoun>הוא</pronoun>  <noun>בית</noun>  <noun>הקברות</noun>  לחלוצים  שהמספר  <verb>מקים</verb>  <preposition>על</preposition>  <noun>אדמת</noun>  <noun>המשק</noun>  <shel-preposition>של</shel-preposition>  משפחתו,  ואשר  מצבותיו  <adjective>חוזרות</adjective>  ונבלעות  <preposition>בין</preposition>  אשבולי  <noun>התירס</noun>  ועצי  <noun>המטעים</noun>  <conjunction>כאשר</conjunction>  <noun>בן</noun>  <properName>דודו</properName>  <verb>חוזר</verb>  <verb>לעבד</verb>  <at-preposition>את</at-preposition>  <noun>אדמת</noun>  אבותיו.
  <preposition>אחרי</preposition>  <noun>רומן</noun>  <adjective>רוסי</adjective>  <verb>באו</verb>  <numeral>חמישה</numeral>  <noun>רומנים</noun>  נוספים.  <verb>עשו</verb>  <date>(1991)</date>  <verb>מספר</verb>  <at-preposition>את</at-preposition>  תולדותיה  <shel-preposition>של</shel-preposition>  <noun>משפחת</noun>  <noun>אופים</noun>  ארץ-ישראלית  <preposition>במשך</preposition>  <numeral>שלושה</numeral>  <noun>דורות</noun>  כפרודיה  <adjective>מורכבת</adjective>  <preposition>על</preposition>  סיפורה  <shel-preposition>של</shel-preposition>  <noun>משפחת</noun>  <noun>האבות</noun>  והאימהות  המקראית,  ובמרכזו  <noun>מסכת</noun>  <noun>היחסים</noun>  <preposition>בין</preposition>  עשו,  שמפיו  מסופר  הסיפור,  ובין  אחיו  יעקב.  <noun>פרשת</noun>  <noun>החיים</noun>  <participle>המתוארת</participle>  <adverb>קשה</adverb>  ומרה,  ובה  עמל-פרך  תמידי,  <noun>פרעות</noun>  אכזריות,  <noun>כאבי</noun>  שכול,  <noun>מחלות</noun>  קשות,  <noun>סבך</noun>  <adjective>אפל</adjective>  <shel-preposition>של</shel-preposition>  <noun>יחסים</noun>  <preposition>בתוך</preposition>  <noun>המשפחה</noun>  וייסורי  <noun>אשמה</noun>  <shel-preposition>של</shel-preposition>  המספר,  <noun>הבן</noun>  שגלה  מארצו.  <conjunction>אולם</conjunction>  <noun>מעשה</noun>  <noun>הסיפור</noun>  <pronoun>עצמו</pronoun>  <verb>ניחן</verb>  באופי  <noun>משחקי</noun>  בולט,  <participle>המבטל</participle>  <at-preposition>את</at-preposition>  <noun>הטרגיות</noun>  <shel-preposition>של</shel-preposition>  חומריו:  <noun>המספר</noun>  <verb>משתעשע</verb>  באינספור  <noun>ציטוטים</noun>  ורמיזות  ספרותיות,  מערים  <noun>בדיה</noun>  <preposition>על</preposition>  <noun>גבי</noun>  <noun>בדיה</noun>  והופך  <at-preposition>את</at-preposition>  <noun>הרומן</noun>  לקולאז'  לשוני  <verb>מבדר</verb>  שעיקר  עניינו  בחקירת  טיבו  <shel-preposition>של</shel-preposition>  <noun>המדיום</noun>  <adjective>הספרותי</adjective>  עצמו.
  כימים  <adjective>אחדים</adjective>  <date>(1994)</date>  <verb>מגולל</verb>  <noun>עלילה</noun>  <adjective>ססגונית</adjective>  מפותלת,  שבמרכזה  <noun>אישה</noun>  <adjective>מופלאה</adjective>  <participle>המשמשת</participle>  <noun>מוקד</noun>  לאהבתם  ולתשוקתם  <shel-preposition>של</shel-preposition>  <noun>גברים</noun>  אחדים.  המספר,  זיידה,  <verb>בנה</verb>  <shel-preposition>של</shel-preposition>  אותה  אישה,  ששמו  מקנה  <conjunction>לו</conjunction>  <noun>חסינות</noun>  <noun>מאגית</noun>  <preposition>בפני</preposition>  המוות,  <pronoun>הוא</pronoun>  יורשם  ובבת-עינם  <shel-preposition>של</shel-preposition>  <numeral>שלושה</numeral>  גברים,  שלכל  <numeral>אחד</numeral>  מהם  <existential>יש</existential>  <noun>סיבות</noun>  <verb>לקוות</verb>  שהוא  אביו  האמיתי.  <preposition>סביב</preposition>  <noun>פרשת</noun>  חייו  <verb>נרקמים</verb>  <numeral>עשרות</numeral>  <noun>סיפורי</noun>  משנה,  <participle>המעוגנים</participle>  ברובם  בהוויית  <noun>החיים</noun>  <shel-preposition>של</shel-preposition>  <noun>כפר</noun>  בעמק  יזרעאל,  מימי  <adjective>הראשית</adjective>  שלו  בשנות  <numeral>העשרים</numeral>  <shel-preposition>של</shel-preposition>  <numeral>המאה</numeral>  <numeral>העשרים</numeral>  <preposition>על</preposition>  <noun>פני</noun>  שישים  שנה.  בביתו  במדבר  <date>(1998)</date>  <pronoun>הוא</pronoun>  סיפורו  <shel-preposition>של</shel-preposition>  <noun>אדם</noun>  שקללה  <verb>רובצת</verb>  <preposition>על</preposition>  <noun>הגברים</noun>  במשפחתו:  <quantifier>כל</quantifier>  <numeral>אחד</numeral>  מהם  <verb>מת</verb>  <noun>מיתה</noun>  <verb>משונה</verb>  בגיל  צעיר,  ואף  <pronoun>הוא</pronoun>  <verb>מתכונן</verb>  לגורלו  הבלתי-נמנע.  <noun>הרומן</noun>  <verb>נחלק</verb>  <preposition>בין</preposition>  <noun>תיאורי</noun>  ההווה,  <participle>העוקבים</participle>  <preposition>אחר</preposition>  <noun>חיי</noun>  <noun>הבדידות</noun>  <shel-preposition>של</shel-preposition>  <noun>הגיבור</noun>  בעיירה  <adjective>מדברית</adjective>  בנגב,  ובין  <noun>תיאורי</noun>  ילדותו  ונעוריו  בשיכון  ירושלמי.  <verb>מתברר</verb>  שהוא  <verb>צמח</verb>  בחברתן  <shel-preposition>של</shel-preposition>  <numeral>חמש</numeral>  <noun>נשים</noun>  <punctuation>–</punctuation>  סבתו,  אמו,  <numeral>שתי</numeral>  דודותיו  ואחותו  <punctuation>–</punctuation>  <participle>המתלכדות</participle>  <preposition>לכעין</preposition>  <noun>אישה</noun>  <adjective>גדולה</adjective>  <numeral>אחת</numeral>  רבת-איברים,  שנוכחותה  <noun>ספק</noun>  <verb>מגוננת</verb>  עליו  <noun>ספק</noun>  <verb>חונקת</verb>  אותו.  <pronoun>זהו</pronoun>  <noun>הרומן</noun>  <adjective>היחיד</adjective>  <shel-preposition>של</shel-preposition>  שלו  שאינו  <adjective>קשור</adjective>  <adverb>כלל</adverb>  לעמק  יזרעאל,  והלך  <noun>הנפש</noun>  הקודר,  <participle>המסוגף</participle>  והמדוכדך  <participle>העולה</participle>  <verb>ממנו</verb>  <verb>הולם</verb>  <at-preposition>את</at-preposition>  <noun>נופי</noun>  <noun>המדבר</noun>  <adjective>הצחיחים</adjective>  שבתוכם  <pronoun>הוא</pronoun>  ממוקם.
  <properName>פונטנלה</properName>  <date>(2002),</date>  <preposition>כמו</preposition>  <noun>רומן</noun>  <adjective>רוסי</adjective>  וכימים  אחדים,  <verb>מתרחש</verb>  בעמק  <properName>יזרעאל</properName>  המערבי,  ומספר  <at-preposition>את</at-preposition>  <noun>תולדות</noun>  <noun>משפחת</noun>  יופה,  <verb>החל</verb>  בסבו  ובסבתו  <noun>החלוצים</noun>  <shel-preposition>של</shel-preposition>  <noun>המספר</noun>  מיכאל,  <noun>מייסדי</noun>  <noun>החצר</noun>  <adjective>המשפחתית</adjective>  שסביבה  <verb>צמחה</verb>  <adverb>לימים</adverb>  עיר,  וכלה  בבנו  <noun>איש</noun>  <noun>המחשבים</noun>  ובתו  <noun>בעלת</noun>  הפאב.  סביבם  <noun>חג</noun>  <noun>קהל</noun>  <adjective>גדול</adjective>  <shel-preposition>של</shel-preposition>  <noun>דמויות</noun>  משנה,  <quantifier>כל</quantifier>  <numeral>אחת</numeral>  ומוזרותה  הייחודית,  ויחד  <possessive>הן</possessive>  <verb>מייצרות</verb>  <noun>הוויה</noun>  <adjective>קרנבלית</adjective>  <adjective>ססגונית</adjective>  ביותר.  ייחודו  <shel-preposition>של</shel-preposition>  <properName>מיכאל</properName>  <properName>במרפס</properName>  (פונטנלה)  שלו,  <quantifier>אותו</quantifier>  <noun>רווח</noun>  <adjective>רך</adjective>  <preposition>בין</preposition>  <noun>עצמות</noun>  הגולגולת,  שאינו  <verb>מתאחה</verb>  <preposition>כמו</preposition>  בשאר  <noun>התינוקות</noun>  <conjunction>אלא</conjunction>  <verb>נשאר</verb>  <adjective>פתוח</adjective>  <quantifier>כל</quantifier>  חייו  ומאפשר  <conjunction>לו</conjunction>  <verb>לקלוט</verb>  <noun>שדרים</noun>  ואותות,  <verb>לנחש</verb>  <at-preposition>את</at-preposition>  <noun>העתיד</noun>  ולגלות  נסתרות.  תשוקתו  <adjective>התמידית</adjective>  <verb>מכוונת</verb>  <preposition>אל</preposition>  <noun>אישה</noun>  בשם  אניה,  שהצילה  <quantifier>אותו</quantifier>  <participle>משרֵפה</participle>  בהיותו  <noun>בן</noun>  <numeral>חמש</numeral>  ומאז  <verb>נכרתה</verb>  ביניהם  <noun>ברית</noun>  <noun>אהבה</noun>  נצחית.
  <noun>הרומן</noun>  <properName>יונה</properName>  ונער  <date>(2006)</date>  <adjective>בנוי</adjective>  <preposition>על</preposition>  <numeral>שתי</numeral>  <noun>עלילות</noun>  <adjective>מקבילות</adjective>  ולכאורה  נפרדות.  גיבורה  <shel-preposition>של</shel-preposition>  <noun>עלילת</noun>  ההווה,  <properName>יאיר</properName>  מנדלסון,  <pronoun>הוא</pronoun>  <verb>מדריך</verb>  <noun>תיירים</noun>  <participle>הנחלץ</participle>  מנישואיו  לאשת  <noun>נדל"ן</noun>  <adjective>אמריקנית</adjective>  <conjunction>כדי</conjunction>  <verb>לבנות</verb>  <conjunction>לו</conjunction>  <noun>בית</noun>  בגליל  <preposition>בעזרת</preposition>  <noun>קבלנית</noun>  <noun>בניין</noun>  שהיתה  <noun>אהובתו</noun>  בנעוריו.  בעלילת  <noun>העבר</noun>  <verb>נרקמת</verb>  <noun>פרשת</noun>  <noun>אהבה</noun>  <properName>עזה</properName>  <preposition>בין</preposition>  <noun>נער</noun>  ונערה  <noun>אנשי</noun>  הפלמ"ח,  מפעילים  <shel-preposition>של</shel-preposition>  <properName>יוני</properName>  <noun>דואר</noun>  במלחמת  העצמאות,  <preposition>עד</preposition>  סופו  <adjective>הטרגי</adjective>  והאופטימי  <conjunction>גם</conjunction>  <adverb>יחד</adverb>  <shel-preposition>של</shel-preposition>  סיפורם.  <noun>הקשר</noun>  <adjective>המסתורי</adjective>  <preposition>בין</preposition>  <numeral>שתי</numeral>  <noun>העלילות</noun>  <participle>מתפענח</participle>  <conjunction>רק</conjunction>  בסוף  הדברים.  <preposition>מעין</preposition>  <noun>ספיח</noun>  לרומנים  <pronoun>אלה</pronoun>  <pronoun>הוא</pronoun>  <noun>הדבר</noun>  <copula>היה</copula>  <adverb>ככה</adverb>  <date>(2009)</date>  <punctuation>–</punctuation>  <noun>סיפור</noun>  <noun>זיכרונות</noun>  <adjective>מבודח</adjective>  שבמרכזו  דמותה  <shel-preposition>של</shel-preposition>  <noun>הסבתא</noun>  <noun>הנהללית</noun>  <adjective>חולת</adjective>  <noun>הניקיון</noun>  ותולדותיו  <shel-preposition>של</shel-preposition>  <verb>שואב</verb>  <noun>אבק</noun>  <adjective>משוכלל</adjective>  <participle>הנשלח</participle>  אליה  מאמריקה  ונידון  למאסר  <noun>עולם</noun>  באחד  מחדרי  ביתה.  <preposition>סביב</preposition>  <noun>המהתלה</noun>  <adjective>הסיפורית</adjective>  <pronoun>הזאת</pronoun>  <verb>נבנה</verb>  <noun>דיוקן</noun>  <adjective>משפחתי</adjective>  מלא  <noun>חיבה</noun>  אירונית,  שהמציאות  והבדיון  <verb>נמזגים</verb>  בו  <preposition>ללא</preposition>  הפרד.
  <preposition>מתוך</preposition>  <noun>התבוננות</noun>  <verb>כוללת</verb>  בשבעת  <noun>ספרי</noun>  <noun>הפרוזה</noun>  <shel-preposition>של</shel-preposition>  שלו  <verb>עולה</verb>  <noun>שורה</noun>  <shel-preposition>של</shel-preposition>  <noun>מרכיבים</noun>  <adjective>קבועים</adjective>  <participle>החוזרים</participle>  בעולמו  הסיפורי.  במרכז  <quantifier>כל</quantifier>  <noun>רומן</noun>  <verb>עומד</verb>  <noun>מערך</noun>  <adjective>משפחתי</adjective>  מוזר,  <preposition>על</preposition>  <noun>תסבוכת</noun>  <noun>היחסים</noun>  בתוכו.  <noun>סיפור</noun>  המשפחה,  <participle>המשמש</participle>  <noun>ציר</noun>  <adjective>מרכזי</adjective>  במערך  <adjective>מסועף</adjective>  <adverb>ביותר</adverb>  <shel-preposition>של</shel-preposition>  <noun>סיפורי</noun>  משנה,  <verb>נפרש</verb>  כמין  <noun>סאגה</noun>  ארץ-ישראלית  <preposition>על</preposition>  <noun>פני</noun>  <numeral>עשרות</numeral>  שנים,  ותולדות  <noun>הארץ</noun>  <punctuation>–</punctuation>  ובמיוחד  <noun>פרשת</noun>  <noun>ההתיישבות</noun>  <adjective>הציונית</adjective>  בה  <punctuation>–</punctuation>  <verb>נשקפות</verb>  <verb>ממנו</verb>  בראי  עקום.  <noun>נוסח</noun>  <noun>הכתיבה</noun>  <pronoun>הוא</pronoun>  <preposition>מעין</preposition>  <noun>ריאליזם</noun>  פנטסטי:  <preposition>לצד</preposition>  <noun>תיאורים</noun>  <adjective>דקדקניים</adjective>  <shel-preposition>של</shel-preposition>  <noun>מרחב</noun>  ואנשים  <adjective>שזורים</adjective>  בכל  <noun>רומן</noun>  <noun>יסודות</noun>  על-טבעיים  מובהקים,  <noun>אם</noun>  <preposition>על</preposition>  <noun>ידי</noun>  <noun>הענקת</noun>  <noun>תכונות</noun>  על-אנושיות  לדמויות,  <noun>אם</noun>  <preposition>על</preposition>  <noun>ידי</noun>  שילובן  <shel-preposition>של</shel-preposition>  <noun>הדמויות</noun>  בעלילות  בעלות  <noun>אופי</noun>  מיתולוגי.  <quantifier>כל</quantifier>  <noun>הרומנים</noun>  <verb>מוגשים</verb>  בגוף  <numeral>ראשון</numeral>  מפי  <verb>מספר</verb>  <noun>בן</noun>  המשפחה,  שהוא  <preposition>עד</preposition>  וגיבור  כאחד.  בדרך  <adverb>כלל</adverb>  <existential>יש</existential>  בו  <noun>משהו</noun>  <adjective>פגום</adjective>  ובעייתי,  וכמספר  <pronoun>הוא</pronoun>  <verb>נוטה</verb>  <copula>להיות</copula>  <wPrefix>בלתי</wPrefix>  מהימן.  <noun>הרומנים</noun>  <verb>מלאים</verb>  <noun>תיאורים</noun>  <adjective>חושניים</adjective>  ורבי-בקיאות  <punctuation>–</punctuation>  <participle>המוגשים</participle>  בעברית  עשירה,  <adjective>מדויקת</adjective>  והדורה  <punctuation>–</punctuation>  <shel-preposition>של</shel-preposition>  <noun>בעלי</noun>  חיים,  צמחים,  <noun>כלים</noun>  ומאכלים,  וניכרת  בהם  <noun>השתאות</noun>  <verb>מרותקת</verb>  <preposition>נוכח</preposition>  מעשיהם  <shel-preposition>של</shel-preposition>  <noun>עובדי</noun>  <noun>כפיים</noun>  <adjective>נבונים</adjective>  ומיומנים  במלאכתם,  מאופים  ועד  סתתים.  <adjective>שזורים</adjective>  בהם  <noun>הומור</noun>  <adjective>יבש</adjective>  ונטייה  להתבוננות  קומית-סאטירית  בבני  אדם,  שיש  בה  <noun>קווים</noun>  <shel-preposition>של</shel-preposition>  מיזנתרופיה.  <noun>הקומפוזיציה</noun>  <shel-preposition>של</shel-preposition>  <quantifier>כל</quantifier>  <noun>רומן</noun>  <adjective>מסובכת</adjective>  למדי,  ומושתתת  <preposition>על</preposition>  <noun>תנועה</noun>  <adjective>מתמדת</adjective>  <adverb>קדימה</adverb>  ואחורה  בזמן  <preposition>תוך</preposition>  <conjunction>כדי</conjunction>  שזירת  <noun>פיסות</noun>  <noun>העלילה</noun>  <pronoun>זו</pronoun>  בזו,  <preposition>עד</preposition>  שהתַצְרֵף  רב-החלקים  <verb>ניצב</verb>  בשלמותו  <preposition>לפני</preposition>  הקורא,  ואז  <conjunction>גם</conjunction>  <participle>מתפענח</participle>  <noun>הסוד</noun>  שהונח  בבסיס  <noun>הסיפור</noun>  מראשיתו.  שלו  <verb>נמנע</verb>  מפירוט  <shel-preposition>של</shel-preposition>  <noun>חיי</noun>  <noun>נפש</noun>  ומניח  למעשי  <noun>הדמויות</noun>  ולאמירותיהן  לדבר  בעדן,  <conjunction>או</conjunction>  שהוא  <verb>משאיר</verb>  אותן  <wPrefix>בלתי</wPrefix>  מפוענחות,  וזאת  כחלק  מהסתייגותו  <adjective>המפורשת</adjective>  מסיפורת  <shel-preposition>של</shel-preposition>  <noun>חיטוט</noun>  פסיכולוגי.  בכמה  <preposition>מן</preposition>  <noun>הרומנים</noun>  <verb>חוזרת</verb>  ונשנית  <noun>הנטייה</noun>  <verb>לטשטש</verb>  <at-preposition>את</at-preposition>  <noun>הגבולות</noun>  <preposition>בין</preposition>  <noun>זכר</noun>  לנקבה  ולחקור  <noun>צורות</noun>  <adjective>שונות</adjective>  <shel-preposition>של</shel-preposition>  <noun>קיום</noun>  אנדרוגיני,  <preposition>לצד</preposition>  <participle>היקסמות</participle>  <adjective>קבועה</adjective>  מנשים  דמויות-נימפות  <punctuation>–</punctuation>  יפות,  <adjective>אנרגטיות</adjective>  וחזקות.
  <quantifier>כל</quantifier>  <noun>הרומנים</noun>  שלו  <verb>זכו</verb>  להצלחה  <adjective>רבה</adjective>  <adverb>מאוד</adverb>  בקהל  הקוראים,  והפכו  <quantifier>אותו</quantifier>  לאחד  <noun>הסופרים</noun>  <adjective>הישראלים</adjective>  <participle>הנקראים</participle>  והאהובים  ביותר,  וכן  למושא  <shel-preposition>של</shel-preposition>  <quantifier>כמה</quantifier>  וכמה  <noun>עבודות</noun>  <noun>מחקר</noun>  אקדמיות.  <noun>הביקורת</noun>  <verb>הציגה</verb>  <noun>עמדות</noun>  <adjective>מקוטבות</adjective>  בשאלת  <noun>המשמעות</noun>  <adjective>האידיאולוגית</adjective>  <shel-preposition>של</shel-preposition>  כתיבתו,  <verb>החל</verb>  בראייתו  כקטגור  <conjunction>או</conjunction>  <noun>נביא</noun>  <noun>חורבן</noun>  <shel-preposition>של</shel-preposition>  <noun>המפעל</noun>  <adjective>הציוני</adjective>  וכלה  בהצגתו  כאוהב  <adjective>רומנטי</adjective>  <adjective>גדול</adjective>  <shel-preposition>של</shel-preposition>  <noun>העבר</noun>  החלוצי.  <noun>מחלוקת</noun>  <adjective>חריפה</adjective>  <negation>לא</negation>  <adverb>פחות</adverb>  <verb>מסתמנת</verb>  בשאלת  <noun>הערך</noun>  והמשמעות  <shel-preposition>של</shel-preposition>  מפעלו  הספרותי.  <preposition>מצד</preposition>  <numeral>אחד</numeral>  <adjective>מצויים</adjective>  <noun>מבקרים</noun>  (בראשם  <properName>גרשון</properName>  שקד)  <properName>שהציגוהו</properName>  בהערכה  כמי  שחידש  <at-preposition>את</at-preposition>  <noun>פני</noun>  <noun>הסיפורת</noun>  <adjective>הישראלית</adjective>  בהחדירו  אליה  <noun>עוצמות</noun>  מיתולוגיות,  <noun>שפיעה</noun>  <adjective>נהנתנית</adjective>  ושמחת  <noun>חיים</noun>  קרנבלית.  <noun>מבקרים</noun>  <adjective>אחרים</adjective>  (בראשם  <properName>דן</properName>  מירון)  <verb>תיארו</verb>  <at-preposition>את</at-preposition>  יצירתו  כמפגן  <adjective>דל</adjective>  <verb>ערך</verb>  <shel-preposition>של</shel-preposition>  <noun>קיטש</noun>  <adjective>דקורטיבי</adjective>  שטוח,  <noun>בדרני</noun>  בעיקרו,  והגדירוה  כתופעה  <adjective>שולית</adjective>  בסיפורת  הישראלית.
  <preposition>לצד</preposition>  <numeral>ששת</numeral>  <noun>הרומנים</noun>  <verb>חיבר</verb>  שלו  <numeral>שני</numeral>  <noun>ספרי</noun>  עיון,  <adverb>בעיקר</adverb>  <preposition>על</preposition>  <noun>אהבה</noun>  <date>(1995)</date>  וסוד  <noun>אחיזת</noun>  <noun>העיניים</noun>  <date>(1999),</date>  <participle>המבוססים</participle>  <preposition>על</preposition>  <noun>מחזורי</noun>  <noun>הרצאות</noun>  <adjective>אוניברסיטאיות</adjective>  שנשא  כסופר-אורח.  <noun>ההרצאות</noun>  <participle>חושפות</participle>  בדרך  <adjective>סיפורית</adjective>  <participle>שובת</participle>  <noun>לב</noun>  <at-preposition>את</at-preposition>  <noun>עולם</noun>  <noun>הקריאה</noun>  שלו,  <at-preposition>את</at-preposition>  <noun>התשתיות</noun>  התנ"כיות  והמיתולוגיות  <shel-preposition>של</shel-preposition>  כתיבתו  ואת  <noun>היוצרים</noun>  <adjective>הגדולים</adjective>  <verb>מספרות</verb>  <noun>העולם</noun>  שהשפיעו  עליו,  בהם  אובידיוס,  פילדינג,  גוגול,  מלוויל,  <properName>מארק</properName>  טוויין,  <properName>תומס</properName>  מאן,  קיפלינג,  סרויאן,  נבוקוב,  קזנצאקיס,  ד'אמיציס,  <properName>אריך</properName>  קסטנר,  ומן  <noun>הספרות</noun>  <adjective>היהודית</adjective>  והעברית  <punctuation>–</punctuation>  <adverb>בעיקר</adverb>  <noun>שלום</noun>  עליכם  ונחום  גוטמן.
  ספריו  <verb>תורגמו</verb>  לשש-עשרה  <noun>לשונות</noun>  וזיכו  <quantifier>אותו</quantifier>  בפרסים  שונים,  בהם  <properName>פרס</properName>  <properName>ברנשטיין</properName>  <date>(1989),</date>  <properName>פרס</properName>  <properName>ברנר</properName>  <date>(2006)</date>  וה-National  <foreign>Jewish</foreign>  <foreign>Book</foreign>  <foreign>Award</foreign>  <foreign>for</foreign>  <foreign>Fiction</foreign>  <date>(2007).</date>  <adverb>בנוסף</adverb>  <preposition>על</preposition>  <noun>הרומנים</noun>  וספרי  <noun>העיון</noun>  <verb>פירסם</verb>  כעשרה  <noun>ספרי</noun>  ילדים,  ומתוכם  <verb>זכו</verb>  לפופולריות  <verb>מיוחדת</verb>  <noun>גומות</noun>  <noun>החן</noun>  <shel-preposition>של</shel-preposition>  <properName>זוהר</properName>  <date>(1985);</date>  <properName>אבא</properName>  <verb>עושה</verb>  <verb>בושות</verb>  <date>(1988);</date>  <verb>הכינה</verb>  <properName>נחמה</properName>  <date>(1990);</date>  <interrogative>איך</interrogative>  <noun>האדם</noun>  <adjective>הקדמון</adjective>  <verb>המציא</verb>  <adverb>לגמרי</adverb>  <adverb>במקרה</adverb>  <at-preposition>את</at-preposition>  <noun>הקבאב</noun>  <noun>הרומני</noun>  <date>(1993).
</date>  References:  
  גרנות,  משה.  "'אולי  <conjunction>גם</conjunction>  <pronoun>אני</pronoun>  <copula>הייתי</copula>  <modal>צריך</modal>  לחכות'".  <noun>שיחות</noun>  <preposition>עם</preposition>  סופרים.  <properName>תל</properName>  אביב:  קווים.  <date>2007.</date>  85-100;  דיין,  יוכבד.  <noun>ציונות</noun>  חדשה,  <noun>ציונות</noun>  ישנה:  למבנה  <noun>העומק</noun>  <shel-preposition>של</shel-preposition>  <noun>יצירת</noun>  <properName>מאיר</properName>  שלו.  <noun>חיבור</noun>  <preposition>לשם</preposition>  <noun>קבלת</noun>  <noun>תואר</noun>  דוקטור.  <noun>אוניברסיטת</noun>  <properName>תל</properName>  אביב.  <date>2003;</date>  ליבנה,  נרי.  "הוא  <verb>חזר</verb>  לשדות".  <noun>הארץ</noun>  מוסף.  <date>8.9.2000.</date>  60-62,  64,  66;  שיפמן,  סמדר.  "דברים  שרואים  מכאן.  <properName>דויד</properName>  גרוסמן,  <properName>אורלי</properName>  קסטל-בלום  ומאיר  שלו:  <properName>מעֵבר</properName>  למודרניזם?".  ירושלים:  כרמל.  <date>2007;</date>  ---.  "טביעת  אצבעו  <shel-preposition>של</shel-preposition>  המחבר:  <noun>העולמות</noun>  <adjective>הפואטיים</adjective>  <shel-preposition>של</shel-preposition>  פוקנר,  <properName>המינגווי</properName>  ומאיר  שלו".  <properName>תל</properName>  אביב:  <noun>הקיבוץ</noun>  המאוחד.  <date>1999;</date>  שלח,  יוכי.  <preposition>על</preposition>  <noun>עקרון</noun>  <noun>היסוד</noun>  בעולמם  <adjective>הפואטי</adjective>  <shel-preposition>של</shel-preposition>  <properName>דויד</properName>  <properName>גרוסמן</properName>  ומאיר  שלו.  <noun>חיבור</noun>  <preposition>לשם</preposition>  <noun>קבלת</noun>  <noun>תואר</noun>  דוקטור.  <noun>אוניברסיטת</noun>  <properName>תל</properName>  אביב.  <date>2005;</date>  שקד,  גרשון.  "מחול  <noun>המוות</noun>  ומחול  החיים".  <noun>ידיעות</noun>  <adjective>אחרונות</adjective>  <adjective>מוסף</adjective>  שבועות.  <date>15.5.1994.</date>  19-20;
  Alter,  Robert.  "Magic  <foreign>Realism</foreign>  <foreign>in</foreign>  <foreign>the</foreign>  <foreign>Israeli</foreign>  Novel".  <foreign>The</foreign>  <foreign>Boom</foreign>  <foreign>in</foreign>  <foreign>Contemporary</foreign>  <foreign>Israeli</foreign>  Fiction.  Hanover:  <foreign>Brandeis</foreign>  <foreign>University</foreign>  Press.  <date>1997.</date>  17-34.
 
		</body>
	</text>
</TEI>