<?xml version="1.0" encoding="UTF-8"?>
<?xml-model href="http://www.tei-c.org/release/xml/tei/custom/schema/relaxng/tei_all.rng" type="application/xml" schematypens="http://relaxng.org/ns/structure/1.0"?>
<?xml-model href="http://www.tei-c.org/release/xml/tei/custom/schema/relaxng/tei_all.rng" type="application/xml"
	schematypens="http://purl.oclc.org/dsdl/schematron"?>
<TEI xmlns="http://www.tei-c.org/ns/1.0">
   <teiHeader>
      <fileDesc>
         <publicationStmt>
            <p>Publication Information</p>
         </publicationStmt>
         <sourceDesc>
            <p>Information about the source</p>
         </sourceDesc>
      </fileDesc>
   </teiHeader>
   <text>
      <body>
 Name:  שלו,  <properName>צרויה</properName>  
  <foreign>Birth</foreign>  Year:  <date>1959
</date>  <foreign>Birth</foreign>  Place:  <noun>קבוצת</noun>  כנרת
  Occupation:  סופרת,  <noun>משוררת</noun>  ועורכת
  <foreign>Entry</foreign>  writer:  <preposition>מעין</preposition>  הראל
  <foreign>Entry</foreign>  Value:  
  <verb>נולדה</verb>  בקבוצת  כנרת.  בילדותה  <verb>התגוררה</verb>  ביישוב  צופית.  <properName>אביה</properName>  <pronoun>הוא</pronoun>  <noun>המבקר</noun>  והוגה  <noun>הדעות</noun>  <properName>מרדכי</properName>  שלו.  <noun>דודה</noun>  <pronoun>הוא</pronoun>  <noun>המשורר</noun>  והסופר  <properName>יצחק</properName>  שלו,  אביו  <shel-preposition>של</shel-preposition>  <noun>הסופר</noun>  <properName>מאיר</properName>  שלו.  <conjunction>גם</conjunction>  אחיה,  ענר,  <pronoun>הוא</pronoun>  סופר.  <noun>בעלת</noun>  <noun>תואר</noun>  <numeral>ראשון</numeral>  ושני  במקרא  מהאוניברסיטה  <adjective>העברית</adjective>  בירושלים.  <date>ב-1988</date>  <verb>החלה</verb>  <verb>לעבוד</verb>  <adjective>כלקטורית</adjective>  בהוצאת  <noun>כתר</noun>  ובהמשך  כעורכת  בכתר  ובקשת.  <verb>ערכה</verb>  <noun>ספרי</noun>  <noun>עיון</noun>  ופרוזה  רבים,  בהם  ספריהם  <shel-preposition>של</shel-preposition>  <properName>רם</properName>  אורן,  <properName>ישראל</properName>  סגל,  <properName>שלי</properName>  יחימוביץ',  <properName>שפרה</properName>  הורן,  <properName>דן</properName>  <properName>מירון</properName>  ואחרים.  <conjunction>כמו</conjunction>  <conjunction>כן</conjunction>  <verb>ערכה</verb>  בשנים  <date>1995-1992,</date>  <preposition>עם</preposition>  <properName>יגאל</properName>  שוורץ,  <at-preposition>את</at-preposition>  <noun>כתב</noun>  <noun>העת</noun>  <conjunction>אפס</conjunction>  שתיים.  <verb>מתגוררת</verb>  בירושלים.  <pronoun>היא</pronoun>  <adjective>נשואה</adjective>  לסופר  <properName>איל</properName>  מגד,  ולהם  <noun>בן</noun>  משותף.  שלו  <pronoun>היא</pronoun>  <conjunction>גם</conjunction>  <conjunction>אם</conjunction>  לבת,  מרווה,  מנישואיה  הראשונים.  
  <at-preposition>את</at-preposition>  דרכה  <adjective>הספרותית</adjective>  <verb>החלה</verb>  כמשוררת.  בהיותה  <noun>בת</noun>  שבע-עשרה  <verb>פירסמה</verb>  <noun>שיר</noun>  <numeral>ראשון</numeral>  בהארץ,  <date>וב-1988</date>  <verb>יצא</verb>  לאור  בהוצאת  <noun>הקיבוץ</noun>  <adjective>המאוחד</adjective>  <noun>קובץ</noun>  שיריה  <noun>מטרה</noun>  <adjective>נוחה</adjective>  לצלפים,  שזכה  לשבחים  ולפרסים.  מבחינות  <adjective>רבות</adjective>  <verb>התווה</verb>  <noun>ספר</noun>  <adjective>מוקדם</adjective>  <pronoun>זה</pronoun>  <at-preposition>את</at-preposition>  <noun>הפואטיקה</noun>  <adjective>הייחודית</adjective>  ואת  <noun>קשת</noun>  <noun>הנושאים</noun>  שיאפיינו  <at-preposition>את</at-preposition>  יצירתה:  <noun>התודעה</noun>  <adjective>השלטת</adjective>  בו  <pronoun>היא</pronoun>  <shel-preposition>של</shel-preposition>  דוברת-אישה  <noun>פגיעה</noun>  <participle>הסובבת</participle>  בעולם  מסויט,  שהמצבים  <adjective>היומיומיים</adjective>  בו  <verb>מתוארים</verb>  כ"מחלה  לילית",  <conjunction>או</conjunction>  <noun>געש</noun>  "נהר  <shel-preposition>של</shel-preposition>  נפט"  ועשן  מיתמר.  <noun>השירים</noun>  <verb>נעים</verb>  <preposition>בין</preposition>  <noun>הזיה</noun>  למציאות  ובין  <noun>דמות</noun>  <noun>האהוב</noun>  לדמות  האב.  לשונם  <adjective>המאופקת</adjective>  <conjunction>כמו</conjunction>  <verb>מתפקעת</verb>  משלל  <noun>מטפורות</noun>  <adjective>מפתיעות</adjective>  ומקוריות,  ומן  <noun>האלוזיות</noun>  <adjective>המקראיות</adjective>  והביטויים  <adjective>הארכאיים</adjective>  <participle>הנמהלים</participle>  בעברית  עכשווית.  
  <noun>המעבר</noun>  מכתיבת  <noun>שירה</noun>  לכתיבת  <noun>פרוזה</noun>  <noun>תואר</noun>  <preposition>על</preposition>  ידה  כמעבר  מפתיע:  "הייתי  <adjective>בטוחה</adjective>  שתמיד  <verb>אכתוב</verb>  <conjunction>רק</conjunction>  שירים.  <conjunction>אבל</conjunction>  <pronoun>זה</pronoun>  <noun>בקע</noun>  <noun>מתוכי...</noun>  <pronoun>זה</pronoun>  <copula>היה</copula>  <noun>מסע</noun>  מרתק,  שלא  <verb>ידעתי</verb>  <at-preposition>את</at-preposition>  סופו",  <verb>סיפרה</verb>  בריאיון  לאילת  <properName>נגב</properName>  <date>(1993)</date>  <preposition>עם</preposition>  צאתו  לאור  <shel-preposition>של</shel-preposition>  <noun>ספר</noun>  <noun>הפרוזה</noun>  <numeral>הראשון</numeral>  שלה,  <verb>רקדתי</verb>  עמדתי(כתר,  "צד  התפר",  <date>1993).</date>  ואכן,  <noun>הספר</noun>  <verb>מציע</verb>  <noun>מסע</noun>  מרתק.  <pronoun>זוהי</pronoun>  <noun>יצירה</noun>  פוסט-מודרנית  <participle>הכוללת</participle>  <noun>תיאור</noun>  פנטסטי,  מוקצן,  <adjective>גרוטסקי</adjective>  ונועז  <shel-preposition>של</shel-preposition>  <noun>חיי</noun>  <noun>אישה</noun>  שנישואיה  ופרשות  <noun>האהבים</noun>  שלה  <verb>עומדים</verb>  <preposition>על</preposition>  <noun>סף</noun>  <noun>חורבן</noun>  ובתה  <verb>נלקחה</verb>  ממנה.  <conjunction>אך</conjunction>  <noun>המציאות</noun>  <participle>המתוארת</participle>  בעלילתו  <participle>הפרומה</participle>  והתזזיתית  <shel-preposition>של</shel-preposition>  <noun>הספר</noun>  <verb>אינה</verb>  אלא,  <conjunction>כפי</conjunction>  שציין  <properName>יגאל</properName>  <properName>שוורץ</properName>  בגב  הספר:  "החצנה  <adjective>מדהימה</adjective>  <shel-preposition>של</shel-preposition>  עולמה  <adjective>הפנימי</adjective>  <shel-preposition>של</shel-preposition>  הגיבורה".  <noun>הגבולות</noun>  בספר  <preposition>בין</preposition>  <noun>שפה</noun>  למציאות,  <preposition>בין</preposition>  <noun>דימוי</noun>  <properName>לריאליה</properName>  ובין  <participle>מוראות</participle>  <noun>החרדה</noun>  <preposition>לבין</preposition>  <noun>העולם</noun>  שבחוץ  <verb>נדמים</verb>  <noun>כלא</noun>  קיימים.  
  <conjunction>כמו</conjunction>  בשירתה,  <conjunction>גם</conjunction>  בפרוזה  שלה  <verb>משלבת</verb>  שלו  <properName>עברית</properName>  <adjective>דיבורית</adjective>  ותיאורים  "חיים"  ולעתים  אלימים,  <shel-preposition>של</shel-preposition>  <noun>מיניות</noun>  בוטה,  <preposition>עם</preposition>  <noun>מושגים</noun>  מעולם  ארכאי,  מקראי,  ובעיקר  <noun>הדימוי</noun>  <adjective>החוזר</adjective>  ונשנה  <shel-preposition>של</shel-preposition>  <noun>חורבן</noun>  הבית.  זהו,  למעשה,  <noun>הנושא</noun>  <noun>המכונן</noun>  <shel-preposition>של</shel-preposition>  <noun>הרומנים</noun>  <participle>הבאים</participle>  שלה:  <noun>חיי</noun>  <noun>אהבה</noun>  <date>(1997);</date>  <verb>בעל</verb>  ואישה  <date>(2001);</date>  <noun>תֶּרָה</noun>  <date>(2005);</date>  שארית  <noun>החיים</noun>  <date>(2011).</date>  באמצעות  <noun>מטפורות</noun>  <verb>מורחבות</verb>  <verb>שונות</verb>  <shel-preposition>של</shel-preposition>  <noun>חורבן</noun>  וכליה  (חורבן  <properName>בית</properName>  המקדש,  <noun>ההתפרצות</noun>  <adjective>הגעשית</adjective>  <participle>באי</participle>  תרה)  <verb>מתארת</verb>  שלו  <noun>חורבנות</noun>  <adjective>אישיים</adjective>  ותהליכי  <noun>פירוק</noun>  <shel-preposition>של</shel-preposition>  <adjective>זוגיות</adjective>  ומשפחה,  <conjunction>כפי</conjunction>  שחוות  אותם  <adjective>גיבורות</adjective>  נשים.  <at-preposition>את</at-preposition>  <noun>הרומנים</noun>  <modal>ניתן</modal>  <verb>לקרוא</verb>  <conjunction>כמו</conjunction>  <verb>סדרה</verb>  <shel-preposition>של</shel-preposition>  <noun>עלילות</noun>  עוקבות,  שכמו  <participle>משכפלות</participle>  <pronoun>זו</pronoun>  <at-preposition>את</at-preposition>  זו:  <noun>חיי</noun>  <noun>אהבה</noun>  <pronoun>הוא</pronoun>  <noun>סיפור</noun>  תשוקתה  <shel-preposition>של</shel-preposition>  <properName>יערה</properName>  למי  שהיה  <noun>המאהב</noun>  <adverb>לשעבר</adverb>  <shel-preposition>של</shel-preposition>  אמה,  <preposition>על</preposition>  <noun>רקע</noun>  <noun>חיי</noun>  נישואיה  לאחר;  <verb>בעל</verb>  ואישה  מגולל  <at-preposition>את</at-preposition>  <noun>עלילת</noun>  <noun>הפרֵדה</noun>  <shel-preposition>של</shel-preposition>  <noun>זוג</noun>  נשוי,  <preposition>בעקבות</preposition>  <participle>מחלת</participle>  הבעל;  <verb>תרה</verb>  <verb>שב</verb>  ועוסק  בפרֵדה,  בגירושים  ובניסיונות  יצירתה  <shel-preposition>של</shel-preposition>  <noun>משפחה</noun>  חדשה,  חלופית,  ושארית  <noun>החיים</noun>  <noun>עוסק</noun>  <noun>במות</noun>  <noun>האם</noun>  והתפרקות  <noun>המשפחה</noun>  <adjective>הגרעינית</adjective>  ובאימוץ  ילד,  <noun>מעשה</noun>  (שיש  <conjunction>לו</conjunction>  <noun>בסיס</noun>  ביוגרפי)  שאמור  <verb>להביא</verb>  <noun>תיקון</noun>  לחורבן  הבית.  <numeral>ארבעת</numeral>  <noun>הרומנים</noun>  <pronoun>האלה</pronoun>  <pronomial>הם</pronomial>  <adverb>לכאורה</adverb>  מודרניסטיים-ריאליסטיים  מובהקים.  עלילותיהם  הסדורות-כביכול  <verb>מתבססות</verb>  <preposition>על</preposition>  <noun>תבניות</noun>  <noun>עלילתיות</noun>  <adjective>ספרותיות</adjective>  מוכרות,  שבמרכזן  <noun>פירוק</noun>  <noun>המשפחה</noun>  הבורגנית.  <conjunction>גם</conjunction>  <noun>סצנות</noun>  <noun>המין</noun>  <adjective>הנועזות</adjective>  והמפורטות  <verb>מתרחשות</verb>  במסגרת  זו.  <adjective>נוסף</adjective>  לכך,  <pronoun>הן</pronoun>  <verb>מושתתות</verb>  <adverb>בגלוי</adverb>  <preposition>על</preposition>  <noun>תבניות</noun>  פסיכואנליטיות:  <noun>הבת</noun>  <participle>המחפשת</participle>  במאהבה  <noun>תחליף</noun>  לאביה,  מרכזיותו  <shel-preposition>של</shel-preposition>  <properName>בית</properName>  <noun>ההורים</noun>  ותפקיד  "עלילת  הנישואים"  <shel-preposition>של</shel-preposition>  <noun>ההורים</noun>  בחייה  <adjective>הבוגרים</adjective>  <shel-preposition>של</shel-preposition>  <noun>האישה</noun>  והאם  ועוד.  <noun>רוב</noun>  <noun>הפירושים</noun>  שנכתבו  לרומנים  <verb>עסקו</verb>  בתבניות  הללו,  <participle>העולות</participle>  <conjunction>גם</conjunction>  מהרמיזות  <adjective>השזורות</adjective>  ביצירותיה,  <adverb>בעיקר</adverb>  לרומנים  מהספרות  <adjective>האירופית</adjective>  שבמרכזם  נשים,  וכן  ליצירותיו  <shel-preposition>של</shel-preposition>  עגנון,  ובעיקר  לנובלה  בדמי  ימיה.  
  <conjunction>אך</conjunction>  במקביל,  <verb>דומה</verb>  <conjunction>כי</conjunction>  <conjunction>אף</conjunction>  ששלו  <verb>בחרה</verb>  <verb>לנטוש</verb>  <at-preposition>את</at-preposition>  <noun>הנוסח</noun>  ה"פרוע"  שאפיין  <at-preposition>את</at-preposition>  <verb>רקדתי</verb>  עמדתי,  <pronoun>היא</pronoun>  <verb>מוסיפה</verb>  <verb>לחתור</verb>  בדרכים  <verb>שונות</verb>  <preposition>תחת</preposition>  <noun>ההמשגות</noun>  <adjective>הפסיכולוגיות</adjective>  והמודרניסטיות  <conjunction>גם</conjunction>  יחד.  <noun>התובנה</noun>  <pronoun>הזאת</pronoun>  מתבקשת,  <preposition>בין</preposition>  השאר,  בעטיו  <shel-preposition>של</shel-preposition>  <noun>העיצוב</noun>  <adjective>המוגזם</adjective>  <adverb>במכוון</adverb>  <shel-preposition>של</shel-preposition>  <noun>התשתית</noun>  הפסיכואנליטית,  ובעטיים  <shel-preposition>של</shel-preposition>  <noun>ההיפוכים</noun>  <adjective>המפתיעים</adjective>  <participle>המתחוללים</participle>  בעלילה  <adjective>הפסיכואנליטית</adjective>  וקוראים  עליה  תיגר(כך,  למשל,  <verb>לוקה</verb>  <adverb>דווקא</adverb>  <noun>הגבר</noun>  בבעל  <preposition>ואישהבתסמינים</preposition>  <adjective>היסטריים</adjective>  קלאסיים).  <noun>החתירה</noun>  שלה  <preposition>תחת</preposition>  <noun>ההמשגות</noun>  <adjective>הפסיכולוגיות</adjective>  והמודרניסטיות  <verb>מתבטאת</verb>  <conjunction>גם</conjunction>  בנטייתה  <verb>לתאר</verb>  <noun>מצבים</noun>  גרוטסקיים,  <participle>החורגים</participle>  מהנורמות  <adjective>הריאליסטיות</adjective>  (הגיבורה  <participle>השוהה</participle>  בחדרו  <shel-preposition>של</shel-preposition>  <noun>המאהב</noun>  בשעת  <noun>האבל</noun>  <preposition>על</preposition>  אשתו  בחיי  אהבה).  <conjunction>אך</conjunction>  <adverb>יותר</adverb>  מכול  <verb>נקשר</verb>  <noun>הפן</noun>  <adjective>החתרני</adjective>  לעיצובן  <shel-preposition>של</shel-preposition>  <noun>המציאות</noun>  <adjective>הסיפורית</adjective>  ודמויות  <noun>המשנה</noun>  ברומנים  כהשלכות  <shel-preposition>של</shel-preposition>  תודעתה,  רגשותיה  ותחושותיה  <adjective>הפיזיות</adjective>  והנפשיות  <participle>המועצמות</participle>  <shel-preposition>של</shel-preposition>  המספרת,  <noun>הגיבורה</noun>  הראשית,  <conjunction>כמו</conjunction>  <conjunction>גם</conjunction>  לתפקיד  <adjective>המרכזי</adjective>  שממלאת  <adverb>בכך</adverb>  <noun>לשון</noun>  הדימויים,  <noun>המטפורות</noun>  והסמלים  העשירה.  <noun>הפן</noun>  <adjective>החתרני</adjective>  <adjective>טמון</adjective>  <negation>לא</negation>  <numeral>אחת</numeral>  <conjunction>גם</conjunction>  בבחירה  "להמציא"  <noun>סיפורים</noun>  "קדומים"  ולנכס  אותם  למערכת  <noun>האלוזיות</noun>  <adjective>הגלויה</adjective>  <shel-preposition>של</shel-preposition>  יצירותיה.
  <modal>אפשר</modal>  <verb>לטעון</verb>  <conjunction>כי</conjunction>  <noun>המורכבות</noun>  <pronoun>הזאת</pronoun>  <verb>סייעה</verb>  להתקבלות  יצירתה  <shel-preposition>של</shel-preposition>  שלו  במערכת  הספרותית,  <pronoun>הן</pronoun>  <preposition>על</preposition>  <noun>ידי</noun>  <noun>קהל</noun>  <noun>הקוראים</noun>  <adjective>הרחב</adjective>  בארץ  ובעולם  והן  <preposition>על</preposition>  <noun>ידי</noun>  <noun>הביקורת</noun>  והמחקר,  שלרוב  <verb>זיכו</verb>  <at-preposition>את</at-preposition>  ספריה  באהדה  ובעניין.  <numeral>ארבעת</numeral>  <noun>הרומנים</noun>  <adjective>האחרונים</adjective>  שלה  <copula>היו</copula>  לרבי-מכר.  <modal>חשוב</modal>  <verb>לציין</verb>  <conjunction>כי</conjunction>  <pronoun>היא</pronoun>  <verb>החלה</verb>  <verb>לכתוב</verb>  בתקופה  <verb>שבה</verb>  <verb>הפכה</verb>  יצירתן  <shel-preposition>של</shel-preposition>  סופרות-נשים  בישראל  מ"נספח"  ליצירת  <noun>הגברים</noun>  לספרות  מרכזית,  <verb>קובעת</verb>  <noun>טון</noun>  וסגנון.  ספריה  <verb>תרמו</verb>  <adjective>רבות</adjective>  לשינוי  זה.  <verb>דומה</verb>  <conjunction>כי</conjunction>  <preposition>עבור</preposition>  <noun>סופרות</noun>  <adjective>ישראליות</adjective>  <adjective>רבות</adjective>  <pronoun>היא</pronoun>  <verb>פרצה</verb>  <at-preposition>את</at-preposition>  <noun>הדרך</noun>  לעיצוב  חי,  <adjective>משוחרר</adjective>  ורב-ממדי  <shel-preposition>של</shel-preposition>  <noun>עולם</noun>  <shel-preposition>של</shel-preposition>  נשים,  שאינו  <verb>מתווך</verb>  <preposition>על</preposition>  <noun>ידי</noun>  <noun>העולם</noun>  הגברי;  <noun>עולם</noun>  <shel-preposition>של</shel-preposition>  ארוטיקה,  <noun>תשוקה</noun>  וחרדה  נשית;  <shel-preposition>של</shel-preposition>  <noun>התבוננות</noun>  <preposition>ללא</preposition>  <properName>כחל</properName>  ושרק  באימהות  ובחיי  המשפחה.  יצירותיה  <verb>מסמנות</verb>  <conjunction>גם</conjunction>  <noun>מהלך</noun>  <adjective>נוסף</adjective>  (ומעורר  מחלוקת),  <participle>הבולט</participle>  בספרות  <adjective>הישראלית</adjective>  <verb>החל</verb>  בסוף  <numeral>המאה</numeral>  העשרים:  <noun>ההתרחקות</noun>  מהנושאים  ה"גדולים",  מהנרטיב  <adjective>הלאומי</adjective>  והקולקטיבי,  ולעתים  <conjunction>גם</conjunction>  מהמרחב  המקומי,  לטובת  <noun>התמקדות</noun>  באישי  ובפרטי.  <conjunction>אך</conjunction>  בה  בעת,  שייכותה  <shel-preposition>של</shel-preposition>  שלו  למסורת  ולמרחב  <noun>ההתייחסות</noun>  <shel-preposition>של</shel-preposition>  <noun>הספרות</noun>  <adjective>העברית</adjective>  <verb>אינה</verb>  <verb>מוטלת</verb>  בספק.  
  <noun>הרומנים</noun>  שלה  <verb>זכו</verb>  להצלחה  <adjective>בינלאומית</adjective>  <verb>מסחררת</verb>  ותורגמו  לעשרות  שפות.  <date>ב-2007</date>  <verb>יצא</verb>  <adverb>לאקרנים</adverb>  בהפקה  ישראלית-גרמנית  סרטה  <shel-preposition>של</shel-preposition>  <noun>הבמאית</noun>  <adjective>הגרמנייה</adjective>  <properName>מריה</properName>  <properName>שריידר</properName>  <noun>חיי</noun>  אהבה,  שהתסריט  שלו  <verb>מבוסס</verb>  <preposition>על</preposition>  ספרה  <shel-preposition>של</shel-preposition>  שלו  ונכתב  בשיתוף  עמה.  <noun>הסרט</noun>  <verb>זכה</verb>  לביקורות  <adjective>אוהדות</adjective>  בגרמניה.  <verb>פירסמה</verb>  <conjunction>גם</conjunction>  <noun>ספר</noun>  <noun>ילדים</noun>  בשם  <noun>ילד</noun>  <shel-preposition>של</shel-preposition>  <noun>אמא</noun>  <date>(2001).</date>  <pronoun>היא</pronoun>  <verb>זכתה</verb>  בפרסים  רבים,  בהם  <noun>פרס</noun>  <properName>אקו"ם</properName>  <date>(1997,</date>  <date>2003,</date>  <date>2005),</date>  <noun>פרס</noun>  <noun>היצירה</noun>  <preposition>על</preposition>  <noun>שם</noun>  <noun>ראש</noun>  <noun>הממשלה</noun>  <properName>לוי</properName>  <properName>אשכול</properName>  <date>(1996)</date>  ופרסים  בגרמניה  ובצרפת.
  References:  
  אורן,  יוסף.  "אהבה  <preposition>מן</preposition>  <noun>התל</noun>  הראשון".  <noun>משבר</noun>  <noun>ערכים</noun>  בסיפורת  הישראלית.  <numeral>ראשון</numeral>  לציון:  יחד.  <date>2007.</date>  127-111;  בן-דב,  ניצה.  "קוראים  <verb>לך</verb>  הפריזאית:  <noun>קשרים</noun>  וקשרי  <noun>קשרים</noun>  <preposition>בין</preposition>  'תרה'  <shel-preposition>של</shel-preposition>  <properName>צרויה</properName>  שלול'גרדיווה'  שלוילהלם  ינסן".  <noun>קשת</noun>  החדשה20.  <date>2007.</date>  98-91;  נגב,  אילת.  "אספנית  <shel-preposition>של</shel-preposition>  אסונות:  <noun>ראיון</noun>  <preposition>עם</preposition>  <properName>צרויה</properName>  שלו".  <noun>שיחות</noun>  אינטימיות.  <properName>תל</properName>  אביב:  <noun>ידיעות</noun>  אחרונות.  <date>1995.</date>  384-377;  נצר,  רות.  "אלכימיה  <shel-preposition>של</shel-preposition>  שירה".  <preposition>על</preposition>  <date>המשמר.21.4.1989.</date>  18;  צור,  שי.  "זו  ילדותי  השנייה".  <noun>מאזניים</noun>  <properName>ע"ד</properName>  (9).  <date>2000.</date>  35-32;  שוורץ,  יגאל.  "היפיפייה  שבחרה  <verb>להמשיך</verb>  לישון:  <preposition>על</preposition>  <noun>העמדה</noun>  הנשית-חתרנית  <shel-preposition>של</shel-preposition>  <properName>צרויה</properName>  שלו  ברומן'חיי  אהבה'".  <noun>צפון</noun>  ו'.  <date>2000.</date>  89-113;  שיפמן,  סמדר.  "האם  <pronoun>אני</pronoun>  נמצאת:  <noun>סיפור</noun>  <noun>החניכה</noun>  <adjective>הנשי</adjective>  <preposition>אצל</preposition>  <properName>צרויה</properName>  שלו  ויהודית  קציר".מכאן2.  <date>2000.</date>  141-125.  
 
		</body>
	</text>
</TEI>