<?xml version="1.0" encoding="UTF-8"?>
<?xml-model href="http://www.tei-c.org/release/xml/tei/custom/schema/relaxng/tei_all.rng" type="application/xml" schematypens="http://relaxng.org/ns/structure/1.0"?>
<?xml-model href="http://www.tei-c.org/release/xml/tei/custom/schema/relaxng/tei_all.rng" type="application/xml"
	schematypens="http://purl.oclc.org/dsdl/schematron"?>
<TEI xmlns="http://www.tei-c.org/ns/1.0">
   <teiHeader>
      <fileDesc>
         <publicationStmt>
            <p>Publication Information</p>
         </publicationStmt>
         <sourceDesc>
            <p>Information about the source</p>
         </sourceDesc>
      </fileDesc>
   </teiHeader>
   <text>
      <body>
 Name:  שמיר,  משה
  <foreign>Birth</foreign>  Year:  <date>1921
</date>  <foreign>Death</foreign>  Year:  <date>2004
</date>  <foreign>Birth</foreign>  Place:  <properName>צפת</properName>  למשפחת  פועלים
  Occupation:  סופר,  מחזאי,  <noun>מבקר</noun>  ועורך
  <foreign>Entry</foreign>  writer:  <properName>דן</properName>  מירון
  <foreign>Entry</foreign>  Value:  
  <verb>נולד</verb>  בצפת  למשפחת  פועלים.  <noun>האב</noun>  <copula>היה</copula>  מחיילי  <noun>הגדוד</noun>  <adjective>העברי</adjective>  שהשתתפו  בכיבוש  <noun>ארץ</noun>  <properName>ישראל</properName>  במלחמת  <noun>העולם</noun>  הראשונה.  <date>ב-1924</date>  <verb>עקרה</verb>  <noun>המשפחה</noun>  לתל  אביב,  <verb>שבה</verb>  <verb>קיבל</verb>  <at-preposition>את</at-preposition>  חינוכו  <properName>בגימנסיה</properName>  "הרצליה"  ובקן  "השומר  הצעיר".  בזה  <adjective>האחרון</adjective>  ספג,  <adverb>אולי</adverb>  <adverb>יותר</adverb>  מכל  <noun>בני</noun>  דורו,  משנה  <adjective>ציונית</adjective>  מרקסיסטית,  שהשפיעה  <preposition>על</preposition>  <noun>אורח</noun>  מחשבתו  ופעולתו  <conjunction>גם</conjunction>  <conjunction>לאחר</conjunction>  שכפר  במרקסיזם  ואף  <verb>הצטרף</verb>  (אחרי  <noun>מלחמת</noun>  <date>1967)</date>  לימין  <adjective>הציוני</adjective>  הרדיקלי.  כחבר  <noun>פעיל</noun>  בתנועת  "השומר  הצעיר"  <verb>הצטרף</verb>  <date>ב-1941</date>  לקיבוץ  <noun>משמר</noun>  העמק,  שאותו  <verb>עזב</verb>  <date>ב-1947,</date>  <conjunction>לאחר</conjunction>  שהקיבוץ  <verb>ביקש</verb>  <verb>להטיל</verb>  <noun>צנזורה</noun>  <preposition>על</preposition>  <noun>הרומן</noun>  <numeral>הראשון</numeral>  שלו,  <pronoun>הוא</pronoun>  <verb>הלך</verb>  בשדות  (ראה  <noun>אור</noun>  <date>ב-1947</date>  <preposition>אחרי</preposition>  שפרסומו  הושהה).  מנעוריו  <verb>נרתם</verb>  לעריכה.  <verb>ייסד</verb>  וערך  <at-preposition>את</at-preposition>  <preposition>על</preposition>  <noun>החומה</noun>  <date>(1939-1941),</date>  ועם  <properName>שלמה</properName>  <noun>טנאי</noun>  <verb>ייסד</verb>  וערך  <at-preposition>את</at-preposition>  <noun>כתב</noun>  <noun>העת</noun>  <noun>ילקוט</noun>  <noun>הרעים</noun>  <date>(1946-1943),</date>  <verb>שבו</verb>  <verb>התגבשה</verb>  <noun>הקבוצה</noun>  <adjective>הספרותית</adjective>  שנקראה  לימים  "דור  תש"ח"  הספרותי.  <properName>שמיר</properName>  <copula>היה</copula>  מקובעי  דרכה  <adjective>הרעיונית</adjective>  והאמנותית  <shel-preposition>של</shel-preposition>  <noun>קבוצה</noun>  זו.  במלחמת  <noun>העצמאות</noun>  <copula>היה</copula>  <noun>חבר</noun>  בפלמ"ח,  <conjunction>אך</conjunction>  <verb>עסק</verb>    <adverb>בעיקר</adverb>  בעריכה.  <date>ב-1949</date>  <verb>ייסד</verb>  וערך  <at-preposition>את</at-preposition>  <noun>כתב</noun>  <noun>העת</noun>  <shel-preposition>של</shel-preposition>  <properName>צה"ל</properName>  במחנה,  שממנו  <verb>הודח</verb>  <preposition>על</preposition>  <noun>ידי</noun>  <properName>דוד</properName>  בן-גוריון  <conjunction>לאחר</conjunction>  שפירסם  <noun>מאמר</noun>  <noun>מחאה</noun>  <preposition>על</preposition>  <noun>פירוק</noun>  הפלמ"ח.  <date>ב-1950</date>  <verb>ייסד</verb>  וערך  <preposition>עם</preposition>  <properName>אהרן</properName>  מגד  <at-preposition>את</at-preposition>  דו-השבועון  משא,  שגם  ממנו  <verb>נפרד</verb>  <conjunction>לאחר</conjunction>  <noun>פירוק</noun>  <noun>המרכיבים</noun>  <shel-preposition>של</shel-preposition>  <properName>מפ"ם</properName>  והפיכתו  למוסף  <noun>הספרות</noun>  <shel-preposition>של</shel-preposition>  <noun>העיתון</noun>  למרחב,  <noun>ביטאון</noun>  <noun>אחדות</noun>  העבודה.  
  <adverb>מאז</adverb>  <noun>פרסום</noun>  <pronoun>הוא</pronoun>  <verb>הלך</verb>  בשדות  <copula>היה</copula>  <properName>שמיר</properName>  לסופר  <adjective>הפופולרי</adjective>  <adverb>ביותר</adverb>  <shel-preposition>של</shel-preposition>  התקופה.  לפופולריות  <pronoun>זו</pronoun>  <verb>הוסיפה</verb>  <noun>הצלחת</noun>  <noun>עיבוד</noun>  <noun>הרומן</noun>  למחזה,  שהוצג  (בבימויו  <shel-preposition>של</shel-preposition>  <properName>יוסף</properName>  מילוא)  <preposition>על</preposition>  <noun>בימת</noun>  <noun>התיאטרון</noun>  "הקאמרי"  בעצם  <noun>ימי</noun>  <noun>מלחמת</noun>  העצמאות.  בשנות  <numeral>החמישים</numeral>  <copula>היה</copula>  <properName>שמיר</properName>  לסופר  <adjective>הישראלי</adjective>  המרכזי.  <pronoun>הוא</pronoun>  <verb>פירסם</verb>  <verb>סדרה</verb>  <shel-preposition>של</shel-preposition>  <noun>רומנים</noun>  שנחלו  <noun>הצלחה</noun>  <adjective>מסחרית</adjective>  <adjective>גדולה</adjective>  וזכו  לשבחי  הביקורת:  <preposition>תחת</preposition>  <noun>השמש</noun>  <date>(1950);</date>  <preposition>במו</preposition>  ידיו  <date>(1951;</date>  <properName>רומן</properName>  <adjective>ביוגרפי</adjective>  שבמרכזו  <noun>האח</noun>  אלי,  שנפל  בקרבות  <numeral>הראשונים</numeral>  <shel-preposition>של</shel-preposition>  <noun>מלחמת</noun>  העצמאות);  <noun>מלך</noun>  בשר  ודם  <date>(1954;</date>  <properName>רומן</properName>  <adjective>היסטורי</adjective>  <preposition>על</preposition>  <noun>הקמת</noun>  ממלכת  <noun>החשמונאים</noun>  <preposition>על</preposition>  <noun>ידי</noun>  <properName>אלכסנדר</properName>  ינאי);  <noun>כבשת</noun>  <adjective>הרש</adjective>  <date>(1956;</date>  <properName>רומן</properName>  <preposition>על</preposition>  <noun>פרשת</noun>  <properName>דוד</properName>  ואוריה  החתי);  <conjunction>כי</conjunction>  <noun>עירום</noun>  <adverb>עתה</adverb>  (רומן  <noun>המשך</noun>  לתחת  השמש,  <date>1960).</date>  <conjunction>כמו</conjunction>  <conjunction>כן</conjunction>  <verb>הוצגו</verb>  <noun>מחזות</noun>  <adjective>רבים</adjective>  שלו  <preposition>על</preposition>  <noun>בימות</noun>  התיאטרון,  בהם  <noun>קילומטר</noun>  56  <date>(1949);</date>  <noun>בית</noun>  <properName>הלל</properName>  <date>(1951);</date>  ובעיקר  <noun>המחזה</noun>  <adjective>ההיסטורי</adjective>  <noun>מלחמת</noun>  <noun>בני</noun>  <noun>אור</noun>  <date>(1956),</date>  שאף  <pronoun>הוא</pronoun>  <verb>זכה</verb>  להצלחה.  בה  בעת  <verb>פירסם</verb>  <verb>כרכי</verb>  <noun>סיפורים</noun>  <adjective>קצרים</adjective>  (נשים  <verb>מחכות</verb>  בחוץ,  <date>1952;</date>  <noun>החוט</noun>  המשולש,  <date>1956),</date>  <noun>ספרי</noun>  <properName>רפורטאז'ה</properName>  (החל  בפורצי  <noun>דרך</noun>  ירושלים,  <date>1948),</date>  <noun>סיפורים</noun>  לנוער  ולילדים  וכן  <noun>מסות</noun>  <noun>ביקורת</noun>  ורשימות  <noun>הגות</noun>  ותגובה,  שמבחר  מהן  <verb>כונס</verb>  בקובץ  בקולמוס  <adjective>מהיר</adjective>  <date>(1960).</date>  
  בשנות  <numeral>החמישים</numeral>  <negation>לא</negation>  <copula>היתה</copula>  <verb>נוכחות</verb>  <adjective>חזקה</adjective>  מזו  שלו  בספרות  <adjective>הישראלית</adjective>  הצעירה,  <conjunction>אך</conjunction>  <participle>משנות</participle>  <numeral>השישים</numeral>  <adverb>ואילך</adverb>  <noun>הואט</noun>  <conjunction>במידה</conjunction>  <verb>ניכרת</verb>  <noun>הקצב</noun>  <adjective>הקדחתני</adjective>  <shel-preposition>של</shel-preposition>  פעילותו  הספרותית.  <date>ב-1966</date>  <verb>פורסם</verb>  <noun>הרומן</noun>  הגבול,  <date>וב-1976</date>  <preposition>במו</preposition>  לבו,  <noun>סיפור</noun>  חייו  <shel-preposition>של</shel-preposition>  לובה,  אביו  <shel-preposition>של</shel-preposition>  הסופר.  <date>מ-1973</date>  <noun>ועד</noun>  <date>1992</date>  <verb>עבד</verb>  <preposition>על</preposition>  יצירתו  <adjective>הסיפורית</adjective>  <adjective>הגדולה</adjective>  האחרונה,  <noun>הטרילוגיה</noun>  <adjective>רחוק</adjective>  מפנינים  (יונה  מחצר  זרה,  <noun>הינומת</noun>  הכלה,  <preposition>עד</preposition>  הסוף).  באותה  <noun>תקופה</noun>  <verb>פירסם</verb>  <numeral>עשרות</numeral>  ספרים,  שכללו  <noun>מהדורות</noun>  <adjective>חדשות</adjective>  <shel-preposition>של</shel-preposition>  יצירותיו  העיקריות,  <noun>אוספי</noun>  סיפורים,  <noun>אוספי</noun>  <noun>מאמרים</noun>  ומסות  <shel-preposition>של</shel-preposition>  <noun>ביקורת</noun>  ספרותית,  <adjective>רפורטאז'ות</adjective>  <adjective>פוליטיות</adjective>  וגם  <noun>ספר</noun>  <noun>שירה</noun>  (כמעט,  <date>1991).</date>  <verb>פירסם</verb>  <adverb>יותר</adverb>  ממאה  ספרים.  ספרו  האחרון,  <properName>יאיר</properName>  <date>(2001),</date>  <pronoun>הוא</pronoun>  <properName>רומן</properName>  <adjective>ביוגרפי</adjective>  <preposition>על</preposition>  <properName>אברהם</properName>  שטרן,  <noun>מייסד</noun>  <properName>הלח"י</properName>  שנרצח  בידי  <participle>הבולשת</participle>  הבריטית.
  <date>ב-1956</date>  <verb>פירסם</verb>  <at-preposition>את</at-preposition>  מאמרו  "שברי  לוחות",  <verb>שבו</verb>  <verb>מתח</verb>  <noun>ביקורת</noun>  <verb>נוקבת</verb>  <preposition>על</preposition>  הקומוניזם,  <preposition>על</preposition>  <noun>המרקסיזם</noun>  ועל  <noun>בית</noun>  גידולו  <adjective>האידיאולוגי</adjective>  והספרותי,  "השומר  הצעיר".  <adverb>מכאן</adverb>  <adverb>ואילך</adverb>  <verb>החלה</verb>  דרכו  כהוגה  <noun>דעות</noun>  <adjective>חברתי</adjective>  ופוליטי  שניתק  <preposition>מן</preposition>  <noun>הקוטב</noun>  <adjective>המרקסיסטי</adjective>  וקרב  והלך  <adverb>בהדרגה</adverb>  לתפישה  ציונית-לאומית  רדיקלית,  שהכפיפה  <noun>ניגודים</noun>  <adjective>מעמדיים</adjective>  וכן  <adverb>כמעט</adverb>  <quantifier>כל</quantifier>  <noun>עניין</noun>  <adjective>אחר</adjective>  למה  שנראה  לשמיר  <noun>עיקר</noun>  העיקרים:  ביצורה  <shel-preposition>של</shel-preposition>  <noun>מדינת</noun>  ישראל,  מימושו  <adjective>המלא</adjective>  <shel-preposition>של</shel-preposition>  <noun>המפעל</noun>  הציוני,  <noun>שליטה</noun>  <adjective>יהודית</adjective>  בכל  <noun>ארץ</noun>  ישראל.  <preposition>אחרי</preposition>  <noun>מלחמת</noun>  <date>1967</date>  <copula>היה</copula>  (עם  <properName>נתן</properName>  אלתרמן,  שאליו  <copula>היה</copula>  <verb>מקורב</verb>  לאורך  דרכו  הציבורית)  <preposition>בין</preposition>  <noun>מייסדי</noun>  <noun>התנועה</noun>  <preposition>למען</preposition>  <noun>ארץ</noun>  <properName>ישראל</properName>  השלמה.  <pronoun>הוא</pronoun>  <verb>הצטרף</verb>  לסיעת  "לעם"  במפלגת  הליכוד,  ואחרי  <noun>המהפך</noun>  <shel-preposition>של</shel-preposition>  <date>1977</date>  <verb>נבחר</verb>  לכנסת  כנציג  <shel-preposition>של</shel-preposition>  <noun>מפלגה</noun>  זו.  ואולם  <date>ב-1979,</date>  <conjunction>לאחר</conjunction>  ששנה  <adverb>קודם</adverb>  <conjunction>לכן</conjunction>  <verb>התנגד</verb>  להסכמי  קמפ  דיוויד,  <verb>פרש</verb>  <preposition>מן</preposition>  <properName>הליכוד</properName>  והיה  <preposition>בין</preposition>  <participle>מקימי</participle>  <noun>מפלגת</noun>  התחייה.  <conjunction>אף</conjunction>  <conjunction>כי</conjunction>  <verb>פרש</verb>  <preposition>מן</preposition>  <noun>הפעילות</noun>  <adjective>הפוליטית</adjective>  ומן  <properName>הכנסת</properName>  <date>ב-1981,</date>  <pronoun>הוא</pronoun>  <verb>נותר</verb>  <preposition>עד</preposition>  מותו  <noun>מבטא</noun>  <adjective>חריף</adjective>  <shel-preposition>של</shel-preposition>  <noun>גישת</noun>  <noun>הימין</noun>  <adjective>הציוני</adjective>  הרדיקלי,  ועל  <pronoun>כך</pronoun>  <verb>שילם</verb>  <noun>מחיר</noun>  <adjective>כבד</adjective>  <shel-preposition>של</shel-preposition>  <noun>התנכרות</noun>  אליו  ואל  מפעלו  <adjective>הספרותי</adjective>  <preposition>מצד</preposition>  <noun>האינטליגנציה</noun>  <adjective>הישראלית</adjective>  מחוגי  השמאל.  <conjunction>גם</conjunction>  <noun>שינוי</noun>  <noun>הסגנונות</noun>  והטעמים  בפרוזה  <adjective>הישראלית</adjective>  בשנות  <numeral>השישים</numeral>  והשבעים  <verb>הביא</verb>  לפיחות  <adjective>ניכר</adjective>  במעמדו.  <modal>מותר</modal>  <verb>להטיל</verb>  <noun>ספק</noun>  <pronomial>הן</pronomial>  בצדקת  <noun>ההערכה</noun>  <participle>המופחתת</participle>  <pronoun>הזאת</pronoun>  והן  בהתמדתה,  וכבר  <verb>מתרבים</verb>  <noun>הסימנים</noun>  לכך  שההכרה  ביצירותיו  <adjective>העיקריות</adjective>  (הוא  <verb>הלך</verb>  בשדות,  <noun>מלך</noun>  בשר  ודם)  כבנכסי  <noun>צאן</noun>  <noun>ברזל</noun>  <shel-preposition>של</shel-preposition>  <noun>הספרות</noun>  <adjective>הישראלית</adjective>  <verb>מתחזקת</verb>  והולכת.  
  <properName>שמיר</properName>  <copula>היה</copula>  בעיקרו  <noun>מספר</noun>  אפיקן  <adjective>רחב</adjective>  <noun>יריעה</noun>  וארוך  נשימה.  <conjunction>אף</conjunction>  <conjunction>כי</conjunction>  בשנות  <numeral>החמישים</numeral>  <pronoun>הוא</pronoun>  <verb>מילא</verb>  <noun>תפקיד</noun>  <adjective>נכבד</adjective>  <conjunction>גם</conjunction>  כמחזאי  שהעלה  <preposition>על</preposition>  <noun>הבימה</noun>  <at-preposition>את</at-preposition>  <noun>המציאות</noun>  הישראלית,  <conjunction>אם</conjunction>  באמצעות  <noun>ייצוג</noun>  <adjective>ישיר</adjective>  ואם  באמצעות  משלים  <adjective>היסטוריים</adjective>  (מלחמת  <noun>בני</noun>  אור),  אישיותו  <noun>היוצרת</noun>  <verb>מצאה</verb>  <at-preposition>את</at-preposition>  ביטויה  <adjective>המלא</adjective>  בסיפור  <conjunction>כשם</conjunction>  שמצאה  <at-preposition>את</at-preposition>  ביטויה  <noun>הסגנוני</noun>  <participle>המובהק</participle>  בלשון  עשירה,  שצירפה  למרכיב  הדיבורי-השיחתי  (זה  <properName>בלט</properName>  בה  <adverb>כמעט</adverb>  <conjunction>רק</conjunction>  בקטעי  הדיאלוג)  <noun>מרכיבים</noun>  <adjective>ספרותיים</adjective>  שנחצבו  מרובדי  <noun>השפה</noun>  לדורותיה,  <conjunction>אך</conjunction>  <adverb>בעיקר</adverb>  <preposition>מן</preposition>  <properName>העברית</properName>  <adjective>הספרותית</adjective>  <shel-preposition>של</shel-preposition>  <noun>הקלאסיקה</noun>  <properName>העברית</properName>  <adjective>המודרנית</adjective>  שמסוף  <numeral>המאה</numeral>  <noun>הי"ט</noun>  (לרבות  <noun>הנוסח</noun>  שקלאסיקה  <pronoun>זו</pronoun>  <verb>שיוותה</verb>  לרובדי  <noun>לשון</noun>  קודמים,  <preposition>כגון</preposition>  בספר  <noun>האגדה</noun>  בתרגומם  <adjective>העברי</adjective>  <shel-preposition>של</shel-preposition>  <properName>ביאליק</properName>  ורבניצקי).  <properName>שמיר</properName>  <verb>הצליח</verb>  <verb>ללכד</verb>  <at-preposition>את</at-preposition>  <quantifier>כל</quantifier>  <noun>אלה</noun>  לסגנון  <noun>סיפורי</noun>  <adjective>אישי</adjective>  חי,  ריתמי,  <adjective>מלא</adjective>  <properName>מרץ</properName>  ומתח.  <noun>סגנון</noun>  על-דיבורי  <pronoun>זה</pronoun>  <noun>הלם</noun>  <adverb>היטב</adverb>  <at-preposition>את</at-preposition>  <noun>נוסח</noun>  <noun>הסיפר</noun>  שלו,  שהעמיד  <at-preposition>את</at-preposition>  עולמם  <shel-preposition>של</shel-preposition>  <noun>הגיבורים</noun>  ושל  <noun>לשון</noun>  תקופתם  בפרספקטיבה  <shel-preposition>של</shel-preposition>  <noun>מספר</noun>  <noun>אפי</noun>  <noun>בעל</noun>  <noun>טווח</noun>  <noun>ראייה</noun>  ארוך,  <participle>המוסיף</participle>  להצגת  <noun>הגיבורים</noun>  וקורותיהם  פרשנות,  התבוננות,  רקע.  <noun>אלה</noun>  <adjective>האחרונים</adjective>  <verb>תבעו</verb>  <noun>ריבוד</noun>  <adjective>ניכר</adjective>  בסגנון  <preposition>לשם</preposition>  <noun>יצירת</noun>  <noun>רווחים</noun>  <preposition>בין</preposition>  <noun>תודעת</noun>  <noun>הגיבורים</noun>  לתודעת  המספר.
  <noun>הסיפר</noun>  <shel-preposition>של</shel-preposition>  <properName>שמיר</properName>  <copula>היה</copula>  ריאליסטי-מימטי-פרטני;  ואולם  <noun>הריאליזם</noun>  <shel-preposition>של</shel-preposition>  <properName>שמיר</properName>  <copula>היה</copula>  <verb>מודרך</verb>  <preposition>על</preposition>  <noun>ידי</noun>  <noun>הבנה</noun>  מורכבת,  <adjective>דיאלקטית</adjective>  <shel-preposition>של</shel-preposition>  המציאות.  מבחינה  <pronoun>זו</pronoun>  <verb>חותם</verb>  <noun>החינוך</noun>  <adjective>המרקסיסטי</adjective>  שהפנים  בנעוריו  <negation>לא</negation>  <verb>נמחק</verb>  מיצירתו  <conjunction>גם</conjunction>  <conjunction>כאשר</conjunction>  "שבר"  <at-preposition>את</at-preposition>  לוחותיו  <shel-preposition>של</shel-preposition>  <noun>המרקסיזם</noun>  ויצא  לדרכו  <adjective>האידיאולוגית</adjective>  <preposition>לעבר</preposition>  <noun>הקצה</noun>  <adjective>הימני</adjective>  <shel-preposition>של</shel-preposition>  <noun>המנעד</noun>  הציוני.  <properName>שמיר</properName>  <verb>הבין</verb>  שכל  <noun>מעשה</noun>  שעושה  <noun>אדם</noun>  כבחירה  <verb>גורר</verb>  אחריו  באורח  <wPrefix>בלתי</wPrefix>  <verb>נמנע</verb>  תוצאות.  <conjunction>גם</conjunction>  <noun>בחירה</noun>  באי-עשייה,  במחדל,  <pronoun>היא</pronoun>  במערכת  <adjective>סיפורית</adjective>  <pronoun>זו</pronoun>  <noun>בחירה</noun>  שתוצאותיה  <pronomial>הן</pronomial>  הכרחיות.  <noun>המעשה</noun>  והאדם  <verb>נבחנים</verb>  אצלו  במבחן  התוצאה.  מבחינה  <pronoun>זו</pronoun>  <verb>הציג</verb>  <adverb>כבר</adverb>  בהוא  <verb>הלך</verb>  בשדות  <noun>מערכת</noun>  <adjective>סיפורית</adjective>  <verb>מרותקת</verb>  ומשולבת  בכל  <noun>פרט</noun>  שבה.  <noun>הרומן</noun>  כולו  <verb>עומד</verb>  בסימן  תהייתו  <shel-preposition>של</shel-preposition>  וילי,  <noun>אבי</noun>  <noun>הגיבור</noun>  <properName>אורי</properName>  כהנא,  <preposition>על</preposition>  <noun>הסיבות</noun>  והתהליכים  שגרמו  בסופו  <shel-preposition>של</shel-preposition>  <noun>דבר</noun>  לבריחתו  <shel-preposition>של</shel-preposition>  <noun>הבן</noun>  מאחריות  להיריון  מזרעו  ובהמשך  –למעשה,  שהיה  <noun>ספק</noun>  <noun>מעשה</noun>  <noun>הקרבה</noun>  <noun>ספק</noun>  <noun>מעשה</noun>  <noun>התאבדות</noun>  (בעיבוד  <noun>המחזאי</noun>  <verb>נהפך</verb>  <pronoun>זה</pronoun>  <adverb>למעשה</adverb>  <noun>הקרבה</noun>  הרואי).  <properName>שום</properName>  <noun>גורם</noun>  בחיים  האישיים,  <adjective>הציבוריים</adjective>  והלאומיים  <copula>אינו</copula>  <participle>מושמט</participle>  מחשבונו  <participle>הנוקב</participle>  <shel-preposition>של</shel-preposition>  המספר:  התפתחותה  <shel-preposition>של</shel-preposition>  <noun>החברה</noun>  הקיבוצית,  <noun>השבר</noun>  <adjective>המשפחתי</adjective>  שהביא  לנתק  <preposition>בין</preposition>  <noun>האב</noun>  לאם,  <noun>המתח</noun>  <preposition>בין</preposition>  <noun>עיר</noun>  <verb>לכפר</verb>  במפעל  הציוני,  <noun>המאבק</noun>  בבריטים  ובערבים,  <noun>האימפקט</noun>  <shel-preposition>של</shel-preposition>  <noun>מלחמת</noun>  <noun>העולם</noun>  <numeral>השנייה</numeral>  ושל  <noun>השואה</noun>  (המיוצג  בעוצמה  <noun>רבה</noun>  <preposition>על</preposition>  <noun>ידי</noun>  דמותה  <shel-preposition>של</shel-preposition>  מיקה,  <noun>הנערה</noun>  מ"ילדי  טהראן"  <participle>הנושאת</participle>  <at-preposition>את</at-preposition>  <verb>זרעו</verb>  <shel-preposition>של</shel-preposition>  <properName>אורי</properName>  ברחמה),  <verb>הווי</verb>  <properName>הפלמ"ח</properName>  <participle>הנע</participle>  <preposition>בין</preposition>  <noun>הרפתקנות</noun>  לנכונות  להקרבה,  <noun>מפעל</noun>  <noun>ההתיישבות</noun>  <adjective>החלוצית</adjective>  בארץ  וכו'.  <quantifier>כל</quantifier>  <noun>אלה</noun>  <verb>השתלבו</verb>  בסבך  <shel-preposition>של</shel-preposition>  <noun>אינטראקציות</noun>  ועמדות  נפשיות,  שהמספר  <verb>השכיל</verb>  להאירן  <quantifier>כל</quantifier>  <numeral>אחת</numeral>  לעצמה  וכולן  בצירופן,  ולקולען  <pronoun>זו</pronoun>  בזו  בעלילה  <adjective>סיפורית</adjective>  קוהרנטית,  <adjective>מרתקת</adjective>  ומורכבת.  <noun>הגיבור</noun>  (בניגוד  למה  שנאמר  עליו  בשעתו.  <noun>הביקורת</noun>  <adjective>הספרותית</adjective>  <verb>הסתלקה</verb>  <pronoun>זה</pronoun>  <adverb>כבר</adverb>  מאמירה  זו)  <adjective>רחוק</adjective>  <pronomial>הן</pronomial>  <properName>מאידיאליזציה</properName>  והן  מסטריאוטיפיות.  <quantifier>כל</quantifier>  המשגים,  <noun>הבחירות</noun>  המוטעות,  שנעשו  לאורך  <noun>דרך</noun>  חייו  <verb>פוגמים</verb>  בדמותו.  <preposition>עם</preposition>  זאת,  <conjunction>למרות</conjunction>  <quantifier>כל</quantifier>  חסרונותיו  ובריחותיו  מאחריות,  <properName>אורי</properName>  <properName>כהנא</properName>  <pronoun>הוא</pronoun>  <noun>האיש</noun>  <adjective>הצעיר</adjective>  שהגורל  <adjective>ההיסטורי</adjective>  <verb>הטיל</verb>  עליו  <at-preposition>את</at-preposition>  <noun>העול</noun>  <shel-preposition>של</shel-preposition>  <noun>כיבוש</noun>  <noun>ארץ</noun>  <properName>ישראל</properName>  –ברגליו  <noun>המהירות</noun>  ובמעשיו  <adjective>הנמרצים</adjective>  <punctuation>–</punctuation>  <preposition>למען</preposition>  <noun>העם</noun>  <adjective>היהודי</adjective>  ולשם  <noun>הקמת</noun>  <noun>המדינה</noun>  היהודית.  <noun>תוצאות</noun>  חייו  –כוננות  למאבק  <preposition>על</preposition>  הקמתה  <shel-preposition>של</shel-preposition>  <noun>חברה</noun>  <adjective>יהודית</adjective>  <adjective>חדשה</adjective>  והעובר  שייוולד  <preposition>ללא</preposition>  <noun>אב</noun>  –מוטבעות  בחותם  כוחותיו  וחולשותיו,  והן  בבחינת  <noun>נקודת</noun>  <noun>מוצא</noun>  למאבק  ולהתפתחויות  <adjective>דיאלקטיות</adjective>  חדשות.  באינטרמצי  <adjective>הליריים</adjective>  <participle>המפרידים</participle>  <preposition>בין</preposition>  <noun>החטיבות</noun>  <adjective>השונות</adjective>  <shel-preposition>של</shel-preposition>  <noun>הרומן</noun>  <verb>מבחין</verb>  <noun>המספר</noun>  <noun>הבחנה</noun>  <adjective>חדה</adjective>  <preposition>בין</preposition>  <noun>התעוררות</noun>  <noun>האביב</noun>  בטבע  ובאדם  (זו  שעל  רקעה  <verb>ניצתת</verb>  תשוקתו  <shel-preposition>של</shel-preposition>  <properName>אורי</properName>  למיקה)  ובין  <noun>היובש</noun>  <shel-preposition>של</shel-preposition>  הסתיו,  <participle>המותיר</participle>  <conjunction>רק</conjunction>  <at-preposition>את</at-preposition>  <noun>התוצאה</noun>  <noun>בת</noun>  הקיימא,  <at-preposition>את</at-preposition>  <noun>הפרי</noun>  שהבשיל,  <at-preposition>את</at-preposition>  <noun>הזרע</noun>  שהפך  לעובר.  <noun>הפרספקטיבה</noun>  <adjective>המכריעה</adjective>  <pronoun>היא</pronoun>  <pronoun>זו</pronoun>  <shel-preposition>של</shel-preposition>  הסתיו.
  <noun>תבניות</noun>  <adjective>סיפוריות</adjective>  <adjective>דומות</adjective>  <modal>ניתן</modal>  <verb>למצוא</verb>  בכל  <noun>הרומנים</noun>  <shel-preposition>של</shel-preposition>  <properName>שמיר</properName>  <preposition>עד</preposition>  לטרילוגיה  <noun>החותמת</noun>  <adjective>רחוק</adjective>  מפנינים,  <verb>שבה</verb>  <verb>נפרשת</verb>  <noun>הרשת</noun>  <shel-preposition>של</shel-preposition>  <noun>ההתפתחויות</noun>  <adjective>הדיאלקטיות</adjective>  <preposition>על</preposition>  <noun>פני</noun>  <quantifier>כל</quantifier>  <noun>ההיסטוריה</noun>  <adjective>הציונית</adjective>  שלמן  <noun>שלהי</noun>  <numeral>המאה</numeral>  הי"ט.  לאלה  נוספה,  <adverb>בעיקר</adverb>  בשני  <noun>הרומנים</noun>  <adjective>ההיסטוריים</adjective>  <shel-preposition>של</shel-preposition>  <noun>המספר</noun>  <conjunction>אך</conjunction>  <conjunction>גם</conjunction>  ברומנים  <noun>ככי</noun>  <noun>עירום</noun>  אתה  וכן  בטרילוגיה,  <noun>ראייה</noun>  <participle>המדגישה</participle>  <noun>ניואנסים</noun>  חדשים.  <pronoun>זוהי</pronoun>  <noun>ראייה</noun>  שאף  <pronoun>היא</pronoun>  דיאלקטית,  <conjunction>אלא</conjunction>  שהיא  <verb>מעמתת</verb>  <at-preposition>את</at-preposition>  "הגיון  המדינה",  <modal>היכול</modal>  <verb>להביא</verb>  <conjunction>גם</conjunction>  למעשים  <shel-preposition>של</shel-preposition>  עריצות,  <preposition>עם</preposition>  <noun>הצו</noun>  המוסרי.  <noun>הבחירה</noun>  <adjective>המוסרית</adjective>  <verb>מתרחשת</verb>  <adverb>כאן</adverb>  <negation>לא</negation>  <conjunction>רק</conjunction>  בחיי  היחיד,  <conjunction>אלא</conjunction>  בחיים  <adjective>הלאומיים</adjective>  בכללותם.  <properName>שמיר</properName>  <verb>מציג</verb>  <adverb>כאן</adverb>  <noun>תמונה</noun>  מורכבת,  <verb>שבה</verb>  <verb>נבחנת</verb>  ה"הכרחיות"  <shel-preposition>של</shel-preposition>  <noun>מאורעות</noun>  היסטוריים,  ולעומתה  –הכפירה  <shel-preposition>של</shel-preposition>  <interrogative>מי</interrogative>  שאינו  <verb>מודה</verb>  בהכרחיות  <pronoun>זו</pronoun>  <conjunction>או</conjunction>  <shel-preposition>של</shel-preposition>  <interrogative>מי</interrogative>  שמוצא  <at-preposition>את</at-preposition>  <pronoun>עצמו</pronoun>  <noun>קורבן</noun>  שלה  (כגון  <properName>אוריה</properName>  החתי).  למעשה,  <modal>ניתן</modal>  <verb>להסיק</verb>  משני  <noun>הרומנים</noun>  ההיסטוריים,  <noun>מלך</noun>  בשר  ודם  וכבשת  הרש,  <noun>ביקורת</noun>  <preposition>על</preposition>  <noun>דפוסי</noun>  <noun>החיים</noun>  וההכרעות  <adjective>החברתיות</adjective>  והמדיניות  שהלכו  והתגבשו  בעידן  בן-גוריון.  <properName>שמיר</properName>  <verb>נמצא</verb>  בהם  בדרך  לשבירת  <noun>כליה</noun>  <shel-preposition>של</shel-preposition>  <noun>השקפת</noun>  <noun>עולם</noun>  <participle>הרואה</participle>  <at-preposition>את</at-preposition>  <noun>ההיסטוריה</noun>  <conjunction>כאילו</conjunction>  <copula>היתה</copula>  <verb>נוצרת</verb>  מכוחן  <shel-preposition>של</shel-preposition>  <noun>התפתחויות</noun>  <adjective>אובייקטיביות</adjective>  והכרחיות.  <adverb>עדיין</adverb>  <pronoun>הוא</pronoun>  <adjective>ממוקד</adjective>  בבחינת  <noun>אקט</noun>  <noun>הבחירה</noun>  <shel-preposition>של</shel-preposition>  <adjective>היחיד</adjective>  והרבים  ובתיאור  תוצאותיו;  <conjunction>אבל</conjunction>  <noun>הבחירה</noun>  <verb>נידונה</verb>  <adverb>עכשיו</adverb>  במסגרת  <noun>שיקול</noun>  <adjective>מוסרי</adjective>  ולאחר  <verb>מכן</verb>  <conjunction>גם</conjunction>  חזוני-לאומי.  <existential>אין</existential>  <quantifier>כל</quantifier>  <noun>מקום</noun>  <verb>לספק</verb>  במרכזיות  <shel-preposition>של</shel-preposition>  <noun>הרומנים</noun>  <shel-preposition>של</shel-preposition>  שמיר,  <pronomial>הן</pronomial>  בהתפתחות  <participle>הכוללת</participle>  <shel-preposition>של</shel-preposition>  <noun>הרומן</noun>  <adjective>העברי</adjective>  לדורותיו  והן  בהתפתחות  <noun>הסיפורת</noun>  הישראלית.  <conjunction>אפילו</conjunction>  כנקודת  <noun>מוצא</noun>  <adjective>איתנה</adjective>  ויציבה  לדחייה  ולהפלגה  בכיוון  <adjective>אחר</adjective>  (על  <noun>ידי</noun>  <noun>מספרים</noun>  כעמוס  <properName>עוז</properName>  וא"ב  יהושע)  <verb>מילאו</verb>  <noun>רומנים</noun>  <noun>אלה</noun>  <noun>תפקיד</noun>  <adjective>מכריע</adjective>  בדינמיקה  <shel-preposition>של</shel-preposition>  <noun>הסיפורת</noun>  <adjective>הישראלית</adjective>  ושל  <noun>התרבות</noun>  <adjective>הישראלית</adjective>  בכללה.
  References:  
  אורן,  יוסף.  "משה  שמיר:  <noun>סופר</noun>  דורו  וסופר  לדורות".  <properName>בצרון</properName>  (סדרה  חדשה)  ט',  39-40.  <date>1988.</date>  6-10;  ארבל,  מיכל.  "גבריות  ונוסטלגיה:  <noun>קריאה</noun>  ב'הוא  <verb>הלך</verb>  בשדות'  למשה  <properName>שמיר</properName>  <preposition>על</preposition>  <noun>רקע</noun>  <noun>בני</noun>  דורו".  <noun>מדעי</noun>  <noun>היהדות</noun>  39.  <date>1999.</date>  66-53;  ברזל,  הלל.  "המספר  כהיסטוריון  רומאנטי:  <noun>עיון</noun>  <adjective>חוזר</adjective>  ביצירתו  <shel-preposition>של</shel-preposition>  <properName>משה</properName>  שמיר".  <properName>בצרון</properName>  <date>43-44.1989.</date>  12-34;  גוברין,  נורית.  "ההתקבלות  הטראגית:  <properName>משה</properName>  <properName>שמיר</properName>  <date>(1921-2004)".מאזניים</date>  <numeral>ע"ח</numeral>  <date>(6).2004.</date>  3-5;  גלוזמן,  מיכאל.  "האסתטיקה  <shel-preposition>של</shel-preposition>  <noun>הגוף</noun>  המרוטש:  <preposition>על</preposition>  <noun>תרבות</noun>  <noun>המוות</noun>  ב'הוא  <verb>הלך</verb>  בשדות'".  <noun>סדן</noun>  <punctuation>–</punctuation>  <noun>מחקרים</noun>  בספרות  <properName>עברית</properName>  ה'.  <date>2002.</date>  377-347;  מירון,  דן.  <numeral>ארבע</numeral>  <noun>פנים</noun>  בספרות  <properName>העברית</properName>  <noun>בת</noun>  ימינו.  ירושלים:  שוקן,  <date>1975.</date>  437-470;  ---."נאמן  לעצמו  <preposition>עד</preposition>  תום:  <preposition>עם</preposition>  מותו  <shel-preposition>של</shel-preposition>  <properName>משה</properName>  שמיר,  <noun>אב</noun>  <noun>מייסד</noun>  <shel-preposition>של</shel-preposition>  <noun>הספרות</noun>  הישראלית,  <date><adjective>20.8.2004-15.9.1921".ידיעות</adjective></date>  אחרונות ספרות.  <date>27.8.2004.</date>  28,  30;  שוורץ,  יגאל.  <verb>הידעת</verb>  <at-preposition>את</at-preposition>  <properName>הארץ</properName>  <noun>שם</noun>  <noun>הלימון</noun>  פורח:  <noun>הנדסת</noun>  <noun>האדם</noun>  ומחשבת  <noun>המרחב</noun>  בספרות  <properName>העברית</properName>  החדשה.  <noun>אור</noun>  יהודה:  דביר.  <date>2007.</date>  366-239;  שמיר,  משה.  <verb>בעט</verb>  <noun>ברזל</noun>  <properName>בצפורן</properName>  שמיר:שיחות  <preposition>עם</preposition>  <noun>הסופר</noun>  <properName>משה</properName>  שמיר.  ירושלים:  <noun>ספרי</noun>  בצרון.  <date>2004;</date>  שייט,  הדי.  "לא  'מרגיש  אייזן':  הצבר-התלוש  בסיפורת  <adjective>המוקדמת</adjective>  <shel-preposition>של</shel-preposition>  'דור  בארץ'  <verb>עלפי</verb>  <noun>יצירות</noun>  <shel-preposition>של</shel-preposition>  <properName>ס'</properName>  יזהר,  <properName>משה</properName>  <properName>שמיר</properName>  וחנוך  ברטוב.  מכאןט'.  <date>2008.</date>  158-182.
 
		</body>
	</text>
</TEI>