<?xml version="1.0" encoding="UTF-8"?>
<?xml-model href="http://www.tei-c.org/release/xml/tei/custom/schema/relaxng/tei_all.rng" type="application/xml" schematypens="http://relaxng.org/ns/structure/1.0"?>
<?xml-model href="http://www.tei-c.org/release/xml/tei/custom/schema/relaxng/tei_all.rng" type="application/xml"
	schematypens="http://purl.oclc.org/dsdl/schematron"?>
<TEI xmlns="http://www.tei-c.org/ns/1.0">
   <teiHeader>
      <fileDesc>
         <publicationStmt>
            <p>Publication Information</p>
         </publicationStmt>
         <sourceDesc>
            <p>Information about the source</p>
         </sourceDesc>
      </fileDesc>
   </teiHeader>
   <text>
      <body>
 Name:  שמעוני,  יובל
  <foreign>Birth</foreign>  Year:  <date>1955
</date>  <foreign>Birth</foreign>  Place:  <properName>ירושלים</properName>  וגדל  בתל
  Occupation:  בלבן,  אברהם.  "אל  <preposition>מול</preposition>  <noun>מקריות</noun>  אדישה".  <noun>גל</noun>  <adjective>אחר</adjective>  בסיפורת  העברית,  <noun>סיפורת</noun>  <adjective>עברית</adjective>  <wPrefix>פוסט</wPrefix>  מודרניסטית.  <date>1995.</date>  103-127;  הולצמן,  אבנר.  "בעמק  הבכא".  <noun>מפת</noun>  דרכים,  <noun>סיפורת</noun>  <adjective>עברית</adjective>  כיום.  <date>2005.</date>  201-207;  הרציג,  חנה.  "רומאן  <shel-preposition>של</shel-preposition>  <noun>חציית</noun>  קווים".  <noun>הארץ</noun>  <date>25.5.1990.</date>  9;  רון,  משה.  "לעבר  הפירורים".  <noun>סימן</noun>  <noun>קריאה</noun>  21.  <properName>דצמבר</properName>  <date>1990.</date>  189-201;  שוורץ,  יגאל.  "מ'מקום  אחר'  ל'דולי  סיטי',  <noun>הרהורים</noun>  <preposition>על</preposition>  <noun>אדם</noun>  ומקום  בסיפורת  <adjective>הישראלית</adjective>  בשנות  <numeral>השישים</numeral>  ובשנות  התשעים".  הארץ.  <date>16.6.1995;</date>  שקד,  גרשון.  "להיכנס  ל'חדר'  <shel-preposition>של</shel-preposition>  <properName>יובל</properName>  שמעוני".  <noun>ידיעות</noun>  <adjective>אחרונות</adjective>  ספרות.  <date>7.5.1999.
</date>  <foreign>Entry</foreign>  writer:  <properName>אביב</properName>  <adjective>עקרוני</adjective>  ומערכת  הלקסיקון
  <foreign>Entry</foreign>  Value:  
  סופר,  <noun>מסאי</noun>  ועורך
  <verb>נולד</verb>  בירושלים  וגדל  בתל  אביב.  כנכד  למשורר  <properName>דוד</properName>  שמעוני  ובן  להורים  <noun>אנשי</noun>  חינוך,  <verb>ספג</verb>  מילדותו  <noun>תרבות</noun>  <adjective>עברית</adjective>  ונטייה  לדיוק  בלשון.  מסעו  <preposition>לעבר</preposition>  <noun>ההכרה</noun>  בייעודו  <adjective>הספרותי</adjective>  <copula>היה</copula>  ממושך.  <adverb>תחילה</adverb>  <verb>ביקש</verb>  <copula>להיות</copula>  <noun>צייר</noun>  וקולנוען  (שתי  <noun>האפשרויות</noun>  <verb>טבעו</verb>  <noun>חותם</noun>  <adjective>עמוק</adjective>  ברומן  שלו  חדר).  בשנים  <date>1978-1977</date>  <verb>שהה</verb>  בפריז,  <adverb>תחילה</adverb>  במגמת  <noun>השתלמות</noun>  באמנות  הקולנוע,  שלא  <verb>התמיד</verb>  בה.  העיר,  נופיה  ואווירתה  <verb>חילחלו</verb>  <preposition>אל</preposition>  דמיונו  <adjective>הספרותי</adjective>  והם  <verb>ממלאים</verb>  <noun>תפקידים</noun>  <adjective>מרכזיים</adjective>  בעיצוב  <noun>הרקע</noun>  <shel-preposition>של</shel-preposition>  <numeral>שני</numeral>  סיפוריו  הגדולים,  <noun>מעוף</noun>  <noun>היונה</noun>  <date>(1990)</date>  וחדר  <date>(1999,</date>  בחלקו  השני,  המגרה).  <noun>מעוף</noun>  <noun>היונה</noun>  <copula>היה</copula>  <noun>הופעת</noun>  <noun>הבכורה</noun>  <shel-preposition>של</shel-preposition>  שמעוני,  שהפתיעה  <at-preposition>את</at-preposition>  <noun>הקהילה</noun>  <adjective>הספרותית</adjective>  <adjective>הישראלית</adjective>  והסבה  <at-preposition>את</at-preposition>  <noun>תשומת</noun>  <noun>הלב</noun>  למספר  הצעיר.  באותה  <noun>שנה</noun>  <verb>פורסם</verb>  <conjunction>גם</conjunction>  סיפורו  "אמנות  המלחמה"  בכתב  <noun>העת</noun>  <noun>סימן</noun>  <noun>קריאה</noun>  20.  <numeral>תשע</numeral>  <noun>שנים</noun>  <verb>חלפו</verb>  מפרסומים  <pronoun>אלה</pronoun>  ועד  הופעתו  <shel-preposition>של</shel-preposition>  <noun>הרומן</noun>  <adjective>המקיף</adjective>  חדר,  יצירתו  <adjective>העיקרית</adjective>  <shel-preposition>של</shel-preposition>  שמעוני  <preposition>עד</preposition>  כה.  <date>ב-2007</date>  <verb>ראתה</verb>  <noun>אור</noun>  מסתו  "אל  העפר",  <participle>העוסקת</participle>  בתשובות  <shel-preposition>של</shel-preposition>  <noun>הספרות</noun>  <adjective>המקראית</adjective>  <preposition>על</preposition>  <noun>השאלות</noun>  שמעוררת  אי-הנמנעות  <shel-preposition>של</shel-preposition>  המוות.  <noun>התשובות</noun>  <participle>מתנסחות</participle>  במסגרת  אנתרופולוגית-תרבותית  <adjective>רחבה</adjective>  <shel-preposition>של</shel-preposition>  <noun>עיבוד</noun>  "נושא"  <noun>המוות</noun>  במיתולוגיות  ובדתות  שונות.  לפרנסתו  <pronoun>הוא</pronoun>  <verb>עוסק</verb>  בעריכה  ובהוראת  <noun>כתיבה</noun>  יוצרת.  
  <conjunction>למרות</conjunction>  <noun>ההיקף</noun>  <adjective>הכמותי</adjective>  הלא-גדול  <shel-preposition>של</shel-preposition>  יצירתו  שפורסמה  <preposition>עד</preposition>  כה,  נוכחותה  במרחב  <shel-preposition>של</shel-preposition>  <noun>הסיפורת</noun>  <adjective>הישראלית</adjective>  <pronoun>היא</pronoun>  מרכזית.  <adverb>כבר</adverb>  במעוף  <noun>היונה</noun>  <verb>התגלה</verb>  שמעוני  כמספר  בשל,  מקורי,  מבריק,  <noun>בעל</noun>  <noun>כלים</noun>  משוכללים,  <noun>תעוזה</noun>  <adjective>ניסויית</adjective>  ובגרות  <adjective>אינטלקטואלית</adjective>  מפתיעה.  <noun>הסיפור</noun>  <verb>עימת</verb>  בדקות  <numeral>שני</numeral>  <noun>נרטיבים</noun>  <adjective>שונים</adjective>  <participle>המתרחשים</participle>  בו-זמנית  ובמהלך  <noun>יום</noun>  אחד:  סיפורו  <shel-preposition>של</shel-preposition>  <noun>זוג</noun>  <noun>תיירים</noun>  <adjective>אמריקנים</adjective>  מבוגרים,  <adjective>עייפים</adjective>  משגרת  חייהם  ומן  <noun>הזוגיות</noun>  <adjective>המרופטת</adjective>  שלהם,  <participle>המשרכים</participle>  <at-preposition>את</at-preposition>  דרכם  <preposition>בלי</preposition>  <verb>חמדה</verb>  <preposition>בין</preposition>  <noun>שכיות</noun>  <noun>הפאר</noun>  <shel-preposition>של</shel-preposition>  פריז,  <preposition>עד</preposition>  שהבעל  <verb>מוצא</verb>  <at-preposition>את</at-preposition>  מותו  בתאונה  מחרידה:  <noun>אישה</noun>  שזינקה  <preposition>אל</preposition>  מותה  <preposition>מעל</preposition>  <noun>מגדלי</noun>  <noun>הגג</noun>  <shel-preposition>של</shel-preposition>  <noun>כנסיית</noun>  <properName>נוטרדאם</properName>  <verb>נוחתת</verb>  עליו  ומנחיתה  לו  ולעצמה  <noun>מכת</noun>  מוות.  <noun>הסיפור</noun>  <numeral>השני</numeral>  <pronoun>הוא</pronoun>  סיפורה  <shel-preposition>של</shel-preposition>  <noun>האישה</noun>  <adjective>הצרפתייה</adjective>  המתאבדת.  <numeral>שני</numeral>  <noun>הסיפורים</noun>  <verb>עוצבו</verb>  בטכניקות  <verb>סיפר</verb>  <adjective>שונות</adjective>  ואף  מנוגדות.  <noun>סיפור</noun>  <noun>התיירים</noun>  <adjective>כתוב</adjective>  <preposition>על</preposition>  <noun>ידי</noun>  <noun>מספר</noun>  כול-יודע  ובמתודת  <noun>עיצוב</noun>  ריאליסטית-מסורתית.  סיפורה  <shel-preposition>של</shel-preposition>  <noun>האישה</noun>  <participle>המתאבדת</participle>  <adjective>כתוב</adjective>  <preposition>על</preposition>  <noun>טהרת</noun>  <noun>המונולוג</noun>  הפנימי,  בטכניקה  <shel-preposition>של</shel-preposition>  "זרם  התודעה"  (ניכרת  השפעתם  <shel-preposition>של</shel-preposition>  <noun>מרת</noun>  <properName>דלוֹוֵיי</properName>  <preposition>מאת</preposition>  <properName>וירג'יניה</properName>  <properName>וולף</properName>  ושל  <noun>הקול</noun>  והזעם  <preposition>מאת</preposition>  <properName>ויליאם</properName>  פוקנר).  <numeral>שתי</numeral>  <noun>הטכניקות</noun>  <adjective>נתונות</adjective>  בשליטתו  <adjective>המלאה</adjective>  <shel-preposition>של</shel-preposition>  המספר.  בסיפור  <adjective>הריאליסטי</adjective>  <verb>ניכרת</verb>  <noun>השליטה</noun>  <adjective>האמנותית</adjective>  בבחירה  <adjective>זהירה</adjective>  <adverb>מאוד</adverb>  <shel-preposition>של</shel-preposition>  <noun>עצמים</noun>  <participle>מטונימיים</participle>  ומחוות  סינקדוכיות,  וכן  בפיתוח  <adjective>אמין</adjective>  <shel-preposition>של</shel-preposition>  <noun>הדיאלוג</noun>  –כל  <pronoun>אלה</pronoun>  <verb>מממשים</verb>  <at-preposition>את</at-preposition>  העליבות,  השעמום,  הפאתוס,  <conjunction>אך</conjunction>  <conjunction>גם</conjunction>  <at-preposition>את</at-preposition>  <noun>שרידי</noun>  <noun>הקרבה</noun>  והחום  ביחסים  <preposition>בין</preposition>  <numeral>שני</numeral>  <noun>אנשים</noun>  שעייפו  <pronoun>זה</pronoun>  מזה,  <conjunction>אבל</conjunction>  <conjunction>גם</conjunction>  <copula>אינם</copula>  <modal>יכולים</modal>  <verb>להישאר</verb>  <pronoun>זה</pronoun>  <preposition>בלי</preposition>  זה.  <preposition>לעומת</preposition>  זאת,  <noun>המונולוג</noun>  <adjective>הפנימי</adjective>  שבסיפורה  <shel-preposition>של</shel-preposition>  <participle>המתאבדת</participle>  <pronoun>הוא</pronoun>  <noun>ניסיון</noun>  <adjective>אמנותי</adjective>  רדיקלי,  ועם  <pronoun>זאת</pronoun>  משכנע.  <modal>ניתן</modal>  <verb>לומר</verb>  <preposition>בלי</preposition>  <noun>היסוס</noun>  שאיש  <preposition>מן</preposition>  <noun>המספרים</noun>  <adjective>העבריים</adjective>  והישראליים  שהשתמשו  בטכניקה  <shel-preposition>של</shel-preposition>  "זרם  התודעה"  <negation>לא</negation>  <verb>הרחיק</verb>  <noun>לכת</noun>  כשמעוני  בהפעלתה  <preposition>לשם</preposition>  <noun>מסירת</noun>  <noun>מצבים</noun>  <adjective>תודעתיים</adjective>  <adjective>נזילים</adjective>  וקיצוניים.
  <preposition>בין</preposition>  <numeral>שני</numeral>  הסיפורים,  שהודפסו  <adverb>במקביל</adverb>  <noun>עמוד</noun>  <preposition>מול</preposition>  עמוד,  <verb>נטוו</verb>  <noun>זיקות</noun>  <noun>דקות</noun>  <conjunction>אך</conjunction>  <wPrefix>בלתי</wPrefix>  מקובעות.  <noun>המספר</noun>  <negation>לא</negation>  <verb>עשה</verb>  <quantifier>שום</quantifier>  <noun>ניסיון</noun>  <verb>לטשטש</verb>  <at-preposition>את</at-preposition>  <noun>המקריות</noun>  ואת  <noun>השרירותיות</noun>  <shel-preposition>של</shel-preposition>  <noun>המפגש</noun>  <adjective>הגורלי</adjective>  <preposition>בין</preposition>  <noun>האישה</noun>  <participle>הנופלת</participle>  לתייר  המצטלם,  ולשוות  לו  <noun>אופי</noun>  סמלי.  אדרבה,  מקריות,  <noun>שרירותיות</noun>  והיעדר  <noun>פשר</noun>  <adjective>סמלי</adjective>  <pronoun>הם</pronoun>  מעיקרי  ה"חזון"  <adjective>הקודר</adjective>  שמציע  הסיפור.  <preposition>עם</preposition>  זאת,  <verb>נושבת</verb>  משני  <noun>הסיפורים</noun>  <noun>עצבות</noun>  <adjective>קיומית</adjective>  אחת,  ונשאלת  באמצעותם  <noun>שאלה</noun>  <adjective>קיומית</adjective>  אחת:  מהו  <noun>טעם</noun>  <noun>החיים</noun>  שחי  <noun>האדם</noun>  <adjective>החושני</adjective>  הממוצע,  והאם  <noun>הבריחה</noun>  מהם  <preposition>אל</preposition>  <noun>המוות</noun>  <pronoun>היא</pronoun>  <adjective>גרועה</adjective>  <conjunction>או</conjunction>  <adjective>טובה</adjective>  <adverb>יותר</adverb>  <preposition>מן</preposition>  <noun>הבריחה</noun>  <preposition>אל</preposition>  <noun>האדישות</noun>  <adjective>הקהה</adjective>  ואל  <noun>השנאה</noun>  והזלזול  ההדדיים.  <noun>העימות</noun>  וההתאמה  שבין  <numeral>שני</numeral>  <noun>הסיפורים</noun>  <verb>מעניקים</verb>  ליצירה  <verb>מתח</verb>  הגותי-אקזיסטנציאליסטי.  
  <adjective>רבים</adjective>  <adjective>סבורים</adjective>  שחדר  <pronoun>הוא</pronoun>  <noun>הרומן</noun>  <adjective>הישראלי</adjective>  <adjective>כבד</adjective>  <noun>המשקל</noun>  <adverb>ביותר</adverb>  שראה  <noun>אור</noun>  <preposition>אחרי</preposition>  <properName>יעקב</properName>  שבתאי.  <pronoun>זהו</pronoun>  <noun>רומן</noun>  <adjective>רחב</adjective>  ממדים,  <verb>מפתיע</verb>  בהיקפו  האינטלקטואלי,  <verb>הנרטולוגי</verb>  והחברתי.  <modal>ניתן</modal>  לתארו,  <conjunction>כפי</conjunction>  שתואר  <noun>רומן</noun>  <adjective>עברי</adjective>  <adjective>מרכזי</adjective>  <numeral>אחד</numeral>  (תמול  <adverb>שלשום</adverb>  <shel-preposition>של</shel-preposition>  <properName>ש"י</properName>  עגנון),  כ"רב-רומן".  <numeral>שלושת</numeral>  חלקיו  <verb>נראים</verb>  <conjunction>כאילו</conjunction>  <copula>אינם</copula>  <adjective>קשורים</adjective>  <adverb>כלל</adverb>  <pronoun>זה</pronoun>  בזה.  הראשון,  "המנורה",  <noun>מספר</noun>  <at-preposition>את</at-preposition>  סיפורה  <shel-preposition>של</shel-preposition>  <noun>קבוצת</noun>  <noun>שחקנים</noun>  ואנשי  <noun>הפקה</noun>  –איש  מהם  <negation>לא</negation>  <preposition>מן</preposition>  <adjective>הבולטים</adjective>  והנחשבים  בתחומו  –המתכנסים  בחדר  בביתן  <adjective>מוזנח</adjective>  במחנה  <adjective>צבאי</adjective>  <preposition>לשם</preposition>  <noun>הפקת</noun>  <noun>סרט</noun>  <adjective>קצר</adjective>  <preposition>על</preposition>  <noun>גיוס</noun>  <noun>חיילות</noun>  לצה"ל.  העבודה,  שהתנהלה  בעצלתיים,  <verb>נקטעת</verb>  <preposition>על</preposition>  <noun>ידי</noun>  <noun>תאונה</noun>  <adjective>קטלנית</adjective>  <participle>הנחקרת</participle>  <adverb>עתה</adverb>  <preposition>על</preposition>  <noun>ידי</noun>  <noun>חוקר</noun>  מיוחד,  והמספר  <verb>מעמת</verb>  <at-preposition>את</at-preposition>  הסתכלותו  <shel-preposition>של</shel-preposition>  <pronoun>זה</pronoun>  <adjective>האחרון</adjective>  במה  שאירע  (באמצעות  <noun>הסרט</noun>  המצולם)  <preposition>עם</preposition>  <pronoun>זו</pronoun>  <shel-preposition>של</shel-preposition>  <noun>האנשים</noun>  ששהו  ב"חדר"  בשעת  מעשה.  <noun>טכניקת</noun>  הסיפר,  <shel-preposition>של</shel-preposition>  <noun>שילוב</noun>  <noun>דיאלוג</noun>  בקטעי  <noun>מונולוג</noun>  פנימי,  <verb>מופעלת</verb>  ביעילות  <verb>מרהיבה</verb>  <preposition>לשם</preposition>  <noun>יצירת</noun>  <noun>פסיפס</noun>  <adjective>פסיכולוגי</adjective>  עשיר,  שהוא  <conjunction>גם</conjunction>  <noun>פסיפס</noun>  <noun>דיוקנאות</noun>  <shel-preposition>של</shel-preposition>  <noun>דמויות</noun>  <participle>המייצגות</participle>  <at-preposition>את</at-preposition>  שוליה  <participle>המרופטים</participle>  <conjunction>אך</conjunction>  <adjective>המגוונים</adjective>  <shel-preposition>של</shel-preposition>  <noun>החברה</noun>  <adjective>הישראלית</adjective>  בסוף  <numeral>המאה</numeral>  העשרים.  שמעוני  <verb>מפליא</verb>  <adverb>כאן</adverb>  <conjunction>הן</conjunction>  בראייתו  החודרת,  <participle>החושפת</participle>  <at-preposition>את</at-preposition>  <adjective>המשמעותי</adjective>  ואת  <adjective>הקיומי</adjective>  <participle>המתגלים</participle>  בג'סטות  <adjective>הקטנות</adjective>  והזניחות  ביותר,  ועוד  <adverb>יותר</adverb>  <noun>מזה</noun>  בהאזנתו  <adjective>החדה</adjective>  והמדויקת  <adverb>לחלוטין</adverb>  לנימות  <noun>דיבור</noun>  <adjective>ישראליות</adjective>  ולאופני  <noun>מבע</noun>  רווחים.  מבחינה  <pronoun>זו</pronoun>  <modal>ניתן</modal>  <verb>להשוות</verb>  <at-preposition>את</at-preposition>  <noun>חדר</noun>  <conjunction>רק</conjunction>  לימי  <noun>צקלג</noun>  <shel-preposition>של</shel-preposition>  <properName>ס'</properName>  יזהר,  שהכיל  <noun>אנטומיה</noun>  <conjunction>או</conjunction>  <noun>אנציקלופדיה</noun>  <adjective>ווקאלית</adjective>  <shel-preposition>של</shel-preposition>  <noun>בני</noun>  <noun>דור</noun>  <noun>מלחמת</noun>  העצמאות.  <noun>היכולת</noun>  <shel-preposition>של</shel-preposition>  שמעוני  <verb>להשתמש</verb>  בטכניקת  <noun>זרם</noun>  <noun>התודעה</noun>  <preposition>לשם</preposition>  <noun>מסירת</noun>  <noun>החשיבה</noun>  והדיבור  <shel-preposition>של</shel-preposition>  <noun>קהל</noun>  <noun>דמויות</noun>  <adjective>גדול</adjective>  <verb>עולה</verb>  <preposition>על</preposition>  <pronoun>זו</pronoun>  <shel-preposition>של</shel-preposition>  יזהר,  <conjunction>כשם</conjunction>  שהמציאות  <adjective>החברתית</adjective>  והלשונית  שאותה  <pronoun>הוא</pronoun>  <verb>מתאר</verb>  <adjective>מגוונת</adjective>  וחסרת  <noun>אחידות</noun>  בהשוואה  לזו,  <adjective>ההומוגנית</adjective>  <adverb>הרבה</adverb>  יותר,  <shel-preposition>של</shel-preposition>  <noun>שנות</noun>  <numeral>הארבעים</numeral>  במאה  שעברה.  <preposition>כמו</preposition>  <noun>מעוף</noun>  <noun>היונה</noun>  מחבר  <noun>חלק</noun>  <pronoun>זה</pronoun>  <shel-preposition>של</shel-preposition>  <noun>הסיפור</noun>  <at-preposition>את</at-preposition>  <noun>הבנאלי</noun>  <preposition>עם</preposition>  <adjective>הטרגי</adjective>  <noun>חיבור</noun>  <preposition>כמו</preposition>  <noun>מקרי</noun>  ושרירותי,  וחיבור  <pronoun>זה</pronoun>  <pronoun>הוא</pronoun>  <adverb>אולי</adverb>  <noun>חותם</noun>  <noun>הקבע</noun>  שהוטבע  ביצירת  שמעוני  (לרבות  <noun>המסה</noun>  "אל  העפר")  <preposition>עד</preposition>  כה.
  <noun>נוסחה</noun>  <pronoun>זו</pronoun>  <preposition>כמו</preposition>  <verb>חוזרת</verb>  <preposition>על</preposition>  <noun>עצמה</noun>  <conjunction>גם</conjunction>  בחלק  <numeral>השני</numeral>  <shel-preposition>של</shel-preposition>  הרומן,  <verb>שבו</verb>  <verb>עוברת</verb>  <noun>העלילה</noun>  מצריפין  לצרפת,  ואמנות  <noun>הקולנוע</noun>  (בגילויה  <participle>המזולזל</participle>  והירוד)  <verb>מתחלפת</verb>  בו  באמנות  הציור.  <noun>הטכניקה</noun>  <adjective>הסיפורית</adjective>  <adjective>שונה</adjective>  במקצת.  <conjunction>בעוד</conjunction>  <noun>הדיאלוגים</noun>  <adjective>הישראליים</adjective>  <verb>נחלפים</verb>  בקטעי  <noun>שיח</noun>  <shel-preposition>של</shel-preposition>  <pronoun>כמה</pronoun>  <noun>חסרי</noun>  גג,  <adjective>עלובי</adjective>  חיים,  צרפתים,  <noun>המונולוגים</noun>  <adjective>הפנימיים</adjective>  <shel-preposition>של</shel-preposition>  <noun>קהל</noun>  <noun>דמויות</noun>  <adjective>גדול</adjective>  <verb>נחלפים</verb>  בשיח  <verb>מופנם</verb>  <adjective>רציף</adjective>  <shel-preposition>של</shel-preposition>  <properName>גיבור</properName>  מרכזי,  <noun>המספר</noun>  <adverb>כביכול</adverb>  לעצמו  (בגוף  <numeral>שני</numeral>  יחיד)  <at-preposition>את</at-preposition>  <noun>הפרשה</noun>  <participle>הנפרשת</participle>  לאורך  "המגרה",  <wPrefix>תוך</wPrefix>  שהוא  משלב  אותה  בהבהקי  <noun>זיכרונות</noun>  ובהארות  <preposition>לעבר</preposition>  (בעיקר  לסיפור  <noun>אהבה</noun>  שלו  שהסתיים  בהתפוררות  הקשר).  <noun>הגיבור</noun>  <pronoun>הוא</pronoun>  <noun>תלמיד</noun>  <noun>אמנות</noun>  <noun>הציור</noun>  באחד  ממכוני  <noun>הלימוד</noun>  <shel-preposition>של</shel-preposition>  <noun>אמנות</noun>  <pronoun>זו</pronoun>  בפריז,  והוא  <verb>החליט</verb>  <verb>לצייר</verb>  <at-preposition>את</at-preposition>  <noun>ציור</noun>  <noun>הגמר</noun>  שלו,  <noun>החייב</noun>  <copula>להיות</copula>  <verb>מבוסס</verb>  <preposition>על</preposition>  <noun>יצירת</noun>  <noun>אמנות</noun>  <adjective>קלאסית</adjective>  <shel-preposition>של</shel-preposition>  העבר,  <preposition>על</preposition>  <noun>ידי</noun>  <noun>שחזור</noun>  <noun>תמונת</noun>  <properName>ישו</properName>  <adjective>השרוע</adjective>  <conjunction>לאחר</conjunction>  שהורד  מצלבו,  כשהיא  <verb>מצוירת</verb>  מנקודת  <noun>הראות</noun>  <shel-preposition>של</shel-preposition>  <noun>כפות</noun>  רגליו  (על  <noun>פי</noun>  <noun>התמונה</noun>  <adjective>הידועה</adjective>  <shel-preposition>של</shel-preposition>  מאנטנייה).  <preposition>לשם</preposition>  <pronoun>כך</pronoun>  <pronoun>הוא</pronoun>  <verb>מגייס</verb>  <participle>קלושאר</participle>  <properName>זקן</properName>  וכמה  <noun>נשים</noun>  <adjective>חסרות</adjective>  בית,  <verb>מצליח</verb>  <verb>להכניס</verb>  אותם  לחדר  <noun>המתים</noun>  בבית  <adjective>חולים</adjective>  גדול,  <verb>מניח</verb>  <at-preposition>את</at-preposition>  <properName>הקלושאר</properName>  באחת  ממגירות  <noun>המתים</noun>  ומציירו.  <noun>הפרויקט</noun>  <verb>מסתיים</verb>  בכישלון  כשמתברר  שהקבצן  <participle>הרפוף</participle>  <verb>מת</verb>  בשנתו  במגירה.  <adverb>בינתיים</adverb>  <verb>חשף</verb>  <noun>השיח</noun>  <adjective>הקנטרני</adjective>  <preposition>בין</preposition>  <noun>הקבצנים</noun>  <at-preposition>את</at-preposition>  מסתרי  חייהם  ואת  <noun>מקורות</noun>  כישלונם  ועליבותם,  שהם  <noun>בבואות</noun>  לכישלונו  <shel-preposition>של</shel-preposition>  הגיבור.  <adverb>שוב</adverb>  מחבר  <noun>הסיפור</noun>  <noun>מוות</noun>  <adjective>שרירותי</adjective>  וסתמי  <preposition>עם</preposition>  <noun>פרשיות</noun>  <noun>חיים</noun>  <adjective>בנאליות</adjective>  וטרגיות  כאחת,  <participle>המלוקטות</participle>  משולי  <noun>החיים</noun>  העירוניים.  <adverb>הפעם</adverb>  <verb>מסתמן</verb>  <noun>הסיפור</noun>  <preposition>על</preposition>  <noun>רקע</noun>  <noun>תולדות</noun>  <noun>האמנות</noun>  <adjective>המערבית</adjective>  ותוך  <noun>יצירת</noun>  <noun>זיקות</noun>  בינן  ובין  <noun>המיתוס</noun>  הנוצרי.
  "הכס",  <noun>החלק</noun>  <noun>הקצר</noun>  <numeral>השלישי</numeral>  <shel-preposition>של</shel-preposition>  חדר,  <pronoun>הוא</pronoun>  <noun>מדרש</noun>  מיתולוגי  כמו-סכולסטי  (שניכרת  בו  <noun>השפעת</noun>  <noun>סיפורי</noun>  <properName>בורחס</properName>  וכמה  מסיפוריו  <noun>הקצרים</noun>  <shel-preposition>של</shel-preposition>  קפקא;  אותה  <noun>השפעה</noun>  <verb>ניכרת</verb>  <conjunction>גם</conjunction>  ב"אמנות  המלחמה"),  <participle>החושף</participle>  <at-preposition>את</at-preposition>  <noun>התמה</noun>  <participle>המקשרת</participle>  <at-preposition>את</at-preposition>  <quantifier>כל</quantifier>  <noun>חלקי</noun>  הספר:  <noun>הניסיון</noun>  <participle>הכושל</participle>  <verb>להעמיד</verb>  <noun>יצירת</noun>  <noun>אמנות</noun>  "מושלמת",  שתמסור  <at-preposition>את</at-preposition>  <verb>תוכן</verb>  <noun>החיים</noun>  ואת  <properName>שגב</properName>  האלוהות.  במקרה  <pronoun>זה</pronoun>  <verb>מדובר</verb>  בניסיון  לפסל  <noun>דמות</noun>  אל,  שהסתיים  <conjunction>לאחר</conjunction>  שתוכניות  <noun>המתאר</noun>  <shel-preposition>של</shel-preposition>  <noun>הפסל</noun>  <adjective>הענקי</adjective>  <verb>הוחלפו</verb>  והוקטנו  בזו  <adjective>אחר</adjective>  זו,  בפיסול  <noun>גרגר</noun>  <adjective>קטן</adjective>  שנח  <preposition>על</preposition>  כפו  <shel-preposition>של</shel-preposition>  <noun>האל</noun>  ולאחר  <verb>מכן</verb>  <verb>הונשב</verb>  ברוח  אפו  <preposition>אל</preposition>  הריק,  והוא  <noun>העולם</noun>  <verb>שבו</verb>  <pronoun>אנו</pronoun>  חיים.  <noun>המשל</noun>  <verb>מבליט</verb>  <at-preposition>את</at-preposition>  <noun>חוסר</noun>  <noun>התוחלת</noun>  <shel-preposition>של</shel-preposition>  <noun>הניסיונות</noun>  (בשני  <noun>החלקים</noun>  הראשונים)  <verb>לשוות</verb>  <noun>משמעות</noun>  <adjective>רצופה</adjective>  למציאות  שרירותית,  שהקבוע  בה  <pronoun>הוא</pronoun>  <conjunction>רק</conjunction>  המוות,  <preposition>על</preposition>  <noun>ידי</noun>  <noun>הייצוג</noun>  <adjective>האמנותי</adjective>  (קולנוע,  ציור)  ומצביע  <preposition>על</preposition>  ה"כישלון"  שנכשל  <adverb>כביכול</adverb>  <noun>המחבר</noun>  בפרויקט  שהציב  לעצמו  ברומן  רב-הממדים  והמשמעויות  שכתב:  <verb>להעניק</verb>  לחיים  <noun>פשר</noun>  <preposition>באמצעות</preposition>  <noun>אמנות</noun>  הסיפור.  <noun>פשר</noun>  כזה  <copula>אינו</copula>  <adjective>קיים</adjective>  בעולמו  <adjective>האמנותי</adjective>  <shel-preposition>של</shel-preposition>  שמעוני.
  <noun>מעוף</noun>  <noun>היונה</noun>  <verb>תורגם</verb>  לגרמנית  <date>(1994)</date>  ולצרפתית  <date>(2001);</date>  <noun>חדר</noun>  <verb>תורגם</verb>  לצרפתית  כשני  <noun>סיפורים</noun>  <adjective>שונים</adjective>  <date>(2004,</date>  <date>2008).
</date>  References:  
 
		</body>
	</text>
</TEI>