<?xml version="1.0" encoding="UTF-8"?>
<?xml-model href="http://www.tei-c.org/release/xml/tei/custom/schema/relaxng/tei_all.rng" type="application/xml" schematypens="http://relaxng.org/ns/structure/1.0"?>
<?xml-model href="http://www.tei-c.org/release/xml/tei/custom/schema/relaxng/tei_all.rng" type="application/xml"
	schematypens="http://purl.oclc.org/dsdl/schematron"?>
<TEI xmlns="http://www.tei-c.org/ns/1.0">
   <teiHeader>
      <fileDesc>
         <publicationStmt>
            <p>Publication Information</p>
         </publicationStmt>
         <sourceDesc>
            <p>Information about the source</p>
         </sourceDesc>
      </fileDesc>
   </teiHeader>
   <text>
      <body>
 Name:  <properName>שנהר</properName>  (שנברג),  יצחק
  <foreign>Birth</foreign>  Year:  <date>1902
</date>  <foreign>Death</foreign>  Year:  <date>1957
</date>  <foreign>Birth</foreign>  Place:  <properName>וולוצ'יסק</properName>  שבגבול  אוקראינה-גליציה
  Occupation:  <noun>סופר</noun>  ומתרגם
  <foreign>Entry</foreign>  writer:  <properName>שושי</properName>  שפרבר
  <foreign>Entry</foreign>  Value:  
  <verb>נולד</verb>  <properName>בוולוצ'יסק</properName>  שבגבול  אוקראינה-גליציה.  <date>ב-1914,</date>  בזמן  <noun>מלחמת</noun>  <noun>העולם</noun>  הראשונה,  <verb>עקרה</verb>  <noun>המשפחה</noun>  לפרוסקורוב,  <adverb>שם</adverb>  למד  <properName>שנהר</properName>  בגימנסיה  רוסית,  וכן  <properName>עברית</properName>  <preposition>אצל</preposition>  <noun>מורה</noun>  פרטי.  בשנים  <date>1918-1917</date>  <copula>היה</copula>  <adjective>פעיל</adjective>  בתנועת  <date>"החלוץ",וב-1921</date>  <verb>עלה</verb>  <adverb>ארצה</adverb>  ועבד  כפועל  רכבת,  <noun>פועל</noun>  <noun>בניין</noun>  ופועל  חקלאי.  <date>ב-1923</date>  <verb>עבר</verb>  לקיבוץ  מרחביה,וכעבור  <noun>שנה</noun>  <verb>חזר</verb>  לתלאביב  והשתלם  בשפות.  <date>ב-1930</date>  <verb>נסע</verb>  <verb>ללמוד</verb>  <noun>כלכלה</noun>  בבלגיה  באוניברסיטת  בריסל,  ושב  <adverb>ארצה</adverb>  <date>ב-1931.</date>  
  <properName>שנהר</properName>  <copula>היה</copula>  <numeral>אחד</numeral>  ממייסדי  <noun>כתב</noun>  <noun>העת</noun>  <noun>גליונות</noun>  בעריכת  <properName>יצחק</properName>  <noun>למדן</noun>  <date>(1934).</date>  <date>מ-1935</date>  <verb>שימש</verb>  מזכירו  ועוזרו  <shel-preposition>של</shel-preposition>  <noun>המו"ל</noun>  <properName>שלמה</properName>  <properName>זלמן</properName>  שוקן,  <date>ומ-1943</date>  <verb>ערך</verb>  <at-preposition>את</at-preposition>  <noun>השנתון</noun>  <noun>לוח</noun>  הארץ.  במלחמת  <noun>העצמאות</noun>  <verb>שהה</verb>  בירושלים,  <properName>חפר</properName>  <noun>עמדות</noun>  ושמר.  אחיו  חיים,  אשתו  ואחיינו  <verb>נספו</verb>  בפיצוץ  ברחוב  בן-יהודה  בירושלים.  <conjunction>לאחר</conjunction>  <noun>מלחמת</noun>  <noun>העולם</noun>  <numeral>השנייה</numeral>  <verb>נסע</verb>  <quantifier>כמה</quantifier>  <noun>פעמים</noun>  למדינות  <adjective>שונות</adjective>  בדרום-אמריקה  בשליחות  <noun>המדינה</noun>  והמגבית.  <at-preposition>את</at-preposition>  רשמיו  מנסיעות  <pronoun>אלה</pronoun>  <verb>כינס</verb>  בספרו  בשבעה  <noun>דרכים</noun>  <date>(1953).</date>  
  יצירתו  <verb>כוללת</verb>  כמאה  <noun>סיפורים</noun>  <adjective>קצרים</adjective>  ונובלות,  שירים,  <noun>תרגומים</noun>  ופזמונים.בשנותיו  <adjective>האחרונות</adjective>  <verb>החל</verb>  בכתיבת  <noun>פרקי</noun>  רומן,  <conjunction>אך</conjunction>  <noun>ניסיון</noun>  <pronoun>זה</pronoun>  <verb>נקטע</verb>  <preposition>עם</preposition>  מותו  החטוף.  <modal>ניתן</modal>  <verb>לזהות</verb>  בסיפוריו  <numeral>שלוש</numeral>  <noun>חטיבות</noun>  עיקריות:  <noun>סיפורי</noun>  <noun>העיירה</noun>  <adjective>היהודית</adjective>  במזרח-אירופה;  <noun>סיפורים</noun>  <participle>מהווי</participle>  <noun>החלוצים</noun>  בארץ  ישראל;  וסיפורים  מההוויה  <adjective>הישראלית</adjective>  שלאחר  <verb>קום</verb>  המדינה.סיפורו  הראשון,"עם  <noun>הפנס</noun>  הירוק",התפרסם  בשבועון  <noun>מאזניים</noun>  <date>ב-1930.</date>  <date>ב-1941</date>  <verb>הופיע</verb>  ספרו  הראשון,בשר  ודם  (הוצאת  תרשיש),  ובו  <noun>סיפורים</noun>  <preposition>על</preposition>  <noun>העיירה</noun>  <adjective>היהודית</adjective>  באוקראינה,  <preposition>על</preposition>  <noun>מהפכת</noun>  <properName>אוקטובר</properName>  ומלחמת  <noun>האזרחים</noun>  ברוסיה.  <noun>המכנה</noun>  <adjective>המשותף</adjective>  <shel-preposition>של</shel-preposition>  <noun>הסיפורים</noun>  <pronoun>הוא</pronoun>  <adjective>היהודי</adjective>  <participle>הנתלש</participle>  ממקומו  בסערת  <noun>המלחמה</noun>  והמהפכה.  <noun>גיבור</noun>  <noun>הסיפור</noun>  "מגילת  תנחום"  <verb>עובר</verb>  <at-preposition>את</at-preposition>  <quantifier>כל</quantifier>  <noun>התחנות</noun>  <adjective>המרכזיות</adjective>  <shel-preposition>של</shel-preposition>  <noun>ההוויה</noun>  <adjective>היהודית</adjective>  <shel-preposition>של</shel-preposition>  התקופה,  <verb>מתמודד</verb>  <preposition>עם</preposition>  <noun>החלופות</noun>  שמציעות  <noun>תנועות</noun>  <adjective>אידיאולוגיות</adjective>  שונות,  <conjunction>אבל</conjunction>  <conjunction>אף</conjunction>  <numeral>אחת</numeral>  מהן  <copula>אינה</copula>  <verb>מעניקה</verb>  <conjunction>לו</conjunction>  <at-preposition>את</at-preposition>  מבוקשו.  <noun>סיום</noun>  <noun>הסיפור</noun>  <verb>מוצא</verb>  אותו  כמשמשו  <shel-preposition>של</shel-preposition>  <properName>צדיק</properName>  במאה  שערים.  גוויעתה  <shel-preposition>של</shel-preposition>  <noun>העיירה</noun>  <preposition>בעקבות</preposition>  <noun>הפרעות</noun>  <verb>משתקפת</verb>  בסיפור"הללויה",  והסיפור  "בטעות"  <verb>עוקב</verb>  <preposition>אחר</preposition>  <noun>חייל</noun>  <adjective>רוסי</adjective>  שנקלע  בטעות  לארץ  <properName>ישראל</properName>  והופך  לשמשו  <shel-preposition>של</shel-preposition>  <noun>נזיר</noun>  בירושלים.  
  במוקד  ספרו  השני,  מארץ  <preposition>אל</preposition>  <noun>ארץ</noun>  <date>(1943),</date>  <noun>סיפורים</noun>  <preposition>על</preposition>  <noun>נדודים</noun>  ברחבי  <noun>העולם</noun>  וקשיי  <noun>ההתאקלמות</noun>  בארץ.  "שבעה  שהלכו"מתאר  <noun>חבורה</noun>  <shel-preposition>של</shel-preposition>  <noun>פליטים</noun>  שנודדת  <preposition>בין</preposition>  <noun>ארצות</noun>  וערים  <adjective>שונות</adjective>  בניסיון  <verb>לעלות</verb>  ארצה.  <noun>עלילת</noun>  "התקווה  הטובה"  <verb>עוקבת</verb>  <preposition>אחר</preposition>  <properName>זליג</properName>  פיין,  <noun>פליט</noun>  <adjective>יהודי</adjective>  שאינו  <verb>מורשה</verb>  <verb>לרדת</verb>  מהספינה  שעליה  <verb>עלה</verb>  והוא  <verb>טובע</verb>  <preposition>עם</preposition>  <noun>האונייה</noun>  בלב  ים.  סיפורו  <adjective>הידוע</adjective>  ביותר,  "פרזון",  מבליט,  <conjunction>כמו</conjunction>  <noun>סיפורים</noun>  <adjective>אחרים</adjective>  בקובץ,  <at-preposition>את</at-preposition>  תלישותם  <shel-preposition>של</shel-preposition>  המהגרים,  שאינם  <verb>מצליחים</verb>  <verb>להתערות</verb>  בארץ.  <noun>הסיפור</noun>  <verb>מתרחש</verb>  בעפולה,  <verb>נע</verb>  <preposition>בין</preposition>  <noun>זוויות</noun>  <noun>ראייה</noun>  <participle>שונותומעמיד</participle>  <pronoun>זה</pronoun>  <preposition>כנגד</preposition>  <pronoun>זה</pronoun>  <at-preposition>את</at-preposition>  <verb>חוה</verb>  <noun>המהגרת</noun>  <adjective>המנוכרת</adjective>  ואת  <properName>גולני</properName>  <noun>איש</noun>  <noun>הקיבוץ</noun>  <participle>החדור</participle>  <noun>להט</noun>  ציוני.
  ספרו  השלישי,ימים  <verb>ידברו</verb>  <date>(1945),</date>  מאגד  <at-preposition>את</at-preposition>  סיפוריו  הארץ-ישראליים,  שבהם  <pronoun>הוא</pronoun>  <verb>מלווה</verb>  <negation>לא</negation>  <adverb>פעם</adverb>  <at-preposition>את</at-preposition>  נכשלי  <noun>המפעל</noun>  הציוני.  "ישראל  צבי"  <verb>מספר</verb>  <preposition>על</preposition>  <noun>תלוש</noun>  שאינו  <verb>מצליח</verb>  <verb>להתערות</verb>  בארץ.  "לחוף  הכינרת"  <verb>מעלה</verb>  <at-preposition>את</at-preposition>  <noun>פרשת</noun>  <noun>ההתנחלות</noun>  <shel-preposition>של</shel-preposition>  <noun>יהודים</noun>  במושבה  כינרת.  "רחוב  <noun>חובבי</noun>  ציון"  <verb>מתאר</verb>  <at-preposition>את</at-preposition>  <noun>המתחים</noun>  <adjective>הפנימיים</adjective>  בקבוצת  <noun>מהגרים</noun>  <participle>המתגוררים</participle>  <pronoun>אלה</pronoun>  <preposition>לצד</preposition>  אלה.  <noun>הנובלה</noun>  "אחד  <date>מאלף"(1947)</date>  מעמידה  במרכזה  <at-preposition>את</at-preposition>  אהרליך,  <noun>הספרן</noun>  <adjective>הענוג</adjective>  <adjective>המאוהב</adjective>  בטרודי.  <pronoun>היא</pronoun>  <verb>נישאת</verb>  במהלך  <noun>הסיפור</noun>  לדמות  <adjective>המנוגדת</adjective>  לאהרליך,  נתנאלי,  <noun>האיכר</noun>  <noun>יליד</noun>  הארץ,  <participle>המקים</participle>  <noun>ספרייה</noun>  וממנה  <at-preposition>את</at-preposition>  <properName>אהרליך</properName>  למנהלה,  וכך  <verb>נשלמת</verb>  השפלתו.  <noun>דמויות</noun>  <shel-preposition>של</shel-preposition>  <noun>מהגרים</noun>  תלושים,שאינם  <verb>מצליחים</verb>  <verb>להתערות</verb>  במקומם,  ומולן  <noun>דמויות</noun>  <shel-preposition>של</shel-preposition>  <noun>תושבים</noun>  <participle>המעורים</participle>  בסביבתם,  <adjective>מצויות</adjective>  בשפעביצירותיו  <shel-preposition>של</shel-preposition>  שנהר,  והן  <noun>מועמדות</noun>  <pronoun>זו</pronoun>  <preposition>כנגד</preposition>  <pronoun>זו</pronoun>  כייצוגים  <shel-preposition>של</shel-preposition>  <noun>החומר</noun>  <preposition>מול</preposition>  <noun>ייצוגים</noun>  <shel-preposition>של</shel-preposition>  הרוח.  <verb>חיבר</verb>  <conjunction>גם</conjunction>  <quantifier>כמה</quantifier>  <noun>סיפורים</noun>  <noun>בעלי</noun>  <noun>אופי</noun>  היסטורי-תנ"כי.
  <quantifier>כמה</quantifier>  מסיפוריו  <verb>מבוססים</verb>  <preposition>על</preposition>  <noun>גרעין</noun>  אוטוביוגרפי.  <adverb>כך</adverb>  בסיפור  "מסתרי  ילדות"  <verb>נשזר</verb>  <noun>מקרה</noun>  <adjective>טרגי</adjective>  בעיירה  <verb>שבה</verb>  <verb>התגורר</verb>  סבו:  <noun>קצין</noun>  שרצח  <at-preposition>את</at-preposition>  אשתו  והותיר  אחריו  ילדה.  ב"פרקי  רומן"  <verb>מופיעות</verb>  <noun>דמויות</noun>  <adjective>רבות</adjective>  מעיירת  סבתו,  ביילוזורקה,  <verb>שבה</verb>  <verb>בילה</verb>  <noun>תקופות</noun>  <adjective>ארוכות</adjective>  בילדותו  ובנעוריו,  ודמותו  <shel-preposition>של</shel-preposition>  <noun>גיבור</noun>  היצירה,החייל  <properName>דניאל</properName>  זינגר,  <verb>מבוססת</verb>  <preposition>על</preposition>  דמותו  <shel-preposition>של</shel-preposition>  פיניה,  דודו  <shel-preposition>של</shel-preposition>  <properName>שנהר</properName>  שהיה  <noun>חייל</noun>  ונפצע  במלחמה.
  <noun>העלייה</noun>  ארצה,  <noun>חבלי</noun>  הקליטה,  <noun>הקמת</noun>  <verb>המדינהוהפגישה</verb>  <preposition>עם</preposition>  <noun>קשת</noun>  הטיפוסים,  <noun>העדות</noun>  והקבוצות  <adjective>החברתיות</adjective>  שהתקבצו  בארץ  <verb>מוצאים</verb>  <at-preposition>את</at-preposition>  ביטוים  בסיפורים  רבים,  <noun>דוגמת</noun>  "קב  חרובין".  <noun>הסיפור</noun>  <verb>מתרחש</verb>  במעברה  ועוקב  <preposition>אחר</preposition>  <noun>ילד</noun>  <participle>המבקש</participle>  <verb>לעזוב</verb>  <at-preposition>את</at-preposition>  ביתו.  <pronoun>הוא</pronoun>  <verb>משוטט</verb>  בעיר  <adjective>הגדולה</adjective>  <preposition>במשך</preposition>  <numeral>שלושה</numeral>  ימים,  <verb>מגורש</verb>  מהשוק  ונאלץ  <verb>לפשוט</verb>  יד,  והסיפור  <verb>מסתיים</verb>  בכך  שהוא  <verb>עובר</verb>  <verb>להתגורר</verb>  במערה  <adjective>המצויה</adjective>  בשולי  המעברה.  בסיפור  <pronoun>זה</pronoun>  <verb>ביקש</verb>  <properName>שנהר</properName>  <verb>לייצר</verb>  <noun>שפת</noun>  <noun>דיבור</noun>  <preposition>על</preposition>  <noun>ידי</noun>  <noun>שילוב</noun>  <shel-preposition>של</shel-preposition>  <noun>דיאלקטים</noun>  שונים,  <preposition>תוך</preposition>  <noun>עירוב</noun>  <noun>מלל</noun>  מהשפה  <adjective>הערבית</adjective>  ומהסלנג  <adjective>העברי</adjective>  המתפתח.כמה  מסיפוריו    <verb>עוסקים</verb>  בבעיה  הערבית,  כמו"בתלאום",  <noun>המספר</noun>  <preposition>על</preposition>  <noun>כפר</noun>  <adjective>יהודי</adjective>  <participle>היושב</participle>  <preposition>על</preposition>  חורבותיו  <shel-preposition>של</shel-preposition>  <noun>כפר</noun>  <noun>ערבי</noun>  הרוס.  
  בשנות  <numeral>החמישים</numeral>  <verb>פירסם</verb>  <quantifier>כמה</quantifier>  <noun>סיפורים</noun>  שבהם  <verb>תיאר</verb>  <at-preposition>את</at-preposition>  <noun>המתחים</noun>  הבין-עדתיים  <preposition>על</preposition>  <noun>רקע</noun>  <noun>העלייה</noun>  הגדולה.  במרכזו  שלהסיפור  "בין  החוחים"דמותה  <shel-preposition>של</shel-preposition>  שושנה,  <participle>המנוצלת</participle>  <preposition>על</preposition>  <noun>ידי</noun>  <noun>המעסיק</noun>  <adjective>האשכנזי</adjective>  שלה  <preposition>במקום</preposition>  עבודתה.  <properName>משולם</properName>  <noun>המהגר</noun>  בסיפור  "על  <noun>אם</noun>  הדרך"  <verb>מבקש</verb>  <verb>להרשים</verb>  <at-preposition>את</at-preposition>  חברתו,  <verb>נוסע</verb>  לתלאביב  וחוזר  <noun>פצוע</noun>  <conjunction>לאחר</conjunction>  שהותקף  <preposition>על</preposition>  <noun>ידי</noun>  <noun>כנופיה</noun>  <shel-preposition>של</shel-preposition>  אשכנזים.  
  לשונו  <adjective>רבגונית</adjective>  ונוטלת  משכבות  <adjective>לשוניות</adjective>  שונות,  <noun>אם</noun>  <conjunction>כי</conjunction>  נטייתו  <pronoun>היא</pronoun>  <preposition>אל</preposition>  <noun>ההגבהה</noun>  <adjective>הפיוטית</adjective>  וההידור  הלשוני.  <pronoun>הוא</pronoun>  <copula>היה</copula>  <preposition>מן</preposition>  <noun>המתרגמים</noun>  <adjective>המרכזיים</adjective>  <preposition>מן</preposition>  <noun>הספרות</noun>  הרוסית,הגרמנית  והאנגלית.  <preposition>בין</preposition>  <noun>השאר</noun>  <verb>תירגם</verb>  <at-preposition>את</at-preposition>  <properName>אוליבר</properName>  <adjective>טוויסט</adjective>  <shel-preposition>של</shel-preposition>  <properName>דיקנס</properName>  <date>(1935);לילות</date>  <noun>לבנים</noun>  שלדוסטוייבסקי  <date>(1945);אמריקה</date>  <verb>לקפקא</verb>  <date>(1945);</date>  <participle>נפשותמתותשלגוגול</participle>  <date>(1947);אנה</date>  <noun>קארנינה</noun>  <shel-preposition>של</shel-preposition>  <properName>טולסטוי</properName>  <date>(1956-1957).</date>  
  יצירתו  <verb>כונסה</verb>  <preposition>אחרי</preposition>  מותו  בשלושה  <noun>כרכים</noun>  <date>(1960).</date>  <pronoun>הוא</pronoun>  זכה,  <preposition>בין</preposition>  השאר,בפרס  <properName>רופין</properName>  <date>(1946)</date>  <preposition>על</preposition>  יצירתו  <adjective>הסיפורית</adjective>  ובפרס  <properName>טשרניחובסקי</properName>  <date>(1948)</date>  <preposition>על</preposition>  תרגומיו.  
  References:  
  הולצמן,אבנר.  "בין  <noun>שמים</noun>  וארץ:  <preposition>על</preposition>  <noun>הסיפורת</noun>  הארץ-ישראלית  <shel-preposition>של</shel-preposition>  <properName>יצחק</properName>  שנהר".  <noun>אהבות</noun>  ציון.  ירושלים:  כרמל.  <date>2006.</date>  240-256;  וייס,הלל  (עורך).יצחק  שנהר:  <quantifier>מבחר</quantifier>  <noun>מאמרי</noun>  <noun>ביקורת</noun>  <preposition>על</preposition>  יצירתו.  <properName>תל</properName>  אביב:  <preposition>עם</preposition>  עובד.  <date>1976;</date>  רוכל-שנברג,  רבקה.בית  <properName>יצחק</properName>  שנהר:  <noun>פרקי</noun>  זכרונות.  <properName>תל</properName>  אביב:  עקד.  <date>1986;</date>  שקד,  גרשון."צברים,עולים,  פליטים:  <preposition>על</preposition>  יצירתו  <shel-preposition>של</shel-preposition>  שנהר".  <verb>מחקריירושליםבספרות</verb>  <properName>עברית</properName>  ג'.  <date>1983.7-27;</date>  ליפשיץ,  אריה."עם  <noun>תרגום</noun>  <properName>מונטיין</properName>  וגוגול".  <properName>גזית</properName>  י'.  <date>1948.</date>  50.
 
		</body>
	</text>
</TEI>