<?xml version="1.0" encoding="UTF-8"?>
<?xml-model href="http://www.tei-c.org/release/xml/tei/custom/schema/relaxng/tei_all.rng" type="application/xml" schematypens="http://relaxng.org/ns/structure/1.0"?>
<?xml-model href="http://www.tei-c.org/release/xml/tei/custom/schema/relaxng/tei_all.rng" type="application/xml"
	schematypens="http://purl.oclc.org/dsdl/schematron"?>
<TEI xmlns="http://www.tei-c.org/ns/1.0">
   <teiHeader>
      <fileDesc>
         <publicationStmt>
            <p>Publication Information</p>
         </publicationStmt>
         <sourceDesc>
            <p>Information about the source</p>
         </sourceDesc>
      </fileDesc>
   </teiHeader>
   <text>
      <body>
 Name:  שקד,  גרשון
  <foreign>Birth</foreign>  Year:  <date>1929
</date>  <foreign>Death</foreign>  Year:  <date>2006
</date>  <foreign>Birth</foreign>  Place:  ווינה
  Occupation:  <noun>חוקר</noun>  ספרות,  <noun>מבקר</noun>  ומסאי
  <foreign>Entry</foreign>  writer:  <properName>אבנר</properName>  הולצמן
  <foreign>Entry</foreign>  Value:  
  <verb>נולד</verb>  בווינה.  אביו  ואמו,  <properName>אהרן</properName>  ואסתר  מַנְדֶל,  <verb>היגרו</verb>  כפליטים  לווינה  <noun>ערב</noun>  <noun>מלחמת</noun>  <noun>העולם</noun>  <numeral>הראשונה</numeral>  מעיירתם  בלז  שבגליציה,  ועסקו  במסחר  זעיר.  <preposition>עם</preposition>  סיפוחה  <shel-preposition>של</shel-preposition>  <properName>אוסטריה</properName>  <preposition>על</preposition>  <noun>ידי</noun>  <noun>הנאצים</noun>  <date>ב-1938</date>  <verb>נאסרו</verb>  הוריו,  <conjunction>אך</conjunction>  <preposition>לפני</preposition>  <adverb>כן</adverb>  <verb>הצליחו</verb>  <verb>להסדיר</verb>  <at-preposition>את</at-preposition>  יציאתו  <shel-preposition>של</shel-preposition>  בנם  לארץ  <properName>ישראל</properName>  במסגרת  "עליית  הנוער".  <noun>התעללות</noun>  <preposition>מידי</preposition>  <noun>חבורת</noun>  <noun>בריונים</noun>  שפרצו  לביתו  ב"ליל  הבדולח"  <verb>נחרתה</verb>  בו  לכל  <noun>ימי</noun>  חייו,  ובדיעבד  <verb>הגדיר</verb>  אותה  כרגע  <verb>שבו</verb>  <verb>נולדה</verb>  זהותו  הציונית.  באפריל  <date>1939</date>  <verb>הגיע</verb>  לבדו  <adverb>ארצה</adverb>  ונקלט  במוסד  <adjective>החינוכי</adjective>  "משק  ילדים"  <preposition>ליד</preposition>  <properName>פרדס</properName>  חנה.  בחמש  <noun>שנות</noun>  שהותו  <adverb>שם</adverb>  <verb>הונח</verb>  <noun>היסוד</noun>  לחינוכו  העברי.  הוריו,  שהצליחו  <verb>להיחלץ</verb>  מאוסטריה  ולעלות  <adverb>ארצה</adverb>  <noun>חודשים</noun>  <adjective>אחדים</adjective>  אחריו,  <verb>העדיפו</verb>  להשאירו  במוסד  <preposition>מחמת</preposition>  <noun>תנאי</noun>  חייהם  הקשים.  <preposition>לאחר</preposition>  <noun>שנה</noun>  <adjective>נוספת</adjective>  בפנימייה  בירושלים  <verb>הצטרף</verb>  להוריו  בגיל  חמש-עשרה,  וסיים  <at-preposition>את</at-preposition>  לימודיו  <properName>בגימנסיה</properName>  "הרצליה"  בתל  אביב.  <verb>השתתף</verb>  במלחמת  <noun>העצמאות</noun>  כתותחן.  <date>ב-1950</date>  <verb>החל</verb>  <verb>ללמוד</verb>  באוניברסיטה  <adjective>העברית</adjective>  בירושלים  (ספרות,  <noun>מקרא</noun>  והיסטוריה  כללית)  ורכש  בה  <at-preposition>את</at-preposition>  <numeral>שלושת</numeral>  תאריו  <date>(1954,</date>  <date>1959,</date>  <date>1964).</date>  במהלך  <noun>שנות</noun>  לימודיו  <verb>עסק</verb>  בהוראה  במוסדות  <adjective>תיכוניים</adjective>  ועל-תיכוניים.  <date>מ-1960</date>  <preposition>עד</preposition>  פרישתו  לגמלאות  <date>ב-1997</date>  <verb>לימד</verb>  בחוג  לספרות  <adjective>עברית</adjective>  באוניברסיטה  <adjective>העברית</adjective>  <date>(מ-1975</date>  כפרופסור  <preposition>מן</preposition>  המניין),  ושנים  <adjective>אחדות</adjective>  <verb>עמד</verb>  בראשו.  <adverb>במקביל</adverb>  <verb>השתתף</verb>  בהקמת  <noun>החוג</noun>  לתיאטרון  באוניברסיטת  <properName>תל</properName>  <properName>אביב</properName>  <date>(1971</date>  ואילך)  וכיהן  כפרופסור-אורח  באוניברסיטאות  <adjective>שונות</adjective>  בארצות  הברית.  <preposition>על</preposition>  הישגיו  <adjective>המחקריים</adjective>  <verb>זכה</verb>  בפרס  <properName>ביאליק</properName>  לחוכמת  <properName>ישראל</properName>  <date>(1987)</date>  ובפרס  <properName>ישראל</properName>  לחקר  <noun>הספרות</noun>  <date>(1993).</date>  <date>ב-2000</date>  <verb>נבחר</verb>  כחבר  <noun>האקדמיה</noun>  <adjective>הלאומית</adjective>  <adjective>הישראלית</adjective>  למדעים.  רעייתו  <pronoun>היא</pronoun>  <verb>חוקרת</verb>  <noun>הספרות</noun>  והמשוררת  <properName>מלכה</properName>  שקד.
  פרסומיו  <noun>הראשונים</noun>  <date>(1951)</date>  <copula>היו</copula>  <adverb>דווקא</adverb>  בתחום  <noun>השירה</noun>  והסיפורת.  באותה  <noun>תקופה</noun>  <verb>השתייך</verb>  לחבורת  "לקראת",  <preposition>עם</preposition>  <properName>בנימין</properName>  <properName>הרושובסקי</properName>  (הרשב),  <verb>נתן</verb>  <adjective>זך</adjective>  ואחרים.  במהלך  <noun>השנים</noun>  <verb>הוסיף</verb>  <verb>לפרסם</verb>  <adverb>מדי</adverb>  <adverb>פעם</adverb>  <noun>דברי</noun>  <noun>ספרות</noun>  יפה,  חלקם  בשמות  בדויים,  <conjunction>אולם</conjunction>  <preposition>עד</preposition>  <adverb>מהרה</adverb>  <verb>התמקד</verb>  בתחום  <noun>הביקורת</noun>  והמחקר  <shel-preposition>של</shel-preposition>  <noun>הספרות</noun>  העברית.  במאמריו  <noun>הראשונים</noun>  בעיתונות  <date>(1954-1952),</date>  שהוקדשו  לסיפורי  ביאליק,  <properName>שופמן</properName>  ועגנון,  <verb>מסתמנות</verb>  <noun>נטיות</noun>  <participle>המעידות</participle>  <preposition>על</preposition>  <noun>המשך</noun>  דרכו:  <noun>עיון</noun>  פרשני-אנליטי  <adjective>מדוקדק</adjective>  בסיפורת  <adjective>העברית</adjective>  הקלאסית,  <preposition>תוך</preposition>  <noun>חשיפת</noun>  <noun>תבניות</noun>  ומרקמים  <adjective>אסתטיים</adjective>  ביצירות  כבסיס  להפקת  משמעותן.  <preposition>על</preposition>  <noun>רקע</noun>  <noun>הנוסח</noun>  הפיוטי-התרשמותי  <adjective>הנמלץ</adjective>  והעמום  שרווח  <conjunction>אז</conjunction>  בביקורת  העברית,  <copula>היה</copula>  בגישתו  <noun>חידוש</noun>  ניכר.  <properName>שקד</properName>  <pronoun>עצמו</pronoun>  <verb>ציין</verb>  <conjunction>כי</conjunction>  <verb>הושפע</verb>  <adverb>בכך</adverb>  <adverb>בעיקר</adverb>  ממורו  <properName>שמעון</properName>  הלקין,  שפתח  לפניו  <at-preposition>את</at-preposition>  <noun>עולם</noun>  <noun>המושגים</noun>  <shel-preposition>של</shel-preposition>  "הביקורת    החדשה".
  <noun>ביטוי</noun>  <adjective>מובהק</adjective>  לגישה  <pronoun>זו</pronoun>  <verb>נתן</verb>  בספרו  הראשון,  שיצא  <date>ב-1963,</date>  <preposition>על</preposition>  <numeral>ארבעה</numeral>  סיפורים:  <noun>פרקים</noun>  ביסודות  <noun>הסיפור</noun>  (הסוכנות  <adjective>היהודית</adjective>  לארץישראל),  <participle>המוקדש</participle>  לעיון  בסיפורים  <shel-preposition>של</shel-preposition>  ביאליק,  ברדיצ'בסקי,  <properName>ברקוביץ</properName>  ועגנון.  <conjunction>גם</conjunction>  ספרו  <preposition>בין</preposition>  שחוק  לדמע  <date>(1965),</date>  <preposition>על</preposition>  יצירתו  <adjective>העברית</adjective>  <shel-preposition>של</shel-preposition>  מנדלי  <noun>מוכר</noun>  ספרים,  <verb>חותר</verb>  לאפיון  <noun>הפואטיקה</noun>  <adjective>הסיפורית</adjective>  <shel-preposition>של</shel-preposition>  היוצר,  <conjunction>אך</conjunction>  <preposition>עם</preposition>  <pronoun>זאת</pronoun>  <verb>עוסק</verb>  <conjunction>גם</conjunction>  בתפישת  <noun>האדם</noun>  הסאטירית-גרוטסקית  שלו  ובדרכי  <noun>האיזון</noun>  <preposition>בין</preposition>  <noun>המטענים</noun>  <adjective>הקומיים</adjective>  והפתטיים  בסיפורי  מנדלי.  בספרו  <preposition>ללא</preposition>  <noun>מוצא</noun>  <date>(1973)</date>  <verb>קובצו</verb>  עיוניו  ביצירותיהם  <adjective>העיקריות</adjective>  <shel-preposition>של</shel-preposition>  <noun>הקלאסיקונים</noun>  <shel-preposition>של</shel-preposition>  <noun>ראשית</noun>  <numeral>המאה</numeral>  <numeral>העשרים</numeral>  (ברדיצ'בסקי,  ברנר,  <properName>שופמן</properName>  וגנסין);  ואילו  בספרו  <noun>אמנות</noun>  <noun>הסיפור</noun>  <shel-preposition>של</shel-preposition>  <properName>עגנון</properName>  <date>(1973)</date>  <verb>העמיד</verb>  <noun>מסכת</noun>  <adjective>פרשנית</adjective>  <verb>פורצת</verb>  <noun>דרך</noun>  כשהציב  <punctuation>–</punctuation>  לראשונה  בביקורת  <properName>עגנון</properName>  <punctuation>–</punctuation>  <at-preposition>את</at-preposition>  <noun>הסוגיות</noun>  <adjective>המבניות</adjective>  והצורניות  במרכז  <noun>העיון</noun>  ולא  בשוליו.  <preposition>בתוך</preposition>  <pronoun>כך</pronoun>  <verb>תרם</verb>  <noun>תרומות</noun>  <adjective>בסיסיות</adjective>  לתיאור  <noun>היסודות</noun>  האירוניים,  <adjective>הקומיים</adjective>  והסאטיריים,  להבנת  <noun>היחס</noun>  <preposition>בין</preposition>  <noun>מבע</noun>  <adjective>סמוי</adjective>  למבע  <adjective>גלוי</adjective>  ולאפיון  <noun>הפואטיקה</noun>  <shel-preposition>של</shel-preposition>  סיפוריו  הלא-ריאליסטיים.  עיסוקו  <participle>המתמשך</participle>  <shel-preposition>של</shel-preposition>  <properName>שקד</properName>  ביצירת  <properName>עגנון</properName>  <verb>הניב</verb>  ברבות  <noun>השנים</noun>  <conjunction>גם</conjunction>  <at-preposition>את</at-preposition>  <noun>הספרים</noun>  S.  Y.  Agnon:  <foreign>A</foreign>  <foreign>Revolutionary</foreign>  <foreign>Traditionalist</foreign>  ופנים  <adjective>אחרות</adjective>  ביצירתו  <shel-preposition>של</shel-preposition>  <properName>ש"י</properName>  <properName>עגנון</properName>  (שניהם  <date>ב-1989),</date>  וכן  <at-preposition>את</at-preposition>  <noun>הקובץ</noun>  שערך  (עם  <properName>רפאל</properName>  וייזר)  <properName>ש"י</properName>  עגנון:  <noun>מחקרים</noun>  ותעודות    <date>(1978).</date>  
  <noun>תחום</noun>  <preposition>בפני</preposition>  <pronoun>עצמו</pronoun>  בפעילותו  <adjective>המחקרית</adjective>  <shel-preposition>של</shel-preposition>  <properName>שקד</properName>  <pronoun>הוא</pronoun>  עיסוקו  בדרמה  העברית.  ראשיתו  בסדרת  <noun>אינטרפרטציות</noun>  <shel-preposition>של</shel-preposition>  <noun>מחזות</noun>  <preposition>מאת</preposition>  ברקוביץ,  <verb>הזז</verb>  ומתתיהו  שוהם  (על  <numeral>שלושה</numeral>  מחזות:  <noun>פרקים</noun>  ביסודות  המחזה,  <date>1968),</date>  ובמחקר  <preposition>על</preposition>  <noun>המחזה</noun>  <adjective>המשכילי</adjective>  <noun>מלוכת</noun>  <properName>שאול</properName>  <preposition>מאת</preposition>  <properName>יוסף</properName>  <verb>האפרתי</verb>  <properName>מטרופלוביץ</properName>  <date>(1968).</date>  המשכו  במחקר  <participle>חלוצי</participle>  <verb>מקיף</verb>  <preposition>על</preposition>  <noun>המחזה</noun>  <adjective>העברי</adjective>  <adjective>ההיסטורי</adjective>  בתקופת  <noun>התחייה</noun>  <date>(1970),</date>  שאף  בו  <verb>ניכרת</verb>  מחויבותו  <shel-preposition>של</shel-preposition>  <noun>המחבר</noun>  <adverb>בעיקר</adverb>  להיבטים  <noun>המעצבים</noun>  <at-preposition>את</at-preposition>  <noun>המחזות</noun>  כיצירות  <noun>אמנות</noun>  <punctuation>–</punctuation>  המבנים,  <noun>דרכי</noun>  האפיון,  <noun>דרכי</noun>  <verb>השיח</verb>  והציורים  הפיוטיים,  וכן  לאפיון  <noun>המחזות</noun>  <preposition>על</preposition>  <adverb>פי</adverb>  טיפוסיהם:  <noun>מלודרמות</noun>  אידיאיות,  <noun>מחזות</noun>  ליריים,  <noun>מחזות</noun>  <adjective>אקספרסיוניסטיים</adjective>  וכדומה.  <preposition>לאחר</preposition>  מכן  <verb>הקדיש</verb>  <noun>מאמרים</noun>  למחזותיהם  <shel-preposition>של</shel-preposition>  <properName>לאה</properName>  גולדברג,  <properName>נסים</properName>  <properName>אלוני</properName>  וחנוך  <properName>לוין</properName>  (כונסו  בספרו  <preposition>על</preposition>  <noun>סיפורים</noun>  ומחזות,  <date>1992),</date>  למחזה  כתופעה  <adjective>חברתית</adjective>  וכדרך  <shel-preposition>של</shel-preposition>  <noun>תקשורת</noun>  <adjective>תרבותית</adjective>  <date>(1987)</date>  ולהתפתחות  <noun>דיוקן</noun>  <noun>השחקן</noun>  בתיאטרון  <adjective>העברי</adjective>  <date>(1993).
</date>  <date>מ-1953</date>  <verb>פירסם</verb>  <properName>שקד</properName>  <noun>רשימות</noun>  <noun>ביקורת</noun>  <verb>שוטפות</verb>  <preposition>על</preposition>  <noun>הספרות</noun>  המתהווה,  <adverb>בעיקר</adverb>  בסיפורת,  שהצטיינו  <noun>תחילה</noun>  בנימתן  <adjective>הפולמוסית</adjective>  הלוחמנית,  <conjunction>אך</conjunction>  <verb>התמתנו</verb>  <preposition>עם</preposition>  הזמן.  מראשית  <noun>שנות</noun>  <numeral>השישים</numeral>  <verb>ליווה</verb>  באופן  <adjective>צמוד</adjective>  ואוהד  <at-preposition>את</at-preposition>  <noun>צמיחת</noun>  <noun>הסיפורת</noun>  <shel-preposition>של</shel-preposition>  "דור  המדינה"  ופירש  בהעמקה  <at-preposition>את</at-preposition>  ספריהם  <noun>הראשונים</noun>  <shel-preposition>של</shel-preposition>  <properName>עמוס</properName>  עוז,  <properName>א"ב</properName>  יהושע,  <properName>אהרן</properName>  אפלפלד,  <properName>עמליה</properName>  כהנא-כרמון  ואחרים.  <at-preposition>את</at-preposition>  עיוניו  <verb>כינס</verb>  וסיכם  בספרו  <noun>גלחדש</noun>  בסיפורת  <adjective>העברית</adjective>  <date>(1971),</date>  <participle>הנחשב</participle>  <noun>תרומה</noun>  <adjective>משמעותית</adjective>  להתקבלות  ולקנוניזציה  <shel-preposition>של</shel-preposition>  <noun>מספרים</noun>  אלה,  ולבידולם  כקבוצה  <properName>דורית</properName>  <preposition>מן</preposition>  <noun>הסיפורת</noun>  <shel-preposition>של</shel-preposition>  "דור  תש"ח"  שקדמה  להם.  בהמשך  פעילותו  כמבקר  <verb>הרחיב</verb>  <properName>שקד</properName>  <at-preposition>את</at-preposition>  <noun>תמונת</noun>  <noun>הקאנון</noun>  <shel-preposition>של</shel-preposition>  <noun>דור</noun>  זה,  ולצד  <noun>המשך</noun>  <noun>המעקב</noun>  <verb>אחר</verb>  <noun>הסופרים</noun>  שנזכרו  <verb>לעיל</verb>  <verb>כינס</verb>  בספרו  <properName>גל</properName>  <verb>אחר</verb>  <properName>גל</properName>  בסיפורת  <adjective>העברית</adjective>  <date>(1985)</date>  <noun>עיונים</noun>  <verb>מפורטים</verb>  בסיפורת  <shel-preposition>של</shel-preposition>  <properName>שולמית</properName>  הראבן,  <properName>יצחק</properName>  אורפז,  <properName>יהושע</properName>  קנז,  <properName>יעקב</properName>  שבתאי,  <properName>חיים</properName>  באר,  <properName>רות</properName>  אלמוג,  <properName>ישעיהו</properName>  קורן,  <properName>דוד</properName>  <properName>שיץ</properName>  ויצחק  <noun>בן</noun>  נר.  לסיפורת  <adjective>הצעירה</adjective>  ושוברת  <noun>המוסכמות</noun>  שהופיעה  בשנות  <numeral>השמונים</numeral>  –דויד  גרוסמן,  <properName>יובל</properName>  שמעוני,  <properName>אורלי</properName>  קסטל-בלום,  <properName>יואל</properName>  <properName>הופמן</properName>  ואחרים  –הקדיש  <noun>מסות</noun>  <adjective>פרשניות</adjective>  וסקירות  <adjective>פנוראמיות</adjective>  שכונסו  בחלקן  בספרו  <noun>ספרות</noun>  אז,  כאן  ועכשיו  <date>(1993),</date>  ואחרות  <verb>נכללו</verb>  <verb>בספר</verb>  שנותר  בעיזבונו  ויצא  <preposition>לאור</preposition>  <verb>בשם</verb>  <noun>תמונה</noun>  <adjective>קבוצתית</adjective>  <date>(2009).</date>  פעילותו  <adjective>הרצופה</adjective>  ובעלת  <noun>המשקל</noun>  כמבקר  וכחוקר,  כמעצב  <noun>תוכניות</noun>  <noun>לימודים</noun>  וכחבר  <verb>בולט</verb>  במוסדות  <noun>תרבות</noun>  <verb>שונים</verb>  <verb>הפכה</verb>  <quantifier>אותו</quantifier>  <verb>לדמות</verb>  סמכותית,  <verb>משפיעה</verb>  וקובעת  <noun>טעם</noun>  בשדה  <noun>הספרות</noun>  <adjective>הישראלית</adjective>  <preposition>במשך</preposition>  כמעט  <properName>יובל</properName>  שנים.
  מתחילת  <noun>שנות</noun>  <numeral>השבעים</numeral>  <verb>התמסר</verb>  <properName>שקד</properName>  למפעלו  <adjective>המרכזי</adjective>  כחוקר-היסטוריון:  <noun>כתיבת</noun>  תולדותיה  <shel-preposition>של</shel-preposition>  <noun>הסיפורת</noun>  <adjective>העברית</adjective>  המודרנית.  בחמשת  <noun>הכרכים</noun>  <shel-preposition>של</shel-preposition>  <noun>הסיפורת</noun>  <adjective>העברית</adjective>  <date>1980-1880,</date>  שהופיעו  <preposition>בין</preposition>  <date>1977</date>  <date>ל-1998</date>  בהיקף  <noun>כולל</noun>  <shel-preposition>של</shel-preposition>  כ-2,500  <noun>עמודים</noun>  (וכן  בגרסאות  <verb>מקוצרות</verb>  באנגלית,  בגרמנית,  בטורקית  ובסינית),  <verb>שירטט</verb>  <noun>תמונה</noun>  <adjective>אדירת</adjective>  ממדים,  <participle>המכילה</participle>  <noun>עיונים</noun>  <noun>מונוגרפיים</noun>  <verb>מפורטים</verb>  ביצירות  <shel-preposition>של</shel-preposition>  <numeral>עשרות</numeral>  סופרים,  בצד  <noun>חתכים</noun>  דוריים,  אסכולתיים,  <properName>פואטיים</properName>  ואידיאולוגיים  כלליים.  <preposition>עם</preposition>  <noun>השנים</noun>  <verb>חלו</verb>  <noun>שינויים</noun>  בתפישותיו,  שהשפיעו  <preposition>על</preposition>  אופיים  <shel-preposition>של</shel-preposition>  <noun>הכרכים</noun>  השונים.  <conjunction>בעוד</conjunction>  שבתחילת  <noun>הדרך</noun>  <properName>נטה</properName>  <verb>להדגיש</verb>  <at-preposition>את</at-preposition>  <noun>חשיבות</noun>  <noun>ההיבטים</noun>  <adjective>האסתטיים</adjective>  הפנימיים,  <conjunction>הרי</conjunction>  מכרך  לכרך  <verb>גבר</verb>  משקלם  <shel-preposition>של</shel-preposition>  <noun>גורמים</noun>  חוץ-ספרותיים  בתמונה  הכוללת:  <noun>תמורות</noun>  <adjective>חברתיות</adjective>  והיסטוריות,  מקומן  <shel-preposition>של</shel-preposition>  <noun>יצירות</noun>  לא-קנוניות,  <noun>הדינמיקה</noun>  <shel-preposition>של</shel-preposition>  <noun>התקבלות</noun>  <noun>היצירות</noun>  בביקורת  ובקהל  הקוראים.  <preposition>בתוך</preposition>  <pronoun>כך</pronoun>  <verb>חזר</verb>  בו  <properName>שקד</properName>  <noun>ההיסטוריון</noun>  מתפישות  <adjective>שונות</adjective>  שאחז  בהן  כמבקר,  <preposition>כגון</preposition>  נטייתו  <verb>לטשטש</verb>  <at-preposition>את</at-preposition>  <noun>קו</noun>  <noun>החתך</noun>  <adjective>החד</adjective>  <preposition>בין</preposition>  "דור  בארץ"  ל"דור  המדינה",  שהוא  <pronoun>עצמו</pronoun>  <copula>היה</copula>  מראשי  מעצביו,  ולהמירו  בהבחנה  <adjective>מורכבת</adjective>  יותר,  <participle>חוצת</participle>  דורות,  <preposition>בין</preposition>  <noun>סיפורת</noun>  <adjective>ריאליסטית</adjective>  לסיפורת  פוסט-ריאליסטית.  <verb>אחד</verb>  ממושגי  <noun>המפתח</noun>  שקנו  להם  <adverb>בהדרגה</adverb>  <noun>משקל</noun>  ונוכחות  בכרכי  <noun>הסדרה</noun>  <pronoun>הוא</pronoun>  "עלילת-העל  הציונית",  <conjunction>כלומר</conjunction>  <noun>ההנחה</noun>  שהסיפורת  <adjective>העברית</adjective>  לדורותיה  <noun>מנהלת</noun>  <noun>דיאלוג</noun>  <adjective>מורכב</adjective>  ורב-פנים  <preposition>עם</preposition>  <noun>המיתוס</noun>  הציוני,  שגרס  <conjunction>כי</conjunction>  <noun>השיבה</noun>  לארץ  <properName>ישראל</properName>  <verb>תגאל</verb>  <at-preposition>את</at-preposition>  <preposition>עם</preposition>  <properName>ישראל</properName>  <preposition>מן</preposition>  <noun>הגלות</noun>  ותביא  לתחייתו  <adjective>החברתית</adjective>  והרוחנית.
  <conjunction>כאשר</conjunction>  <verb>חדרו</verb>  <noun>גורמים</noun>  <adjective>חברתיים</adjective>  ואידיאולוגיים  לתמונה  <adjective>ההיסטוריוגרפית</adjective>  ששירטט,  <verb>נתן</verb>  להם  <properName>שקד</properName>  <noun>ביטוי</noun>  <adjective>ישיר</adjective>  בכתביו  האחרים.  בספריו  <noun>יצירות</noun>  ונמעניהן:  <numeral>ארבעה</numeral>  <noun>פרקים</noun>  בתורת  <noun>ההתקבלות</noun>  <date>(1987)</date>  ומנדלי,  לפניו  ואחריו  <date>(2004)</date>  <verb>תיאר</verb>  <at-preposition>את</at-preposition>  <noun>הספרות</noun>  כמערכת  <adjective>מורכבת</adjective>  <shel-preposition>של</shel-preposition>  <noun>מגעים</noun>  <preposition>בין</preposition>  <noun>מוענים</noun>  ונמענים,  ואת  <noun>הדינמיקה</noun>  <shel-preposition>של</shel-preposition>  <noun>חילופי</noun>  <noun>צפנים</noun>  ומוסכמות  במערכת  <noun>תקשורת</noun>  זו.  בספרו  <existential>אין</existential>  <noun>מקום</noun>  <verb>אחר</verb>  <date>(1983;</date>  <noun>מהדורה</noun>  מורחבת,  <date>1988)</date>  <verb>תיאר</verb>  <at-preposition>את</at-preposition>  חותמה  <shel-preposition>של</shel-preposition>  <noun>ההיסטוריה</noun>  היהודית,  ובמיוחד  <at-preposition>את</at-preposition>  השפעתם  <shel-preposition>של</shel-preposition>  <noun>פחדים</noun>  וטראומות  <adjective>קולקטיביים</adjective>  <preposition>על</preposition>  <noun>הספרות</noun>  <adjective>העברית</adjective>  והיהודית  ובעצם  <preposition>על</preposition>  <noun>הקיום</noun>  <adjective>היהודי</adjective>  <adjective>המודרני</adjective>  בכלל.  במוקד  <noun>ספר</noun>  <pronoun>זה</pronoun>  <numeral>שתי</numeral>  <noun>מסות</noun>  אוטוביוגרפיות,  "אין  <noun>מקום</noun>  אחר"  ו"תקופת  החרדה",  <participle>החושפות</participle>  <at-preposition>את</at-preposition>  חוויותיו  <adjective>המוקדמות</adjective>  כילד  <verb>נרדף</verb>  באוסטריה  האנטישמית,  והמנמקות  <preposition>על</preposition>  <noun>בסיס</noun>  אישי-קיומי  <at-preposition>את</at-preposition>  תודעתו  <adjective>הציונית</adjective>  הנחרצת,  <participle>המשמשת</participle>  <noun>מצע</noun>  לכתיבתו.  עליהן  <existential>יש</existential>  <verb>להוסיף</verb>  <at-preposition>את</at-preposition>  <noun>הרומן</noun>  <noun>מהגרים</noun>  <date>(2001),</date>  <participle>הניתן</participle>  <verb>להיקרא</verb>  במובנים  <adjective>מסוימים</adjective>  כתעודה  <adjective>אוטוביוגרפית</adjective>  <negation>לא</negation>  <adverb>פחות</adverb>  <conjunction>מאשר</conjunction>  כיצירת  <noun>סיפורת</noun>  בדיונית.
  אותה  <noun>זהות</noun>  <adjective>מוקדמת</adjective>  <shel-preposition>של</shel-preposition>  <interrogative>מי</interrogative>  שהחל  <at-preposition>את</at-preposition>  דרכו  כילד  <adjective>אוסטרי</adjective>  ממקור  <noun>גליצאי</noun>  <noun>הקורא</noun>  גרמנית,  <verb>ניצבה</verb>  בבסיס  עיסוקו  <participle>המתמשך</participle>  <shel-preposition>של</shel-preposition>  <properName>שקד</properName>  בסופרים  <adjective>יהודים</adjective>  <participle>הכותבים</participle>  בלשונות  זרות.  <noun>סנונית</noun>  <numeral>ראשונה</numeral>  בתחום  <pronoun>זה</pronoun>  <pronoun>היא</pronoun>  ספרו  <noun>אם</noun>  <verb>תשכח</verb>  <noun>אי</noun>  <adverb>פעם</adverb>  <date>(1971),</date>  <participle>המוקדש</participle>  בעיקרו  לספרות  <adjective>יהודית</adjective>  אמריקנית.  <preposition>על</preposition>  <noun>סופרים</noun>  <adjective>יהודים</adjective>  שיצרו  בגרמנית  ובאנגלית  <verb>כתב</verb>  בספריו  <foreign>Die</foreign>  <foreign>Macht</foreign>  <foreign>der</foreign>  <foreign>Identität</foreign>  <date>(1986)</date>  ו-The  <foreign>Shadows</foreign>  <foreign>Within</foreign>  <date>(1987).</date>  בשנותיו  <adjective>האחרונות</adjective>  שָקַד  <preposition>על</preposition>  <noun>ספר</noun>  <verb>מסכם</verb>  בנושא  זה,  זהות:  <noun>ספרויות</noun>  <adjective>יהודיות</adjective>  בלשונות  <noun>לעז</noun>  <date>(2006),</date>  שהופיע  <noun>חודשים</noun>  <adjective>אחדים</adjective>  <preposition>לפני</preposition>  מותו.  <noun>הספר</noun>  <adjective>מורכב</adjective>  מעשרות  <noun>אינטרפרטציות</noun>  <verb>מפורטות</verb>  <shel-preposition>של</shel-preposition>  <noun>רומנים</noun>  שנכתבו  בידי  <noun>סופרים</noun>  <adjective>יהודים</adjective>  בגרמנית  (קפקא,  <properName>יוסף</properName>  <properName>רות</properName>  ואחרים),  באנגלית  (הנרי  רות,  פיליפ  <properName>רות</properName>  ואחרים),  ביידיש  (מנדלי)  וגם  בעברית  (אפלפלד).  באמצעותן  <verb>מנסה</verb>  <noun>המחבר</noun>  <verb>לזהות</verb>  <at-preposition>את</at-preposition>  <noun>היסוד</noun>  <adjective>היהודי</adjective>  <adjective>המשותף</adjective>  להם  <punctuation>–</punctuation>  בשימושי  הלשון,  במערכת  הסימנים,  בדגמי  <noun>עלילה</noun>  ובמרכיבים  <preposition>מן</preposition>  <noun>המיתוס</noun>  <adjective>היהודי</adjective>  <punctuation>–</punctuation>  וההופך  אותם  בעיניו  לרכיבים  <preposition>בתוך</preposition>  <noun>ספרות</noun>  <adjective>יהודית</adjective>  על-לאומית  ועל-לשונית  אחת.  סיפור-העל  <adjective>היהודי</adjective>  <adjective>הגלותי</adjective>  רב-הנתיבים  <participle>המצטייר</participle>  <verb>בספר</verb>  <pronoun>זה</pronoun>  <adjective>מנוגד</adjective>  <adjective>קוטבית</adjective>  לסיפור-העל  הציוני,  <participle>המונח</participle>  בבסיס  מפעלו  <adjective>ההיסטוריוגרפי</adjective>  <shel-preposition>של</shel-preposition>  שקד,  <conjunction>אולם</conjunction>  שניהם  כאחד  <verb>נובעים</verb>  מהזהות  ומהביוגרפיה  <shel-preposition>של</shel-preposition>  <noun>המחבר</noun>  עצמו,  שבכתיבתו  <adjective>הענפה</adjective>  מצוי,  <verb>ככלות</verb>  הכול,  <noun>ייצוג</noun>  <shel-preposition>של</shel-preposition>  <noun>מכלול</noun>  אישיותו  המורכבת.
  References:  
  בר-אל,  יהודית,  <properName>יגאל</properName>  <properName>שוורץ</properName>  ותמר  <properName>ס'</properName>  <properName>הס</properName>  (עורכים).  <noun>ספרות</noun>  וחברה  בתרבות  <adjective>העברית</adjective>  החדשה:  <noun>מאמרים</noun>  <verb>מוגשים</verb>  לגרשון  שקד.  <properName>תל</properName>  <properName>אביב</properName>  וירושלים:  <noun>הקיבוץ</noun>  <adjective>המאוחד</adjective>  וכתר.  <date>2000;</date>  הולצמן,  אבנר.  "דיוקנה  <shel-preposition>של</shel-preposition>  <noun>סיפורת</noun>  ריאליסטית".מדעי  היהדות:  <noun>במת</noun>  <noun>האיגוד</noun>  <adjective>העולמי</adjective>  למדעי  היהדות34.  <date>1994.</date>  156-149;  ---.  "שירת  הברבור".  <noun>הארץ</noun>  ספרים.  <date>24.3.2010.</date>  37-36;  הס,  תמר.  "(על)  <properName>גרשון</properName>  שקד:  מהגרים".  מקרוב:  <verb>כתבעת</verb>  לספרות  ולתרבות  10.  <date>2002.</date>  171-176;  וייס,  רות.  "חייו  ומותו  <shel-preposition>של</shel-preposition>  <noun>מבקר</noun>  <noun>ספרות</noun>  ציוני".  <noun>ארץ</noun>  <adjective>אחרת</adjective>  39.  <date>2007.</date>  90-94;  סתוי,  זיסי.  "יותר  מכל  <pronoun>אני</pronoun>  <verb>שונא</verb>  <verb>נפיחוּת</verb>  –ריאיון  <preposition>עם</preposition>  <properName>גרשון</properName>  שקד".  <noun>ידיעות</noun>  אחרונותספרות.  <date>22.2.1985.</date>  22-20;  שוורץ,  יגאל.  "שושלת  שכוח  <noun>החיים</noun>  שלה  <verb>נובע</verb>  <adverb>אולי</adverb>  מקרבתה  לתשוקת  המוות".  <properName>מעריב</properName>  <adjective>מוסף</adjective>  סוכות,  <noun>ספרות</noun>  וספרים.  <date>24.9.1999.</date>  36-35;
  Schwartz,  Yigal.  "The  <foreign>Other</foreign>  <foreign>Side</foreign>  <foreign>of</foreign>  <foreign>Gershon</foreign>  Shaked",Partial  <foreign>Answers</foreign>  5,  <foreign>Number</foreign>  2.  <date>2007.</date>  145-151.
 
		</body>
	</text>
</TEI>