<?xml version="1.0" encoding="UTF-8"?>
<?xml-model href="http://www.tei-c.org/release/xml/tei/custom/schema/relaxng/tei_all.rng" type="application/xml" schematypens="http://relaxng.org/ns/structure/1.0"?>
<?xml-model href="http://www.tei-c.org/release/xml/tei/custom/schema/relaxng/tei_all.rng" type="application/xml"
	schematypens="http://purl.oclc.org/dsdl/schematron"?>
<TEI xmlns="http://www.tei-c.org/ns/1.0">
   <teiHeader>
      <fileDesc>
         <publicationStmt>
            <p>Publication Information</p>
         </publicationStmt>
         <sourceDesc>
            <p>Information about the source</p>
         </sourceDesc>
      </fileDesc>
   </teiHeader>
   <text>
      <body>
 <?xml  version="1.0"  encoding="UTF-8"?>
  <?xml-model  href="http://www.tei-c.org/release/xml/tei/custom/schema/relaxng/tei_all.rng"  type="application/xml"  schematypens="http://relaxng.org/ns/structure/1.0"?>
  <?xml-model  href="http://www.tei-c.org/release/xml/tei/custom/schema/relaxng/tei_all.rng"  type="application/xml"
  	schematypens="http://purl.oclc.org/dsdl/schematron"?>
  <TEI  xmlns="http://www.tei-c.org/ns/1.0">
        <teiHeader>
              <fileDesc>
                    <publicationStmt>
                          <p>Publication  Information</p>
                    </publicationStmt>
                    <sourceDesc>
                          <p>Information  about  the  source</p>
                    </sourceDesc>
              </fileDesc>
        </teiHeader>
        <text>
              <body>
    Name:    שרירא-כהן,    שושנה
      <foreign>Birth</foreign>    Year:    <date><date>1917
</date>  </date>    <foreign>Death</foreign>    Year:    <date><date>2003
</date>  </date>    <foreign>Birth</foreign>    Place:    <noun>עיירה</noun>    קובליאקי,    אוקראינה,
      Occupation:    <noun>סופרת</noun>    ועיתונאית
      <foreign>Entry</foreign>    writer:    <properName>יפה</properName>    ברלוביץ
      <foreign>Entry</foreign>    Value:    
      <verb>נולדה</verb>    בעיירה    קובליאקי,    אוקראינה,    בעת    שהוריה    <verb>נמלטו</verb>    <preposition>לשם</preposition>    במלחמת    <noun>העולם</noun>    הראשונה.    אביה,    <title>ד"ר</title>    <properName>שמואל</properName>    <properName>שרירא</properName>    (שרייר),    <noun>חוקר</noun>    <noun>מקרא</noun>    ופולקלור    יהודי,    <verb>חינך</verb>    אותה    מינקות    <preposition>על</preposition>    <noun>השפה</noun>    העברית.    <preposition>אחרי</preposition>    <noun>המלחמה</noun>    <verb>חיו</verb>    ברובנה,    <conjunction>אז</conjunction>    פולין,    והיא    <verb>למדה</verb>    בגן    <noun>ילדים</noun>    <adjective>עברי</adjective>    ובבית    <noun>ספר</noun>    "תרבות"    שהיה    בפיקוחו    <shel-preposition>של</shel-preposition>    אביה.    
      <date><date>ב-1925</date></date>    <verb>עלתה</verb>    <noun>המשפחה</noun>    ארצה.    <adverb>תחילה</adverb>    <verb>חיו</verb>    בתנאים    <adjective>קשים</adjective>    בחיפה,    <adverb>שם</adverb>    <verb>למדה</verb>    בבית    <noun>הספר</noun>    "הריאלי",    ולאחר    <adjective>שנתיים</adjective>    <verb>עברו</verb>    לתל    אביב.    <verb>סיימה</verb>    <at-preposition>את</at-preposition>    <noun>בית</noun>    <noun>הספר</noun>    <adjective>היסודי</adjective>    <properName>גאולה</properName>    ואת    <noun>הגימנסיה</noun>    <adjective>הפרטית</adjective>    "נורדיה",    שאביה    <verb>נמנה</verb>    <preposition>עם</preposition>    מייסדיה.    
      בשנים    <date><date>1938-1935</date></date>    <verb>למדה</verb>    בקינגס    קולג',    <properName>לונדון</properName>    <noun>ספרות</noun>    ולשון    <properName>אנגלית</properName>    ופסיכולוגיה    חינוכית,    והדריכה    בתנועת    <noun>הנוער</noun>    "הבונים".    מלונדון    <verb>שלחה</verb>    לארץ    <at-preposition>את</at-preposition>    סיפוריה    הראשונים,    שראו    <noun>אור</noun>    בכתב    <noun>העת</noun>    <noun>גליונות</noun>    בעריכת    <properName>יצחק</properName>    למדן,    <preposition>תחת</preposition>    <noun>הכותרת</noun>    "תמונות    מכרך    בנכר"    ׁ(אוקטובר    <date><date>1937).</date></date>    כשחזרה    לארץ,    <noun>ערב</noun>    <noun>מלחמת</noun>    <noun>העולם</noun>    השנייה,    <verb>התקבלה</verb>    למערכת    <noun>העיתון</noun>    <adjective>היומי</adjective>    הבוקר,    <verb>שבו</verb>    <verb>עבדה</verb>    <preposition>במשך</preposition>    שש-עשרה    <noun>שנה</noun>    <date><date>(1955-1939)</date></date>    ככתבת    וכמתרגמת.    <conjunction>כמו</conjunction>    <conjunction>כן</conjunction>    <verb>פירסמה</verb>    <adverb>שם</adverb>    <verb>סדרה</verb>    <shel-preposition>של</shel-preposition>    <noun>סיפורים</noun>    <adjective>זעירים</adjective>    ("חיים    קטנים",    <date><date>1945-1943);</date></date>    "יומן    <shel-preposition>של</shel-preposition>    <noun>אשת</noun>    חייל"    <date><date>(1948-1941),</date></date>    <preposition>עם</preposition>    נישואיה    לאריאל    כהן,    <noun>חייל</noun>    בבריגדה    <adjective>היהודית</adjective>    במלחמת    <noun>העולם</noun>    <numeral>השנייה</numeral>    ובמלחמת    העצמאות;    וראיונות    <preposition>עם</preposition>    <noun>ניצולי</noun>    <noun>שואה</noun>    ("עם    <noun>ילדי</noun>    טהראן"    ו"מפי    עולים",    <date><date>1953-1943).</date></date>    <date><date>מ-1960</date></date>    <verb>חילקה</verb>    <at-preposition>את</at-preposition>    זמנה    <preposition>בין</preposition>    <properName>צפת</properName>    לתל    <properName>אביב</properName>    והמשיכה    <verb>לפרסם</verb>    <noun>סיפורים</noun>    וביקורות    <noun>ספרות</noun>    ותיאטרון    בכתבי    <noun>עת</noun>    <adjective>שונים</adjective>    (מאזניים,    גזית,    החינוך)    ובעיתונות    <adjective>היומית</adjective>    (דבר,    מעריב,    הארץ).        
      כתביה    <noun>כוללים</noun>    <numeral>שלושה</numeral>    <participle>קובצי</participle>    <noun>סיפורים</noun>    קצרים:    <noun>היאור</noun>    <adjective>הירוק</adjective>    <date><date>(1947);</date></date>    בזכות    <noun>עצי</noun>    <noun>התאנה</noun>    <date><date>(1971);</date></date>    <verb>אלמני</verb>    <noun>הקש</noun>    <adjective>הצהובים</adjective>    <date><date>(1979),</date></date>    ושני    רומנים:    <noun>לחם</noun>    <participle>האוהבים</participle>    <date><date>(1957)</date></date>    ושערי    <properName>עזה</properName>    <date><date>(1960).</date></date>    <conjunction>כמו</conjunction>    <conjunction>כן</conjunction>    <verb>תירגמה</verb>    <noun>ספרות</noun>    <properName>יפה</properName>    מאנגלית:    <noun>נתיבים</noun>    בתוהו    לג'יימס    <properName>הנלי</properName>    <date><date>(1946),</date></date>    <noun>אהבה</noun>    וגאווה    לג'יין    <properName>אוסטן</properName>    <date><date>(1952),</date></date>    וכתבה    <noun>ספר</noun>    ילדים,    למי,    למי,    <date><date>למי(1972).
</date>  </date>    כתיבתה    <copula>אינה</copula>    <participle>עשויה</participle>    <noun>מקשה</noun>    אחת,    ואפשר    לחלקה    לשלוש    תקופות,    כשהמינון    <noun>המשתנה</noun>    <preposition>בין</preposition>    <adjective>הריאליסטי</adjective>    לפנטסטי    <noun>מאפיין</noun>    <quantifier>כל</quantifier>    תקופה.    <noun>התקופה</noun>    הראשונה,    <preposition>עד</preposition>    <noun>הקמת</noun>    המדינה,    <verb>עומדת</verb>    בסימן    הנובלטות:    <noun>סיפורים</noun>    <adjective>ליריים</adjective>    <adjective>קצרים</adjective>    בעלי    <noun>אופי</noun>    <properName>סוריאליסטי</properName>    ("היאור    הירוק",    "שבוע    בגבעה",    "פרחי    ליל"),    שבאקלים    <adjective>התרבותי</adjective>    <adverb>דאז</adverb>    (כתיבה    <adjective>ריאליסטית</adjective>    <preposition>על</preposition>    <noun>המציאות</noun>    <adjective>היישובית</adjective>    הלאומית)    <negation>לא</negation>    <verb>עוררו</verb>    תהודה.    <noun>התקופה</noun>    השנייה,    <noun>העשור</noun>    <numeral>הראשון</numeral>    למדינה,    <verb>עומדת</verb>    בסימן    <shel-preposition>של</shel-preposition>    <noun>מעבר</noun>    <adjective>חד</adjective>    <preposition>אל</preposition>    <noun>הסיפור</noun>    <adjective>הארוך</adjective>    ואל    <noun>הטיפול</noun>    בחומרים    <adjective>ישראליים</adjective>    אקטואליים.    בתקופה    <pronoun>זו</pronoun>    <pronoun>היא</pronoun>    <verb>מפרסמת</verb>    <at-preposition>את</at-preposition>    <noun>שני</noun>    הרומנים.    האחד,    <noun>לחם</noun>    האוהבים,    <verb>שבו</verb>    בפרקי    <noun>חיים</noun>    ונדודים    <shel-preposition>של</shel-preposition>    <noun>אמן</noun>    <adjective>צעיר</adjective>    בארץ    <verb>נפרשת</verb>    <noun>המציאות</noun>    <adjective>הישראלית</adjective>    ממלחמת    <noun>השחרור</noun>    <preposition>דרך</preposition>    <noun>העלייה</noun>    <adjective>הגדולה</adjective>    <shel-preposition>של</shel-preposition>    <noun>שנות</noun>    החמישים,    ובמרכזה    <noun>המפגש</noun>    <adjective>הבעייתי</adjective>    <preposition>בין</preposition>    <adjective>ותיקים</adjective>    ומהגרים;    והשני,    <verb>שערי</verb>    עזה,    <participle>העוסק</participle>    <conjunction>גם</conjunction>    <pronoun>הוא</pronoun>    בחיים    <adjective>החברתיים</adjective>    <adjective>החדשים</adjective>    <adjective>הנוצרים</adjective>    בעשור    זה,    והפעם    בקליטתן    <shel-preposition>של</shel-preposition>    <noun>משפחות</noun>    <noun>עולים</noun>    <verb>יוצאות</verb>    <properName>טורקיה</properName>    בתל    <properName>אביב</properName>    וביישוב    <noun>ספר</noun>    <preposition>על</preposition>    <noun>גבול</noun>    עזה.    <noun>מוקד</noun>    <noun>העלילה</noun>    <pronoun>הוא</pronoun>    ניסיונן    <shel-preposition>של</shel-preposition>    <numeral>שתי</numeral>    <noun>משפחות</noun>    למלט    עצמן    מגורל    <noun>הרודף</noun>    אותן    <preposition>במשך</preposition>    דורות,    <conjunction>כאשר</conjunction>    אי-מילוי    <noun>הבטחה</noun>    <verb>הפך</verb>    לקללה    <adjective>נוראה</adjective>    <participle>הפוגעת</participle>    והורגת    <at-preposition>את</at-preposition>    בכוריהן.    <properName>שרירא</properName>    <verb>מסבירה</verb>    <noun>מערכות</noun>    <noun>יחסים</noun>    <adjective>מורכבות</adjective>    <noun>אלה</noun>    <preposition>באמצעות</preposition>    <noun>אתוסים</noun>    פולקלוריסטיים-מאגיים    <shel-preposition>של</shel-preposition>    <properName>עדה</properName>    זו,    <participle>המטעינה</participle>    <at-preposition>את</at-preposition>    מסורותיה    באקטואליה    <shel-preposition>של</shel-preposition>    <noun>מדינה</noun>    <adjective>צעירה</adjective>    שחותרת    לביטחון    צבאי,    לקידום    ולמודרניזציה    (ברקע    <noun>פיגועי</noun>    <verb>מסתננים</verb>    ומלחמת    סיני,    <date><date>1956).</date></date>    בתקופה    השלישית,    <noun>שנות</noun>    השבעים,    <verb>חוזרת</verb>    <properName>שרירא</properName>    <preposition>אל</preposition>    <noun>הסיפור</noun>    הקצר,    <conjunction>כאשר</conjunction>    <pronoun>היא</pronoun>    <verb>מעגנת</verb>    <at-preposition>את</at-preposition>    עלילותיה    במציאות    <shel-preposition>של</shel-preposition>    <noun>זמן</noun>    ומקום,    ועם    <pronoun>זאת</pronoun>    <verb>ממשיכה</verb>    <verb>לנהל</verb>    <noun>שיג</noun>    ושיח    <preposition>עם</preposition>    <noun>אירועים</noun>    <adjective>ביזאריים</adjective>    ותמוהים.    <noun>סיפורי</noun>    <noun>הקובץ</noun>    בזכות    <noun>עצי</noun>    <noun>התאנה</noun>    <verb>ממוקמים</verb>    בצפת,    <preposition>על</preposition>    <noun>מרקם</noun>    <noun>הניגודים</noun>    <adjective>האנושי</adjective>    <adverb>שם</adverb>    (לרבות    יהודים-ערבים)    ועל    אווירתה    <adjective>המלנכולית</adjective>    המסתורית.    <noun>הדמויות</noun>    <adverb>תמיד</adverb>    <adjective>בודדות</adjective>    ומחפשות,    ואי-השקט    <shel-preposition>של</shel-preposition>    שיטוטיהן    במעלה    <noun>העיר</noun>    ובמורדותיה    <verb>מצביע</verb>    <preposition>על</preposition>    <noun>מעגל</noun>    <noun>קסמים</noun>    שאין    <verb>לפרוץ</verb>    אותו.    <noun>כותרת</noun>    <noun>המשנה</noun>    <shel-preposition>של</shel-preposition>    <noun>הקובץ</noun>    <verb>אלמני</verb>    <verb>הקשהצהובים</verb>    היא:    <noun>סיפורים</noun>    במלאת    <numeral>שבעים</numeral>    <noun>שנה</noun>    לתל    אביב.    <noun>אלה</noun>    <noun>סיפורי</noun>    <noun>ילדות</noun>    ובגרות,    שיש    בהם    <preposition>מן</preposition>    <adjective>הפיוטי</adjective>    וההגותי.    מצד    אחר,    <noun>הפתיחות</noun>    התל-אביבית    <participle>ההזויה</participle>    והצוהלת    <verb>קושרת</verb>    אותם    <preposition>לכעין</preposition>    <noun>רומן</noun>    <adjective>ביוגרפי</adjective>    קולקטיבי,    <participle>הנע</participle>    <preposition>בין</preposition>    <noun>האני</noun>    לאנחנו.        
      <existential>יש</existential>    <verb>להבחין</verb>    במהלך    <adjective>נוסף</adjective>    <shel-preposition>של</shel-preposition>    <noun>שינויים</noun>    בכתיבתה:    כתביה    <preposition>עד</preposition>    <noun>שנות</noun>    <numeral>השישים</numeral>    <verb>מתאפיינים</verb>    בשפה    <adjective>ספרותית</adjective>    גבוהה,    <participle>המהדהדת</participle>    בלשונם    <shel-preposition>של</shel-preposition>    <properName>עגנון</properName>    והזז,    ואילו    כתביה    משנות    <numeral>השבעים</numeral>    <adjective>כתובים</adjective>    בלשון    <adjective>ישראלית</adjective>    <adjective>מודרנית</adjective>    יותר.    <verb>זכתה</verb>    בפרס    <adjective>קסל</adjective>    <shel-preposition>של</shel-preposition>    <noun>יהדות</noun>    <properName>מקסיקו</properName>    לספרות    <date><date>(1958)</date></date>    ובפרס    <properName>אוסישקין</properName>    לספרות    <date><date>(1960).</date></date>    <pronoun>היא</pronoun>    <verb>השתמשה</verb>    בכמה    <noun>שמות</noun>    עט:    <noun>ש'</noun>    שני,    שש"ש,    <noun>ש'</noun>    ברון    (שם    נעוריה    <shel-preposition>של</shel-preposition>    אמה).    שש"ר    <punctuation>–</punctuation>    לתרגומים.
      References:    
      ברלוביץ,    יפה.    "בחיפוש    <adjective>אחר</adjective>    <noun>דיוקן</noun>    ה'ארץ    <adjective>ישראלית'</adjective>    בספרות    <noun>הנשים</noun>    בתקופת    היישוב".    <noun>ביקורת</noun>    ופרשנות    34.    <date><date>2000.</date></date>    113-91;    ליכטנבום,    יוסף.    "המספרת    <properName>שושנה</properName>    שרירא".    <preposition>על</preposition>    <noun>המשמר</noun>    <verb>הדף</verb>    לספרות.    <date><date>20.1.1961.</date></date>    6;    קריץ,    ראובן.    "שושנה    <properName>שרירא</properName>    'היאור    הירוק'    ו'רשימה    <adjective>אוטוביוגרפית</adjective>    <preposition>עד</preposition>    <date><date>1948'".</date></date>    <noun>הסיפורת</noun>    <shel-preposition>של</shel-preposition>    <properName>דור</properName>    <noun>המאבק</noun>    לעצמאות.    חיפה:    פורה.    <date><date>1978.</date></date>    274-237.
    
  		</body>
  	</text>
  </TEI> 
		</body>
	</text>
</TEI>