<?xml version="1.0" encoding="UTF-8"?>
<?xml-model href="http://www.tei-c.org/release/xml/tei/custom/schema/relaxng/tei_all.rng" type="application/xml" schematypens="http://relaxng.org/ns/structure/1.0"?>
<?xml-model href="http://www.tei-c.org/release/xml/tei/custom/schema/relaxng/tei_all.rng" type="application/xml"
	schematypens="http://purl.oclc.org/dsdl/schematron"?>
<TEI xmlns="http://www.tei-c.org/ns/1.0">
   <teiHeader>
      <fileDesc>
         <publicationStmt>
            <p>Publication Information</p>
         </publicationStmt>
         <sourceDesc>
            <p>Information about the source</p>
         </sourceDesc>
      </fileDesc>
   </teiHeader>
   <text>
      <body>
 Name:  <properName>תמוז</properName>  (קמרשטיין),  בנימין
  <foreign>Birth</foreign>  Year:  <date>1919
</date>  <foreign>Death</foreign>  Year:  <date>1989
</date>  <foreign>Birth</foreign>  Place:  חרקוב,  רוסיה
  Occupation:  סופר,  עורך,  <noun>מבקר</noun>  אמנות,  פסל
  <foreign>Entry</foreign>  writer:  <properName>אבנר</properName>  הולצמן
  <foreign>Entry</foreign>  Value:  
  <verb>נולד</verb>  בחרקוב,  רוסיה.  <date>ב-1924</date>  <verb>עלה</verb>  <adverb>ארצה</adverb>  <preposition>עם</preposition>  הוריו.  האב,  <noun>תעשיין</noun>  זעיר,  <verb>נכשל</verb>  בניסיונו  <verb>להקים</verb>  בתל  <properName>אביב</properName>  <noun>בית</noun>  <noun>חרושת</noun>  לסבון,  והמשפחה  <verb>עברה</verb>  לתקופת-מה  לרחובות  ולאחר  <verb>מכן</verb>  <verb>חזרה</verb>  לתל  אביב.  <verb>החל</verb>  <at-preposition>את</at-preposition>  לימודיו  בבית  <noun>הספר</noun>  <adjective>הדתי</adjective>  "תחכמוני"  והמשיך  <properName>בגימנסיה</properName>  "הרצליה".  חוויותיו  <preposition>מן</preposition>  <noun>השנים</noun>  <verb>ההן</verb>  בתל  <properName>אביב</properName>  וברחובות  שוקעו  לימים  בקובצי  סיפוריו,  מחולות  <noun>הזהב</noun>  <date>(1950)</date>  <preposition>עד</preposition>  ריחו  <adjective>המר</adjective>  <shel-preposition>של</shel-preposition>  <noun>הגרניום</noun>  <date>(1979),</date>  וכן  ברומנים  <properName>יעקב</properName>  <date>(1971)</date>  והזיקית  והזמיר  <date>(1989).</date>  <noun>עולה</noun>  מהם  דמותו  <shel-preposition>של</shel-preposition>  <noun>ילד</noun>  <properName>חולמני</properName>  ובודד,  שמרירותם  <shel-preposition>של</shel-preposition>  הוריו  <preposition>על</preposition>  כישלונם  <adjective>הכלכלי</adjective>  <verb>נספגה</verb>  בו.
  מצעירותו  <verb>נמשך</verb>  <preposition>אחר</preposition>  <noun>מסגרות</noun>  <noun>השתייכות</noun>  <adjective>רעיוניות</adjective>  <adjective>אליטיסטיות</adjective>  בעלות  <noun>אופי</noun>  <adjective>אוטופי</adjective>  טוטלי.  <conjunction>לאחר</conjunction>  <noun>גישושי</noun>  <noun>נעורים</noun>  בכיוון  <noun>הקומוניזם</noun>  <verb>החל</verb>  <verb>לגבש</verb>  <conjunction>לו</conjunction>  <noun>השקפת</noun>  <noun>עולם</noun>  מקומית-ילידית,  וזו  <verb>מצאה</verb>  לה  <noun>מסגרת</noun>  <adjective>הולמת</adjective>  <conjunction>כאשר</conjunction>  <verb>הכיר</verb>  <date>ב-1939</date>  <at-preposition>את</at-preposition>  <properName>יונתן</properName>  רטוש,  והוא  <copula>היה</copula>  מראשוני  <participle>המצטרפים</participle>  <preposition>אל</preposition>  <noun>קבוצת</noun>  "העברים  הצעירים"  ("הכנענים")  שהתהוותה  בראשית  <noun>שנות</noun>  הארבעים.  <at-preposition>את</at-preposition>  דרכו  <adjective>האמנותית</adjective>  <verb>התחיל</verb>  <adverb>דווקא</adverb>  כפַּסָּל.  <date>מ-1939</date>  <verb>למד</verb>  <noun>פיסול</noun>  <preposition>אצל</preposition>  חברו  <properName>יצחק</properName>  דנציגר,  ועבודותיו  <adjective>המוקדמות</adjective>  (דוגמת  קדשה,  <date>1940)</date>  <noun>משקפות</noun>  <noun>נטייה</noun>  <preposition>אל</preposition>  <noun>פרימיטיביזם</noun>  <noun>אלילי</noun>  ברוח  הכנעניות.  פסלו  <adjective>הידוע</adjective>  <adverb>ביותר</adverb>  <pronoun>הוא</pronoun>  <noun>אנדרטת</noun>  <noun>הציפור</noun>  <adjective>האלגנטית</adjective>  לזכר  <noun>טייסי</noun>  <noun>חיל</noun>  <noun>האוויר</noun>  שנפלו  <preposition>על</preposition>  <noun>הגנת</noun>  <properName>תל</properName>  אביב,  <noun>הצופה</noun>  <preposition>אל</preposition>  <noun>הים</noun>  מגבעת  <noun>גן</noun>  <noun>העצמאות</noun>  <date>(1949;</date>  בשיתוף  <preposition>עם</preposition>  <properName>אבא</properName>  אלחנני).  זיקתו  לאמנות  <adjective>הפלסטית</adjective>  <verb>נמשכה</verb>  בערוצים  שונים,  בהם  <noun>כתיבת</noun>  <noun>ביקורות</noun>  <noun>אמנות</noun>  בעיתון  <noun>הארץ</noun>  ועריכת  <noun>הספרים</noun>  <noun>אמנות</noun>  <properName>ישראל</properName>  <date>(1963)</date>  וסיפורה  <shel-preposition>של</shel-preposition>  <noun>אמנות</noun>  <properName>ישראל</properName>  <date>(1980).</date>  בכתיבה  <pronoun>זו</pronoun>  <verb>ביטא</verb>  <noun>השקפה</noun>  <adjective>קלאסיציסטית</adjective>  <participle>המתרפקת</participle>  <preposition>על</preposition>  <noun>העבר</noun>  ומסתייגת  <preposition>מן</preposition>  <noun>האוונגרד</noun>  <adjective>האמנותי</adjective>  <adjective>הישראלי</adjective>  לדורותיו.
  יצירותיו  <adjective>הספרותיות</adjective>  <verb>החלו</verb>  <verb>להופיע</verb>  בראשית  <noun>שנות</noun>  הארבעים,  בתקופה  <verb>שבה</verb>  <copula>היה</copula>  <noun>חבר</noun>  בפלמ"ח.  <noun>שיר</noun>  <numeral>ראשון</numeral>  שלו  <verb>נדפס</verb>  בכתב  <noun>העת</noun>  מחברות  לספרות  <date>(1942).</date>  <noun>קובץ</noun>  משיריו  <verb>הופיע</verb>  במהדורה  <adjective>מצומצמת</adjective>  <date>ב-1971.</date>  <date>ב-1945</date>  <verb>החל</verb>  <verb>לפרסם</verb>  <noun>סיפורים</noun>  קצרים.  בשנים  <date>1948-1947</date>  <verb>פירסם</verb>  <noun>רשימות</noun>  <adjective>עיתונאיות</adjective>  וספרותיות  בעיתון  <properName>הלח"י</properName>  מברק  ובביטאון  <noun>הכנעני</noun>  אלף.  <date>ב-1948</date>  <verb>הצטרף</verb>  למערכת  הארץ.  <adverb>תחילה</adverb>  <noun>כתב</noun>  <at-preposition>את</at-preposition>  <noun>הטור</noun>  <adjective>הפופולרי</adjective>  "דעתו  <shel-preposition>של</shel-preposition>  עוזי"  <date>(1950-1948),</date>  שגיבורו  <verb>צבר</verb>  <noun>צעיר</noun>  <participle>המתבונן</participle>  סביבו  וחושף  <adverb>כביכול</adverb>  לתומו  <at-preposition>את</at-preposition>  <adjective>המגוחך</adjective>  והנלעג  <preposition>שבהווי</preposition>  <noun>המדינה</noun>  הצעירה.  <quantifier>מבחר</quantifier>  מהטורים  <pronoun>האלה</pronoun>  <verb>הופיע</verb>  בספר  (דעתו  <shel-preposition>של</shel-preposition>  עוזי,  <date>1949),</date>  <date>ומ-1950</date>  <verb>המשיך</verb>  בהם  <properName>עמוס</properName>  קינן.  <conjunction>לאחר</conjunction>  <noun>תקופה</noun>  <shel-preposition>של</shel-preposition>  <noun>לימודי</noun>  <noun>אמנות</noun>  בפריז  <date>(1951-1950)</date>  <verb>התמנה</verb>  <properName>תמוז</properName>  <date>ב-1951</date>  לעורך  <noun>שבועון</noun>  <noun>הילדים</noun>  <noun>הארץ</noun>  שלנו,  והתמיד  <adverb>בכך</adverb>  <preposition>עד</preposition>  <date>1965.</date>  באותה  <noun>שנה</noun>  <verb>נעשה</verb>  <noun>עורך</noun>  <noun>המוסף</noun>  לספרות  <shel-preposition>של</shel-preposition>  הארץ,  וכיהן  בתפקידו  <preposition>עד</preposition>  <date>1978,</date>  <preposition>למעט</preposition>  <noun>השנים</noun>  <date>1975-1971</date>  שבהן  <verb>שימש</verb>  <noun>נספח</noun>  <noun>תרבות</noun>  בשגרירות  <properName>ישראל</properName>  בלונדון.  כעורך  <verb>טיפח</verb>  ועודד  <noun>סופרים</noun>  צעירים,  ובהם  <properName>רות</properName>  אלמוג,  <properName>חיים</properName>  באר,  <properName>יצחק</properName>  <properName>בן</properName>  נר,  <properName>יורם</properName>  ברונובסקי,  <properName>דן</properName>  צלקה,  <properName>יהושע</properName>  <properName>קנז</properName>  ויעקב  שבתאי,  שרובם  <verb>נעשו</verb>  לידידיו  האישיים.  בשנים  <date>1984-1979</date>  <verb>שהה</verb>  כסופר  <noun>אורח</noun>  באוניברסיטת  אוקספורד.
  <preposition>על</preposition>  <adverb>פי</adverb>  גילו  ומהלך  חייו  <preposition>עד</preposition>  <date>1948</date>  <verb>משתייך</verb>  תמוז,  לכאורה,  לדור  תש"ח,  ואף  <verb>נכלל</verb>  באנתולוגיה  <adjective>הקנונית</adjective>  <adjective>הייצוגית</adjective>  <shel-preposition>של</shel-preposition>  <participle>סופרי</participle>  <noun>הדור</noun>  הזה,  <properName>דור</properName>  בארץ  <date>(1958).</date>  <preposition>עם</preposition>  זאת,  <verb>נראה</verb>  שהוא  <verb>תפש</verb>  <at-preposition>את</at-preposition>  עצמו,  וגם  <verb>נתפש</verb>  <preposition>על</preposition>  <noun>ידי</noun>  אחרים,  כנטע  <adjective>זר</adjective>  בקבוצה  זו,  ואין  <pronoun>זה</pronoun>  <noun>מקרה</noun>  שקשריו  <adjective>החברתיים</adjective>  והספרותיים  <copula>היו</copula>  ממוקדים  בסופרים  <adjective>צעירים</adjective>  ממנו,  <noun>בני</noun>  "דור  המדינה".  ייחודו  והיבדלותו  מבני  דורו  <adjective>הביולוגיים</adjective>  <verb>ניכרו</verb>  <adverb>כבר</adverb>  בספרו  הראשון,  <noun>חולות</noun>  <noun>הזהב</noun>  (מחברות  לספרות,  <date>1950).</date>  <pronoun>זהו</pronoun>  <noun>קובץ</noun>  <shel-preposition>של</shel-preposition>  <noun>סיפורי</noun>  <noun>ילדות</noun>  <adjective>ליריים</adjective>  עדינים,  <participle>המנותקים</participle>  <preposition>מן</preposition>  <noun>הממדים</noun>  <adjective>ההיסטוריים</adjective>  והחברתיים  <shel-preposition>של</shel-preposition>  <noun>הזמן</noun>  ומעצבים  <noun>עולם</noun>  <adjective>מלא</adjective>  <noun>חוויות</noun>  <adjective>חושיות</adjective>  ורגשיות  בעיניו  <adjective>התמימות</adjective>  <shel-preposition>של</shel-preposition>  ילד,  שמאחוריהן  <verb>ניצבת</verb>  <noun>ראיית</noun>  <noun>העולם</noun>  הכנענית-ילידית  <shel-preposition>של</shel-preposition>  המחבר.  <noun>התוגה</noun>  <noun>השורה</noun>  <preposition>על</preposition>  הסיפורים,  <noun>הקשר</noun>  <adjective>האינטימי</adjective>  הבלתי-אמצעי  <preposition>עם</preposition>  <noun>הנוף</noun>  הארץ-ישראלי,  <noun>ההתמקדות</noun>  בקטנות  וההשתקעות  בהזיות  כמפלט  מהמציאות  השוממה–אלה  <adjective>אחדים</adjective>  מהסממנים  <adjective>הרומנטיים</adjective>  <participle>המאפיינים</participle>  <at-preposition>את</at-preposition>  הקובץ.  התרקמותם  <shel-preposition>של</shel-preposition>  <noun>הסיפורים</noun>  בעצם  <noun>שנות</noun>  <noun>המאבק</noun>  לעצמאות  <verb>הפכה</verb>  אותם  <preposition>לכעין</preposition>  <noun>אמירה</noun>  <adjective>אופוזיציונית</adjective>  שקטה–גם  בסגנונם  <adjective>הנזירי</adjective>  והנקי  <verb>ממליצות</verb>  –כלפי  <noun>עיקר</noun>  <noun>הסיפורת</noun>  <shel-preposition>של</shel-preposition>  <noun>בני</noun>  הדור,  שטבלה  <preposition>עד</preposition>  <noun>צוואר</noun>  באקטואליה  הסוערת.
  <preposition>על</preposition>  <noun>רקע</noun>  <pronoun>זה</pronoun>  <verb>נראה</verb>  <noun>קובץ</noun>  <noun>הסיפורים</noun>  <numeral>השני</numeral>  <shel-preposition>של</shel-preposition>  תמוז,  <noun>גן</noun>  <adjective>נעול</adjective>  <date>(1957),</date>  כניגודו  <adjective>הסימטרי</adjective>  <shel-preposition>של</shel-preposition>  קודמו,  <conjunction>משום</conjunction>  שהוא  <verb>מבטא</verb>  <noun>אכזבה</noun>  ומיאוס  מעולמה  <shel-preposition>של</shel-preposition>  <properName>ישראל</properName>  <adjective>האורבנית</adjective>  והמודרנית,  <participle>המצטייר</participle>  כמציאות  צינית,  חומרנית,  <adjective>מנוכרת</adjective>  ומזויפת,  שהתרחקה  <noun>מרחק</noun>  <adjective>רב</adjective>  ממקורותיה  <adjective>האידיאליסטיים</adjective>  התמימים.  יצריו  <adjective>הסאטיריים</adjective>  <shel-preposition>של</shel-preposition>  <properName>תמוז</properName>  <verb>מתגלים</verb>  בקובץ  <pronoun>זה</pronoun>  במלוא  תוקפם,  <preposition>בין</preposition>  <noun>השאר</noun>  בסיפור  בשם  "איש  ורבו",  <participle>המציג</participle>  <noun>דיוקן</noun>  <adjective>פרודי</adjective>  <adjective>אכזרי</adjective>  <shel-preposition>של</shel-preposition>  <properName>יונתן</properName>  <properName>רטוש</properName>  ותורתו  הכנענית,  שתמוז  <pronoun>עצמו</pronoun>  <adverb>כבר</adverb>  <verb>התרחק</verb>  ממנה  באותה  <noun>עת</noun>  <noun>מרחק</noun>  רב.
  <numeral>שתי</numeral>  <noun>הפרספקטיבות</noun>  המנוגדות-משלימות  האלה,  שמבעדן  בחן  <at-preposition>את</at-preposition>  <noun>המצב</noun>  <adjective>הישראלי</adjective>  <punctuation>–</punctuation>  <noun>רומנטיקה</noun>  <noun>נוסטלגית</noun>  <noun>מזה</noun>  וסאטירה  <verb>צולפנית</verb>  <noun>מזה</noun>  <punctuation>–</punctuation>  <verb>נעשו</verb>  <noun>ציר</noun>  <adjective>מרכזי</adjective>  בכתיבתו  בשנות  <numeral>השישים</numeral>  והשבעים.  בקבצים  <adjective>הבאים</adjective>  <shel-preposition>של</shel-preposition>  סיפוריו  (סיפור  <properName>אנטון</properName>  הארמני,  <date>1964;</date>  <adjective>אנג'יוכסיל</adjective>  <noun>תרופה</noun>  נדירה,  <date>1973;</date>  ריחו  <adjective>המר</adjective>  <shel-preposition>של</shel-preposition>  הגרניום,  <date>1979)</date>  <adjective>בולטות</adjective>  בעיקר  <noun>האיכויות</noun>  <adjective>הליריות</adjective>  הנוסטלגיות,  <pronoun>הן</pronoun>  בנושאיהם,  <participle>המעלים</participle>  <noun>דמויות</noun>  ופרשיות  מתקופת  היישוב,  והן  בדרכי  <noun>המסירה</noun>  האסוציאטיביות,  בטון  <verb>האלגי</verb>  ובלשון  <adjective>הפיוטית</adjective>  המעודנת.  <conjunction>כמו</conjunction>  <conjunction>כן</conjunction>  <adjective>טמונות</adjective>  בהם  <noun>אמירות</noun>  <adjective>אירוניות</adjective>  <preposition>על</preposition>  <noun>הסכסוך</noun>  היהודי-ערבי  בארץ  ישראל,  <preposition>כגון</preposition>  בסיפורים  "מעשה  בעץ  זית"  ו"תחרות  שחייה".
  <noun>טרילוגיית</noun>  <noun>הרומנים</noun>  <participle>הסובבת</participle>  <preposition>סביב</preposition>  דמותו  <shel-preposition>של</shel-preposition>  <properName>אליקום</properName>  (חיי  אליקום,  <date>1965;</date>  בסוף  מערב,  <date>1966;</date>  אליקום:  <noun>ספר</noun>  ההזיות,  <date>1969)</date>  <participle>פורשׂת</participle>  <at-preposition>את</at-preposition>  <noun>גלגולי</noun>  חייו  <shel-preposition>של</shel-preposition>  הוזה-רומנטיקן  <adjective>נאיבי</adjective>  <participle>ההולך</participle>  מדחי  <preposition>אל</preposition>  דחי,  ומבעד  לעיניו  <adjective>התמימות</adjective>  <verb>מצטייר</verb>  <noun>דיוקן</noun>  <adjective>סאטירי</adjective>  <shel-preposition>של</shel-preposition>  <noun>החיים</noun>  בארץ  <properName>ישראל</properName>  משנות  <numeral>הארבעים</numeral>  ואילך.  <noun>הרומן</noun>  <properName>יעקב</properName>  <date>(1971),</date>  <participle>המכיל</participle>  <noun>יסודות</noun>  אוטוביוגרפיים,  <verb>מגולל</verb>  <at-preposition>את</at-preposition>  חשבונו  <adjective>המורכב</adjective>  <shel-preposition>של</shel-preposition>  <properName>תמוז</properName>  <preposition>עם</preposition>  <noun>האידיאל</noun>  <noun>הכנעני</noun>  שהכזיב  ומסמן,  כמדומה,  <at-preposition>את</at-preposition>  <noun>ראשית</noun>  היאחזותו  <adjective>המחודשת</adjective>  ביהדות  כהוויה  לאומית,  <adjective>היסטורית</adjective>  ומיתית.  <conjunction>גם</conjunction>  <noun>הנובלה</noun>  <noun>האלגורית</noun>  <adjective>הפסימית</adjective>  "הפרדס"  <date>(1972)</date>  <verb>עוסקת</verb>  בסבך  <shel-preposition>של</shel-preposition>  <noun>שאלות</noun>  <adjective>זהות</adjective>  <preposition>באמצעות</preposition>  סיפורה  <shel-preposition>של</shel-preposition>  <noun>משפחה</noun>  יהודית-ערבית  (כעין  <noun>גלגול</noun>  <shel-preposition>של</shel-preposition>  <noun>משפחת</noun>  אברהם,  <properName>יצחק</properName>  וישמעאל),  <participle>הממחיש</participle>  <at-preposition>את</at-preposition>  <noun>הקונפליקט</noun>  <adjective>הלאומי</adjective>  שאחריתו  <copula>אינה</copula>  ברורה.  באותה  <noun>קבוצה</noun>  <shel-preposition>של</shel-preposition>  <noun>יצירות</noun>  <adjective>סמליות</adjective>  <participle>העוסקות</participle>  בשאלות  <shel-preposition>של</shel-preposition>  <noun>היסטוריה</noun>  וזהות  <verb>נכללת</verb>  <noun>הנובלה</noun>  "משלי  בקבוקים"  <date>(1975),</date>  <noun>צירוף</noun>  <shel-preposition>של</shel-preposition>  <noun>מעשיות</noun>  ומשלים,  <noun>חלומות</noun>  והזיות,  <participle>הסובבים</participle>  <preposition>סביב</preposition>  <noun>חידת</noun>  נצחיותה  <shel-preposition>של</shel-preposition>  <noun>הרוח</noun>  היהודית.  ואילו  <noun>הרומן</noun>  <properName>רקויאם</properName>  לנעמן  <date>(1978)</date>  <adjective>כתוב</adjective>  כסאגה  <adjective>סאטירית</adjective>  <preposition>על</preposition>  <numeral>ארבעה</numeral>  <noun>דורות</noun>  <shel-preposition>של</shel-preposition>  משפחה,  מימי  <noun>העלייה</noun>  <numeral>הראשונה</numeral>  ועד  <noun>מלחמת</noun>  <noun>יום</noun>  הכיפורים,  וטוען  <conjunction>כי</conjunction>  הגסות,  <noun>החומרנות</noun>  והדורסנות  שהשתלטו  <preposition>על</preposition>  <noun>החברה</noun>  <adjective>הישראלית</adjective>  <preposition>אחרי</preposition>  <noun>מלחמת</noun>  <numeral>ששת</numeral>  הימים,  <verb>נובעות</verb>  <adverb>למעשה</adverb>  <adverb>כבר</adverb>  <preposition>מן</preposition>  <noun>התקופה</noun>  <adjective>החלוצית</adjective>  האידיאלית-כביכול,  שגם  בה  <negation>לא</negation>  <verb>הונח</verb>  ליחידים  <adjective>רגישים</adjective>  <verb>לחיות</verb>  <at-preposition>את</at-preposition>  חייהם  כרצונם.
  בעשור  <adjective>האחרון</adjective>  לחייו  <verb>פירסם</verb>  <properName>תמוז</properName>  <adverb>עוד</adverb>  <numeral>שלושה</numeral>  ספרים,  שכל  <numeral>אחד</numeral>  מהם  <adjective>ייחודי</adjective>  ומחדש  בדרכו.  <properName>מינוטאור</properName>  <date>(1980)</date>  <pronoun>הוא</pronoun>  <noun>ספר</noun>  אידיאי-אלגורי  <adjective>יומרני</adjective>  במסווה  <shel-preposition>של</shel-preposition>  <noun>רומן</noun>  בלשי,  ובו  רבדים-רבדים  <shel-preposition>של</shel-preposition>  <noun>משמעות</noun>  <punctuation>–</punctuation>  <verb>החל</verb>  בבחינה  <adjective>מחודשת</adjective>  <shel-preposition>של</shel-preposition>  <noun>החזון</noun>  <noun>הכנעני</noun>  <preposition>מול</preposition>  <noun>חזון</noun>  <adjective>אלטרנטיבי</adjective>  <shel-preposition>של</shel-preposition>  <adjective>זהות</adjective>  ים-תיכונית  מאוחדת,  וכלה  בחתירה  <verb>לפענח</verb>  <at-preposition>את</at-preposition>  חוקיותו  <shel-preposition>של</shel-preposition>  <noun>העולם</noun>  <preposition>באמצעות</preposition>  האמנות,  <adverb>במיוחד</adverb>  בעזרת  המוזיקה.  פונדקו  <shel-preposition>של</shel-preposition>  <properName>ירמיהו</properName>  <date>(1984)</date>  <pronoun>הוא</pronoun>  <noun>נובלה</noun>  <adjective>עתידנית</adjective>  קודרת,  <participle>המתארת</participle>  <at-preposition>את</at-preposition>  כינונה  <shel-preposition>של</shel-preposition>  <noun>מדינת</noun>  <noun>הלכה</noun>  <adjective>אלימה</adjective>  ומטורפת  בארץ  ישראל.  ואילו  ספרו  האחרון,  <noun>הזיקית</noun>  והזמיר  <date>(1989),</date>  שהוא  <adjective>הנועז</adjective>  בספריו,  <adjective>עשוי</adjective>  כאוסף  <shel-preposition>של</shel-preposition>  <noun>תעודות</noun>  מהמאה  <numeral>השביעית</numeral>  לספירה  ועד  ימינו,  שלוקטו  ותורגמו  <adverb>כביכול</adverb>  מגנזך  <shel-preposition>של</shel-preposition>  <noun>משפחה</noun>  <adjective>יהודית</adjective>  אחת,  <noun>משפחת</noun>  אברמסון,  <conjunction>אך</conjunction>  <noun>הקשר</noun>  ביניהן  שרירותי,  <adjective>חמקמק</adjective>  וסתום.  <properName>תמוז</properName>  <verb>הגדיר</verb>  <at-preposition>את</at-preposition>  <noun>הספר</noun>  <preposition>כמין</preposition>  אוטוביוגרפיה,  ואם  <adverb>כך</adverb>  הדבר,  <conjunction>הרי</conjunction>  <modal>ניתן</modal>  <verb>לראות</verb>  בו  <preposition>כעין</preposition>  <noun>סגירת</noun>  <noun>מעגל</noun>  <shel-preposition>של</shel-preposition>  <interrogative>מי</interrogative>  שהחל  <at-preposition>את</at-preposition>  דרכו  כסופר  "כנעני"  וסיים  אותה,  <preposition>אחרי</preposition>  <noun>מהלך</noun>  <adjective>ארוך</adjective>  ומורכב,  כמי  שמציב  <at-preposition>את</at-preposition>  <pronoun>עצמו</pronoun>  כחוליה  <adjective>אורגנית</adjective>  ברצף  <noun>דורות</noun>  <adjective>יהודי</adjective>  מובהק.
  ספריו  <shel-preposition>של</shel-preposition>  <properName>תמוז</properName>  <verb>תורגמו</verb>  לאחת-עשרה  לשונות.  <pronoun>הוא</pronoun>  <verb>חיבר</verb>  <conjunction>גם</conjunction>  <numeral>שמונה</numeral>  <noun>ספרים</noun>  לילדים,  ואף  <verb>זכה</verb>  בפרס  <properName>זאב</properName>  לספרות  <noun>ילדים</noun>  <date>(1972).</date>  בתחילת  <noun>שנות</noun>  <numeral>התשעים</numeral>  <verb>הופיעה</verb>  <noun>מהדורה</noun>  <adjective>מקיפה</adjective>  <shel-preposition>של</shel-preposition>  כתביו  בהוצאת  <noun>כתר</noun>  ביוזמתו  ובעריכתו  <shel-preposition>של</shel-preposition>  <properName>יגאל</properName>  שוורץ.  <noun>מהדורה</noun>  <adjective>מקיפה</adjective>  <adjective>נוספת</adjective>  <verb>החלה</verb>  <verb>לראות</verb>  <noun>אור</noun>  <date>ב-2007</date>  בהוצאת  <noun>ידיעות</noun>  אחרונות.
  References:  
  גוברין,  נורית.  "במבוך".  <noun>קריאת</noun>  הדורות:  <noun>ספרות</noun>  <adjective>עברית</adjective>  במעגליה  ב'.  <properName>תל</properName>  אביב:  גוונים.  <date>2002.</date>  166-156;  גולן,  ארנה.  <preposition>בין</preposition>  בדיון  לממשות:  <noun>סוגים</noun>  בסיפור  הישראלי.  <noun>האוניברסיטה</noun>  הפתוחה.  <date>1985.</date>  79-1;  גלבע,  מנוחה.  <noun>חלומות</noun>  <noun>הזהב</noun>  ושברונם:  <noun>ספרות</noun>  ואידיאולוגיה  ביצירת  <properName>בנימין</properName>  תמוז.  <properName>תל</properName>  אביב:  <noun>הקיבוץ</noun>  המאוחד.  <date>1995;</date>  ירדני,  רות.  <noun>שערים</noun>  לגן  נעול:  <properName>בנימין</properName>  <properName>תמוז</properName>  <punctuation>–</punctuation>  <noun>תמורות</noun>  ביצירתו.  <properName>תל</properName>  אביב:  <noun>הקיבוץ</noun>  המאוחד.  <date>2012;</date>  מירון,  דן.  "סאגה  פיליטוניסטית".  <noun>פנקס</noun>  פתוח:  <noun>שיחות</noun>  <preposition>על</preposition>  <noun>הסיפורת</noun>  בתשל"ח.  <properName>תל</properName>  אביב:  <noun>ספרית</noun>  פועלים.  <date>1979.</date>  48-38;  ---.  "על  <noun>סיפורי</noun>  <properName>בנימין</properName>  תמוז".  <noun>הארץ</noun>  <noun>תרבות</noun>  וספרות.  <date>22.4.1960;</date>  ציפר,  <noun>בני</noun>  (עורך).  "מחווה  לבנימין  תמוז".  <noun>הארץ</noun>  <noun>תרבות</noun>  וספרות.  <date>28.12.2007;</date>  קורצווייל,  ברוך.  <noun>חיפוש</noun>  <noun>הספרות</noun>  הישראלית.  <noun>רמת</noun>  גן:  <noun>אוניברסיטת</noun>  בר-אילן.  <date>1982.</date>  200-183;  שקד,  גרשון.  "ממזרח  למערב  (בנימין  תמוז)".  <noun>הסיפורת</noun>  <adjective>העברית</adjective>  <date>1980-1880</date>  ה'.  <properName>תל</properName>  אביב:  <noun>הקיבוץ</noun>  המאוחד,  כתר.  <date>1998.</date>  119-108.  
 
		</body>
	</text>
</TEI>