<?xml version="1.0" encoding="UTF-8"?>
<?xml-model href="http://www.tei-c.org/release/xml/tei/custom/schema/relaxng/tei_all.rng" type="application/xml" schematypens="http://relaxng.org/ns/structure/1.0"?>
<?xml-model href="http://www.tei-c.org/release/xml/tei/custom/schema/relaxng/tei_all.rng" type="application/xml"
	schematypens="http://purl.oclc.org/dsdl/schematron"?>
<TEI xmlns="http://www.tei-c.org/ns/1.0">
   <teiHeader>
      <fileDesc>
         <publicationStmt>
            <p>Publication Information</p>
         </publicationStmt>
         <sourceDesc>
            <p>Information about the source</p>
         </sourceDesc>
      </fileDesc>
   </teiHeader>
   <text>
      <body>
 Name:  <properName>אסתר</properName>  (גודלבסקי),  חיה
  <foreign>Birth</foreign>  Year:  <date>1941
</date>  <foreign>Birth</foreign>  Place:  <properName>ירושלים</properName>  למשפחה  חסידית-חרדית
  Occupation:  <noun>משוררת</noun>  וסופרת
  <foreign>Entry</foreign>  writer:  <properName>נורית</properName>  גוברין
  <foreign>Entry</foreign>  Value:  
  <verb>נולדה</verb>  בירושלים  למשפחה  חסידית-חרדית.  <verb>למדה</verb>  בתיכון  <adjective>החרדי</adjective>  "חורב".  <verb>למדה</verb>  באוניברסיטה  <adjective>העברית</adjective>  בירושלים  <noun>היסטוריה</noun>  <shel-preposition>של</shel-preposition>  <preposition>עם</preposition>  <properName>ישראל</properName>  לתואר  ראשון,  <noun>חינוך</noun>  לתואר  <noun>שני</noun>  <date>(1979)</date>  ואמנות  במוזיאון  ישראל.  בשנים  <date>1984-1970</date>  <verb>כתבה</verb>  <noun>תוכניות</noun>  <noun>לימודים</noun>  ולימדה  במוסדות  <noun>חינוך</noun>  בירושלים.  
  <adverb>כבר</adverb>  בילדותה  <verb>החלה</verb>  <verb>לכתוב</verb>  <noun>שירים</noun>  ולצייר.  סיפורה  <numeral>הראשון</numeral>  <pronoun>הוא</pronoun>  "נחמה  גיטל"  (זהות,  <date>1981),</date>  שבמרכזו  <noun>אישה</noun>  <adjective>חרדית</adjective>  <participle>הטובלת</participle>  במקווה.  ספרה  הראשון,אבנים  <adjective>רכות</adjective>  (עקד,  <date>1983;</date>  <date>1988</date>  במהדורה  מורחבת),  <verb>מתאר</verb>  <at-preposition>את</at-preposition>  עולמן  <shel-preposition>של</shel-preposition>  <noun>נשים</noun>  <adjective>חרדיות</adjective>  בשכונות  <properName>בית</properName>  <properName>ישראל</properName>  ומאה  שערים.  סיפוריה  <noun>ספוגי</noun>  <adjective>הארוטיות</adjective>  <verb>הבהילו</verb>  <at-preposition>את</at-preposition>  <noun>הממונים</noun>  עליה,  והיא  <verb>פוטרה</verb>  ממקום  עבודתה.  <adverb>מאז</adverb>  <verb>השתחררה</verb>  מהחרדיות,  <conjunction>אבל</conjunction>  <verb>המשיכה</verb>  <preposition>עם</preposition>  <noun>בני</noun>  משפחתה  <adjective>הענפה</adjective>  באורח  <noun>חיים</noun>  דתי.  
  <properName>אסתר</properName>  <pronoun>היא</pronoun>  <noun>אמנית</noun>  רב-תחומית:  פרוזה,  שירה,  ציור,  <noun>פיסול</noun>  ואמנות-מיצב.  <verb>הציגה</verb>  <numeral>עשרות</numeral>  <noun>תערוכות</noun>  <adjective>יחיד</adjective>  והשתתפה  בתערוכות  <adjective>קבוצתיות</adjective>  <adjective>רבות</adjective>  בארץ  ובעולם.  עבודותיה  <verb>פורסמו</verb>  בקטלוגים  ובספרי  <noun>אמן</noun>  והיא  <verb>זכתה</verb>  בפרס  <preposition>על</preposition>  <noun>שם</noun>  <properName>שושנה</properName>  איש-שלום  לאמני  <properName>ירושלים</properName>  <date>(2008).</date>  
  כתיבתה  <pronoun>היא</pronoun>  אקסטטית,  נועזת,  סוחפת,  חושנית,  <adjective>מיסטית</adjective>  ונשית.  <pronoun>זוהי</pronoun>  <noun>יצירה</noun>  <adjective>עזת</adjective>  ביטוי,  <verb>חושפת</verb>  <preposition>עד</preposition>  <noun>כאב</noun>  ומשאירה  <at-preposition>את</at-preposition>  <noun>הקורא</noun>  המום,  <verb>מופתע</verb>  ומתענג.  <noun>הלשון</noun>  <verb>יונקת</verb>  מרובדי  <noun>השפה</noun>  <adjective>העברית</adjective>  לדורותיה  ומתיכה  אותם  לנחשולי  <noun>ביטוי</noun>  אדירים.  <pronoun>זו</pronoun>  <noun>כתיבה</noun>  <participle>המבטאת</participle>  <at-preposition>את</at-preposition>  <noun>האומץ</noun>  לחיות,  להעז.  <noun>שירה</noun>  <shel-preposition>של</shel-preposition>  <noun>אישה</noun>  <participle>המעיזה</participle>  <verb>לנהל</verb>  <noun>דיאלוג</noun>  <preposition>עם</preposition>  עברה,  <preposition>עם</preposition>  אלוהיה,  <preposition>עם</preposition>  תחושותיה.  <pronoun>היא</pronoun>  <verb>משלבת</verb>  <preposition>בין</preposition>  <noun>פרוזה</noun>  לשירה,  כשלפרוזה  שלה  <noun>איכויות</noun>  שיריות.  <existential>יש</existential>  בה  <noun>המשך</noun>  לדבורה  בארון  <preposition>מתוך</preposition>  <noun>חידוש</noun>  ענק,  ולשירתן  <shel-preposition>של</shel-preposition>  <properName>זלדה</properName>  <preposition>מצד</preposition>  <numeral>אחד</numeral>  ויונה  <properName>וולך</properName>  <preposition>מצד</preposition>  אחר.
  <pronoun>היא</pronoun>  <adjective>שייכת</adjective>  לקבוצת  <noun>נשים</noun>  <adjective>חרדיות</adjective>  שנעשו  <adverb>חלק</adverb>  <preposition>מן</preposition>  <noun>הספרות</noun>  הישראלית.  בריאיון  לעדנה  <properName>עברון</properName>  <date>(1997)</date>  <verb>הגדירה</verb>  <at-preposition>את</at-preposition>  <noun>עצמה</noun>  "בן  <noun>אדם</noun>  שמח"  ואת  כתיבתה  "התפוצצות  תמידית"  <shel-preposition>של</shel-preposition>  "אנרגיה  כלואה".  מספריה:  <noun>כתונת</noun>  אור:  <noun>סיפורים</noun>  <date>(1987);</date>  <noun>ציפור</noun>  היכלות:  <noun>מסע</noun>  <date>(1989);</date>  <noun>אקדמות</noun>  השם:  <noun>המחברת</noun>  <numeral>הראשונה</numeral>  <date>(1994);</date>  <noun>איל</noun>  כחול:  <noun>פואמה</noun>  <date>(1995);</date>  <noun>הרוח</noun>  והדם.  <noun>שירים</noun>  <date>(1996);</date>  <noun>אלוה</noun>  מדבר  בשׂרי.  <noun>שירים</noun>  <date>(2001);</date>  <noun>מעשה</noun>  תהום:  <noun>שירים</noun>  <date>(2004);</date>  שְׂרָפָה.  <noun>שירים</noun>  <date>(2006,</date>  מתוכו  <verb>הולחנו</verb>  <noun>שני</noun>  שירים).  <noun>עטיפות</noun>  <noun>ספריה</noun>  והציורים  <adjective>המשולבים</adjective>  בהם  <pronomial>הם</pronomial>  <noun>מעשי</noun>  ידיה,  ועיצובם  <verb>נעשה</verb>  בידי  בעלה,  שלמה  גודלבסקי,  <noun>בן</noun>  <noun>קיבוץ</noun>  חפץחיים.  סיפוריה  ושיריה  <verb>תורגמו</verb>  לכמה  שפות.  מהפרסים  שקיבלה:  <noun>פרס</noun>  <noun>עיריית</noun>  <properName>חולון</properName>  <preposition>על</preposition>  <noun>שם</noun>  <noun>קוגל</noun>  <date>(1988);</date>  <noun>מענק</noun>  <noun>יצירה</noun>  <preposition>מטעם</preposition>  <noun>קרן</noun>  <properName>תלאביב</properName>  לספרות  ואמנות  <date>(1989);</date>  <noun>פרס</noun>  <properName>טשרניחובסקי</properName>  לשירה  <date>(1995);</date>  <noun>פרס</noun>  <noun>ראש</noun>  <noun>הממשלה</noun>  <date>(2003).
</date>  References:  
  <noun>אלאלוף</noun>  מימון,  דליס.  "חמש  <noun>משוררות</noun>  ומשורר  אחד".מאזניים  ע"א(2).  <date>1996.</date>  21-25;  טוקר,  נפתלי.  "ביוגרפיה  <adjective>מיתית</adjective>  <shel-preposition>של</shel-preposition>  <noun>אישה</noun>  קוסמית".  <noun>אפיריון</noun>  83.  <date>2003.</date>  8-3;  נצר,  רות.  "שירתה  <shel-preposition>של</shel-preposition>  <verb>חיה</verb>  אסתר".  <noun>מאזניים</noun>  <properName>ע"ז</properName>  (2).  <properName>נובמבר</properName>  <date>2003.</date>  58-59;  עברון,  עדנה.  "אני  עפה,  <pronoun>אני</pronoun>  נוסקת".ידיעות  אחרונות7  לילות.  <date>7.11.1997.</date>  28.
 
		</body>
	</text>
</TEI>