<?xml version="1.0" encoding="UTF-8"?>
<?xml-model href="http://www.tei-c.org/release/xml/tei/custom/schema/relaxng/tei_all.rng" type="application/xml" schematypens="http://relaxng.org/ns/structure/1.0"?>
<?xml-model href="http://www.tei-c.org/release/xml/tei/custom/schema/relaxng/tei_all.rng" type="application/xml"
	schematypens="http://purl.oclc.org/dsdl/schematron"?>
<TEI xmlns="http://www.tei-c.org/ns/1.0">
   <teiHeader>
      <fileDesc>
         <publicationStmt>
            <p>Publication Information</p>
         </publicationStmt>
         <sourceDesc>
            <p>Information about the source</p>
         </sourceDesc>
      </fileDesc>
   </teiHeader>
   <text>
      <body>
 <?xml  version="1.0"  encoding="UTF-8"?>
  <?xml-model  href="http://www.tei-c.org/release/xml/tei/custom/schema/relaxng/tei_all.rng"  type="application/xml"  schematypens="http://relaxng.org/ns/structure/1.0"?>
  <?xml-model  href="http://www.tei-c.org/release/xml/tei/custom/schema/relaxng/tei_all.rng"  type="application/xml"
  	schematypens="http://purl.oclc.org/dsdl/schematron"?>
  <TEI  xmlns="http://www.tei-c.org/ns/1.0">
        <teiHeader>
              <fileDesc>
                    <publicationStmt>
                          <p>Publication  Information</p>
                    </publicationStmt>
                    <sourceDesc>
                          <p>Information  about  the  source</p>
                    </sourceDesc>
              </fileDesc>
        </teiHeader>
        <text>
              <body>
    Name:    אפפל,    שולמית
      <foreign>Birth</foreign>    Year:    <date><date>1948
</date>  </date>    <foreign>Birth</foreign>    Place:    <noun>מחנה</noun>    <noun>עקורים</noun>    בקפריסין,
      Occupation:    משוררתוסופרת
      <foreign>Entry</foreign>    writer:    <properName>נעמי</properName>    ברנשטיין
      <foreign>Entry</foreign>    Value:    
      <verb>נולדה</verb>    במחנה    <noun>עקורים</noun>    בקפריסין,    <verb>עלתה</verb>    לארץ    בגיל    <numeral>עשרה</numeral>    <noun>ימים</noun>    <preposition>עם</preposition>    <noun>הוריה</noun>    <noun>יוצאי</noun>    רוסיה.    <date><date>ב-1975</date></date>    <verb>הקימה</verb>    וניהלה    <at-preposition>את</at-preposition>    <noun>הגלריה</noun>    "נינווה"    ברחוב    <properName>גורדון</properName>    בתלאביב,    ואירגנה    <adverb>שם</adverb>    <noun>ערבי</noun>    ספרות.    <verb>עבדה</verb>    במשרד    <noun>הבינוי</noun>    והשיכון,    <adverb>שם</adverb>    <verb>שימשה</verb>    <noun>יועצת</noun>    ל"ועדה    לשילוב    <noun>אמנות</noun>    בבנייה".
      <noun>ספרה</noun>    הראשון,שעת    <noun>ילדה</noun>    (עכשיו,    <date><date>1965),</date></date>    <verb>ראה</verb>    <noun>אור</noun>    כשהיתה    <noun>בת</noun>    שבע-עשרה.    <noun>הדוברת</noun>    בשירים    <pronoun>היא</pronoun>    ילדה-אישה    <noun>הערה</noun>    לרחשיה    <adjective>הפנימיים</adjective>    ולאותות    העולם.    <noun>השירים</noun>    <adjective>חושניים</adjective>    ומלאי    <noun>דמיון</noun>    ואהבת    חיים,    ויש    בהם    <noun>יסוד</noun>    חידתי    שאינו    <participle>מתפענח</participle>    <noun>עד</noun>    תום.    <noun>השפה</noun>    <adjective>דחוסה</adjective>    מאוד,    <properName>רוויה</properName>    <adjective>במטפורות</adjective>    ובצירופים    מפתיעים.בספרה    השני,יבשת    <adjective>שבורה</adjective>    <date><date>(1973),</date></date>    <adjective>ניכר</adjective>    <noun>שינוי</noun>    סגנוני.    <noun>השפה</noun>    <adjective>דיבורית</adjective>    יותר,    <existential>יש</existential>    <noun>חזרות</noun>    <preposition>על</preposition>    מילים,    <adverb>לעתים</adverb>    <conjunction>אף</conjunction>    <preposition>על</preposition>    <noun>שורות</noun>    שלמות.    <noun>הדמות</noun>    <participle>העולה</participle>    בשירים    <pronoun>היא</pronoun>    <adjective>מאופקת</adjective>    יותר,    והאיפוק    <noun>נושא</noun>    <noun>מחיר</noun>    בצדו.    בשירה    "ציפור    נכה",    למשל,    <pronoun>היא</pronoun>    כותבת:    "הָאֶגְרוֹף    <properName>שֶׁלִּי</properName>    <verb>הוּא</verb>    <noun>צְעָקָה</noun>    כָּל-כָּךְ    קְטַנָּה/    מִי    <noun>יָכוֹל</noun>    לָדַעַת    שֶׁצִּיפּוֹר    מֵתָה/    <noun>נָחָה</noun>    בִּגְרוֹנִי/    שָׁנִים".    בחלק    מהשירים    מתואר    <noun>גרעין</noun>    <shel-preposition>של</shel-preposition>    <noun>אני</noun>    <adjective>רגיש</adjective>    ועתיר    דמיון,    שסבל    וסובל    מחשיפת    <noun>יתר</noun>    לעולם    ומדיכוי    <shel-preposition>של</shel-preposition>    <noun>הבערה</noun>    הפנימית.    <noun>הדבר</noun>    <verb>מוביל</verb>    לכעס    ולדיאלוג    <noun>תוכחה</noun>    <preposition>עם</preposition>    <noun>אלוהים</noun>    ועם    האמונה.
      <verb>החל</verb>    בספרה    השלישי,מרחק    <date><date>(1981),</date></date>    <verb>ניכרת</verb>    בכתיבתה    <noun>קרבה</noun>    <verb>גדלה</verb>    והולכת    לשירי    הייקו.    <noun>רוב</noun>    <noun>השירים</noun>    <adjective>קצרים</adjective>    ואינם    <verb>כוללים</verb>    <adverb>יותר</adverb>    מבית    אחד.    <noun>התחביר</noun>    <adjective>משובש</adjective>    במתכוון,    ואין    <adverb>כמעט</adverb>    <noun>שימוש</noun>    בסימני    פיסוק.    <noun>ההקשר</noun>    <preposition>בין</preposition>    משפטים,    ולפעמים    <preposition>בין</preposition>    מילים,    <copula>אינו</copula>    <modal>ניתן</modal>    באופן    מפורש,    והקורא    <verb>מבצע</verb>    <noun>פעולות</noun>    <shel-preposition>של</shel-preposition>    <noun>חיבור</noun>    ופענוח    לאחור.    <noun>היחס</noun>    <adjective>החושני</adjective>    <preposition>אל</preposition>    <noun>העולם</noun>    <adjective>ניכר</adjective>    <conjunction>גם</conjunction>    כאן,ובחלק    מהשירים    <adjective>המאוחרים</adjective>    <verb>בולט</verb>    <noun>היסוד</noun>    הביוגרפי.
      בקבצים    <noun>חישוקים</noun>    <date><date>(1987)</date></date>    והתרה    <date><date>(1989)</date></date>    <verb>קיים</verb>    <noun>מיקוד</noun>    <adjective>גדול</adjective>    <adverb>יותר</adverb>    בנושאים    <participle>המופיעים</participle>    <conjunction>גם</conjunction>    בספרים    הקודמים:    אהבה,    בדידות,    <noun>אינטימיות</noun>    <conjunction>או</conjunction>    היעדרה.    <noun>חלק</noun>    מהשירים    קצרצרים,    <adjective>בנויים</adjective>    ממשפט    <numeral>אחד</numeral>    ארוך,    <adverb>כמעט</adverb>    <preposition>בלי</preposition>    <noun>סימני</noun>    פיסוק.    בצד    <noun>אלה</noun>    <verb>מופיעים</verb>    <conjunction>גם</conjunction>    <noun>שירים</noun>    <noun>בעלי</noun>    <noun>אופי</noun>    נרטיבי,    <participle>המתארים</participle>    <noun>סדרה</noun>    <shel-preposition>של</shel-preposition>    <noun>אירועים</noun>    ופניות    <shel-preposition>של</shel-preposition>    <noun>הדוברת</noun>    לנמענים    ספציפיים.
      בספרים    <noun>אלה</noun>    <verb>ניכרים</verb>    <noun>יסודות</noun>    חסידיים.    באחד    <noun>השירים</noun>    <verb>מקבל</verb>    <noun>היחס</noun>    לאלוהים    <noun>אופי</noun>    <shel-preposition>של</shel-preposition>    תחרות,    <conjunction>כאשר</conjunction>    <noun>הדוברת</noun>    <verb>פונה</verb>    <preposition>אל</preposition>    אהוב,    <noun>חסיד</noun>    <properName>ברסלב</properName>    שלהט    <noun>האמונה</noun>    <verb>בוער</verb>    בו    ומאיים    <verb>לתפוש</verb>    <at-preposition>את</at-preposition>    <noun>מקום</noun>    האהבה,    ומבקשת-דורשת:    "אַל    תַּכְחִישׁ    אוֹתִי"    ("התרה",    <preposition>מתוך</preposition>    <noun>הספר</noun>    התרה).
      <noun>ספר</noun>    שיריה    <properName>אפריל</properName>    <noun>יהודי</noun>    <date><date>(2004)</date></date>    <pronoun>הוא</pronoun>    <noun>ספר</noun>    וירטואלי,    שפורסם    באתר    <noun>האינטרנט</noun>    שלה.    <noun>השירים</noun>    בספר    <verb>נוטים</verb>    <verb>להיצמד</verb>    לסיטואציות    קונקרטיות,    והם    <adverb>לרוב</adverb>    <noun>בעלי</noun>    <noun>אופי</noun>    נרטיבי.    בחלקם    <noun>הדוברת</noun>    <verb>מנהלת</verb>    כעין    <noun>דיאלוגים</noun>    <preposition>עם</preposition>    <noun>דמויות</noun>    מעולמה    בעבר    ובהווה:    אמה,    בתה,    <adjective>אהוב</adjective>    <verb>נשכח</verb>    ואחרים.    בשנים    <adjective>האחרונות</adjective>    <pronoun>היא</pronoun>    <participle>כותבת</participle>    <conjunction>גם</conjunction>    פרוזה,    ומפרסמת    <noun>רשימות</noun>    בבלוג    שלה    "חישוקים".    בשם    <noun>העט</noun>    <properName>אלינועם</properName>    שלו    <verb>כתבה</verb>    <at-preposition>את</at-preposition>    <participle>המונודרמה</participle>    <noun>מקל</noun>    <shel-preposition>של</shel-preposition>    קינמון,שהועלתהבביצועה    כהצגת    <adjective>יחיד</adjective>    <preposition>על</preposition>    <noun>בימת</noun>    "תיאטרונטו"    בתיאטרון    <properName>נווה</properName>    <noun>צדק</noun>    <date><date>(1991).</date></date>    <verb>זהו</verb>    <noun>מונולוג</noun>    <shel-preposition>של</shel-preposition>    גבר,    <participle>המתאר</participle>    <at-preposition>את</at-preposition>    יחסיו    <adjective>הנפתלים</adjective>    <preposition>עם</preposition>    <numeral>שלוש</numeral>    נשים.    <date><date>ב-2012,</date></date>    <preposition>לאחר</preposition>    <noun>שתיקה</noun>    שנמשכה    כשני    <noun>עשורים</noun>    (מלבד    <noun>פרסומים</noun>    <adjective>בודדים</adjective>    בכתבי    עת,    ואולי    <adjective>הבולט</adjective>    מביניהם    <noun>כתבהעת</noun>    <noun>דקה</noun>    שפתח    <at-preposition>את</at-preposition>    גיליונו    החמישי,    <date><date>ב-2009,</date></date>    <preposition>עם</preposition>    <numeral>שמונה</numeral>    משיריה),    <verb>יצא</verb>    <preposition>לאור</preposition>    <noun>ספרה</noun>    <adverb>פחות</adverb>    מאמת    <negation>אין</negation>    <noun>טעם</noun>    לכתוב.הספר    <verb>התקבל</verb>    באהדה    <adjective>רבה</adjective>    <adverb>עלידי</adverb>    <noun>קהל</noun>    <noun>הקוראים</noun>    והביקורת.    <noun>הספר</noun>    <verb>נפתח</verb>    במילים:    "קוֹרְאִיםלִיApfelכְּמוֹלְרֹאשׁהַתְּנוּעָההַנֵּאוֹ-נָאצִיתבְּסַקְסוֹנְיָה/    נָזְפוּבִּיפַּעַםבְּפוּמְבִּישֶׁלֹּאעִבְרַתִּיאֶתהַשֵּׁם/    <properName>אָבִיהָיָהפּוֹלָנִיאִמִּינוֹלְדָהבְּרוֹמַנְיָהסָבָתִיבְּרוּסְיָה...</properName>    יְהוּדִיָּהלֹאצְרִיכָהלַחְשׁוֹבעַלסֶקְסכְּדֵילְקַבֵּלכְּאֵברֹאשׁ".    <noun>פתיחה</noun>    <pronoun>זו</pronoun>    <verb>מסמנת</verb>    <at-preposition>את</at-preposition>    <numeral>אחת</numeral>    <noun>המגמות</noun>    <adjective>הבולטות</adjective>    בספר:    <noun>כתיבה</noun>    <adverb>כמעט</adverb>    <adjective>פרוזאית</adjective>    <participle>הנוטה</participle>    לטון    <adjective>אירוני</adjective>    מחויך.    
      שיריה    <verb>תורגמו</verb>    לכמה    <noun>שפות</noun>    <adjective>אירופיות</adjective>    והופיעו    <noun>באנתולוגיות</noun>    בארץ    ובעולם.    <verb>זכתה</verb>    בפרס    <adjective>קוגל</adjective>    לשירה    <date><date>(1982)</date></date>    ופעמיים    בפרס    <noun>היצירה</noun>    <preposition>על</preposition>    <adverb>שם</adverb>    <noun>ראש</noun>    <noun>הממשלה</noun>    <properName>לוי</properName>    <properName>אשכול</properName>    <date><date>(1987,</date></date>    <date><date>2013).</date></date>    <date><date>ב-2012</date></date>    <verb>זכה</verb>    סיפורה    "פרטים    אישיים"    במקום    <numeral>השלישי</numeral>    בתחרות    <noun>הסיפור</noun>    <adjective>הקצר</adjective>    <adjective>השנתית</adjective>    <shel-preposition>של</shel-preposition>    <noun>עיתון</noun>    הארץ.
      References:    
      הירש,    אלי.    "פחות    מאמת    <negation>אין</negation>    <noun>טעם</noun>    לכתוב".    <noun>ידיעות</noun>    <adjective>אחרונות</adjective>    ספרות.    <date><date>25.1.2013;</date></date>    לאור,    יצחק.    "שולמית    אפפל,    <adjective>טוב</adjective>    שחזרת".    <noun>הארץ</noun>    ספרים.    <date><date>19.2.2013;</date></date>    משמר,    תמר.    "'מרחק,    שירים'".    <noun>עתון</noun>    77    29.    <date><date>1981.</date></date>    54-55;    שניר,    לאה.    "אהבה    מותרת".    דבר.    <date><date>23.9.1990.</date></date>    20.
    
  		</body>
  	</text>
  </TEI> 
		</body>
	</text>
</TEI>