<?xml version="1.0" encoding="UTF-8"?>
<?xml-model href="http://www.tei-c.org/release/xml/tei/custom/schema/relaxng/tei_all.rng" type="application/xml" schematypens="http://relaxng.org/ns/structure/1.0"?>
<?xml-model href="http://www.tei-c.org/release/xml/tei/custom/schema/relaxng/tei_all.rng" type="application/xml"
	schematypens="http://purl.oclc.org/dsdl/schematron"?>
<TEI xmlns="http://www.tei-c.org/ns/1.0">
   <teiHeader>
      <fileDesc>
         <publicationStmt>
            <p>Publication Information</p>
         </publicationStmt>
         <sourceDesc>
            <p>Information about the source</p>
         </sourceDesc>
      </fileDesc>
   </teiHeader>
   <text>
      <body>
 Name:  אתר,  <verb>תרצה</verb>  
  <foreign>Birth</foreign>  Year:  <date>1941
</date>  <foreign>Death</foreign>  Year:  <date>1977
</date>  <foreign>Birth</foreign>  Place:  <preposition>ל</preposition>  <noun>המשורר</noun>  נתן
  Occupation:  משוררת,  <noun>מתרגמת</noun>  וסופרת  ילדים
  <foreign>Entry</foreign>  writer:  <noun>שירה</noun>  סתיו
  <foreign>Entry</foreign>  Value:  
  נולדהבתלאביב,בתם  <shel-preposition>של</shel-preposition>  <noun>המשורר</noun>  <properName>נתן</properName>  <properName>אלתרמן</properName>  ושחקנית  <noun>התיאטרון</noun>  <properName>רחל</properName>  מרכוס.  <verb>למדה</verb>  בבית  <noun>הספר</noun>  "תל  נורדאו"  ובתיכון  "עירוני  ד'",  <verb>התגייסה</verb>  לצה"ל  ושירתה  בלהקת  <noun>חיל</noun>  השריון.  <preposition>לאחר</preposition>  שירותה  <adjective>הצבאי</adjective>  <verb>למדה</verb>  <noun>דרמה</noun>  בניויורק,  <conjunction>אך</conjunction>  <negation>לא</negation>  <verb>סיימה</verb>  <at-preposition>את</at-preposition>  לימודיה.  <verb>שיחקה</verb>  בתיאטרון  "הקאמרי",  בתיאטרון  "זווית"  וב"הבימה".  <noun>ספר</noun>  שיריה  הראשון,צפנת,  <verb>ראה</verb>  <noun>אור</noun>  בהוצאת  <noun>מחברות</noun>  לספרות  <date>(1964).</date>  <verb>פירסמה</verb>  <adverb>עוד</adverb>  <numeral>שני</numeral>  <participle>קובצי</participle>  שירה,בין  <noun>סוף</noun>  <preposition>לבין</preposition>  <noun>סתיו</noun>  <date>(1972)</date>  וארצות  <noun>הנשייה</noun>  <date>(1976).</date>  במלאות  <noun>שנה</noun>  למותה  <verb>ראה</verb>  <adjective>אורשירים</adjective>  <date>1976-7,</date>  <noun>קובץ</noun>  <noun>שירים</noun>  <adjective>מוכן</adjective>  לדפוס  שנמצא  <preposition>בין</preposition>  חפציה.  <preposition>כעבור</preposition>  <noun>שנה</noun>  <verb>יצא</verb>  לאור  <noun>הספרעיר</noun>  <noun>הירח</noun>  <date>(1979),</date>  <participle>המציג</participle>  <quantifier>מבחר</quantifier>  <adjective>רחבמשני</adjective>  <participle>קובצי</participle>  <noun>השירה</noun>  <noun>הראשונים</noun>  ומביא  <at-preposition>את</at-preposition>  <numeral>שני</numeral>  <noun>הקבצים</noun>  <adjective>האחרונים</adjective>  במלואם.  <date>ב-2006</date>  <verb>ראה</verb>  <noun>אור</noun>  <noun>הקובץ</noun>  <noun>בלדה</noun>  לאשה,  <participle>המאגד</participle>  <at-preposition>את</at-preposition>  שיריה  המולחנים.  <verb>מצאה</verb>  <at-preposition>את</at-preposition>  מותה  ב-7  בספטמבר  <date>1977,</date>  בנפילה  מחלון  ביתה.
  <preposition>עם</preposition>  <noun>פטירת</noun>  <properName>אביה</properName>  <date>(1970)</date>  <noun>עמדה</noun>  (עם  <properName>מנחם</properName>  דורמן)  בראש  <noun>הוועד</noun>  <adjective>הציבורי</adjective>  להוצאת  <quantifier>כל</quantifier>  כתביו.  לכל  <noun>אורך</noun>  יצירתה  שיריה  <adjective>עמוסים</adjective>  בפניות  <properName>אל</properName>  אביה,  בהתייחסויות  ליצירתו  ובציטוטים  משיריו,  <conjunction>כמו</conjunction>  <conjunction>גם</conjunction>  בשיבה  <adjective>מתמדת</adjective>  <properName>אל</properName>  <noun>מצבי</noun>  <noun>היסוד</noun>  ואל  <noun>הסמלים</noun>  <adjective>המרכזיים</adjective>  <participle>המרכיבים</participle>  <at-preposition>את</at-preposition>  עולמו  הפואטי.  <noun>הביקורת</noun>  <adjective>המעטה</adjective>  שנכתבה  <preposition>על</preposition>  <verb>שירתה</verb>  <verb>נטתה</verb>  <adverb>אפוא</adverb>  לראותה  <noun>כאפיגונית</noun>  <shel-preposition>של</shel-preposition>  אלתרמן,  <conjunction>כאילו</conjunction>  <negation>לא</negation>  <verb>מצאה</verb>  <noun>לשון</noun>  <adjective>אוטונומית</adjective>  <preposition>משל</preposition>  עצמה;  <conjunction>אולם</conjunction>  <verb>שירתה</verb>  <verb>מציגה</verb>  <noun>התמודדות</noun>  בין-דורית  <preposition>עם</preposition>  <numeral>אחד</numeral>  <preposition>מן</preposition>  <noun>המשוררים</noun>  <adjective>החזקים</adjective>  <adverb>ביותר</adverb>  שידעה  <noun>השירה</noun>  העברית.  בעיקרה  <pronoun>היא</pronoun>  <noun>דיאלוג</noun>  <adjective>ממושך</adjective>  <preposition>עם</preposition>  <properName>אלתרמן</properName>  <noun>האיש</noun>  ועם  <noun>הפואטיקה</noun>  שלו,  <noun>דיאלוג</noun>  שיש  בו  <noun>קווים</noun>  <adjective>אירוניים</adjective>  וביקורתיים  רבים.  במסגרת  <noun>דור</noun>  <noun>משוררי</noun>  <noun>שנות</noun>  <numeral>השישים</numeral>  בשירה  העברית,  <pronoun>היא</pronoun>  <verb>מהווה</verb>  <noun>תגובה</noun>  <adjective>מרתקת</adjective>  ומיוחדת  במינה  לדור  <noun>משוררי</noun>  <noun>המודרניזם</noun>  העברי,  ובראשם  אביה.
  בניגוד  <adjective>גמור</adjective>  למודוס  <adjective>הפואטי</adjective>  <shel-preposition>של</shel-preposition>  אלתרמן,  <verb>שירתה</verb>  <pronoun>היא</pronoun>  אישית-חווייתית  במובהק,  <adjective>מלאה</adjective>  <noun>יסודות</noun>  ביוגרפיים,  <adverb>לעתים</adverb>  <adjective>קרובות</adjective>  <preposition>על</preposition>  <noun>גבול</noun>  הווידוי.  <pronoun>היא</pronoun>  <verb>כותבת</verb>  <preposition>על</preposition>  חייה,  <noun>חיי</noun>  <noun>אישה</noun>  <adjective>צעירה</adjective>  <noun>הנעה</noun>  <preposition>דרך</preposition>  <noun>רצף</noun>  <shel-preposition>של</shel-preposition>  <noun>חוויות</noun>  <noun>יסוד</noun>  <punctuation>–</punctuation>  התאהבות,  נישואים,  לידה,  <noun>גידול</noun>  ילדים,  <noun>אובדן</noun>  <noun>קרובים</noun>  <adjective>אהובים</adjective>  <punctuation>–</punctuation>  ומבטאת  <noun>חוויות</noun>  <adjective>רגשיות</adjective>  <punctuation>–</punctuation>  חלומות,  הזיות,  <noun>חרדות</noun>  וזיכרונות  ילדות.  <noun>הפניות</noun>  בשירים  <verb>ממוענות</verb>  <properName>אל</properName>  <noun>דמויות</noun>  <adjective>מזוהות</adjective>  מחייה:  אביה,  אמה,  סבתה,  אהוביה  וילדיה.  בה  בעת  לשונה,  <adjective>המלאה</adjective>  בצפיפות  <noun>ביטויים</noun>  <adjective>שאולים</adjective>  משירת  אלתרמן,  <verb>מתכתבת</verb>  <preposition>עם</preposition>  שיריו  <noun>הקנוניים</noun>  בהתכתבות  <adjective>סמויה</adjective>  וכמו  <verb>כותבת</verb>  אותם  מחדש,  באופן  <noun>המהפך</noun>  <at-preposition>את</at-preposition>  משמעותם  <adjective>המקובלת</adjective>  ואת  דימויו  <shel-preposition>של</shel-preposition>  <properName>אלתרמן</properName>  <noun>כאב</noun>  וכמשורר.  
  <verb>תירגמה</verb>  <adverb>יותר</adverb>  מארבעים  מחזות,  רובם  <verb>הוצגו</verb>  בבימות  <adjective>המרכזיות</adjective>  בארץ,  <verb>פירסמה</verb>  <numeral>שבעה</numeral>  <noun>ספרי</noun>  <noun>ילדים</noun>  וכתבה  <noun>פזמונים</noun>  <adjective>רבים</adjective>  שהולחנו  <preposition>בידי</preposition>  <noun>מלחינים</noun>  <adjective>בולטים</adjective>  (בהם  <properName>משה</properName>  וילנסקי,  <properName>סשה</properName>  ארגוב,  <properName>נורית</properName>  הירש,  <adverb>מתי</adverb>  <properName>כספי</properName>  ואחרים).  <date>ב-1970</date>  <verb>זכה</verb>  פזמונה  "אני  <verb>חולם</verb>  <preposition>על</preposition>  נעמי"  בפרס  <numeral>ראשון</numeral>  בפסטיבל  בטוקיו,  ובאותה  <noun>השנה</noun>  <verb>זכה</verb>  פזמונה  "פתאום  עכשיו,  <adverb>פתאום</adverb>  היום"  במקום  <numeral>הראשון</numeral>  בפסטיבל  <noun>הזמר</noun>  העברי.  <date>ב-1972</date>  <verb>זכתה</verb>  בפרס  <properName>זאב</properName>  לספרות  <noun>ילדים</noun>  <preposition>על</preposition>  <verb>ספרהיעל</verb>  <participle>המטיילתובפרס</participle>  ולנרוד  (של  <noun>אגודת</noun>  הסופרים)  <preposition>על</preposition>  <noun>ספר</noun>  שיריהארצות  הנשייה.  <noun>הדפסה</noun>  <adjective>חדשה</adjective>  שלסיפורה  <noun>האריה</noun>  שאהב  <date>תות(2009)</date>  <verb>הופיעה</verb>  ברשימת  רבי-המכר  <numeral>עשרות</numeral>  <noun>שבועות</noun>  ברציפות.
  References:  
  גולן,  רות."פני  הטבועות,  <noun>פני</noun>  <properName>אבי</properName>  היצוקים:  <preposition>בין</preposition>  <noun>המיתוס</noun>  לממשי  ביחסים  <preposition>בין</preposition>  <properName>נתן</properName>  <properName>אלתרמן</properName>  לבתו,  <verb>תרצה</verb>  <noun>אתר</noun>  <punctuation>–</punctuation>  <noun>מבט</noun>  פסיכואנליטי".  <noun>עתון</noun>  77  158.  <date>1993.</date>  36-26;  <properName>בן</properName>  נפתלי,  מיכל."כאן  <conjunction>רק</conjunction>  שותקות:  <preposition>על</preposition>  קולה  <shel-preposition>של</shel-preposition>  <verb>תרצה</verb>  אתר".התשמע  קולי?  <noun>ייצוגים</noun>  <shel-preposition>של</shel-preposition>  <noun>נשים</noun>  בתרבות  הישראלית.  ירושלים:  <noun>מכון</noun>  <properName>ון</properName>  <date>ליר.2001.</date>  257-239;  סתיו,  שירה.  "תרצה  <noun>אתר</noun>  <verb>כתבה</verb>  <noun>שירים</noun>  <shel-preposition>של</shel-preposition>  <noun>אשה</noun>  ושרה  אותם  בעצמה".הארץ  <date>ספרים.10.5.2006.</date>  10.
 
		</body>
	</text>
</TEI>