<?xml version="1.0" encoding="UTF-8"?>
<?xml-model href="http://www.tei-c.org/release/xml/tei/custom/schema/relaxng/tei_all.rng" type="application/xml" schematypens="http://relaxng.org/ns/structure/1.0"?>
<?xml-model href="http://www.tei-c.org/release/xml/tei/custom/schema/relaxng/tei_all.rng" type="application/xml"
	schematypens="http://purl.oclc.org/dsdl/schematron"?>
<TEI xmlns="http://www.tei-c.org/ns/1.0">
   <teiHeader>
      <fileDesc>
         <publicationStmt>
            <p>Publication Information</p>
         </publicationStmt>
         <sourceDesc>
            <p>Information about the source</p>
         </sourceDesc>
      </fileDesc>
   </teiHeader>
   <text>
      <body>
 Name:  באר,  חיים
  <foreign>Birth</foreign>  Year:  <date>1945
</date>  <foreign>Birth</foreign>  Place:  <noun>שכונת</noun>  <properName>גאולה</properName>  בירושלים,
  Occupation:  סופר,  <noun>משורר</noun>  ועורך
  <foreign>Entry</foreign>  writer:  <properName>אבנר</properName>  הולצמן
  <foreign>Entry</foreign>  Value:  
  <verb>נולד</verb>  בשכונת  <properName>גאולה</properName>  בירושלים,  <properName>בן</properName>  <adjective>יחיד</adjective>  לזוג  <noun>הורים</noun>  <adjective>מבוגרים</adjective>  ולמודי  ייסורים.  אביו,  <properName>אברהם</properName>  רכלבסקי,  <verb>עלה</verb>  <adverb>ארצה</adverb>  <preposition>אחרי</preposition>  <noun>הפרעות</noun>  שפקדו  <at-preposition>את</at-preposition>  עיירתו  <adjective>האוקראינית</adjective>  <properName>אוברוץ'</properName>  בתום  <noun>מלחמת</noun>  <noun>העולם</noun>  הראשונה.  אמו,  <properName>ברכה</properName>  לבית  ואלעס,  <copula>היתה</copula>  <noun>בת</noun>  למשפחה  <adjective>ירושלמית</adjective>  <adjective>אדוקה</adjective>  מהיישוב  הישן,  מצאצאי  <noun>רבי</noun>  <properName>ישראל</properName>  משקלוב,  תלמידו  <shel-preposition>של</shel-preposition>  <noun>הגאון</noun>  מווילנה  שעלה  <adverb>ארצה</adverb>  <date>ב-1809.</date>  <noun>שנות</noun>  <noun>הילדות</noun>  והנעורים  בירושלים,  <preposition>תוך</preposition>  <noun>ספיגת</noun>  המראות,  הדמויות,  ההווי,  הזיכרונות,  <noun>סיפורי</noun>  המעשיות,  <noun>ספרות</noun>  <noun>הקודש</noun>  ומורשת  המשפחה,  <adverb>במיוחד</adverb>  <preposition>מצד</preposition>  האם,  <verb>הטביעו</verb>  בו  <noun>חותם</noun>  <adjective>עמוק</adjective>  והזינו  <at-preposition>את</at-preposition>  יצירתו  מראשיתה.  <verb>למד</verb>  בבית  <noun>הספר</noun>  <adjective>היסודי</adjective>  הדתי-ליברלי  "מעלה"  ובבית  <noun>הספר</noun>  "התיכון  שליד  <noun>הסמינר</noun>  למורים  מזרחי".  <verb>שירת</verb>  בצה"ל  במערכת  מחניים,  <noun>כתב</noun>  <noun>העת</noun>  <shel-preposition>של</shel-preposition>  <noun>הרבנות</noun>  הצבאית,  ובאותה  <noun>העת</noun>  <properName>עבד</properName>  כמגיה  בעיתון  דבר.  במילואים  <verb>השתייך</verb>  ליחידה  שעסקה  באיתור  <noun>חללים</noun>  וקבורתם.
  <date>ב-1964</date>  <verb>נדפס</verb>  שירו  <numeral>הראשון</numeral>  בעיתון  דבר.  <noun>השם</noun>  <adjective>הספרותי</adjective>  שאימץ,  <properName>באר</properName>  (ראשי  <noun>התיבות</noun>  <shel-preposition>של</shel-preposition>  <noun>שמות</noun>  הוריו),  <copula>היה</copula>  <adverb>במהרה</adverb>  לשמו  הרשמי.  בשנים  <date>1982-1994</date>  <copula>היה</copula>  <noun>חבר</noun>  <noun>מערכת</noun>  <noun>דבר</noun>  ופירסם  ב"דבר  השבוע",  <noun>המוסף</noun>  <adjective>השבועי</adjective>  <shel-preposition>של</shel-preposition>  העיתון,  מדור  <adjective>קבוע</adjective>  בענייני  <noun>ספרות</noun>  ותרבות  בשם  "מזיכרונותיה  <shel-preposition>של</shel-preposition>  <noun>תולעת</noun>  ספרים".  <quantifier>מבחר</quantifier>  מהרשימות  שפורסמו  במדור  <verb>כונסו</verb>  <preposition>לאחר</preposition>  <noun>שנים</noun>  בספר,באותה  <noun>כותרת</noun>  <date>(2011),</date>  ובלבו  <noun>תיאור</noun>  <participle>שובהלב</participle>  <shel-preposition>של</shel-preposition>  <noun>מסעות</noun>  <noun>צליינות</noun>  <adjective>ספרותיים</adjective>  בארץ  ובחו"ל  <preposition>בעקבות</preposition>  ברנר,  שופמן,  <properName>תומס</properName>  מאן,  רחל,  <properName>אסתר</properName>  <properName>ראב</properName>  ואחרים.בשנים  <date>2000-1996</date>  <properName>עבד</properName>  בהוצאת  <noun>עם</noun>  <noun>עובד</noun>  ומילא  <noun>תפקידי</noun>  <noun>עריכה</noun>  מגוונים.  <date>ב-2000</date>  <verb>התמנה</verb>  לפרופסור-חבר  באוניברסיטת  בן-גוריון  בנגב.  <date>ב-2002</date>  <verb>זכה</verb>  בפרס  <properName>ביאליק</properName>  לספרות,  <date>ב-2005</date>  בפרס  <properName>אקו"ם</properName>  <preposition>על</preposition>  <noun>מפעל</noun>  חיים,  <date>ב-2011</date>  בפרס  <properName>ברנר</properName>  <date>וב-2013</date>  בפרס  <noun>ראש</noun>  <noun>הממשלה</noun>  ללשון  <adjective>העברית</adjective>  <preposition>על</preposition>  <noun>שם</noun>  <properName>אליעזר</properName>  בן-יהודה.  
  ספרו  הראשון,  <noun>קובץ</noun>  <noun>השירים</noun>  <noun>שעשועים</noun>  <noun>יום</noun>  <noun>יום</noun>  (עם  עובד,  <date>1970),</date>  <verb>שואב</verb>  <noun>מלוא</noun>  <noun>חופניים</noun>  מחוויות  ילדותו  ונעוריו.  <verb>מופיעה</verb>  בו  <noun>קשת</noun>  <shel-preposition>של</shel-preposition>  <noun>דמויות</noun>  ירושלמיות,  ובהן  <noun>בני</noun>  משפחתו  <shel-preposition>של</shel-preposition>  המחבר,  ושזורים  בו  <noun>קטעי</noun>  <noun>מראות</noun>  <adjective>מוחשיים</adjective>  <shel-preposition>של</shel-preposition>  <noun>נופי</noun>  <noun>העיר</noun>  ואתריה.  <adverb>בעיקר</adverb>  <adjective>בולט</adjective>  בשירים  <noun>הקשר</noun>  <adjective>הטבעי</adjective>  <preposition>אל</preposition>  <noun>עולם</noun>  <noun>המסורת</noun>  <adjective>היהודית</adjective>  לרבדיו,  <pronomial>הן</pronomial>  באסוציאציות  ובשימושי  <noun>הלשון</noun>  והן  בהווייתם  <adjective>הפיזית</adjective>  <adjective>החומרית</adjective>  <shel-preposition>של</shel-preposition>  <noun>הספרים</noun>  עצמם.  <noun>אפיזודות</noun>  ודמויות  שעוצבו  <adverb>לראשונה</adverb>  בשירים  <pronoun>אלה</pronoun>  <verb>התגלגלו</verb>  ברבות  <noun>השנים</noun>  <preposition>אל</preposition>  <noun>ספרי</noun>  <noun>הפרוזה</noun>  שלו.
  <date>ב-1975</date>  <verb>פירסם</verb>  <properName>באר</properName>  במעריב  <noun>דבר</noun>  <noun>פרוזה</noun>  <numeral>ראשון</numeral>  בשם  "עגו  עגו  עגורים",  שהיה  <noun>עתיד</noun>  <verb>להיעשות</verb>  <noun>פרק</noun>  <noun>הפתיחה</noun>  <shel-preposition>של</shel-preposition>  <noun>רומן</noun>  <noun>הבכורה</noun>  שלו,נוצות.  <adverb>מאז</adverb>  <verb>הוסט</verb>  <noun>מרכז</noun>  <noun>הכובד</noun>  ביצירתו  <preposition>מן</preposition>  <noun>השירה</noun>  <preposition>אל</preposition>  הסיפורת.  <noun>הופעת</noun>  <noun>נוצות</noun>  <date>(1979)</date>  <copula>היתה</copula>  למאורע  <adjective>ספרותי</adjective>  <wPrefix>בלתי</wPrefix>  שכיח,  <pronomial>הן</pronomial>  בזכות  התקבלותו  <adjective>החמה</adjective>  <preposition>בקרב</preposition>  <noun>קהל</noun>  <noun>הקוראים</noun>  והן  <preposition>בשל</preposition>  <noun>העניין</noun>  <adjective>הער</adjective>  <preposition>מצד</preposition>  הביקורת,  שהתבטא  בעשרות  <noun>מאמרי</noun>  <noun>הערכה</noun>  ופרשנות.  <noun>סיפור</noun>  <noun>המסגרת</noun>  <shel-preposition>של</shel-preposition>  <noun>נוצות</noun>  <verb>מתרחש</verb>  בסיני  <preposition>אחרי</preposition>  <noun>מלחמת</noun>  <noun>יום</noun>  הכיפורים,  <noun>שם</noun>  משרת  <noun>המספר</noun>  ביחידת  <noun>קבורה</noun>  צבאית.  <noun>אווירת</noun>  <noun>המוות</noun>  <noun>השורה</noun>  <preposition>על</preposition>  <noun>פרקי</noun>  <noun>המסגרת</noun>  <verb>מחלחלת</verb>  <preposition>אל</preposition>  <noun>הסיפור</noun>  הפנימי,  <participle>המשחזר</participle>  <at-preposition>את</at-preposition>  ילדותו  <shel-preposition>של</shel-preposition>  <noun>המספר</noun>  בירושלים  <shel-preposition>של</shel-preposition>  <noun>שנות</noun>  החמישים.  
  <preposition>לעומת</preposition>  היבטיו  <participle>המקאבריים</participle>  <shel-preposition>של</shel-preposition>  <noun>הסיפור</noun>  <verb>מהלכות</verb>  בו  <noun>דמויות</noun>  <noun>רבות</noun>  <shel-preposition>של</shel-preposition>  <noun>חוזים</noun>  והוזים  גרוטסקיים,  <participle>המבקשים</participle>  <participle>גאולות</participle>  <adjective>שונות</adjective>  ומשונות  לעצמם  ולאנושות  ולוכדים  בקסמיהם  <at-preposition>את</at-preposition>  <noun>הילד</noun>  המספר.  <preposition>בין</preposition>  <pronoun>אלה</pronoun>  לאלה  <verb>נפרש</verb>  בפירוט  <verb>משכנע</verb>  עולמה  רב-המתחים  <shel-preposition>של</shel-preposition>  <properName>ירושלים</properName>  <adjective>החצויה</adjective>  בימי  <noun>הצנע</noun>  ובפולמוס  השילומים,  <preposition>תוך</preposition>  <conjunction>כדי</conjunction>  <noun>עיצוב</noun>  <adjective>עשיר</adjective>  <shel-preposition>של</shel-preposition>  <numeral>עשרות</numeral>  <noun>דמויות</noun>  ואפיזודות  <adjective>הומוריסטיות</adjective>  וטרגיות.  <noun>ההטרוגניות</noun>  <adjective>המופלגת</adjective>  <shel-preposition>של</shel-preposition>  <noun>חומרי</noun>  הרומן,  <participle>המורכב</participle>  מעשרות  <noun>יחידות</noun>  <adjective>סיפוריות</adjective>  קטנות,  <noun>עמדה</noun>  במוקד  <noun>הוויכוח</noun>  <preposition>בין</preposition>  <noun>המבקרים</noun>  שהצביעו  <preposition>על</preposition>  <noun>מתחי</noun>  <noun>היסוד</noun>  <participle>המאחדים</participle>  <quantifier>אותו</quantifier>  ("בין  <noun>אוטופיה</noun>  לאפוקליפסה",  כניסוחו  <shel-preposition>של</shel-preposition>  <properName>גרשון</properName>  שקד,  <date>1985)</date>  <preposition>לבין</preposition>  <interrogative>מי</interrogative>  שנטו  <verb>לראות</verb>  בו  <properName>הֶצְבֵּר</properName>  רופף,  רב-קסם  כשלעצמו,  <shel-preposition>של</shel-preposition>  <noun>סיפורי</noun>  הווי.  <noun>הספר</noun>  <verb>תורגם</verb>  להולנדית,  לגרמנית  ולאנגלית.
  <noun>הרומן</noun>  השני,עת  <noun>הזמיר</noun>  <date>(1987),הוא</date>  <noun>תיאור</noun>  <adjective>נרחבשל</adjective>  <verb>הווי</verb>  <noun>יחידה</noun>  <shel-preposition>של</shel-preposition>  <noun>הרבנות</noun>  <adjective>הצבאית</adjective>  בשנים  <date>1967-1965,</date>  <preposition>על</preposition>  היבטיו  <adjective>הקומיים</adjective>  והגרוטסקיים,  <conjunction>אך</conjunction>  <noun>העולם</noun>  <verb>המוחשיהמעוצב</verb>  בו  <verb>משמש</verb>  <noun>בסיס</noun>  <preposition>לכעין</preposition>  <noun>סימפוזיון</noun>  רב-משתתפים,  שהמתדיינים  בו  <verb>מייצגים</verb>  <noun>גוונים</noun>  ופלגים  <adjective>שונים</adjective>  <shel-preposition>של</shel-preposition>  <noun>הציונות</noun>  הדתית.  במרכז  עניינם  <verb>עומדות</verb>  <noun>שאלות</noun>  <shel-preposition>של</shel-preposition>  <properName>גאולה</properName>  ומשיחיות,  <noun>גבורה</noun>  ומוסר,  <noun>קדושת</noun>  <properName>ארץישראל</properName>  <preposition>מול</preposition>  <noun>קדושת</noun>  האדם.  בעיני  <noun>הנצים</noun>  שבהם,  הימצאותה  <shel-preposition>של</shel-preposition>  <properName>ירושלים</properName>  <adjective>העתיקה</adjective>  <adjective>מחוץ</adjective>  לשטח  <properName>ישראל</properName>  <pronoun>היא</pronoun>  <noun>חרפה</noun>  שיש  לגול  אותה  בכל  מחיר,  ואין  <noun>הגאולה</noun>  <adjective>שלמה</adjective>  <quantifier>כל</quantifier>  <adverb>עוד</adverb>  <negation>לא</negation>  <verb>יתנוסס</verb>  <noun>בית</noun>  <noun>המקדש</noun>  <numeral>השלישי</numeral>  <preposition>על</preposition>  <properName>הר</properName>  הבית.  <conjunction>מנגד</conjunction>  <verb>מוצגת</verb>  <noun>עמדה</noun>  <adjective>הומניסטיתדתית</adjective>  מפוכחת,  <participle>המעמידה</participle>  <at-preposition>את</at-preposition>  <noun>קדושת</noun>  <noun>התורה</noun>  וקדושת  <noun>העם</noun>  <verb>מעל</verb>  לקדושת  הארץ,  ומזהירה  <preposition>מפני</preposition>  <noun>האסון</noun>  שימיטו  <pronoun>אלה</pronoun>  <participle>הסוגדים</participle>  לאתרים  <verb>מקודשים</verb>  ולנחלת  אבות.  <noun>הרומן</noun>  <verb>חותר</verb>  <preposition>אל</preposition>  <noun>מלחמת</noun>  <numeral>ששת</numeral>  הימים,  <participle>המוציאה</participle>  <preposition>מן</preposition>  <noun>הכוח</noun>  <preposition>אל</preposition>  <noun>הפועל</noun>  <at-preposition>את</at-preposition>  <noun>שאיפות</noun>  <noun>הגאולה</noun>  <adjective>הכמוסות</adjective>  <shel-preposition>של</shel-preposition>  <noun>בוגרי</noun>  <noun>החינוך</noun>  הדתי-לאומי,  <conjunction>אך</conjunction>  <conjunction>גם</conjunction>  <verb>מביאה</verb>  למותו  <shel-preposition>של</shel-preposition>  <noun>הגיבור</noun>  התמים,  <properName>נחום</properName>  גבירץ,  <adverb>בעצם</adverb>  <adjective>רגעי</adjective>  <verb>היקסמותו</verb>  מהכיפה  <adjective>המוזהבת</adjective>  <shel-preposition>של</shel-preposition>  <noun>מסגד</noun>  <noun>כיפת</noun>  הסלע.  <noun>סיום</noun>  <pronoun>זה</pronoun>  <verb>מבטא</verb>  <adverb>יותר</adverb>  מכול  <noun>היגד</noun>  <adjective>ישיר</adjective>  <at-preposition>את</at-preposition>  חששותיו  <shel-preposition>של</shel-preposition>  <noun>המחבר</noun>  <preposition>מפני</preposition>  <noun>הכיסופים</noun>  <adjective>המשיחיים</adjective>  שהתפרצו  <noun>עם</noun>  שחרורה  <shel-preposition>של</shel-preposition>  ירושלים.
  בניגוד  לשני  <noun>רומנים</noun>  אלה,  <participle>המכילים</participle>  <noun>חוויות</noun>  <adjective>אוטוביוגרפיות</adjective>  <adjective>משולבות</adjective>  במארג  <noun>סיפורי</noun>  בדיוני,  <conjunction>הרי</conjunction>  <noun>הרומן</noun>  <date>השלישי,חבלים(1998),</date>  שמבחינות  <noun>רבות</noun>  <pronoun>הוא</pronoun>  <noun>שיא</noun>  יצירתו  <shel-preposition>של</shel-preposition>  באר,  <verb>נכתב</verb>  כדיווח  <adjective>אותנטי</adjective>  <preposition>על</preposition>  חייו,  ובמיוחד  <preposition>על</preposition>  <noun>היחסים</noun>  בינו  <preposition>לבין</preposition>  אביו  ואמו  בחייהם  וממרחק  השנים.  <verb>מצטייר</verb>  בו  <noun>חיבור</noun>  <shel-preposition>של</shel-preposition>  <noun>ניגודים</noun>  <preposition>בין</preposition>  <noun>האישה</noun>  <adjective>הירושלמית</adjective>  <noun>בת</noun>  <numeral>מאה</numeral>  שערים,  <participle>המתגלה</participle>  כדמות  עצמאית,  אמיצה,  <adjective>חכמה</adjective>  וישרת  לב,  <adjective>צלולה</adjective>  ומפוכחת,  <preposition>לבין</preposition>  <noun>הגבר</noun>  הקשיש,  <noun>פליט</noun>  <noun>הפרעות</noun>  <adjective>המוכה</adjective>  והמופנם–שחי  בסבך  <shel-preposition>של</shel-preposition>  סתירות,  <noun>הדחקות</noun>  והעמדות  <noun>פנים</noun>  <preposition>בין</preposition>  היאחזותו  בעולם  <noun>המסורת</noun>  <adjective>היהודית</adjective>  <preposition>לבין</preposition>  הכרתו  בכך  שאין  אלוהים.  <noun>הקשר</noun>  <preposition>בין</preposition>  <noun>המחבר</noun>  לאביו  <verb>עובר</verb>  <noun>גלגולים</noun>  אחדים,  <verb>החל</verb>  באהבת  ילדות,  <preposition>דרך</preposition>  <noun>מרד</noun>  <noun>הנעורים</noun>  <shel-preposition>של</shel-preposition>  <noun>הבן</noun>  שאינו  <modal>יכול</modal>  <verb>לסבול</verb>  <at-preposition>את</at-preposition>  עליבותו  <shel-preposition>של</shel-preposition>  <noun>האב</noun>  ואת  <preposition>דרך</preposition>  חייו  העקלקלה,  וכלה  בהבנה  <adjective>מאוחרת</adjective>  לנפש  <noun>האב</noun>  שמת  עליו  בנעוריו.  <adjective>עמוק</adjective>  <adverb>בהרבה</adverb>  <pronoun>הוא</pronoun>  <noun>הקשר</noun>  <preposition>בין</preposition>  <noun>הבן</noun>  לאמו,  <participle>המעצבת</participle>  <quantifier>אותו</quantifier>  כאדם  ומתווה  <conjunction>לו</conjunction>  <at-preposition>את</at-preposition>  דרכו  כאמן.  במידה  <adjective>רבה</adjective>  <pronoun>היא</pronoun>  <conjunction>גם</conjunction>  <noun>הכוח</noun>  שהניע  <at-preposition>את</at-preposition>  <noun>כתיבת</noun>  הספר,  <conjunction>משום</conjunction>  שהכשירה  <at-preposition>את</at-preposition>  <noun>הבן</noun>  מילדותו  <verb>לצבור</verb>  <at-preposition>את</at-preposition>  <noun>רשמי</noun>  חייו  <preposition>עד</preposition>  שתבשיל  <noun>השעה</noun>  להעלותם  <preposition>על</preposition>  הכתב.חבלים  <verb>תורגם</verb>  להולנדית,  לגרמנית,  לאנגלית,  לסינית  ולאיטלקית.
  <conjunction>גם</conjunction>  ברומן  הרביעי,לפני  <noun>המקום</noun>  <date>(2007),</date>  <noun>הגיבור</noun>  <pronoun>הוא</pronoun>  <adverb>לכאורה</adverb>  <noun>הסופר</noun>  <properName>באר</properName>  עצמו,  <conjunction>אולם</conjunction>  <preposition>על</preposition>  <quantifier>אף</quantifier>  <noun>קווי</noun>  <noun>הדמיון</noun>  <adjective>הניכרים</adjective>  <negation>אין</negation>  לזהותם  בפשטות  <preposition>בין</preposition>  <noun>המחבר</noun>  <preposition>לבין</preposition>  בן-דמותו  שבסיפור,  <conjunction>משום</conjunction>  שהופעת  <noun>המחבר</noun>  כדמות  <pronoun>היא</pronoun>  <noun>חלק</noun>  ממשחק  <noun>תעתועים</noun>  <adjective>מורכב</adjective>  <preposition>בין</preposition>  בדיון  לממשות  ובין  <noun>החיים</noun>  לספרות.  <preposition>באמצעות</preposition>  <noun>סיפור</noun>  <noun>עלילה</noun>  <adverb>כמעט</adverb>  סתמי,  <participle>המפגיש</participle>  <preposition>על</preposition>  <noun>שפת</noun>  <noun>אגם</noun>  <properName>ואנזה</properName>  בברלין  <noun>חבורה</noun>  <adjective>מגוונת</adjective>  <shel-preposition>של</shel-preposition>  <noun>מלומדים</noun>  ואנשי  מעשה,  <verb>מועלות</verb>  <noun>שאלות</noun>  <adjective>כבדות</adjective>  משקל  <preposition>על</preposition>  <noun>מהות</noun>  <noun>ההיסטוריה</noun>  <adjective>היהודית</adjective>  ופורענויותיה,  <verb>החל</verb>  בשורשיה  <adjective>הקדומים</adjective>  <adverb>ביותר</adverb>  <verb>וכלהבהווה</verb>  <noun>הישראלי</noun>  וסכנותיו,  וכל  <pronoun>זאת</pronoun>  <preposition>באמצעות</preposition>  <noun>מעקב</noun>  <adjective>מסועף</adjective>  <preposition>אחר</preposition>  גורלם  וגלגוליהם  <shel-preposition>של</shel-preposition>  ספרים,  <noun>גווילים</noun>  וכתבי  יד.  <noun>אם</noun>  <quantifier>כל</quantifier>  <numeral>אחד</numeral>  מספריו  <shel-preposition>של</shel-preposition>  <properName>באר</properName>  <verb>חושף</verb>  <noun>פן</noun>  כזה  <conjunction>או</conjunction>  <preposition>אחר</preposition>  באישיותו,  <conjunction>הרי</conjunction>  <preposition>לפני</preposition>  <noun>המקום</noun>  <pronoun>הוא</pronoun>  <noun>ביטוי</noun>  <adjective>מובהק</adjective>  <shel-preposition>של</shel-preposition>  <numeral>אחד</numeral>  <noun>הכוחות</noun>  <noun>המניעים</noun>  <adjective>המרכזיים</adjective>  בחייו  <punctuation>–</punctuation>  <noun>התשוקה</noun>  לספרים.  
  <date>ב-2010</date>  <verb>הפתיע</verb>  <properName>באר</properName>  <at-preposition>את</at-preposition>  קוראיו  בפרסומו  <shel-preposition>של</shel-preposition>  <noun>הרומן</noun>  <preposition>אל</preposition>  <noun>מקום</noun>  שהרוח  הולך.  <pronoun>זהו</pronoun>  <noun>סיפור</noun>  <adjective>צבעוני</adjective>  רב-דמיון  ותנופה,  <noun>ספק</noun>  <adjective>ריאליסטי</adjective>  <noun>ספק</noun>  פנטסטי,  <noun>ספק</noun>  <adjective>קומי</adjective>  <noun>ספק</noun>  טרגי,  <preposition>על</preposition>  מסעו  <shel-preposition>של</shel-preposition>  <noun>אדמו"ר</noun>  <adjective>חסידי</adjective>  <adverb>לטיבט</adverb>  בחיפוש  <preposition>אחר</preposition>  <noun>היק</noun>  <adjective>הקדוש</adjective>  <punctuation>–</punctuation>  <pronoun>הוא</pronoun>  <noun>שור</noun>  <noun>הבר</noun>  <adjective>האגדי</adjective>  <punctuation>–</punctuation>  שלפי  <noun>החלומות</noun>  שחלם  <verb>התגלגלה</verb>  בו  נשמתו  <shel-preposition>של</shel-preposition>  <numeral>אחד</numeral>  מאבות  אבותיו  הקדושים.  <noun>סיפור</noun>  <noun>המעשה</noun>  <participle>טבול</participle>  בעולמה  <shel-preposition>של</shel-preposition>  החסידות,  <preposition>על</preposition>  תולדותיה  והווי  חצרותיה  ועל  <noun>סיפורי</noun>  <noun>המעשיות</noun>  <participle>המתגלגלים</participle>  בה  <noun>מזה</noun>  <noun>דורות</noun>  ונשזרים  <preposition>בתוך</preposition>  <noun>מרקם</noun>  הרומן.  <noun>בד</noun>  בבד  <verb>מתקיים</verb>  בו  <noun>דיאלוג</noun>  <adjective>מורכב</adjective>  <noun>עם</noun>  <noun>הרומן</noun>  <preposition>מסעותבנימין</preposition>  <numeral>השלישי</numeral>  <shel-preposition>של</shel-preposition>  מנדלי  <noun>מוכר</noun>  ספרים,  שהעניק  <conjunction>לו</conjunction>  השראה.  <conjunction>אולם</conjunction>  <conjunction>גם</conjunction>  ברומן  זה,  <adjective>הרחוק</adjective>  <adverb>לכאורה</adverb>  מחייו  <shel-preposition>של</shel-preposition>  המחבר,  <adjective>חבויים</adjective>  <noun>רבדים</noun>  <adjective>אוטוביוגרפיים</adjective>  עמוקים,  <preposition>עד</preposition>  שניתן  <verb>לראות</verb>  <at-preposition>את</at-preposition>  <noun>פרשת</noun>  כיסופיו  <shel-preposition>של</shel-preposition>  <noun>האדמו"ר</noun>  <verb>להיחלץ</verb>  מכלא  חצרו  וממועקת  <noun>חיי</noun>  <noun>המשפחה</noun>  שלו,  בחיפוש  <preposition>אחר</preposition>  <noun>האהבה</noun>  <adjective>הטהורה</adjective>  והמושלמת,  כווידוי  <adjective>סמוי</adjective>  <conjunction>אך</conjunction>  <adjective>אמיץ</adjective>  <negation>לא</negation>  <adverb>פחות</adverb>  <noun>מזה</noun>  שנפרש  בחבלים.
  <noun>ביטוי</noun>  <adjective>חזק</adjective>  <negation>לא</negation>  <adverb>פחות</adverb>  לעולמו  <shel-preposition>של</shel-preposition>  <properName>באר</properName>  כאיש  <noun>ספר</noun>  וספרות  <pronoun>הוא</pronoun>  ספרו  הלא-בדיוני  <conjunction>גם</conjunction>  אהבתם  <conjunction>גם</conjunction>  שנאתם  <date>(1992),</date>  שאולי  <adjective>יאה</adjective>  <conjunction>לו</conjunction>  <noun>ההגדרה</noun>  "רומן  דוקומנטרי".  <pronoun>זהו</pronoun>  <noun>תיאור</noun>  <noun>סיפורי</noun>  <shel-preposition>של</shel-preposition>  <noun>מערכות</noun>  <noun>היחסים</noun>  ביןשלושת  <noun>ענקי</noun>  <noun>הספרות</noun>  <adjective>העברית</adjective>  <punctuation>–</punctuation>  ביאליק,  <properName>ברנר</properName>  ועגנון.  <noun>התיעוד</noun>  <adjective>המחקרי</adjective>  <adjective>המדוקדק</adjective>  <verb>משמש</verb>  <noun>בסיס</noun>  להעלאת  <noun>דרמה</noun>  <adjective>אנושית</adjective>  וספרותית,  <participle>העוקבת</participle>  <preposition>אחר</preposition>  <noun>התמורות</noun>  שחלו  בשלוש  <noun>מערכות</noun>  <noun>היחסים</noun>  המתוארות.  וזאת  בניצוחו  <shel-preposition>של</shel-preposition>  <noun>הגיבור</noun>  <numeral>הרביעי</numeral>  <adjective>הסמוי</adjective>  <shel-preposition>של</shel-preposition>  הספר,  <adverb>הלוא</adverb>  <pronoun>הוא</pronoun>  <noun>חיים</noun>  <properName>באר</properName>  עצמו,  <participle>המנווט</participle>  <at-preposition>את</at-preposition>  <noun>מהלכי</noun>  העלילה,  <verb>מווסת</verb>  <at-preposition>את</at-preposition>  <noun>קצב</noun>  הסיפור,  <verb>מזדהה</verb>  <noun>עם</noun>  גיבוריו,  <conjunction>אך</conjunction>  <conjunction>גם</conjunction>  <conjunction>כמו</conjunction>  <verb>שולט</verb>  בגורלותיהם  ואף  <verb>שופט</verb>  אותם  <noun>שיפוט</noun>  מוסרי,  <preposition>תוך</preposition>  <conjunction>כדי</conjunction>  <noun>ניהול</noun>  <noun>דיאלוג</noun>  <verb>מתמשך</verb>  <noun>עם</noun>  הקורא.
  <numeral>ששת</numeral>  <noun>ספרי</noun>  <noun>הפרוזה</noun>  <shel-preposition>של</shel-preposition>  <properName>באר</properName>  <possessive>הם</possessive>  <noun>עיקר</noun>  יצירתו,  <conjunction>אולם</conjunction>  נוכחותו  <participle>היוצרת</participle>  <adjective>ניכרת</adjective>  בערוצים  <adjective>רבים</adjective>  נוספים.  <pronoun>הוא</pronoun>  <verb>השתתף</verb>  בעריכתם  <shel-preposition>של</shel-preposition>  <noun>מפעלים</noun>  מו"ליים  רחבים,  <preposition>כגון</preposition>  <noun>לקסיקון</noun>  <noun>האישים</noun>  <shel-preposition>של</shel-preposition>  ארץ-ישראל  <date>(1983)</date>  ומאה  שנותתרבות–היצירה  <adjective>העברית</adjective>  בארץ  <date>ישראל19002000</date>  <date>(2000);</date>  <noun>ערך</noun>  <noun>אנתולוגיה</noun>  <shel-preposition>של</shel-preposition>  <properName>שירי</properName>  <properName>ירושלים</properName>  (ציפור  האבן,  <date>1983);</date>  <verb>פירסם</verb>  <noun>קבצים</noun>  מסיפוריהם  <shel-preposition>של</shel-preposition>  <numeral>ג'</numeral>  <properName>שופמן</properName>  (שלכת,  <date>1994)</date>  ודבורה  <properName>בארון</properName>  (כריתות,  <date>1997).</date>  
  <adverb>מאז</adverb>  <date>1980</date>  <pronoun>הוא</pronoun>  <verb>מנחה</verb>  <noun>סדנאות</noun>  לכתיבה  <verb>יוצרת</verb>  ומאז  <date>1982</date>  <verb>מקיים</verb>  <noun>סיורים</noun>  ספרותיים-היסטוריים  בירושלים  <preposition>בעקבות</preposition>  יצירותיהם  <shel-preposition>של</shel-preposition>  <noun>סופרים</noun>  ומשוררים,  ובשנים  <adjective>האחרונות</adjective>  <conjunction>גם</conjunction>  במזרח-אירופה  ובברלין.  <pronoun>הוא</pronoun>  <verb>מרצה</verb>  <adjective>פעיל</adjective>  ומבוקש  במסגרות  <adjective>אקדמיות</adjective>  ופופולריות.  <adjective>דומה</adjective>  <conjunction>כי</conjunction>  <noun>הצירוף</noun>  <adjective>הנדיר</adjective>  <participle>המתגלם</participle>  בו  <preposition>בין</preposition>  <noun>זיקה</noun>  <adjective>שורשית</adjective>  ל"ארון  <noun>הספרים</noun>  היהודי"  (מונח  שהוא  <pronoun>עצמו</pronoun>  טבע)  <preposition>לבין</preposition>  <noun>עמידה</noun>  <adjective>איתנה</adjective>  <negation>לא</negation>  <adverb>פחות</adverb>  בספרות  <adjective>החילונית</adjective>  המודרנית,  <verb>הופך</verb>  <quantifier>אותו</quantifier>  לדמות  <noun>מגשרת</noun>  ומתווכת  <noun>יחידה</noun>  במינה  בנוף  <noun>התרבות</noun>  הישראלי.  
  References:  
  בן-דב,  ניצה.  "חבלי  חיים:  <preposition>על</preposition>  <noun>הרומן</noun>  'חבלים'  <shel-preposition>של</shel-preposition>  <noun>חיים</noun>  באר".  עלי  <noun>שיח</noun>  42.  <noun>חורף</noun>  <date>2000.</date>  78-74;  הולצמן,  אבנר.  "על  <numeral>שלושה</numeral>  ועל  רביעי".מפת  דרכים:  <noun>סיפורת</noun>  <adjective>עברית</adjective>  כיום.  תלאביב:  <noun>הקיבוץ</noun>  <adjective>המאוחד</adjective>  <date>2005.</date>  102-105;  הררי,  יצחק.    <noun>נוצת</noun>  הטווס:  <noun>ארוס</noun>  ומוות  בפרוזה  <shel-preposition>של</shel-preposition>  חייםבאר.  תלאביב:  דיונון.  <date>2007;</date>  סדן,  דב.  "שיחה  <preposition>על</preposition>  <noun>סיפור</noun>  <noun>בכורה</noun>  <punctuation>–</punctuation>  <noun>חיים</noun>  באר,  'נוצות'".  <adjective>חדשים</adjective>  <conjunction>גם</conjunction>  <adjective>ישנים</adjective>  א'.  תלאביב:  <noun>עם</noun>  <date>עובד.1987.</date>  93-88;  שקד,  גרשון.  "בין  <noun>אוטופיה</noun>  לאפוקליפסה".  <noun>גל</noun>  <preposition>אחר</preposition>  <noun>גל</noun>  בסיפורת  העברית.  ירושלים:  כתר.  <date>1985.</date>  132-128.
 
		</body>
	</text>
</TEI>