<?xml version="1.0" encoding="UTF-8"?>
<?xml-model href="http://www.tei-c.org/release/xml/tei/custom/schema/relaxng/tei_all.rng" type="application/xml" schematypens="http://relaxng.org/ns/structure/1.0"?>
<?xml-model href="http://www.tei-c.org/release/xml/tei/custom/schema/relaxng/tei_all.rng" type="application/xml"
	schematypens="http://purl.oclc.org/dsdl/schematron"?>
<TEI xmlns="http://www.tei-c.org/ns/1.0">
   <teiHeader>
      <fileDesc>
         <publicationStmt>
            <p>Publication Information</p>
         </publicationStmt>
         <sourceDesc>
            <p>Information about the source</p>
         </sourceDesc>
      </fileDesc>
   </teiHeader>
   <text>
      <body>
 Name:  בארון,  דבורה
  <foreign>Birth</foreign>  Year:  <date>1887
</date>  <foreign>Death</foreign>  Year:  <date>1956
</date>  <foreign>Birth</foreign>  Place:  באוּזדה,  <noun>פלך</noun>  מינסק
  Occupation:  סופרת
  <foreign>Entry</foreign>  writer:  <properName>נורית</properName>  גוברין
  <foreign>Entry</foreign>  Value:  
  <verb>נולדה</verb>  בבאוּזדה,  <noun>פלך</noun>  <properName>מינסק</properName>  שברוסיה  הלבנה.  <noun>בת</noun>  <numeral>שלישית</numeral>  במשפחה  <shel-preposition>של</shel-preposition>  <numeral>ארבעה</numeral>  ילדים.  מאביה,  <noun>רב</noun>  <noun>העיר</noun>  שניהל  חדר,  <verb>קיבלה</verb>  <noun>חינוך</noun>  <noun>יהודי</noun>  <properName>כבֵן</properName>  ממקומה  <preposition>בעזרת</preposition>  הנשים.  <pronoun>היא</pronoun>  <copula>היתה</copula>  <noun>עדה</noun>  לבעיות  שהובאו  <preposition>לפני</preposition>  האב-הרב  בנושאים  שבינו  לבינה  ובכל  <noun>ענייני</noun>  החיים.  <verb>הווי</verb>  <pronoun>זה</pronoun>  <verb>הותיר</verb>  בה  <at-preposition>את</at-preposition>  רישומו  <adjective>העז</adjective>  וניכר  <adverb>היטב</adverb>  ביצירתה,  לרבות  דמותו  <adjective>הנערצת</adjective>  <shel-preposition>של</shel-preposition>  האב-הרב,  מנקודת  <noun>המבט</noun>  <shel-preposition>של</shel-preposition>  <noun>הילדה</noun>  המספרת.  בגיל  חמש-עשרה  <verb>עזבה</verb>  <at-preposition>את</at-preposition>  <noun>בית</noun>  <noun>ההורים</noun>  ונסעה  <verb>ללמוד</verb>  במינסק,  <adverb>שם</adverb>  <verb>שהה</verb>  אחיה.  <pronoun>היא</pronoun>  <verb>פירנסה</verb>  <at-preposition>את</at-preposition>  <noun>עצמה</noun>  מהוראה  כמורת  בית,  והיה  <pronoun>זה</pronoun>  <noun>צעד</noun>  <adjective>נועז</adjective>  ובלתי  <adjective>שגרתי</adjective>  באותן  <noun>שנים</noun>  לנערה  יהודייה,  בתו  <shel-preposition>של</shel-preposition>  רב.  <verb>שהתה</verb>  <adverb>לסירוגין</adverb>  בערים  מאריאמפול  וקובנה,  <adverb>שם</adverb>  <copula>היתה</copula>  <adjective>פעילה</adjective>  כמדריכת  <noun>נוער</noun>  ציוני.  <verb>נמנתה</verb>  <preposition>עם</preposition>  <noun>חבורת</noun>  <noun>סופרי</noun>  <properName>עברית</properName>  ויידיש  בווילנה.  
  סיפורה  <numeral>הראשון</numeral>  <copula>היה</copula>  "משׂיחות  במרכבה"  (המליץ,  <date>1902).</date>  אירוסיה  בשנים  <date>1904-1909</date>  לסופר  <properName>משה</properName>  <properName>בןאליעזר</properName>  <verb>הסתיימו</verb>  בפרֵדה.  בתקופה  <numeral>הראשונה</numeral>  ליצירתה  <date>(1902-1920)</date>  <verb>פירסמה</verb>  כארבעים  וחמישה  סיפורים,  <noun>כולל</noun>  <noun>סיפורים</noun>  ביידיש  ותרגומים.
  <preposition>עם</preposition>  עלייתה  לארץ  <date>(1910)</date>  <verb>התיישבה</verb>  בנווהצדק,  <verb>נעשתה</verb>  לעורכת  <noun>מדור</noun>  <noun>הספרות</noun>  בהפועל  <adjective>הצעיר</adjective>  ונישאה  ליוסף  אהרונוביץ,  ממנהיגי  <noun>המפלגה</noun>  ועורך  ביטאונה  <date>(1911).</date>  בראשית  <date>1914</date>  <verb>נולדה</verb>  בתם  צפורה.  בימי  <noun>מלחמת</noun>  <noun>העולם</noun>  הראשונה,  <properName>במאי</properName>  <date>1915,</date>  <verb>הוגלתה</verb>  <noun>המשפחה</noun>  <preposition>על</preposition>  <noun>ידי</noun>  <adjective>הטורקים</adjective>  לאלכסנדריה  שבמצרים,  וחזרה  לארץ  <preposition>לאחר</preposition>  <numeral>ארבע</numeral>  <noun>שנות</noun>  גלות.  באותה  <noun>עת</noun>  <verb>מת</verb>  ברוסיה  מטיפוס  אחיה,  <noun>הרופא</noun>  הנערץ,  שעליו  <verb>התאבלה</verb>  <quantifier>כל</quantifier>  חייה.  <preposition>על</preposition>  <noun>רקע</noun>  <noun>הישיבה</noun>  במצרים  והשיבה  לארץ  <verb>נכתבו</verb>  <noun>הסיפורים</noun>  "לעת  עתה"  <date>(1946)</date>  ו"מאמש"  <date>(1955),</date>  שחוברו  <adverb>יחד</adverb>  <verb>לספר</verb>  <noun>הגולים</noun>  <date>(1970).</date>  בדצמבר  <date>1922</date>  <verb>התפטרו</verb>  <noun>בני</noun>  <noun>הזוג</noun>  מעריכת  <noun>הפועל</noun>  הצעיר.  <properName>דבורה</properName>  <properName>בארון</properName>  <verb>הסתגרה</verb>  בביתה  <preposition>עד</preposition>  <noun>סוף</noun>  ימיה,  <verb>שמרה</verb>  <preposition>על</preposition>  <noun>אורח</noun>  <noun>חיים</noun>  <adjective>נזירי</adjective>  ותפריט  ייחודי,  <verb>עסקה</verb>  בכתיבת  סיפוריה,  כשהבת,  <properName>צפורה</properName>  אהרונוביץ,  <verb>משרתת</verb>  אותה  בהערצה,  <adverb>במיוחד</adverb>  בשנות  מחלתה  הממושכת.  ידידיה  <noun>הסופרים</noun>  <verb>הגיעו</verb>  לביתה  ובעזרתם  <copula>היתה</copula>  <adjective>בקיאה</adjective>  ומעורבת  בנעשה.
  מספרה  הראשון,סיפורים,  שהופיע  <adverb>לראשונה</adverb>  <conjunction>רק</conjunction>  <date>ב-1927</date>  (דבר),  <verb>נעדרו</verb>  <numeral>עשרות</numeral>  סיפוריה  הראשונים,  שכונסו  <preposition>על</preposition>  <noun>ידי</noun>  <properName>נורית</properName>  <properName>גוברין</properName>  בספר  <noun>פרשיות</noun>  מוקדמות,  לצד  <noun>הביוגרפיה</noun>  שלה  <date>(1988).</date>  <date>ב-1932</date>  <verb>הופיע</verb>  תרגומה  מצרפתית  למאדאם  <adjective>בובארי</adjective>  <shel-preposition>של</shel-preposition>  פלובר.  <preposition>לאחר</preposition>  <noun>פטירת</noun>  <verb>בעלה</verb>  <properName>יוסף</properName>  <properName>אהרונוביץ</properName>  <date>(1937)</date>  <verb>ערכה</verb>  <preposition>עם</preposition>  <properName>אליעזר</properName>  <properName>שוחט</properName>  <at-preposition>את</at-preposition>  כתביו  <date>(1941).</date>  סיפוריה  <participle>המקובצים</participle>  <verb>המשיכו</verb>  <verb>להופיע</verb>  לאורך  השנים,  כשהם  <noun>כוללים</noun>  <noun>סיפורים</noun>  <adjective>ישנים</adjective>  וחדשים  ופרקים  <preposition>מתוך</preposition>  סיפורים:  <interrogative>מה</interrogative>  שהיה  <date>(1939);</date>  לעת  <adverb>עתה</adverb>  <date>(1943);</date>  <adverb>משם</adverb>  <date>(1946);</date>  <noun>הַלַּבָּן</noun>  <date>(1947);</date>  שברירים  <date>(1949).</date>  <noun>פרשיות</noun>  <date>(1951)</date>  <pronoun>הוא</pronoun>  <noun>הכינוס</noun>  <participle>המקיף</participle>  ביותר  <shel-preposition>של</shel-preposition>  סיפוריה  והופיע  במהדורות  רבות.  אחריו  <date>חוליות(1953)</date>  <noun>ומאמש</noun>  <date>(1955).</date>  <preposition>אגב</preposition>  <properName>אורחא</properName>  <date>(1961)</date>  <verb>נערך</verb>  <preposition>בידי</preposition>  בתה  בחתימה  "שבתאית",  וכלל  <noun>סיפורים</noun>  <adjective>מקוריים</adjective>  ומתורגמים,  אמרות,  <noun>מכתבים</noun>  <properName>ורשימותזיכרון</properName>  <preposition>מתוך</preposition>  העיזבון.  <verb>קיבלה</verb>  <at-preposition>את</at-preposition>  <properName>פרס</properName>  <properName>ביאליק</properName>  בחלוקה  <numeral>הראשונה</numeral>  שלו  <date>(1933)</date>  ואת  <properName>פרס</properName>  <properName>רופין</properName>  <shel-preposition>של</shel-preposition>  <noun>עיריית</noun>  <properName>חיפה</properName>  <date>(1945).</date>  כמה  מסיפוריה  <verb>תורגמו</verb>  לאנגלית.
  <properName>דבורה</properName>  <properName>בארון</properName>  <pronoun>היא</pronoun>  <noun>הסופרת</noun>  <adjective>העברית</adjective>  <numeral>הראשונה</numeral>  שהיתה  <adjective>שוות</adjective>  <noun>ערךלחבריה</noun>  <noun>הסופרים</noun>  הגברים.  <pronoun>היא</pronoun>  <participle>המבשרת</participle>  <shel-preposition>של</shel-preposition>  <noun>ספרות</noun>  <noun>הנשים</noun>  העברית.  <adverb>עוד</adverb>  <preposition>לפני</preposition>  עלייתה  לארץ  <verb>חזתה</verb>  מבשרה  <at-preposition>את</at-preposition>  <noun>המחיר</noun>  <adjective>הכבד</adjective>  <shel-preposition>של</shel-preposition>  היותה  אישה-סופרת,  <noun>בד</noun>  בבד  <preposition>עם</preposition>  <noun>ההערצה</noun>  שהיתה  <noun>מנת</noun>  חלקה.  <adverb>כבר</adverb>  בסיפוריה  <noun>הראשונים</noun>  <verb>ביטאה</verb>  <at-preposition>את</at-preposition>  רגישותה  <adverb>הרבה</adverb>  לחלשים  ולסובלים.  <noun>מקום</noun>  <adjective>מיוחד</adjective>  <verb>תופשות</verb>  <noun>הנשים</noun>  המקופחות,  העקרות,  הבלתי-אהובות  והמגורשות.  בסיפוריה  <noun>הראשונים</noun>  <verb>נתנה</verb>  <noun>ביטוי</noun>  <preposition>על</preposition>  <noun>דרך</noun>  <noun>הזעקה</noun>  <adjective>הישירה</adjective>  לקיפוח  ולסבל,  למתח  <adjective>המיני</adjective>  <preposition>בתוך</preposition>  <noun>המשפחה</noun>  ולעלבון.  לימים  <verb>גנזה</verb>  אותם,  <verb>הסתייגה</verb>  מהם  והכריזה  עליהם  כ"סמרטוטים".  <noun>נושאים</noun>  <pronoun>אלה</pronoun>  <verb>נמשכו</verb>  <conjunction>גם</conjunction>  בסיפוריה  המאוחרים,  שבהם  <verb>החליפה</verb>  <at-preposition>את</at-preposition>  <noun>הפואטיקה</noun>  הישירה,  שגבלה  בסנטימנטליות  ובמלודרמטיות,  בפואטיקה  <shel-preposition>של</shel-preposition>  איפוק,  כיסוי,  רמיזה,  <noun>צעקה</noun>  בלומה,  <conjunction>מבלי</conjunction>  <verb>לוותר</verb>  <preposition>על</preposition>  <noun>הביקורת</noun>  <preposition>על</preposition>  <noun>העולם</noun>  <participle>המתנהל</participle>  שלא  כהלכה.  <pronoun>היא</pronoun>  <verb>ראתה</verb>  <at-preposition>את</at-preposition>  <participle>המתרחש</participle>  בעולם  כתהליך  <noun>מחזורי</noun>  <noun>בעל</noun>  <noun>חוקיות</noun>  <adjective>קבועה</adjective>  <participle>המתחדש</participle>  תמיד.  <pronoun>זוהי</pronoun>  <noun>מחזוריות</noun>  <shel-preposition>של</shel-preposition>  <noun>לידה</noun>  ומוות,  <noun>בנייה</noun>  והרס,  <noun>גלות</noun>  וגאולה,  כדוגמת  <noun>המחזוריות</noun>  בטבע  עצמו.  <noun>הפרט</noun>  <verb>ממשיך</verb>  <at-preposition>את</at-preposition>  <noun>מעשי</noun>  אבותיו,  ומה  שקורה  לציבור  <pronoun>הוא</pronoun>  גלגולם  <shel-preposition>של</shel-preposition>  <noun>מאורעות</noun>  שהתרחשו  בעבר.  
  בארץ  <properName>ישראל</properName>  <shel-preposition>של</shel-preposition>  <noun>ימי</noun>  <noun>העלייה</noun>  <numeral>השנייה</numeral>  ואחריהם,  בלבה  <shel-preposition>של</shel-preposition>  <noun>הפעילות</noun>  <adjective>החברתית</adjective>  והתרבותית,  <verb>המשיכה</verb>  <verb>לספר</verb>  <at-preposition>את</at-preposition>  <noun>סיפורי</noun>  <noun>העיירה</noun>  היהודית,  <adverb>יחד</adverb>  <preposition>עם</preposition>  <noun>סיפורי</noun>  התלושים,  בערי  <properName>רוסיה</properName>  <adjective>הלבנה</adjective>  וליטא.  <copula>היו</copula>  <adjective>דרושים</adjective>  <verb>אומץ</verb>  <noun>לב</noun>  ועצמאות  <adjective>יתרה</adjective>  <conjunction>כדי</conjunction>  שלא  <verb>להיענות</verb>  לתביעה  <adjective>החברתית</adjective>  <verb>לזנוח</verb>  <at-preposition>את</at-preposition>  <noun>הגולה</noun>  ולכתוב  <noun>סיפורים</noun>  <preposition>מן</preposition>  <noun>ההווי</noun>  הארץ-ישראלי  המתחדש.  <pronoun>היא</pronoun>  <verb>הפכה</verb>  <at-preposition>את</at-preposition>  <noun>העיירה</noun>  <adjective>היהודית</adjective>  למרכז  העולם,  וראתה  <at-preposition>את</at-preposition>  <noun>עצמה</noun>  <noun>כמשַמרת</noun>  <noun>העולם</noun>  שהיה  ואבד:  "כמין  <noun>זכוכית</noun>  נגטיבית,  שנשארה  <conjunction>רק</conjunction>  <pronoun>היא</pronoun>  <noun>היחידה</noun>  <preposition>לאחר</preposition>  שאבד  <noun>העצם</noun>  המצולם",  ולכן  <noun>חובה</noun>  עליה  "להקים  <verb>לַדברים</verb>  זֵכר"  (מה  שהיה,  <date>1939).</date>  <adverb>במקביל</adverb>  <verb>שתלה</verb>  <noun>חומרי</noun>  <noun>מציאות</noun>  ארץ-ישראליים  בליטא,  ונענתה  לדופק  <noun>הזמן</noun>  בדרך  <shel-preposition>של</shel-preposition>  <noun>הרחקת</noun>  עדות.  כך,  למשל,  בסיפור  "פראדל"  <date>(1947),</date>  שהרקע  שלו  <pronoun>הוא</pronoun>  <noun>סוף</noun>  <numeral>המאה</numeral>  התשע-עשרה  בעיירה  <adjective>היהודית</adjective>  בליטא,  נרמזו,  <preposition>תחת</preposition>  <noun>הסוואה</noun>  כבדה,  <noun>אפשרויות</noun>  תיקון-החיים  <adjective>הפרטי</adjective>  והקולקטיבי  <preposition>לאחר</preposition>  <noun>השואה</noun>  ועם  <noun>מלחמת</noun>  העצמאות.  דמותה  <verb>שימשה</verb>  <noun>מקור</noun>  <noun>השראה</noun>  למשוררים  (משה  בןשאול)  ולסופרים  (עמיה  ליבליך,  <properName>נורית</properName>  זרחי,  <properName>יהודית</properName>  קציר).  
  References:  
  גוברין,  נורית.  <noun>המחצית</noun>  הראשונה,  <properName>דבורה</properName>  <properName>בארון</properName>  <punctuation>–</punctuation>  חייה  ויצירתה  תרמ"ח-תרפ"ג.  ירושלים:  <properName>מוסד</properName>  ביאליק.  <date>1988;</date>  לובין,  אורלי.  "הגולים:  <noun>הפה</noun>  <noun>האוכל</noun>  והפה  <noun>המדבר</noun>  כייצוגים  לאומיים".  <noun>אשה</noun>  <verb>קוראת</verb>  אשה.  <properName>חיפה</properName>  ואוריהודה:  <noun>אוניברסיטת</noun>  <properName>חיפה</properName>  וזמורה-ביתן.  <date>2003.</date>  116-159;  פגיס,  <noun>עדה</noun>  (עורכת).  <properName>דבורה</properName>  בארון,  <quantifier>מבחר</quantifier>  <noun>מאמרי</noun>  <noun>ביקורת</noun>  <preposition>על</preposition>  יצירתה.  <properName>תל</properName>  אביב:  <preposition>עם</preposition>  עובד.  <date>1974;</date>  פיינגולד,  בןעמי.  "דבורה  <properName>בארון</properName>  כסופרת  פמיניסטית".  <noun>סדן</noun>  ד'.  <date>2000.</date>  323-351;
  Jelen,  <foreign>Sheila</foreign>  E.  <punctuation>&</punctuation>  <foreign>Shachar</foreign>  <foreign>Pinsker</foreign>  (Editors).  Hebrew,  Gender,  <foreign>and</foreign>  Modernity:  <foreign>Critical</foreign>  <foreign>Responsesto</foreign>  <foreign>Dvora</foreign>  <foreign>Baron`s</foreign>  Fiction.  Bethesda:  <foreign>University</foreign>  <foreign>Press</foreign>  <foreign>of</foreign>  Maryland.  <date>2007.
</date> 
		</body>
	</text>
</TEI>