<?xml version="1.0" encoding="UTF-8"?>
<?xml-model href="http://www.tei-c.org/release/xml/tei/custom/schema/relaxng/tei_all.rng" type="application/xml" schematypens="http://relaxng.org/ns/structure/1.0"?>
<?xml-model href="http://www.tei-c.org/release/xml/tei/custom/schema/relaxng/tei_all.rng" type="application/xml"
	schematypens="http://purl.oclc.org/dsdl/schematron"?>
<TEI xmlns="http://www.tei-c.org/ns/1.0">
   <teiHeader>
      <fileDesc>
         <publicationStmt>
            <p>Publication Information</p>
         </publicationStmt>
         <sourceDesc>
            <p>Information about the source</p>
         </sourceDesc>
      </fileDesc>
   </teiHeader>
   <text>
      <body>
 Name:  בוסי,  דודו
  <foreign>Birth</foreign>  Year:  <date>1969
</date>  <foreign>Birth</foreign>  Place:  <verb>גדל</verb>  בשכונת  התקווה
  Occupation:  <noun>סופר</noun>  ועיתונאי
  <foreign>Entry</foreign>  writer:  <noun>חן</noun>  שטרס
  <foreign>Entry</foreign>  Value:  
  <verb>נולד</verb>  וגדל  בשכונת  <noun>התקווה</noun>  בתלאביב.  בבגרותו  <verb>ניהל</verb>  <at-preposition>את</at-preposition>  <noun>המסעדה</noun>  <shel-preposition>של</shel-preposition>  משפחתו  בשכונה.  בשנים  <date>1996-1993</date>  <verb>למד</verb>  בסטודיו  למשחק  <shel-preposition>של</shel-preposition>  <properName>יורם</properName>  לוינשטיין.  <preposition>לאחר</preposition>  <quantifier>כמה</quantifier>  <noun>שנים</noun>  <shel-preposition>של</shel-preposition>  <noun>עיסוק</noun>  בתיאטרון  <verb>החליט</verb>  <verb>לפנות</verb>  לכתיבה,  <adverb>תחילה</adverb>  <noun>כתיבה</noun>  עיתונאית.  בשנים  <date>2006-2004</date>  <verb>פירסם</verb>  <noun>טור</noun>  <adjective>שבועי</adjective>  בשם  "בסמטאות"  במקומון  <noun>העיר</noun>  (אסופה  <shel-preposition>של</shel-preposition>  <noun>הטורים</noun>  <pronoun>הללו</pronoun>  <verb>ראתה</verb>  <noun>אור</noun>  בספר  בסמטאות,  <date>2008).</date>  <conjunction>כמו</conjunction>  <conjunction>כן</conjunction>  <verb>פירסם</verb>  <noun>מאמרים</noun>  וסיפורים  <adjective>קצרים</adjective>  במגזינים  ובעיתונים.  
  ספרו  הראשון,הירח  <adjective>ירוק</adjective>  בוואדי  (עם  עובד,  <date>2000),</date>  <verb>השתלב</verb>  בגל  <noun>היצירה</noun>  <shel-preposition>של</shel-preposition>  <noun>בני</noun>  <noun>הדור</noun>  <numeral>השני</numeral>  והשלישי  לעדות  <noun>המזרח</noun>  (סמי  ברדוגו,  <properName>קובי</properName>  אוז,  <properName>דורית</properName>  רביניאן),  שמשך  <noun>תשומת</noun>  <noun>לב</noun>  בשנות  התשעים.  כמוהם  <pronoun>הוא</pronoun>  <verb>בוחן</verb>  <at-preposition>את</at-preposition>  <noun>הלבטים</noun>  <noun>המעסיקים</noun>  <noun>בני</noun>  <noun>מהגרים</noun>  בכלל,  וכן  <at-preposition>את</at-preposition>  <noun>הקונפליקט</noun>  <preposition>בין</preposition>  <noun>הצורך</noun>  בהיטמעות  בחברה  <adjective>האשכנזית</adjective>  <preposition>לבין</preposition>  <noun>שימור</noun>  <noun>הזהות</noun>  המקורית.  יצירותיו  <adjective>מעוצבות</adjective>  במתכונת  <shel-preposition>של</shel-preposition>  <noun>רומן</noun>  <noun>התבגרות</noun>  ושל  <noun>סיפור</noun>  <noun>משפחה</noun>  ונסמכות  בחלקן  <preposition>על</preposition>  <noun>חומרים</noun>  אוטוביוגרפיים.
  <noun>הירח</noun>  <adjective>ירוק</adjective>  בוואדי  <verb>מגולל</verb>  בגוף  <numeral>ראשון</numeral>  <at-preposition>את</at-preposition>  סיפורו  <shel-preposition>של</shel-preposition>  מוסא,  <noun>ילד</noun>  <participle>הגדל</participle>  בשכונת  <noun>התקווה</noun>  בשנות  השבעים.  <noun>הרומן</noun>  <verb>מלווה</verb>  <at-preposition>את</at-preposition>  הגיבור-המספר  בחוויות  <noun>ההתבגרות</noun>  <adjective>הטראומטיות</adjective>  שלו:  <noun>התמודדות</noun>  <preposition>עם</preposition>  <noun>המשפחה</noun>  ועם  <noun>ההתבגרות</noun>  המינית,  <preposition>לצד</preposition>  <noun>חיפוש</noun>  השתייכות.  <noun>דרך</noun>  <noun>נקודת</noun>  <noun>המבט</noun>  <shel-preposition>של</shel-preposition>  הילד-נער  <verb>מצטיירת</verb>  <noun>המציאות</noun>  <shel-preposition>של</shel-preposition>  <noun>השכונה</noun>  <adjective>המזרחית</adjective>  <preposition>על</preposition>  האלימות,  <noun>העוני</noun>  ומצוקות  היומיום.  
  בפרא  <adjective>אציל</adjective>  <date>(2003)הוקצנו</date>  <noun>החומרים</noun>  שהרכיבו  <at-preposition>את</at-preposition>  <noun>הרומן</noun>  הקודם:  <noun>סכסוך</noun>  <preposition>בין</preposition>  <noun>ההורים</noun>  <verb>הופך</verb>  לכדור  <noun>שלג</noun>  <participle>הגורר</participle>  <noun>תוצאות</noun>  <adjective>טרגיות</adjective>  <conjunction>כמו</conjunction>  <noun>גילוי</noun>  <noun>עריות</noun>  ורצח.  בשני  <noun>הרומנים</noun>  <verb>נפרש</verb>  <noun>סיפור</noun>  התבגרותן  <shel-preposition>של</shel-preposition>  <noun>דמויות</noun>  שהן  "תבנית  <noun>נוף</noun>  מולדתן",  <conjunction>אך</conjunction>  <conjunction>גם</conjunction>  <adjective>חיצוניות</adjective>  וזרות,  <noun>דבר</noun>  <participle>המאפשר</participle>  <noun>התבוננות</noun>  <adjective>חדה</adjective>  וביקורתית  <preposition>על</preposition>  <noun>השכונה</noun>  ועל  חייהם  <shel-preposition>של</shel-preposition>  <adjective>המזרחיים</adjective>  בישראל.  
  ברומן  השלישי,אמא  <verb>מתגעגעת</verb>  למילים  <date>(2006),</date>  <verb>בחר</verb>  <noun>בוסי</noun>  <verb>לפצל</verb>  <at-preposition>את</at-preposition>  <noun>הקול</noun>  <noun>המספר</noun>  ולכתוב  <noun>רומן</noun>  רב-קולי.  <adverb>כאן</adverb>  <verb>מתערבים</verb>  <pronoun>זה</pronoun>  בזה  קולותיהם  <shel-preposition>של</shel-preposition>  <noun>הגיבור</noun>  עובדיה,  <noun>בחור</noun>  <properName>מזרחי</properName>  <participle>המבקש</participle>  <verb>למרוד</verb>  בהוריו  ובזהותו  <adjective>הישראלית</adjective>  והמזרחית  ונוסע  "לעשות  עסקים"  בגרמניה;  נזימה,  אמו  <adjective>הכנועה</adjective>  ומלאת  החמלה;  והאב  רחמים,  <participle>הגוזר</participle>  <preposition>על</preposition>  אשתו  <noun>חיים</noun>  <shel-preposition>של</shel-preposition>  <noun>אסירה</noun>  בביתה  וחש  <verb>נבגד</verb>  <preposition>על</preposition>  <noun>ידי</noun>  בנו,  <participle>המבקש</participle>  <verb>להיטמע</verb>  בחברה  האשכנזית.  <noun>סיפור</noun>  חייו  <shel-preposition>של</shel-preposition>  <properName>עובדיה</properName>  <verb>משקף</verb>  <at-preposition>את</at-preposition>  <noun>הלחץ</noun>  <adjective>החברתי</adjective>  והממסדי  <verb>להיטמע</verb>  בחברה  <adjective>האשכנזית</adjective>  <preposition>תוך</preposition>  <noun>הדחקת</noun>  <noun>הזהות</noun>  <adjective>המזרחית</adjective>  ואת  <noun>ההשלכות</noun>  <adjective>הקשות</adjective>  <shel-preposition>של</shel-preposition>  <noun>נטישת</noun>  <noun>הזהות</noun>  המקורית,  <conjunction>כמו</conjunction>  <noun>שנאה</noun>  <adjective>עצמית</adjective>  וניכור  מהמשפחה  <adjective>הגרעינית</adjective>  ומתרבותה.  <noun>סיפור</noun>  התפרקותה  <shel-preposition>של</shel-preposition>  <noun>המשפחה</noun>  באמא  <verb>מתגעגעת</verb>  למילים  <modal>יכול</modal>  <verb>להתפרש</verb>  <conjunction>גם</conjunction>  כמקביל  לסיפור  התפוררותו  <shel-preposition>של</shel-preposition>  <noun>הנרטיב</noun>  הציוני,  <conjunction>כפי</conjunction>    שציינה  שבא  <adverb>סלהוב</adverb>  <date>(2006).</date>  
  <noun>ריבוי</noun>  <noun>הקולות</noun>  ברומן  <verb>פורש</verb>  <preposition>לפני</preposition>  <noun>הקוראים</noun>  <at-preposition>את</at-preposition>  <noun>הפרספקטיבות</noun>  <adjective>השונות</adjective>  ביחס  לבעיות  אלה:  <noun>נקודת</noun>  <noun>המבט</noun>  <shel-preposition>של</shel-preposition>  <properName>דור</properName>  <noun>ההורים</noun>  <preposition>לעומת</preposition>  <properName>דור</properName>  <noun>הבנים</noun>  ושל  <properName>דור</properName>  <noun>המהגרים</noun>  <preposition>לעומת</preposition>  <properName>דור</properName>  הילידים,  וכן  <noun>נקודת</noun>  <noun>המבט</noun>  <adjective>הנשית</adjective>  <preposition>לעומת</preposition>  הגברית.  <noun>בוסי</noun>  <noun>מתמודד</noun>  <adverb>כאן</adverb>  באופן  <adjective>שכלתני</adjective>  וכמעט  מניפסטי  <preposition>עם</preposition>  <noun>תחושות</noun>  <shel-preposition>של</shel-preposition>  <noun>קיפוח</noun>  ואפליה  שאותן  <verb>חווים</verb>  <adjective>מזרחיים</adjective>  בחברה  הישראלית,  ועם  <noun>שאלת</noun>  <noun>הזהות</noun>  המזרחית.  מבחינה  <pronoun>זו</pronoun>  <verb>מבטא</verb>  <noun>הרומן</noun>  <noun>חריגה</noun>  מ"פולקלוריזם"  <punctuation>–</punctuation>  <verb>מאפיין</verb>  שייחסה  <conjunction>לו</conjunction>  <noun>ביקורת</noun>  <noun>הספרות</noun>  <punctuation>–</punctuation>  ומעבר  לקול  <adjective>ביקורתי</adjective>  <adverb>יותר</adverb>  <preposition>על</preposition>  חלקה  <shel-preposition>של</shel-preposition>  <noun>החברה</noun>  <adjective>הישראלית</adjective>  בקשיי  <noun>הזהות</noun>  <shel-preposition>של</shel-preposition>  המזרחיים.  
  יצירתו  <shel-preposition>של</shel-preposition>  <noun>בוסי</noun>  <verb>התקבלה</verb>  בביקורת  בצורות  שונות:  <noun>חלק</noun>  מהמבקרים  <verb>הציגו</verb>  <at-preposition>את</at-preposition>  כתיבתו,  ובעיקר  <at-preposition>את</at-preposition>  <noun>הרומן</noun>  הראשון,  ככתיבה  <adjective>חיה</adjective>  וכנה  <shel-preposition>של</shel-preposition>  <noun>קול</noun>  <adjective>חדש</adjective>  וחיוני.  <adjective>אחרים</adjective>  <verb>שיבחו</verb>  <at-preposition>את</at-preposition>  <noun>הלשון</noun>  <adjective>החדשה</adjective>  שבספריו,  <noun>לשון</noun>  חיה,  <adjective>צבעונית</adjective>  והומוריסטית,  <participle>המערבת</participle>  משלבים  <adjective>שונים</adjective>  וכורכת  <adverb>יחד</adverb>  <noun>לשון</noun>  עממית,  סלנגית,  <preposition>עם</preposition>  <noun>לשון</noun>  גבוהה.  <preposition>עם</preposition>  זאת,  <noun>מבקרים</noun>  <adjective>אחדים</adjective>  <verb>איתרו</verb>  בספריו  <noun>נטייה</noun>  לכתיבה  <adjective>סטריאוטיפית</adjective>  ולפולקלוריזם.  ספרו  <noun>חלומות</noun>  מזכוכית  <verb>ראה</verb>  <noun>אור</noun>  <date>ב-2011.
</date>  <noun>בוסי</noun>  <verb>זכה</verb>  בפרסים  <preposition>על</preposition>  יצירתו:  <noun>הפרס</noun>  לסיפורת  <adjective>חדשה</adjective>  <shel-preposition>של</shel-preposition>  <preposition>עם</preposition>  <noun>עובד</noun>  <date>(2000,</date>  <preposition>על</preposition>  ספרו  <noun>הירח</noun>  <adjective>ירוק</adjective>  בוואדי),  <noun>פרס</noun>  <noun>היצירה</noun>  <preposition>על</preposition>  <noun>שם</noun>  <noun>ראש</noun>  <noun>הממשלה</noun>  <properName>לוי</properName>  <properName>אשכול</properName>  <date>(2005),</date>  והיה  <numeral>אחד</numeral>  מחמשת  <noun>המועמדים</noun>  <adjective>הסופיים</adjective>  לפרס  <properName>ספיר</properName>  <preposition>על</preposition>  <noun>פרא</noun>  <adjective>אציל</adjective>  <date>(2004).</date>  ספריו  <copula>היו</copula>  רבי-מכר  ותורגמו  לאנגלית,  והשניים  <noun>הראשונים</noun>  מעובדים  בימים  <pronoun>אלה</pronoun>  לסרטים.  
  References:  
  מוצ'ניק,  מלכה.  "לשון  ה'דרומים'  <conjunction>כפי</conjunction>  שמשתקפת  מכתיבתו  <shel-preposition>של</shel-preposition>  <noun>דודו</noun>  בוסי".  <noun>חלקת</noun>  <noun>לשון</noun>  35.  <date>2004.</date>  19-5;  סלהוב,  שבא.  "הבית  שאליו  אי-אפשר  לחזור/  נזימה,  נזימה".  <noun>הכיוון</noun>  <noun>מזרח</noun>  13.  <date>2006.</date>  97-94;  עלון,  <noun>קציעה</noun>  ודליה  מרקוביץ'.  "ילדה  שחורה,  <noun>פרא</noun>  <adjective>אציל</adjective>  ועבריין  צעצוע:  <noun>הגיבורים</noun>  <adjective>החדשים</adjective>  <shel-preposition>של</shel-preposition>  <noun>הספרות</noun>  העברית?".  <noun>הכיוון</noun>  <noun>מזרח</noun>  8.  <date>2004.</date>  10-8;  <noun>שלום</noun>  שטרית,  סמי.  "כמו  <noun>ספינות</noun>  <adjective>תקועות</adjective>  <preposition>על</preposition>  שרטון".  <noun>הארץ</noun>  ספרים.  <date>7.3.2001.</date>  1,  13.
 
		</body>
	</text>
</TEI>