<?xml version="1.0" encoding="UTF-8"?>
<?xml-model href="http://www.tei-c.org/release/xml/tei/custom/schema/relaxng/tei_all.rng" type="application/xml" schematypens="http://relaxng.org/ns/structure/1.0"?>
<?xml-model href="http://www.tei-c.org/release/xml/tei/custom/schema/relaxng/tei_all.rng" type="application/xml"
	schematypens="http://purl.oclc.org/dsdl/schematron"?>
<TEI xmlns="http://www.tei-c.org/ns/1.0">
   <teiHeader>
      <fileDesc>
         <publicationStmt>
            <p>Publication Information</p>
         </publicationStmt>
         <sourceDesc>
            <p>Information about the source</p>
         </sourceDesc>
      </fileDesc>
   </teiHeader>
   <text>
      <body>
 <?xml  version="1.0"  encoding="UTF-8"?>
  <?xml-model  href="http://www.tei-c.org/release/xml/tei/custom/schema/relaxng/tei_all.rng"  type="application/xml"  schematypens="http://relaxng.org/ns/structure/1.0"?>
  <?xml-model  href="http://www.tei-c.org/release/xml/tei/custom/schema/relaxng/tei_all.rng"  type="application/xml"
  	schematypens="http://purl.oclc.org/dsdl/schematron"?>
  <TEI  xmlns="http://www.tei-c.org/ns/1.0">
        <teiHeader>
              <fileDesc>
                    <publicationStmt>
                          <p>Publication  Information</p>
                    </publicationStmt>
                    <sourceDesc>
                          <p>Information  about  <foreign>the</foreign>  source</p>
                    </sourceDesc>
              </fileDesc>
        </teiHeader>
        <text>
              <body>
    Name:    בירשטיין,    יוסל
      <foreign>Birth</foreign>    Year:        <date><date>(2003
</date>  </date>    <foreign>Death</foreign>    Year:    <date><date>1920)</date></date>    
      <foreign>Birth</foreign>    Place:    יאלה-פודלסקה,    פולין,    לאביו
      Occupation:    סופר
      <foreign>Entry</foreign>    writer:    <properName>שחר</properName>    פינסקר
      <foreign>Entry</foreign>    Value:    
      <verb>נולדבעיירה</verb>    ביאלה-פודלסקה,    פולין,    לאביו    <verb>נח</verb>    <properName>נפתלי</properName>    ולאמו    <verb>מלכה</verb>    יורברג.    <copula>היה</copula>    <noun>האח</noun>    <noun>הבכור</noun>    במשפחה    <shel-preposition>של</shel-preposition>    <numeral>ארבעה</numeral>    ילדים.    <verb>למד</verb>    בחדר    ובבית    <noun>ספר</noun>    <adjective>פולני</adjective>    והיה    <noun>חניך</noun>    <noun>תנועת</noun>    "השומר    הצעיר".בגיל    שבע-עשרה    <verb>היגר</verb>    לאוסטרליה    בברכת    משפחתו.    אחותו    <properName>רוז</properName>    <verb>הצטרפה</verb>    אליו,    ושאר    <noun>המשפחה</noun>    <verb>נספתה</verb>    בשואה.    במלחמת    <noun>העולם</noun>    <numeral>השנייה</numeral>    <verb>שירת</verb>    בצבא    <adjective>האוסטרלי</adjective>    <preposition>עם</preposition>    חברו    <noun>הצייר</noun>    <properName>יוסל</properName>    ברגנר,    שאותו    <verb>פגש</verb>    במשרדי    <noun>ההגירה</noun>    בוורשה    ואיתו    <verb>עשה</verb>    <at-preposition>את</at-preposition>    <noun>הדרך</noun>    לאוסטרליה.    באוסטרליה    <verb>התחתן</verb>    <preposition>עם</preposition>    אשתו    מרגנית.    <date><date>ב-1950</date></date>    <verb>עלו</verb>    <properName>בירשטיין</properName>    ואשתו    לישראל    והתיישבו    בקיבוץ    גבת,    <noun>שם</noun>    <noun>עבדבעבודות</noun>    שונות,    <preposition>בין</preposition>    <noun>השאר</noun>    כרועה    צאן.    <date><date>ב-1959</date></date>    <verb>עזבו</verb>    <at-preposition>את</at-preposition>    <noun>הקיבוץ</noun>    ועברו    לטבעון,    <noun>שם</noun>    <properName>עבד</properName>    כפקיד    בבנק    והגיע    לתפקיד    <shel-preposition>של</shel-preposition>    <noun>מנהל</noun>    <noun>מחלקת</noun>    ההשקעות.    <preposition>אחר</preposition>    <pronoun>כך</pronoun>    <verb>עברו</verb>    לנצרת    עילית.    <date><date>ב-1982</date></date>    <verb>עבר</verb>    <preposition>עם</preposition>    משפחתו    לירושלים.    <properName>עבד</properName>    בארכיון    <shel-preposition>של</shel-preposition>    <noun>בית</noun>    <noun>הספרים</noun>    <adjective>הלאומי</adjective>    בגבעת    <properName>רם</properName>    והיה    <verb>מופקד</verb>    <preposition>על</preposition>    <noun>אוספים</noun>    <shel-preposition>של</shel-preposition>    <noun>סופרי</noun>    ומשוררי    יידיש.    
      <noun>הקריירה</noun>    <adjective>הספרותית</adjective>    שלו    <adjective>קשורה</adjective>    <noun>קשר</noun>    <adjective>הדוק</adjective>    בדינמיקה    <adjective>המורכבת</adjective>    <shel-preposition>של</shel-preposition>    <noun>יחסי</noun>    <properName>עברית</properName>    ויידיש,    מזרח-אירופה    ומדינת    ישראל.    <pronoun>הוא</pronoun>    <verb>החל</verb>    בכתיבת    <noun>שירים</noun>    ביידיש    באוסטרליה.    ספרו    הראשון,    <properName>אונטערפֿרעמדע</properName>    <verb>הימלען</verb>    ("תחת    <noun>שמים</noun>    זרים"),    <verb>יצא</verb>    <preposition>לאור</preposition>    במלבורן    <date><date>(1949).</date></date>    <noun>השירים</noun>    <verb>עסקו</verb>    בקינה    <preposition>על</preposition>    <noun>יהודי</noun>    מזרח-אירופה    והיו    <adjective>אופייניים</adjective>    לשירת    <properName>יידיש</properName>    בתקופה    שאחרי    <noun>מלחמת</noun>    <noun>העולם</noun>    השנייה.    באוסטרליה    <conjunction>גם</conjunction>    <verb>ערך</verb>    <noun>ירחון</noun>    לנוער    יהודי,    שהופיע    בעברית,    באנגלית    וביידיש.    
      <date><date>ב-1951,</date></date>    <adverb>מיד</adverb>    <preposition>לאחר</preposition>    בואו    לישראל,    <verb>פירסם</verb>    <at-preposition>את</at-preposition>    שיריו    ביידיש    בירחון    <properName>דיגאָלדענע</properName>    <properName>קייט</properName>    בעריכתו    <shel-preposition>של</shel-preposition>    <noun>המשורר</noun>    <properName>אברהם</properName>    סוצקבר.    <preposition>כעבור</preposition>    <noun>שנה</noun>    <verb>עבר</verb>    משירה    לסיפורת.    במהלך    <noun>שנות</noun>    <numeral>החמישים</numeral>    <verb>פירסם</verb>    סיפורים,    <noun>מסות</noun>    ומאמרים    בכתב    <noun>העת</noun>    <shel-preposition>של</shel-preposition>    <noun>קבוצת</noun>    <properName>היידיש</properName>    "יונג    ישראל"    (ישראל    הצעיר),    שהיה    <numeral>אחד</numeral>    ממייסדיה    ומעמודי    <noun>התווך</noun>    שלה    <preposition>עד</preposition>    התפרקותה    בסוף    <noun>שנות</noun>    החמישים.    <noun>הקבוצה</noun>    <verb>כללה</verb>    <noun>סופרי</noun>    <properName>יידיש</properName>    <adjective>ישראליים</adjective>    <adjective>צעירים</adjective>    <conjunction>כמו</conjunction>    <properName>צבי</properName>    <properName>אייזנמן</properName>    ואברהם    קרפינוביץ',    ומשוררים    כמשה    יונגמן,    <properName>רבקה</properName>    בסמן,    <properName>רחל</properName>    פישמן,    <properName>אברהם</properName>    <properName>רינצלר</properName>    ובנימין    הרושובסקי.    
      <noun>הרומן</noun>    <numeral>הראשון</numeral>    שפירסם    <copula>היה</copula>    <properName>אויף</properName>    <properName>שמאָלע</properName>    <properName>טראַטואַרן</properName>    ("במדרכות    צרות",    <date><date>1958).</date></date>    <pronoun>הוא</pronoun>    <verb>יצא</verb>    <preposition>לאור</preposition>    כחלק    מסדרת    <noun>הספרים</noun>    <shel-preposition>של</shel-preposition>    "יונג    ישראל",    וגם    בתרגום    לעברית    <date><date>(1959).</date></date>    <verb>זהו</verb>    <noun>הרומן</noun>    הראשון,    וכנראה    <conjunction>גם</conjunction>    היחיד,    שנכתב    ביידיש    <preposition>על</preposition>    <noun>הקיבוץ</noun>    הישראלי,    ובו    <verb>תיאר</verb>    <at-preposition>את</at-preposition>    <noun>הקיבוץ</noun>    באופן    <adjective>שונה</adjective>    <adverb>מאוד</adverb>    ממה    שהיה    <adjective>מקובל</adjective>    בסיפורת    <adjective>העברית</adjective>    <shel-preposition>של</shel-preposition>    <noun>שנות</noun>    <numeral>הארבעים</numeral>    והחמישים.    <noun>הרומן</noun>    <verb>נחשב</verb>    <adjective>חדשני</adjective>    ופורץ    <noun>דרך</noun>    <conjunction>גם</conjunction>    בהיסטוריה    <shel-preposition>של</shel-preposition>    <noun>ספרות</noun>    יידיש.    
      במהלך    <noun>שנות</noun>    <verb>השישיםכתב</verb>    <noun>סיפורים</noun>    <adjective>קצרים</adjective>    ונובלות    ביידיש.    רובם    <verb>התפרסמו</verb>    <adverb>לראשונה</adverb>    <noun>בדי</noun>    <properName>גאָלדענע</properName>    קייט,    ואחר    <pronoun>כך</pronoun>    <verb>נאספו</verb>    בספר    אַ    <properName>מאַנטל</properName>    <properName>פֿון</properName>    אַ    <properName>פּרינץ</properName>    ("מעיל    <shel-preposition>של</shel-preposition>    נסיך",    <date><date>1969).</date></date>    <adverb>במקביל</adverb>    <verb>תירגם</verb>    <at-preposition>את</at-preposition>    <noun>הסיפורים</noun>    לעברית    בשיתוף    <participle>עםהמחזאי</participle>    והסופר    <properName>נסים</properName>    אלוני.    <noun>הסיפורים</noun>    <verb>התפרסמו</verb>    ב"ספריית    תרמיל"    בשם    <noun>ציפייה</noun>    וסיפורים    <adjective>אחרים</adjective>    <date><date>(1966)</date></date>    ובקובץ    <adjective>נוסף</adjective>    בשם    נסיעתו    <numeral>הראשונה</numeral>    <shel-preposition>של</shel-preposition>    <date><date>רולידר(1970).</date></date>    בסיפורים    <pronoun>הללו</pronoun>    <verb>עבר</verb>    לכתיבה    <verb>שבה</verb>    <noun>המספר</noun>    <pronoun>הוא</pronoun>    <preposition>עד</preposition>    <participle>המגביל</participle>    <at-preposition>את</at-preposition>    <pronoun>עצמו</pronoun>    למה    שהוא    <verb>שומע</verb>    מאחרים,    ובאותו    <noun>זמן</noun>    <pronoun>הוא</pronoun>    <modal>מסוגל</modal>    <verb>לפרוץ</verb>    <noun>גבולות</noun>    <shel-preposition>של</shel-preposition>    <noun>זמן</noun>    ומקום.    <numeral>אחד</numeral>    <noun>הסיפורים</noun>    <participle>הבולטים</participle>    <pronoun>הוא</pronoun>    "אַ    <noun>מעשה</noun>    מיט    <punctuation>אַ</punctuation>    <noun>מאַנטעל</noun>    <properName>פֿון</properName>    אַ    פּרינץ"    ("מעשה    במעיל    <shel-preposition>של</shel-preposition>    נסיך"),    שבו    <pronoun>הוא</pronoun>    <verb>מנצל</verb>    <at-preposition>את</at-preposition>    <noun>המעיל</noun>    הנסיכי-אגדי    <noun>כמטונימיה</noun>    לחלומות    <shel-preposition>של</shel-preposition>    <noun>יהודי</noun>    מזרח-אירופה,    לאכזבות    ולנדודים    שלהם    ברחבי    העולם.
      בשנות    <numeral>השבעים</numeral>    <noun>כתב</noun>    <at-preposition>את</at-preposition>    <noun>הגרסה</noun>    <numeral>הראשונה</numeral>    לרומן    <properName>דער</properName>    <properName>זאַמלער</properName>    ("האספן").    <noun>קטעים</noun>    ממנו    <verb>התפרסמו</verb>    <noun>בדי</noun>    <properName>גאָלדענע</properName>    קייט,    <conjunction>אך</conjunction>    <pronoun>הוא</pronoun>        <verb>יצא</verb>    <preposition>לאור</preposition>    בשלמותו    ביידיש    <conjunction>רק</conjunction>    <date><date>ב-1985,</date></date>    ובמקביל    <verb>תורגם</verb>    לעברית    <preposition>בידי</preposition>    <properName>מנחם</properName>    פרי.זהו    <noun>תיאור</noun>    טרגי-קומי    <shel-preposition>של</shel-preposition>    <noun>בנק</noun>    <adjective>ישראלי</adjective>    כמכונת    <noun>חלומות</noun>    יהודית,    <participle>המונעת</participle>    <preposition>על</preposition>    <noun>ידי</noun>    <noun>דמויות</noun>    שאינן    <adjective>שונות</adjective>    באופן    <adjective>מהותי</adjective>    ממנחם-מנדל    בעיירה    <adjective>היהודית</adjective>    <shel-preposition>של</shel-preposition>    <noun>שלום</noun>    עליכם.    <noun>הדמויות</noun>    <verb>עוסקות</verb>    <noun>באובססיביות</noun>    בפרויקטים    <shel-preposition>של</shel-preposition>    תיעוד,    <noun>ניהול</noun>    <noun>רשימות</noun>    וסיכומים,    <participle>הנקשרים</participle>    בשואה    <shel-preposition>של</shel-preposition>    <noun>יהדות</noun>    מזרח-אירופה.    פעילותן    <pronoun>היא</pronoun>    <preposition>כעין</preposition>    <noun>גלגול</noun>    והמרה    <shel-preposition>של</shel-preposition>    <noun>המוות</noun>    והחורבן.    בתקופה    <properName>זופירסם</properName>    בכתב    <noun>העת</noun>    <verb>סימן</verb>    קריאה,    בעריכת    <properName>מנחם</properName>    פרי,    <noun>סיפורים</noun>    וקטעים    מהרומן    <adjective>החדש</adjective>    בתרגום    לעברית.    <adverb>מאז</adverb>    <noun>הקשר</noun>    בינו    <preposition>לבין</preposition>    <properName>פרי</properName>    <verb>נעשה</verb>    <adjective>הדוק</adjective>    יותר,    והוא    <verb>נשמר</verb>    <preposition>עד</preposition>    מותו    <shel-preposition>של</shel-preposition>    בירשטיין.    <pronoun>זוהי</pronoun>    <conjunction>גם</conjunction>    <noun>התקופה</noun>    <verb>שבה</verb>    <properName>בירשטיין</properName>    <verb>נעשה</verb>    <adjective>מוכר</adjective>    והשפיע    <adjective>מחוץ</adjective>    לגבולות    <shel-preposition>של</shel-preposition>    <noun>ספרות</noun>    ותרבות    <properName>יידיש</properName>    בישראל.        
      בשנות    <numeral>השמונים</numeral>    <verb>התחיל</verb>    <properName>בירשטיין</properName>    <verb>לכתוב</verb>    "קצרצרים",    <noun>סיפורים</noun>    שבהם    <pronoun>הוא</pronoun>    <verb>מציג</verb>    <at-preposition>את</at-preposition>    <pronoun>עצמו</pronoun>    כמספר    <noun>סיפורים</noun>    עממי,    <conjunction>או</conjunction>    "מגיד"    מודרני,    <participle>הנוטל</participle>    <at-preposition>את</at-preposition>    <noun>החומרים</noun>    שלו    מהאנשים    <adjective>הפשוטים</adjective>    ברחוב.    <noun>הסגנון</noun>    <adjective>החדש</adjective>    <shel-preposition>של</shel-preposition>    <noun>הסיפורים</noun>    <verb>יצר</verb>    <noun>רושם</noun>    <shel-preposition>של</shel-preposition>    <noun>סיפור</noun>    בעלפה    <adjective>הבנוי</adjective>    <preposition>על</preposition>    <noun>משפטים</noun>    <adjective>קצרים</adjective>    וחזקים,    שתופשים    <at-preposition>את</at-preposition>    <noun>תשומת</noun>    <noun>לב</noun>    <noun>הקוראים</noun>    <adverb>מיד</adverb>    בפתיחה,    ומסתיימים    בסיום    <adjective>גרוטסקי</adjective>    ומפתיע.    <preposition>על</preposition>    <noun>אף</noun>    <noun>הקיצור</noun>    הקיצוני,    <existential>יש</existential>    בסיפורים    <noun>מעברים</noun>    <preposition>בין</preposition>    דמויות,    <noun>זמנים</noun>    ומקומות    שונים,    שאיפשרו    <conjunction>לו</conjunction>    <verb>ליצור</verb>    <noun>אנלוגיות</noun>    <adjective>עשירות</adjective>    ומרקם    <adjective>לשוני</adjective>    ותודעתי    מורכב.    <at-preposition>את</at-preposition>    <participle>הקצרצרים</participle>    <noun>הראשונים</noun>    <noun>כתב</noun>    ביידיש.    <pronomial>הם</pronomial>    <verb>התפרסמו</verb>    <date><date>ב-1981</date></date>    בכתב    <noun>העת</noun>    <adverb>די</adverb>    <properName>גאָלדענע</properName>    <adjective>קייטבשם</adjective>    "עראבסקען"    ("ערבסקות"),    שהתאים    לסגנון    <adjective>האסוציאטיבי</adjective>    ולמעברים    <adjective>המהירים</adjective>    בזמן    ובמקום.    <noun>ההמשך</noun>    שלהם    <adverb>כבר</adverb>    <copula>היה</copula>    בעברית,    ואותם    <verb>פירסם</verb>    במקומון    <adjective>הירושלמי</adjective>    <quantifier>כל</quantifier>    העיר,    וגם    <verb>קרא</verb>    ב"גלי    צה"ל"    בפינה    שבועית.    הקצרצרים,    שנחשבים    <preposition>על</preposition>    <noun>ידי</noun>    <verb>רבים</verb>    להישג    <participle>החשוב</participle>    ביותר    שלו    במחצית    <numeral>השנייה</numeral>    <shel-preposition>של</shel-preposition>    <noun>הקריירה</noun>    שלו,    <verb>קובצו</verb>    בעברית    בספר    <noun>כתם</noun>    <shel-preposition>של</shel-preposition>    <date><date>שקט(1986),</date></date>    ואחר    <pronoun>כך</pronoun>    ביידיש    בספר    <properName>דײַנע</properName>    <properName>געסלעך</properName>    <punctuation>–</punctuation>    ירושלים:    <properName>קלײנע</properName>    מעשׂיות("ברחובות    ירושלים:    קצרצרים",    <date><date>1989).</date></date>    <noun>קובץ</noun>    <adjective>נוסף</adjective>    <shel-preposition>של</shel-preposition>    קצרצרים,    <noun>סיפורים</noun>    <verb>רוקדים</verb>    ברחובות    ירושלים,    <verb>יצא</verb>    <preposition>לאור</preposition>    בעברית    <date><date>ב-2000.</date></date>    
      <preposition>בין</preposition>    <noun>שני</noun>    <noun>ספרי</noun>    <participle>הקצרצרים</participle>    <noun>כתב</noun>    <properName>בירשטיין</properName>    ופירסם    <noun>שני</noun>    רומנים,    שנכתבו    <preposition>קודם</preposition>    בעברית    ורק    <preposition>אחר</preposition>    <pronoun>כך</pronoun>    <verb>תורגמו</verb>    ליידיש:    <noun>פנים</noun>    <date><date>בענן(1991)</date></date>    ואל    <verb>תקרא</verb>    לי    <properName>איוב</properName>    <date><date>(1996).גיבור</date></date>    <noun>פנים</noun>    בענן,    <verb>נח</verb>    <properName>נפתלי</properName>    טירשביין,הוא    סופר,    <noun>משורר</noun>    ומסאי    <noun>יליד</noun>    פולין,    <participle>המגיע</participle>    בימי    זקנתו    מאמריקה    לירושלים    <conjunction>כדי</conjunction>    <verb>לכתוב</verb>    <noun>רומן</noun>    <preposition>על</preposition>    <noun>פרשת</noun>    אהבתו    בפריזוכדי    <verb>לחפש</verb>    <at-preposition>את</at-preposition>    קרוביו    <shel-preposition>של</shel-preposition>    <noun>פושע</noun>    <properName>ערירי</properName>    ולמסור    להם    <at-preposition>את</at-preposition>    ממונו,    שהפקיד    בידיו    <preposition>קודם</preposition>    שנפטר.    המספר,    שבמהלך    <noun>שנה</noun>    <verb>הופך</verb>    לצלו    <shel-preposition>של</shel-preposition>    טירשביין,    <verb>נשכר</verb>    <verb>לסייע</verb>    <conjunction>לו</conjunction>    בסידור    ארכיונו    <punctuation>–</punctuation>    <noun>אוסף</noun>    <adjective>ענק</adjective>    <shel-preposition>של</shel-preposition>    מסמכים,    שמילא    <numeral>אחד</numeral>    משני    <noun>חדרים</noun>    ששכר    <properName>טירשביין</properName>    במאהשערים.
      <preposition>אל</preposition>    <verb>תקרא</verb>    לי    <preposition>איובמתרחשבמהלך</preposition>    <noun>לילה</noun>    <properName>אחדבדירתגג</properName>    בירושלים,    <preposition>אצל</preposition>    <properName>שלמה</properName>    שפירא,    <noun>בעל</noun>    <noun>עסקים</noun>    מפוקפקים.    <numeral>שלוש</numeral>    <noun>דמויות</noun>    <negation>לא</negation>    <verb>יוצאותמהחדר</verb>    <preposition>עד</preposition>    הבוקר:    <properName>שלמה</properName>    שפירא,    <noun>המספר</noun>    שהוא    ידידו    מנוער,    והנריק    <properName>דדון</properName>    –מסגר    שהוזמן    <verb>להחליף</verb>    <at-preposition>את</at-preposition>    <numeral>שלושת</numeral>    <noun>המנעולים</noun>    בדירה.הדמויות    בספר,    שכל    <numeral>אחת</numeral>    מהן    <pronoun>היא</pronoun>    <preposition>כעין</preposition>    <noun>דמות</noun>    <shel-preposition>של</shel-preposition>    <properName>איוב</properName>    <preposition>בפני</preposition>    עצמה,    <verb>עומדות</verb>    בצל    <noun>מרתף</noun>    <noun>המוות</noun>    <shel-preposition>של</shel-preposition>    עברן.    לכולן    <existential>יש</existential>    <noun>אבות</noun>    <verb>נוטשים</verb>    <conjunction>או</conjunction>    מתנכרים,    וכמו    <noun>שטרות</noun>    <noun>הכסף</noun>    המקומטים,    שמושלכים    <quantifier>כל</quantifier>    <noun>הלילה</noun>    ומוחלקים    <conjunction>אך</conjunction>    <verb>חוזרים</verb>    ומתקמטים,    <conjunction>גם</conjunction>    <noun>חיי</noun>    <noun>הדמויות</noun>    <adjective>מלאים</adjective>    "קמטים"    <shel-preposition>של</shel-preposition>    <noun>פעם</noun>    ומסופרים    בערבוביה    <shel-preposition>של</shel-preposition>    <noun>זמנים</noun>    ומקומות.    
      <preposition>לאחר</preposition>    מותו    <verb>יצא</verb>    <preposition>לאור</preposition>    <noun>הספר</noun>    <noun>סיפורים</noun>    מאזור    <noun>השלווה</noun>    <date><date>(2004).</date></date>    <noun>הספר</noun>    <adjective>מורכב</adjective>    מסיפורים    שפורסמו    בכתם    <shel-preposition>של</shel-preposition>    <noun>שקט</noun>    (בסדר    <adjective>חדש</adjective>    ושונה)    וכן    <noun>קטעים</noun>    <adjective>חדשים</adjective>    מכתב    <noun>יד</noun>    שנמצא    בעיזבון,    ובהם    <adjective>ניכרתההתמודדות</adjective>    <preposition>עם</preposition>    <noun>המחלה</noun>    ועם    <noun>המוות</noun>    הקרב.    <properName>בירשטיין</properName>    <verb>עסק</verb>    <conjunction>גם</conjunction>    בתרגום    <shel-preposition>של</shel-preposition>    <noun>ספרים</noun>    מיידיש    ובעריכה    <shel-preposition>של</shel-preposition>    <noun>סיפורי</noun>    <noun>מעשיות</noun>    ממזרח-אירופה.    ספריו    <verb>תורגמו</verb>    לכמה    <noun>שפות</noun>    <adjective>אירופיות</adjective>    ולסינית.
      <properName>בירשטיין</properName>    <pronoun>הוא</pronoun>    <noun>סופר</noun>    <adjective>ישראלי</adjective>    דו-לשוני    מובהק,    ומבחינה    <pronoun>זו</pronoun>    <modal>אפשר</modal>    להשוותו    לסופרים    <noun>מהגרים</noun>    מארצות    <noun>המזרח</noun>    <participle>הכותבים</participle>    בעברית    ובערבית.    <pronoun>הוא</pronoun>    מהסופרים    <adjective>היחידים</adjective>    בישראל    שהחלו    <at-preposition>את</at-preposition>    כתיבתם    ביידיש    והמשיכו    <verb>לכתוב</verb>    ביידיש    ובעברית.    <conjunction>גם</conjunction>    בשנות    <numeral>השמונים</numeral>    והתשעים,    <conjunction>כאשר</conjunction>    כתיבתו    בעברית    <verb>נעשתה</verb>    <adverb>כמעט</adverb>    בלעדית,    <verb>מדובר</verb>    בעברית    שמקורה    <adjective>היידי</adjective>    <adjective>ניכר</adjective>    בכל    הרמות:    ברמה    הלשונית,    <adjective>הלקסיקלית</adjective>    והתחבירית.    ברמה    הנרטיבית,    <noun>הסיפורים</noun>    והרומנים    שלו    <verb>מורכבים</verb>    מתבניות    <adjective>האופייניות</adjective>    לסיפורת    <properName>יידיש</properName>    <adjective>הקלאסית</adjective>    והמודרניסטית,    <conjunction>כאשר</conjunction>    <noun>המספר</noun>    <verb>מציג</verb>    <at-preposition>את</at-preposition>    <pronoun>עצמו</pronoun>    <verb>כפרסונה</verb>    <shel-preposition>של</shel-preposition>    <adjective>מספרסיפורים</adjective>    ו"מגיד"    עממי,    <conjunction>כמו</conjunction>    <preposition>אצל</preposition>    שלוםעליכם,    <properName>י"ל</properName>    <properName>פרץ</properName>    <conjunction>או</conjunction>    <noun>סופר</noun>    <properName>היידיש</properName>    <properName>הסימבוליסטי</properName>    <properName>דער</properName>    נסתר.    ברמת    <noun>הסיטואציה</noun>    הסיפורית,    <noun>האוטובוסים</noun>    <adjective>הירושלמיים</adjective>    <verb>מחליפים</verb>    <at-preposition>את</at-preposition>    <noun>המחלקה</noun>    <numeral>השלישית</numeral>    <shel-preposition>של</shel-preposition>    <noun>הרכבות</noun>    <adjective>המוכרות</adjective>    מסיפורת    <properName>יידיש</properName>    הקלאסית.    <at-preposition>את</at-preposition>    <noun>ההשראה</noun>    למעברים    <adjective>התכופים</adjective>    בזמן    ובמקום    בסיפורים    <modal>אפשר</modal>    <verb>למצוא</verb>    בסיפורת    <properName>יידיש</properName>    משנות    <numeral>העשרים</numeral>    והשלושים.    מבחינה    תמטית,    <noun>הסיפורים</noun>    <adjective>בנויים</adjective>    <preposition>על</preposition>    סדרה    <shel-preposition>של</shel-preposition>    המרות:    <noun>הגולה</noun>    <adjective>היהודית</adjective>    המזרח-אירופית    <verb>מומרת</verb>    בקיבוץ,    בעיירת    הפיתוח,    וגם    בנוף    <adjective>האורבני</adjective>    <shel-preposition>של</shel-preposition>    ירושלים,    שהופכת    בידיו    <preposition>למעין</preposition>    <properName>שטעטל</properName>    מזרח-אירופי.
      References:    
      נוברשטרן,    אברהם."גלגולו    <shel-preposition>של</shel-preposition>    <noun>מעיל</noun>    בחוצות    <properName>ירושלים:על</properName>    דמותו    ויצירתו    <shel-preposition>של</shel-preposition>    <participle>הסופריוסל</participle>    בירשטיין".הארץתרבות    וספרות.    <date><date>9.1.2004.</date></date>    2;ענברי,    אסף."סיפורי    <noun>הקיבוץ</noun>    <shel-preposition>של</shel-preposition>    יוסלבירשטיין.    <noun>קשת</noun>    <adjective>החדשה</adjective>    21.    <date><date>2007.</date></date>    138-149;    פינסקר,    שחר.    "שפה    ישנה,    <noun>ארץ</noun>    חדשה".    <adverb>דווקא</adverb>    3.    <date><date>2007.</date></date>    49-46;    פרי,    מנחם.    "קווים    <adjective>יחפים</adjective>    וצליל:    <noun>שיחה</noun>    <preposition>בין</preposition>    <properName>יוסל</properName>    <properName>בירשטיין</properName>    ומנחם    פרי".    <verb>סימן</verb>    <noun>קריאה</noun>    6.    <properName>מאי</properName>    <date><date>1976.</date></date>    310-297,    397-394;    ---."לחזור    מהסוף:    <noun>הצעת</noun>    <noun>קריאה</noun>    בבירשטיין    (אחרית    דבר)".    <noun>סיפורים</noun>    מאזור    השלווה.    <properName>בני</properName>    ברק:    <noun>הקיבוץ</noun>    המאוחד.    <date><date>2004.</date></date>    413-347;
      Roskies,    David.    "Estates    <foreign>of</foreign>    Memory:    <foreign>After</foreign>    <foreign>the</foreign>    Holocaust".    <foreign>A</foreign>    <foreign>Bridge</foreign>    <foreign>of</foreign>    Longing:    <foreign>The</foreign>    <foreign>Lost</foreign>    <foreign>Art</foreign>    <foreign>ofYiddish</foreign>    Storytelling.    <foreign>Cambridge</foreign>    Mass:    <foreign>Harvard</foreign>    <foreign>University</foreign>    Press.    <date><date>1995.</date></date>    307-346.
    
  		</body>
  	</text>
  </TEI> 
		</body>
	</text>
</TEI>