<?xml version="1.0" encoding="UTF-8"?>
<?xml-model href="http://www.tei-c.org/release/xml/tei/custom/schema/relaxng/tei_all.rng" type="application/xml" schematypens="http://relaxng.org/ns/structure/1.0"?>
<?xml-model href="http://www.tei-c.org/release/xml/tei/custom/schema/relaxng/tei_all.rng" type="application/xml"
	schematypens="http://purl.oclc.org/dsdl/schematron"?>
<TEI xmlns="http://www.tei-c.org/ns/1.0">
   <teiHeader>
      <fileDesc>
         <publicationStmt>
            <p>Publication Information</p>
         </publicationStmt>
         <sourceDesc>
            <p>Information about the source</p>
         </sourceDesc>
      </fileDesc>
   </teiHeader>
   <text>
      <body>
 <?xml  version="1.0"  encoding="UTF-8"?>
  <?xml-model  href="http://www.tei-c.org/release/xml/tei/custom/schema/relaxng/tei_all.rng"  type="application/xml"  schematypens="http://relaxng.org/ns/structure/1.0"?>
  <?xml-model  href="http://www.tei-c.org/release/xml/tei/custom/schema/relaxng/tei_all.rng"  type="application/xml"
  	schematypens="http://purl.oclc.org/dsdl/schematron"?>
  <TEI  xmlns="http://www.tei-c.org/ns/1.0">
        <teiHeader>
              <fileDesc>
                    <publicationStmt>
                          <p>Publication  Information</p>
                    </publicationStmt>
                    <sourceDesc>
                          <p>Information  about  the  source</p>
                    </sourceDesc>
              </fileDesc>
        </teiHeader>
        <text>
              <body>
    Name:    אבני-לוי,    יוסי
      <foreign>Birth</foreign>    Year:    <date><date>1962
</date>  </date>    <foreign>Birth</foreign>    Place:    <verb>גדל</verb>    ברעננה
      Occupation:    סופר
      <foreign>Entry</foreign>    writer:    בתיה    שמעוני
      <foreign>Entry</foreign>    Value:    
      <verb>נולד</verb>    וגדל    ברעננה.    <verb>למד</verb>    בפנימייה    <preposition>ע"ש</preposition>    <properName>שטיינברג</properName>    בכפר    סבא.    <verb>התגייס</verb>    לעתודה    <adjective>האקדמית</adjective>    <shel-preposition>של</shel-preposition>    <properName>צה"ל</properName>    ולמד מזרחנות    וערבית    באוניברסיטה    <adjective>העברית</adjective>    בירושלים.    <preposition>עם</preposition>    <noun>סיום</noun>    לימודיו    <verb>שירת</verb>    בצה"ל    כקצין מודיעין. למד    <noun>משפטים</noun>    באוניברסיטה    <adjective>העבריתועבד</adjective>    כעורך-דין.    <date><date>ב-1994</date></date>    <verb>הצטרףלמשרד</verb>    <noun>החוץ</noun>    ושירת    <adverb>יותר</adverb>    מעשר    <noun>שנים</noun>    בתפקידים    דיפלומטיים בנציגויות    <properName>ישראל</properName>    בברלין, בבון,    בבלגרד    ובוורשה.    
      בראשית    דרכו    פירסם בשם    <noun>העט</noun>    <properName>יוסי</properName>    <noun>אבני</noun>    <noun>סיפורים</noun>    קצרים במוספי    <noun>ספרות</noun>    (מעריב,    הארץ),וזכה    במקום    <numeral>הראשון</numeral>    בכמה    <noun>תחרויות</noun>    ספרותיות.    סיפורו    "מסע"    <verb>נכלל</verb>    באנתולוגיהחמישים    <noun>שנה</noun>    <numeral>חמישים</numeral>    סיפורים,    <quantifier>מבחר</quantifier>    <noun>הסיפור</noun>    <adjective>העברי</adjective>    <adjective>הקצר</adjective>    <date><date>(1998).</date></date>    <quantifier>כמה</quantifier>    מסיפוריו    <verb>נכללו</verb>    <noun>באנתולוגיות</noun>    בגרמנית,    באיטלקית    ובאנגלית.
      כתיבתו    <pronoun>היא</pronoun>    <noun>בעלת</noun>    <noun>קול</noun>    ייחודי-אישי    חושפני,    ומאופיינת    ביכולת    <adjective>מילולית</adjective>    ופיגורטיבית    מרהיבה.    ספרו    הראשון,גן    <noun>העצים</noun>    <adjective>המתים</adjective>    (זמורה-ביתן,    <date><date>1995),</date></date>    <pronoun>הוא</pronoun>    <noun>קובץ</noun>    <noun>סיפורים</noun>    שבמרכזם    <noun>מערכות</noun>    <noun>יחסים</noun>    <preposition>בין</preposition>    גברים,    והוא    <verb>נחשב</verb>    <noun>ציון</noun>    <noun>דרך</noun>    בספרות    <adjective>ההומוסקסואלית</adjective>    העברית.    בסיפור    "ספר    <adjective>המתים</adjective>    הטיבטי"    <verb>אומרת</verb>    <noun>הגיבורה</noun>    למספר:    "אביתר    <verb>אומר</verb>    שאתה    <verb>כותב</verb>    <adverb>תמיד</adverb>    <quantifier>אותו</quantifier>    <noun>סיפור</noun>    עצמו"    (34),    ואכן    <adjective>דומה</adjective>    <conjunction>כי</conjunction>    <noun>סיפורי</noun>    הקובץ,    <conjunction>כמו</conjunction>    <conjunction>גם</conjunction>    ספריו    הבאים,    <verb>סובבים</verb>    <preposition>סביב</preposition>    <noun>נושאים</noun>    ומוטיבים    קבועים:    <noun>החשיפה</noun>    <shel-preposition>של</shel-preposition>    זהותו    <adjective>המינית</adjective>    <shel-preposition>של</shel-preposition>    <noun>הגיבור</noun>    בנוסח    וידויי,    קשריו    <adjective>החטופים</adjective>    <preposition>עם</preposition>    <noun>גברים</noun>    מזדמנים,    כמיהתו    לקשר    <properName>בר</properName>    <noun>קיימא</noun>    וכדומה.    <noun>נושאים</noun>    <adjective>אישיים</adjective>    <pronoun>אלה</pronoun>    <participle>ארוגים</participle>    ביחסיו    <adjective>הסבוכים</adjective>    <shel-preposition>של</shel-preposition>    <noun>הגיבור</noun>    <preposition>עם</preposition>    <noun>בני</noun>    משפחתו,    <adverb>בעיקר</adverb>    <preposition>עם</preposition>    אמו.
      <noun>אבני</noun>    <verb>חוזר</verb>    <adverb>שוב</adverb>    ושוב    <preposition>אל</preposition>    <noun>שכונת</noun>    ילדותו,    שעיצובה    <verb>מגיע</verb>    לביטויו    <participle>הממצה</participle>    <adverb>ביותר</adverb>    <preposition>עד</preposition>    <adverb>כה</adverb>    בנובלה    "מחכים    לדוד    יאחוּבּ"    (כנגד    <numeral>ארבעה</numeral>    בנים,    <date><date>1998).</date></date>    <existential>אין</existential>    מדובר    <adverb>כאן</adverb>    בשיבה    <adjective>נוסטלגית</adjective>    וסנטימנטלית,    להפך:    במבט    בוחן,    ביקורתי,    לעתים    היפר-ריאליסטי,    לעתים    <verb>נוגע</verb>    בפנטסטי,    <pronoun>הוא</pronoun>    <verb>משרטט</verb>    <noun>דמויות</noun>    משולי    <noun>החברה</noun>    הישראלית:    <noun>בני</noun>    <noun>משפחה</noun>    קרובים,    <adverb>בעיקר</adverb>    אביו    ואמו    ושכנים,    <noun>עולים</noun>    <adjective>חדשים</adjective>    <adjective>קשי</adjective>    יום,    <participle>המסוכסכים</participle>    תמיד.    <at-preposition>את</at-preposition>    <pronoun>כולם</pronoun>    <pronoun>הוא</pronoun>    <verb>מתאר</verb>    באירוניה    <adjective>חריפה</adjective>    <participle>המהולה</participle>    באמפתיה    ובחמלה.    
          מישראל,    <noun>ארץ</noun>    <noun>ההגירה</noun>    הקשה,    <verb>בורח</verb>    <noun>אבני</noun>    <preposition>אל</preposition>    <noun>מחוזות</noun>    אירופה.    <noun>הדיכוטומיה</noun>    <preposition>בין</preposition>    ישראל,    <noun>ארץ</noun>    <noun>החום</noun>    והשרב    המעיק,    ובין    גרמניה,    <adjective>הקרה</adjective>    והירוקה,    <verb>מבטאת</verb>    בסיפוריו    <noun>סכסוך</noun>    <adjective>פנימי</adjective>    <adjective>עמוק</adjective>    <participle>המגדיר</participle>    <at-preposition>את</at-preposition>    זהותו.    <noun>שכונת</noun>    ילדותו    <verb>מגדירה</verb>    <at-preposition>את</at-preposition>    זהותו    ההיברידית:    <pronoun>היא</pronoun>    <verb>מתוארת</verb>    כבליל    <adjective>עדתי</adjective>    שיש    בו    <noun>ניצולי</noun>    <noun>שואה</noun>    מאירופה,    תימנים,    <noun>פרסים</noun>    ואפגאנים.    <adverb>בנוסף</adverb>    למאפיינים    <adjective>האתניים</adjective>    (ניחוחות    הבישול,    <noun>הקללות</noun>    ומעשי    <noun>הכישוף</noun>    וכו')    <pronoun>הוא</pronoun>    <verb>סופג</verb>    <conjunction>גם</conjunction>    <at-preposition>את</at-preposition>    <noun>האימה</noun>    <adjective>הקיומית</adjective>    <participle>החקוקה</participle>    <preposition>על</preposition>    זרועותיהם    <shel-preposition>של</shel-preposition>    <noun>ניצולי</noun>    השואה.    <noun>המגע</noun>    <adjective>היומיומי</adjective>    עמם    <verb>מביא</verb>    <quantifier>אותו</quantifier>    <punctuation>–</punctuation>    וזהו    <noun>ציר</noun>    <adjective>מרכזי</adjective>    ביצירתו    <shel-preposition>של</shel-preposition>    אבני-לוי    <punctuation>–</punctuation>    להתמכרות    <adverb>כמעט</adverb>    <adjective>אובססיבית</adjective>    לגילויי    השואה.    
      <noun>ההתמכרות</noun>    <pronoun>הזאת</pronoun>    ומשמעותה    <adjective>העמוקה</adjective>    <preposition>עבור</preposition>    <noun>הסופר</noun>    <verb>עולות</verb>    באופן    <adjective>מרתק</adjective>    ברומן    <noun>דודה</noun>    פרהומהלא    <copula>היתה</copula>    <noun>זונה</noun>    <date><date>(2002,</date></date>    <verb>תורגם</verb>    לפולנית).    <adverb>כאן</adverb>    <verb>מתלכדים</verb>    <noun>הנושאים</noun>    שליוו    <at-preposition>את</at-preposition>    יצירתו    מתחילתה    לאפוס    <adjective>פיוטי</adjective>    מרשים.    <noun>המילים</noun>    <participle>הפותחות</participle>    <at-preposition>את</at-preposition>    הרומן:    "ביום    שתלו    <at-preposition>את</at-preposition>    <properName>אייכמן</properName>    <verb>עשו</verb>    לי    <noun>ברית</noun>    מילה"    (7),    <verb>מסמנות</verb>    <noun>קשר</noun>    <negation>בל</negation>    <verb>יינתק</verb>    <preposition>בין</preposition>    <noun>האירוע</noun>    <participle>המכונן</participle>    <numeral>הראשון</numeral>    <shel-preposition>של</shel-preposition>    זהותו    <adjective>היהודית</adjective>    והלאומית    <punctuation>–</punctuation>    ובין    השואה.    <verb>נדמה</verb>    <conjunction>כי</conjunction>    הזדהותו    <shel-preposition>של</shel-preposition>    אבני-לוי    <preposition>עם</preposition>    <noun>השואה</noun>    <adjective>קשורה</adjective>    בחרדה    <participle>המלווה</participle>    <quantifier>אותו</quantifier>    כבעל    <noun>זהות</noun>    הומוסקסואלית,    שדנה    <quantifier>אותו</quantifier>    לחרדת    <noun>נטישה</noun>    <adjective>מתמדת</adjective>    ולחרדה    <wPrefix>בלתי</wPrefix>    <participle>פוסקת</participle>    <preposition>מפני</preposition>    קצו.    
      בספרו    <verb>איש</verb>    <preposition>ללא</preposition>    <noun>צל</noun>    <date><date>(2007)</date></date>    <verb>חושף</verb>    <noun>אבני</noun>    <at-preposition>את</at-preposition>    זהותו    האמיתית,    בהוסיפו    <at-preposition>את</at-preposition>    <noun>שם</noun>    משפחתו    <properName>לוי</properName>    לשמו    הבדוי.    <pronoun>כך</pronoun>    <pronoun>הוא</pronoun>    <verb>יוצא</verb>    <conjunction>גם</conjunction>    <preposition>מן</preposition>    <noun>הארון</noun>    הביוגרפי,    כעשור    <conjunction>לאחר</conjunction>    שעשה    <pronoun>זאת</pronoun>    מבחינה    ספרותית.    ספרו    <adjective>האחרון</adjective>    <pronoun>הוא</pronoun>    <verb>שירת</verb>    <noun>החטאים</noun>    <date><date>(2010).</date></date>    
      <verb>זכה</verb>    בפרס    <noun>היצירה</noun>    <preposition>על</preposition>    <noun>שם</noun>    <noun>ראש</noun>    <noun>הממשלה</noun>    <properName>לוי</properName>    <properName>אשכול</properName>    לשנת    <date><date>2007.</date></date>        
      References:    
      הולצמן,    אבנר.    "מניפסטים    הומוסקסואליים".    <noun>מפת</noun>    דרכים,    <noun>סיפורת</noun>    <adjective>עברית</adjective>    כיום.    <properName>תל</properName>    אביב:    <noun>הקיבוץ</noun>    המאוחד.    <date><date>2005.</date></date>    157-156;    הופמן,    חיה.    "ביום    שתלו    <at-preposition>את</at-preposition>    <properName>אייכמן</properName>    <verb>עשו</verb>    לי    <noun>ברית</noun>    מילה".    <noun>ידיעות</noun>    אחרונות.    <date><date>2.5.2003.</date></date>    27;    הרציג,    חנה.    "בין    <noun>דליים</noun>    <shel-preposition>של</shel-preposition>    עצב".    <noun>הארץ</noun>    ספרים.    <date><date>10.3.2010.</date></date>    4.
    
  		</body>
  	</text>
  </TEI> 
		</body>
	</text>
</TEI>