<?xml version="1.0" encoding="UTF-8"?>
<?xml-model href="http://www.tei-c.org/release/xml/tei/custom/schema/relaxng/tei_all.rng" type="application/xml" schematypens="http://relaxng.org/ns/structure/1.0"?>
<?xml-model href="http://www.tei-c.org/release/xml/tei/custom/schema/relaxng/tei_all.rng" type="application/xml"
	schematypens="http://purl.oclc.org/dsdl/schematron"?>
<TEI xmlns="http://www.tei-c.org/ns/1.0">
   <teiHeader>
      <fileDesc>
         <publicationStmt>
            <p>Publication Information</p>
         </publicationStmt>
         <sourceDesc>
            <p>Information about the source</p>
         </sourceDesc>
      </fileDesc>
   </teiHeader>
   <text>
      <body>
 Name:  בןנר,  יצחק
  <foreign>Birth</foreign>  Year:  <date>1937
</date>  <foreign>Birth</foreign>  Place:  <noun>מושב</noun>  <properName>כפר</properName>  יהושע,
  Occupation:  סופר,  <noun>מחזאי</noun>  ותסריטאי
  <foreign>Entry</foreign>  writer:  <noun>חיים</noun>  נגיד
  <foreign>Entry</foreign>  Value:  
  <verb>נולד</verb>  במושב  <properName>כפר</properName>  יהושע,  <adverb>שם</adverb>  <verb>סיים</verb>  <at-preposition>את</at-preposition>  לימודיו  התיכוניים.  <preposition>לאחר</preposition>  שירותו  <adjective>הצבאי</adjective>  <verb>למד</verb>  <noun>ספרות</noun>  ותיאטרון  באוניברסיטת  <properName>תל</properName>  אביב.  באותו  <noun>זמן</noun>  <verb>עבר</verb>  <verb>לגור</verb>  <noun>דרך</noun>  <noun>קבע</noun>  בתל  אביב,  <adverb>לבד</adverb>  מתקופה  <shel-preposition>של</shel-preposition>  <adjective>שנתיים</adjective>  שעשה  בארצות  <date>הברית(1980-1978).</date>  <verb>עבד</verb>  <noun>שנים</noun>  <adjective>רבות</adjective>  כעורך  וכמגיש  <noun>תוכניות</noun>  ב"גלי  צה"ל".  <copula>היה</copula>  <preposition>בין</preposition>  <noun>המשתתפים</noun>  במוסף  <adjective>הסאטירי</adjective>  "דבר  אחר"  בעיתון  <noun>דבר</noun>  וכתב  <conjunction>גם</conjunction>  בהארץ,  במעריב  ובידיעות  אחרונות.  <conjunction>כמו</conjunction>  <conjunction>כן</conjunction>  <noun>ערך</noun>  והגיש  <noun>תוכניות</noun>  <noun>קולנוע</noun>  בטלוויזיה.  <adjective>נשוי</adjective>  ואב  לשניים:  <noun>האמן</noun>  <properName>גיא</properName>  <properName>בןנר</properName>  וגלי  <properName>בן</properName>  נר,  בעברה  <noun>שחקנית</noun>  ואחר  <pronoun>כך</pronoun>  פיזיקאית.
  סיפוריו  <noun>הראשונים</noun>  <verb>התפרסמו</verb>  בעיתוני  ילדים,  בעודו  <verb>נער</verb>  <properName>בן</properName>  ארבע-עשרה.  ספרו  הראשון,  <preposition>בעקבות</preposition>  <participle>מבעיר</participle>  <noun>השדות</noun>  (אל"ף,  <date>1966),</date>  שנועד  לילדים  ולנוער,  <verb>התפרסם</verb>  <adverb>תחילה</adverb>  בהמשכים  <properName>בשבועוןדבר</properName>  לילדים  והתבסס  <preposition>על</preposition>  <noun>זיכרונות</noun>  נעוריו.  <preposition>כעבור</preposition>  <noun>שנה</noun>  <verb>ראה</verb>  <noun>אור</noun>  <noun>הרומן</noun>  <numeral>הראשון</numeral>  שלו,  <noun>האיש</noun>  <verb>משם(עם</verb>  עובד,  "ספריה  לעם").  <noun>ספר</noun>  <pronoun>זה</pronoun>  <verb>הכניס</verb>  <at-preposition>את</at-preposition>  <properName>בןנר</properName>  <properName>בן</properName>  <numeral>השלושים</numeral>  <noun>אל</noun>  <noun>הספרות</noun>  <adjective>העברית</adjective>  כסופר  <adjective>צעיר</adjective>  ומבטיח,  <participle>המזדהה</participle>  <preposition>עם</preposition>  <noun>הערכים</noun>  <shel-preposition>של</shel-preposition>  <noun>ארץ</noun>  <properName>ישראל</properName>  <adjective>החלוצית</adjective>  <participle>הנאבקת</participle>  <preposition>על</preposition>  קיומה.  <noun>הרומן</noun>  <verb>מגולל</verb>  <at-preposition>את</at-preposition>  הרפתקאותיו  <shel-preposition>של</shel-preposition>  <adjective>צעיר</adjective>  ארץ-ישראלי  <adjective>החוזר</adjective>  <noun>פצוע</noun>  ממצרים  <preposition>עם</preposition>  <verb>פרוץ</verb>  <noun>מלחמת</noun>  העצמאות,  <verb>נקלע</verb>  לעיירה  <adjective>ערבית</adjective>  <preposition>על</preposition>  <noun>הגבול</noun>  ונאסף  <preposition>על</preposition>  <noun>ידי</noun>  <noun>רופא</noun>  <adjective>מצרי</adjective>  <adjective>טוב</adjective>  לב.  <noun>העלילה</noun>  <adjective>הפשוטה</adjective>  והמרגשת  <verb>פורשת</verb>  <at-preposition>את</at-preposition>  <noun>מסכת</noun>  <noun>היחסים</noun>  <preposition>בין</preposition>  <noun>הצעיר</noun>  <adjective>הפצוע</adjective>  למארחיו,  בהם  <noun>ארוסת</noun>  הרופא,  ואת  <noun>האיבה</noun>  <participle>ההולכת</participle>  ומפרידה  בינו  וביניהם  <preposition>לאחר</preposition>  שמתגלה  זהותו.  מבחינת  <noun>העניין</noun>  שלו  באידיאולוגיה  <adjective>הציונית</adjective>  ובשאלות  <adjective>חברתיות</adjective>  ופוליטיות,  <properName>בןנר</properName>  <adjective>שונה</adjective>  ברומן  <pronoun>זה</pronoun>  מהסופרים  <noun>בני</noun>  דורו,  שהחלו  <verb>לפרסם</verb>  <conjunction>גם</conjunction>  <conjunction>כן</conjunction>  בשנות  השישים,  <properName>א"ב</properName>  <properName>יהושע</properName>  ועמוס  עוז.  <pronomial>הם</pronomial>  <verb>פנו</verb>  בספריהם  <noun>הראשונים</noun>  לנושאים  <adjective>אינדיווידואליים</adjective>  ואוניברסליים  ולכתיבה  סמלית,  ורק  בסוף  <noun>שנות</noun>  <numeral>השישים</numeral>  <verb>פנו</verb>  לעיסוק  <adjective>ביקורתי</adjective>  באידיאולוגיה  הציונית.  <verb>בספרוהאיש</verb>  משם  <properName>בן</properName>  <noun>נר</noun>  <verb>הלך</verb>  <adverb>לכאורה</adverb>  <preposition>בעקבות</preposition>  <noun>סופרי</noun>  <noun>הדור</noun>  הקודם,  <noun>דור</noun>  תש"ח,  וסימן  <at-preposition>את</at-preposition>  <noun>הדרך</noun>  להתפתחות  שחלה  בפרוזה  <adjective>העברית</adjective>  בעשור  הבא:  <noun>השיבה</noun>  <noun>אל</noun>  הריאליזם.
  בקובץ  <noun>הסיפורים</noun>  <noun>שקיעה</noun>  <date>כפרית(1976)</date>  <verb>שיכלל</verb>  <properName>בן</properName>  <noun>נר</noun>  <at-preposition>את</at-preposition>  סגנונו  בכיוון  הניאו-ריאליסטי.  <adjective>ניכרת</adjective>  <adverb>כאן</adverb>  <noun>השפעת</noun>  <noun>מגמות</noun>  <shel-preposition>של</shel-preposition>  <noun>תיעוד</noun>  ואוטוביוגרפיה–  <preposition>בין</preposition>  השאר,  בקרבה  <preposition>בין</preposition>  <noun>זמן</noun>  <noun>התרחשות</noun>  <noun>העלילה</noun>  לאירועים  אקטואליים.  הספר,  שזכה  לאהדת  <noun>הקהל</noun>  והביקורת,  מציג,  בחלק  מסיפוריו,  <noun>דמויות</noun>  <participle>הקשורות</participle>  <noun>אל</noun>  <adjective>הקרובים</adjective>  אליהן  ברגשות  <adjective>עזים</adjective>  <shel-preposition>של</shel-preposition>  <noun>אהבה</noun>  ובגידה  ומקרינות  <noun>נוכחות</noun>  <adjective>פסיכולוגית</adjective>  עזה;  ובמקביל,  במישור  <adjective>הייצוגי</adjective>  <shel-preposition>של</shel-preposition>  העלילה,  <pronomial>הן</pronomial>  <verb>מרכיבות</verb>  <at-preposition>את</at-preposition>  <noun>דיוקן</noun>  <noun>הזהות</noun>  <adjective>הישראלית</adjective>  שבין  <noun>מלחמת</noun>  <numeral>ששת</numeral>  <noun>הימים</noun>  לאמצע  <noun>שנות</noun>  השבעים,  ומספרות  <preposition>תוך</preposition>  <conjunction>כדי</conjunction>  <pronoun>כך</pronoun>  <verb>נרטיב</verb>  <adjective>לאומי</adjective>  <adjective>שונה</adjective>  מזה  הרשמי.  מהדמויות:  אביו  <shel-preposition>של</shel-preposition>  <noun>חייל</noun>  <adjective>הנעדר</adjective>  <adverb>מאז</adverb>  המלחמה,  שמצבו  <adjective>הנפשי</adjective>  <verb>הולך</verb>  ומידרדר;  <noun>קצין</noun>  <adjective>בכיר</adjective>  <participle>המשלם</participle>  בתפקידו  <preposition>על</preposition>  <noun>מחדלי</noun>  <noun>הממונים</noun>  עליו  במלחמה;  ונערה  <participle>המתעלסת</participle>  <preposition>עם</preposition>  <noun>חייל</noun>  גוסס.  <noun>סיפורים</noun>  <adjective>אחרים</adjective>  <verb>נושמים</verb>  <adverb>לכאורה</adverb>  <at-preposition>את</at-preposition>  <noun>אווירת</noun>  <properName>ארץישראל</properName>  <adjective>החלוצית</adjective>  <shel-preposition>של</shel-preposition>  <noun>שנות</noun>  <numeral>הארבעים</numeral>  <preposition>ללא</preposition>  נוסטלגיה,  <conjunction>אך</conjunction>  <preposition>תוך</preposition>  <noun>חשש</noun>  <preposition>מפני</preposition>  רשעותו  ונכלוליו  <shel-preposition>של</shel-preposition>  <noun>העולם</noun>  החדש,העומד  <verb>להכחיד</verb>  <at-preposition>את</at-preposition>  <noun>הקסם</noun>  <adjective>הישן</adjective>  <shel-preposition>של</shel-preposition>  <noun>פכפוך</noun>  <noun>הממטרות</noun>  וריח  <noun>הלחם</noun>  הנאפה.  
  <noun>מהלך</noun>  <pronoun>זה</pronoun>  <adverb>אכן</adverb>  <verb>התרחש</verb>  <preposition>לאחר</preposition>  <noun>המהפך</noun>  <shel-preposition>של</shel-preposition>  <date>1977,</date>  שעליו  <verb>כתב</verb>  <properName>בןנר</properName>  <adverb>כמעט</adverb>  בזמן  <noun>אמת</noun>  בסיפורו  "אליעזר  <noun>שושני</noun>  <properName>ו/או</properName>  <properName>אליקו</properName>  <properName>בן</properName>  שושן״.  <noun>העלילה</noun>  <verb>מתארת</verb>  <at-preposition>את</at-preposition>  התלבטותו  <shel-preposition>של</shel-preposition>  הגיבור,  <interrogative>האם</interrogative>  <verb>לקבל</verb>  <noun>משרה</noun>  <adjective>ממשלתית</adjective>  <adjective>בכירה</adjective>  שהוצעה  <conjunction>לו</conjunction>  <preposition>על</preposition>  <noun>ידי</noun>  <noun>נבחרי</noun>  <noun>העם</noun>  החדשים,  <conjunction>או</conjunction>  <copula>להיות</copula>  <adjective>נאמן</adjective>  לדרכו  האידיאולוגית.  <noun>סגנון</noun>  <noun>הסיפור</noun>  <verb>מתקרב</verb>  לז'אנר  <adjective>התיעודי</adjective>  <preposition>עד</preposition>  <conjunction>כדי</conjunction>  <noun>נגיעה</noun>  באקטואליות  עיתונאית:  <noun>עיסוק</noun>  <adjective>ישיר</adjective>  במהפך,  בשערוריות  <adjective>הפוליטיות</adjective>  שקדמו  <conjunction>לו</conjunction>  ובתופעת  <noun>האופורטוניזם</noun>  הפוליטי.  <noun>החדשנות</noun>  הסגנונית,  שעל  <noun>גבול</noun>  התיעודי,  <verb>התעצמה</verb>  <conjunction>גם</conjunction>  <preposition>בשל</preposition>  <noun>מועד</noun>  פרסומו:  עלילתו  <verb>מתרחשת</verb>  ביוני  <date>1977,</date>  במרחק  כשלושה  <noun>חודשים</noun>  ממועד  הדפסתו,  בשבעה  <noun>המשכים</noun>  יומיים,  בעיתון  <noun>הארץ</noun>  (כונס  ברומן  <noun>הסיפורים</noun>  <noun>ארץ</noun>  רחוקה,  <date>1979).</date>  מבחינה  מבנית,  בסיפור  <pronoun>זה</pronoun>  <verb>יצר</verb>  <properName>בןנר</properName>  <noun>עלילה</noun>  כפולה,  שבכל  <numeral>אחד</numeral>  משני  חלקיה  <verb>יעשה</verb>  <noun>שימוש</noun>  <adjective>משוכלל</adjective>  <adverb>יותר</adverb>  בספריו  הבאים:  <noun>עלילה</noun>  <numeral>אחת</numeral>  <verb>מדובבת</verb>  <at-preposition>את</at-preposition>  <noun>תודעת</noun>  <noun>הגיבור</noun>  בדרך  <shel-preposition>של</shel-preposition>  <noun>מונולוג</noun>  פנימי,  ועלילה  <numeral>שנייה</numeral>  <verb>משתמשת</verb>  במוסכמות  <shel-preposition>של</shel-preposition>  המותחן,  שעיקרן  <noun>ניסיון</noun>  <verb>לפתור</verb>  חידה,  ושלפיהן  <noun>העלילה</noun>  <verb>מגיעה</verb>  לשיאה  <preposition>עם</preposition>  <noun>מציאת</noun>  הפתרון.  <at-preposition>את</at-preposition>  <noun>הנוסח</noun>  <shel-preposition>של</shel-preposition>  <noun>עלילת</noun>  <noun>מותחן</noun>  רבת-אינטריגות  <verb>שיכלל</verb>  ברומן  <adjective>הגדול</adjective>  והיומרני  <adverb>ביותר</adverb>  <date>שלו,פרוטוקול(1983),</date>  <verb>שבו</verb>  <verb>גולל</verb>  <at-preposition>את</at-preposition>  סיפורו  <shel-preposition>של</shel-preposition>  <noun>קומוניסט</noun>  ארץ-ישראלי  ותיק,  <participle>המוסיף</participle>  <verb>להסתתר</verb>  במחתרת  <verb>מדומיינת</verb>  <noun>שנים</noun>  <adjective>רבות</adjective>  <preposition>לאחר</preposition>  שהסתיימו  <noun>הקרבות</noun>  <adjective>האידיאולוגיים</adjective>  הגדולים.  <adverb>לכאורה</adverb>  <pronoun>זהו</pronoun>  <noun>רומן</noun>  אנטי-אידיאולוגי,  <conjunction>אך</conjunction>  בסופו  <shel-preposition>של</shel-preposition>  <noun>דבר</noun>  <pronoun>הוא</pronoun>  <verb>מציג</verb>  <at-preposition>את</at-preposition>  <noun>האידיאולוגיה</noun>  <adjective>הציונית</adjective>  כטוב  שבכל  העולמות,  במזרח  ובמערב  כאחד.
  <noun>אל</noun>  <noun>האקטואליה</noun>  שעל  <noun>גבול</noun>  <noun>העיתונאות</noun>  <verb>שב</verb>  <properName>בןנר</properName>  ברומן  <noun>מתחם</noun>  <noun>אויב</noun>  <date>(1997).</date>  במרכז  העלילה,  <participle>המתרחשת</participle>  זמן-מה  <preposition>לאחר</preposition>  <noun>רצח</noun>  רבין,  <verb>עומד</verb>  <noun>תלמיד</noun>  <noun>ישיבה</noun>  ולוחם  ביחידה  <adjective>מובחרת</adjective>  שחזר  בשאלה,  והיה  <numeral>אחד</numeral>  ממאבטחיו  <shel-preposition>של</shel-preposition>  <noun>ראש</noun>  <noun>הממשלה</noun>  שנרצח  בכיכר  העיר.  ה"רעים"  ברומן,  <participle>העושה</participle>  <noun>שימוש</noun>  במוסכמות  המותחן,  <pronomial>הם</pronomial>  <noun>אנשי</noun>  <noun>הימין</noun>  הדתיים.  <pronoun>אלה</pronoun>  <verb>עמדו</verb>  <conjunction>גם</conjunction>  במרכז  <noun>רומן</noun>  <properName>עתידני</properName>  אנטי-אוטופיסטי  שפירסם  <numeral>עשר</numeral>  <noun>שנים</noun>  <preposition>לפני</preposition>  כן,  <noun>מלאכים</noun>  <verb>באים</verb>  <date>(1987),</date>  ובו  <verb>תיאר</verb>  <at-preposition>את</at-preposition>  <properName>ישראל</properName>  כמדינה  <adjective>הנתונה</adjective>  בשלטון  תיאוקרטי,  <verb>שבו</verb>  <noun>החילונים</noun>  <verb>נרדפים</verb>  <preposition>על</preposition>  <noun>ידי</noun>  החרדים.  
  <numeral>שלושת</numeral>  <noun>הספרים</noun>  <date>תעתועון(1989),</date>  <noun>בוקר</noun>  <shel-preposition>של</shel-preposition>  <date>שוטים(1992)</date>  ועיר  <date>מקלט(2000)</date>  <adjective>בנויים</adjective>  <preposition>על</preposition>  <noun>סדרת</noun>  <noun>מונולוגים</noun>  שמצטרפים  <preposition>לכעין</preposition>  רומן.  <properName>תעתועון</properName>  <verb>הופיע</verb>  <adjective>סמוך</adjective>  לאינתיפאדה  הראשונה,  ומדובב  <numeral>חמישה</numeral>  <noun>ישראלים</noun>  שנקלעו  לסבך  <noun>המאורעות</noun>  <shel-preposition>של</shel-preposition>  אותה  עת:  <numeral>שני</numeral>  <noun>חיילים</noun>  בשירות  סדיר,  רופא,  אביו  <shel-preposition>של</shel-preposition>  <numeral>אחד</numeral>  מהם,  ואיש  <noun>שירותי</noun>  הביטחון.  <pronoun>כולם</pronoun>  <verb>מייצגים</verb>  <at-preposition>את</at-preposition>  <noun>החברה</noun>  <adjective>הישראלית</adjective>  <participle>המצויה</participle>  בתהליך  <shel-preposition>של</shel-preposition>  <noun>התפוררות</noun>  ואובדן  דרך.  <noun>בוקר</noun>  <shel-preposition>של</shel-preposition>  <noun>שוטים</noun>  <verb>משקף</verb>  <at-preposition>את</at-preposition>  <noun>השכול</noun>  ואת  <noun>האכזריות</noun>  <shel-preposition>של</shel-preposition>  <noun>החיים</noun>  בישראל  בסוף  האלף,  מנקודת  ראותו  <shel-preposition>של</shel-preposition>  <properName>מושבניק</properName>  <properName>בן</properName>  <numeral>שלושים</numeral>  ושלוש,  <noun>חריג</noun>  גבולי,  <properName>בן</properName>  בכור  למשפחה  <adjective>מוכה</adjective>  בשכול  כפול.  <noun>עיר</noun>  <noun>מקלט</noun>  <adjective>מורכב</adjective>  משורה  <shel-preposition>של</shel-preposition>  <noun>מונולוגים</noun>  <participle>המצטיינים</participle>  בעוצמה  <adjective>רגשית</adjective>  ובלשון  ססגונית,  ומושמעים  מפי  תל-אביבים  <noun>בני</noun>  <noun>גילים</noun>  ומגדרים  שונים,  שחיים  בסביבות  <noun>רחוב</noun>  בן-יהודה.  <noun>דמויות</noun>  <adjective>ראשיות</adjective>  בסיפור  <numeral>אחד</numeral>  <adjective>חוזרות</adjective>  ומופיעות  כדמויות  <adjective>משניות</adjective>  בסיפור  אחר,  <preposition>ללא</preposition>  <noun>קשר</noun>  <pronoun>זו</pronoun>  <preposition>עם</preposition>  זו,  כיאה  לחיים  בעיר  <adjective>מנוכרת</adjective>  ומסויטת.  <noun>גיבורת</noun>  <noun>הספר</noun>  <copula>היא</copula>  תלאביב,  בעבר  <numeral>אחת</numeral>  מפנינות  <noun>הכתר</noun>  <shel-preposition>של</shel-preposition>  <noun>הציונות</noun>  החלוצית,  <participle>המוצגת</participle>  <adverb>כאן</adverb>  כשדה  <noun>קרב</noun>  <verb>שבו</verb>  <verb>מתנהלים</verb>  <noun>מאבקי</noun>  <noun>הישרדות</noun>  ואדם  לאדם  זאב.
  <noun>הספר</noun>  <conjunction>אף</conjunction>  <numeral>אחד</numeral>  <adverb>עוד</adverb>  <negation>לא</negation>  <verb>מת</verb>  <date>בהליכה(2007)</date>  <noun>כתוב</noun>  כאוטוביוגרפיה  <participle>מוסווית</participle>  למחצה,  שגיבורה  <pronoun>הוא</pronoun>  "הסופר  איציק״.  <pronoun>אלה</pronoun>  <numeral>חמישה</numeral>  <noun>סיפורים</noun>  <participle>הכתובים</participle>  בסגנון  ריאליסטי,  שהפנטזיה  וההזיה  <verb>פולשות</verb>  אליו,  ובהם  <pronoun>הוא</pronoun>  פונה,  כדבריו,  <noun>אל</noun>  "העולם  <adjective>הגדול</adjective>  והמופלא  <participle>המשתרע</participle>  מחוץ  לכפר  ולתלאביב  ומעבר  לים  התיכון".  בפנייה  <pronoun>זו</pronoun>  אין,  כמובן,  <conjunction>רק</conjunction>  <noun>חדוות</noun>  מסע,  <conjunction>אלא</conjunction>  <conjunction>גם</conjunction>  <noun>הפניית</noun>  <noun>עורף</noun>  למציאות  <adjective>הישראלית</adjective>  שהכזיבה.  <date>ב-2013</date>  <verb>יצא</verb>  <preposition>לאור</preposition>  ספרו  <noun>המסע</noun>  <adjective>הלילי</adjective>  <adjective>הארוך</adjective>  <adverb>הביתה</adverb>  <participle>הכולל</participle>  <numeral>שבעה</numeral>  סיפורים,  חלקם  <adjective>חדשים</adjective>  ואחרים  <adjective>ותיקים</adjective>  שנערכו  מחדש.  
  <adverb>במקביל</adverb>  לסיפוריו  למבוגרים,  <participle>המתרחשים</participle>  במרחב  <adjective>הציבורי</adjective>  ומעלים  <noun>שלל</noun>  <noun>דמויות</noun>  בדיוניות,  <verb>פירסם</verb>  <properName>בןנר</properName>  <noun>שורת</noun>  <noun>ספרים</noun>  לילדים  ולנוער,  <participle>המבוססים</participle>  <preposition>על</preposition>  קורותיו  בכפר  הולדתו  ועל  <noun>החיים</noun>  במשפחתו:בעקבות  <participle>מבעיר</participle>  השדות,  <noun>ספר</noun>  <noun>הביכורים</noun>  שלו  <date>(1966),</date>  <verb>שב</verb>  והתפרסם  בראשית  <noun>שנות</noun>  השמונים,  ובעקבותיו  <verb>הופיעו</verb>  <noun>ספרים</noun>  <adjective>נוספים</adjective>  לבני  הנוער.  מספריו  <shel-preposition>של</shel-preposition>  <properName>בןנר</properName>  <verb>שאבו</verb>  <noun>השראה</noun>  <noun>סרטים</noun>  והצגות  <noun>תיאטרון</noun>  בשנות  <numeral>השמונים</numeral>  והתשעים,  ועל  סיפוריו  <verb>התבססו</verb>  <noun>המחזות</noun>  ניקול,  <noun>עיבוד</noun>  ובימוי  <properName>ראול</properName>  <properName>היימן</properName>  ("הבימה",  <date>1978);</date>  קהיר,  <properName>פברואר</properName>  78,  <noun>עיבוד</noun>  ובימוי  <properName>יצחק</properName>  שאולי  ("הבימה",  <date>1982);</date>  <properName>תעתועון</properName>  (מונודרמה,  <noun>התיאטרון</noun>  "הקאמרי",  <noun>ההצגה</noun>  <verb>זכתה</verb>  בפרס  <numeral>ראשון</numeral>  בפסטיבל  "תיאטרונטו"  בשנת  <date>1990);</date>  <noun>בוקר</noun>  <shel-preposition>של</shel-preposition>  <noun>שוטים</noun>  (מונודרמה,  "בית  ליסין",  <properName>פרס</properName>  <numeral>שני</numeral>  בפסטיבל  "תיאטרונטו",  <date>1993);</date>  <properName>אורי</properName>  <properName>מורי</properName>  (התיאטרון  "הקאמרי",  <date>1998);</date>  <adverb>ככה</adverb>  <pronoun>אני</pronoun>  <properName>פאםפאטאל</properName>  (תיאטרון  "תמונע",  <properName>פרס</properName>  <numeral>ראשון</numeral>  בפסטיבל  "תיאטרונטו",  <date>2004).</date>  
  <conjunction>כמו</conjunction>  <conjunction>כן</conjunction>  <verb>התבססו</verb>  <preposition>על</preposition>  סיפוריו  <noun>סרטי</noun>  <noun>הקולנוע</noun>  <date>עתליה(1984);משחקים</date>  <date>בחורף(1987);רומן</date>  <date>בהמשכים(1985);ומתחם</date>  <noun>אויב</noun>  (סרט  טלוויזיה,  <date>1999).
</date>  <verb>זכה</verb>  בפרס  <properName>עגנון</properName>  <date>(1981),</date>  בפרס  <properName>ברנשטיין</properName>  <date>(1981)</date>  ובפרס  <noun>היצירה</noun>  <preposition>על</preposition>  <adverb>שם</adverb>  <noun>ראש</noun>  <noun>הממשלה</noun>  <properName>לוי</properName>  <properName>אשכול</properName>  <date>(2006).
</date>  References:  
  גלסנר,  אריק.  ״אינטימיות  וקסם".  מעריבספרות  וספרים.  <date>7.9.2007.</date>  28;  הגורני,  אברהם.  "מן  <noun>האיש</noun>  משם  <noun>ועד</noun>  <noun>האיש</noun>  מכאן".  <adjective>מאזנייםנ"ד</adjective>  (4-3).  <date>1982.</date>  71-69;  הולצמן,  אבנר.  ״השוטה  הקדוש".  <noun>מפת</noun>  דרכים:  <noun>סיפורת</noun>  <adjective>עברית</adjective>  כיום.  <properName>תל</properName>  אביב:הקיבוץ  המאוחד.  <date>2005.</date>  99-97;  הירשפלד,  אריאל.  "סירחונה  <adjective>המטפורי</adjective>  <shel-preposition>של</shel-preposition>  האינתיפאדה".  הארץ.  <date>23.6.1989.</date>  ב'10;  ליפסקר,  אבידב.  "היסטוריה  כתמונת  מצב:  <noun>זמן</noun>  ועלילה  ב'פרוטוקול'  <preposition>מאת</preposition>  <properName>יצחק</properName>  בןנר".סימן  קריאה18.  <date>1986.</date>  325-316;  מירון,  דן.  ״מצב  <noun>הסיפורת</noun>  <punctuation>–</punctuation>  <preposition>מעין</preposition>  <noun>שיחת</noun>  סיכום".  הדאר58  (י"ג).  <date>1.2.1979.</date>  206;  רנן,  יעל.  "סיפוריו  <shel-preposition>של</shel-preposition>  בןנר".  <verb>סימן</verb>  <noun>קריאה</noun>  7.  <date>1977.</date>  428-427;  שחם,  חיה.  ״להתפכח  מחלום,  <verb>להיפרד</verb>  מחזון  <punctuation>–</punctuation>  <numeral>שלושה</numeral>  <noun>היבטים</noun>  <shel-preposition>של</shel-preposition>  <noun>חניכה</noun>  ארץ-ישראלית".  <noun>מחקרי</noun>  <properName>ירושלים</properName>  בספרות  <adjective>עברית</adjective>  י"ח.  <date>2001.</date>  339-321;  שקד,  גרשון.  ״נכון  לעכשיו:יצחק  בןנר".  <noun>הסיפורת</noun>  <adjective>העברית</adjective>  <date>1980-1880</date>  ה'.  <properName>תל</properName>  אביב:  <noun>הקיבוץ</noun>  <adjective>המאוחד</adjective>  וכתר.  <date>1998.</date>  445-410.
 
		</body>
	</text>
</TEI>