<?xml version="1.0" encoding="UTF-8"?>
<?xml-model href="http://www.tei-c.org/release/xml/tei/custom/schema/relaxng/tei_all.rng" type="application/xml" schematypens="http://relaxng.org/ns/structure/1.0"?>
<?xml-model href="http://www.tei-c.org/release/xml/tei/custom/schema/relaxng/tei_all.rng" type="application/xml"
	schematypens="http://purl.oclc.org/dsdl/schematron"?>
<TEI xmlns="http://www.tei-c.org/ns/1.0">
   <teiHeader>
      <fileDesc>
         <publicationStmt>
            <p>Publication Information</p>
         </publicationStmt>
         <sourceDesc>
            <p>Information about the source</p>
         </sourceDesc>
      </fileDesc>
   </teiHeader>
   <text>
      <body>
 Name:  בר-יוסף,  יוסף
  <foreign>Birth</foreign>  Year:  <date>1933
</date>  <foreign>Birth</foreign>  Place:  ירושלים,  <properName>דור</properName>  שישי
  Occupation:  <noun>מחזאי</noun>  וסופר
  <foreign>Entry</foreign>  writer:  <properName>אליקים</properName>  <properName>ירון</properName>  ומערכת  הלקסיקון
  <foreign>Entry</foreign>  Value:  
  <verb>נולד</verb>  בירושלים,  <properName>דור</properName>  <numeral>שישי</numeral>  <preposition>מצד</preposition>  <noun>משפחת</noun>  אביו,  <noun>הסופר</noun>  <properName>יהושע</properName>  בר-יוסף,  ודור  שמיני  <preposition>מצד</preposition>  <noun>משפחת</noun>  אמו  ציפורה.  <verb>למד</verb>  <noun>שנה</noun>  בחדר  <properName>ולאחרמכן</properName>  בבית  <noun>ספר</noun>  <adjective>יסודי</adjective>  <adjective>דתי</adjective>  לבנים.  <verb>המשיך</verb>  <at-preposition>את</at-preposition>  לימודיו  בתל  <properName>אביב</properName>  בתיכון  "בית  חינוך".  <copula>היה</copula>  <noun>חניך</noun>  "השומר  הצעיר".  <verb>למד</verb>  לתואר  <numeral>ראשון</numeral>  באוניברסיטה  <adjective>העברית</adjective>  בירושלים  <noun>פילוסופיה</noun>  <properName>יהודית</properName>  וקבלה  וספרות  אנגלית.  <verb>התפרנס</verb>  מעבודות  שונות,  <preposition>בין</preposition>  <noun>השאר</noun>  בצי  <noun>הסוחר</noun>  וכקבלן  שיפוצים,  <conjunction>אך</conjunction>  <adverb>בעיקר</adverb>  <verb>עבד</verb>  כעיתונאי  וכעורך.  
  <at-preposition>את</at-preposition>  דרכו  <adjective>הספרותית</adjective>  <verb>החל</verb>  בפרוזה,  בקובצי  <noun>הסיפורים</noun>  <noun>שפתיים</noun>  מלוחות  <date>(1954)</date>  ובורות  <noun>המים</noun>  <date>(1962)</date>  ובשתי  נובלות,  <noun>דליקה</noun>  באזור  <noun>האש</noun>  <date>(1957)</date>  וחייו  ומותו  <shel-preposition>של</shel-preposition>  <properName>יונתן</properName>  <properName>ארגמן</properName>  <date>(1959).</date>  מחזהו  הראשון,  טורא,הועלה  <date>ב-1963</date>  בתיאטרון  "הקאמרי",  ומאז  <pronoun>הוא</pronoun>  <participle>כותב</participle>  <adverb>בעיקר</adverb>  מחזות.  <preposition>במשך</preposition>  <adverb>יותר</adverb>  מארבעים  <noun>שנה</noun>  <verb>הוצגו</verb>  ארבעה-עשר  <noun>מחזות</noun>  שלו  בכל  <noun>התיאטרונים</noun>  <adjective>הרפרטואריים</adjective>  בישראל,  ואחדים  מהם  <verb>פורסמו</verb>  וגם  <verb>הוצגו</verb>  בחוץ  לארץ  <punctuation>–</punctuation>  ברוסיה,  באוקראינה,  בלטביה,  בפולין  ובצ'כיה,  בברזיל,  בסקוטלנד  ואף  בהודו.  מחזהו  <noun>אנשים</noun>  <adjective>קשים</adjective>  <verb>מוצג</verb>  <adverb>מאז</adverb>  <date>1992</date>  ברוסיה  ומחזהו  <pronoun>זה</pronoun>  <noun>הים</noun>  <adjective>הגדול</adjective>  <verb>הועלה</verb>  בבכורה  <adjective>עולמית</adjective>  בקייב  <date>(2003)</date>  <preposition>לפני</preposition>  שהוצג  בתיאטרון  "הקאמרי"  <date>(2006).</date>  בשנים  <adjective>האחרונות</adjective>  <verb>חזר</verb>  לכתיבת  <noun>פרוזה</noun>  ופירסם  <numeral>שני</numeral>  <noun>רומנים</noun>  שזכו  לשבחי  הביקורת:  <negation>לא</negation>  בבית  <pronoun>הזה</pronoun>  <date>(2007)</date>  ולמי  <adverb>איכפת</adverb>  מחלומות?  <date>(2009).</date>  <pronoun>כמה</pronoun>  ממחזותיו  <verb>יצאו</verb>  <preposition>לאור</preposition>  בספרים:  <properName>טורא</properName>  <date>(1963);</date>  <noun>הכבשה</noun>  <date>(1970);אנשים</date>  <adjective>קשים</adjective>  <conjunction>ועוד</conjunction>  <noun>מחזות</noun>  <date>(1986);זה</date>  <noun>הים</noun>  הגדול,  <noun>קובץ</noun>  <noun>הכולל</noun>  <conjunction>גם</conjunction>  <at-preposition>את</at-preposition>  "הזהב  <shel-preposition>של</shel-preposition>  אלקה"  <date>(1999).</date>  לבר-יוסף  <verb>הוענק</verb>  <properName>פרס</properName>  <noun>הנשיא</noun>  <properName>שזר</properName>  <noun>למחזאות</noun>  <date>(1974).</date>  <date>ב-2003</date>  <verb>הוענק</verb>  <conjunction>לו</conjunction>  <properName>פרס</properName>  ישראל.
  מחזותיו  <adjective>רחוקים</adjective>  <preposition>מן</preposition>  <noun>הנטייה</noun>  <adjective>הז'ורנליסטית</adjective>  <adjective>הרווחת</adjective>  בישראל  והם  <adjective>חפים</adjective>  מכל  <noun>ממד</noun>  <adjective>פוליטי</adjective>  אקטואלי.  <pronoun>הוא</pronoun>  <verb>מעמיד</verb>  במרכז  מחזותיו  <at-preposition>את</at-preposition>  <noun>האדם</noun>  הקטן,  <at-preposition>את</at-preposition>  חולשותיו  ואהבותיו.  <existential>יש</existential>  <participle>בעולמוקרבה</participle>  <adjective>מסוימת</adjective>  למחזותיו  <shel-preposition>של</shel-preposition>  צ'כוב.  <preposition>עם</preposition>  זאת,  <negation>אין</negation>  לטעות:  <noun>הדמויות</noun>  שהוא  <verb>מעצב</verb>  <adverb>הן</adverb>  <adjective>ישראליות</adjective>  ונטועות  ברקע  המקומי.  <noun>הנטייה</noun>  <shel-preposition>של</shel-preposition>  <noun>המחזאי</noun>  <pronoun>היא</pronoun>  <adjective>קאמרית</adjective>  ואינטימית,  כשתשומת  <noun>הלב</noun>  <adjective>ממוקדת</adjective>  באדם,  שהוא  <noun>בעל</noun>  <noun>תווי</noun>  <noun>אישיות</noun>  ואופי  <verb>מוגדרים</verb>  היטב.  <noun>אדם</noun>  <pronoun>זה</pronoun>  <conjunction>גם</conjunction>  <copula>אינו</copula>  <modal>ניתן</modal>  לניתוק  מסביבתו,  שהיא  "מיליה"  ברור,  כשהאדם  <pronoun>הוא</pronoun>  <wPrefix>בלתי</wPrefix>  <adjective>נפרד</adjective>  ממנו.  גיבורו  <shel-preposition>של</shel-preposition>  בר-יוסף  <verb>נקלע</verb>  <preposition>בין</preposition>  <numeral>שני</numeral>  עולמות,  והוא  <verb>מנסה</verb>  <verb>לגשר</verb>  ביניהם  <preposition>ללא</preposition>  הצלחה.  אי-האפשרות  <pronoun>הזאת</pronoun>  <adjective>קשורה</adjective>  באישיותו,  <conjunction>שכן</conjunction>  <pronoun>הוא</pronoun>  "איש  קשה",  <noun>אדם</noun>  שאינו  <modal>יכול</modal>  להתפשר,  <adverb>ישר</adverb>  <preposition>עם</preposition>  עצמו,  <adjective>נכסף</adjective>  בכל  מאודו  לעולם  אחר,  <conjunction>אך</conjunction>  לשווא.  <noun>סימן</noun>  <noun>ההיכר</noun>  לקושי  <pronoun>הזה</pronoun>  <pronoun>הוא</pronoun>  <noun>דיאלוג</noun>  <adjective>מרוסק</adjective>  <preposition>עם</preposition>  הסביבה,  שלא  <verb>נשלם</verb>  לעולם.
  מחזהו  הפרדס,  לדוגמה,  <noun>קרוב</noun>  לרוחו  <shel-preposition>של</shel-preposition>  <properName>צ'כוב</properName>  בגן  הדובדבנים.  <noun>הגן</noun>  <shel-preposition>של</shel-preposition>  <properName>צ'כוב</properName>  <verb>קיים</verb>  <adverb>אמנם</adverb>  באופן  אובייקטיבי,  <conjunction>אלא</conjunction>  שהווייתו  <adjective>האמיתית</adjective>  <pronoun>היא</pronoun>  בעיני  המתבונן.  בעיני  <verb>אחד</verb>  <negation>אין</negation>  <pronoun>הוא</pronoun>  <conjunction>אלא</conjunction>  <noun>נכס</noun>  <noun>בעל</noun>  <noun>ערך</noun>  <adjective>כלכלי</adjective>  נתון,  ובעיני  <adjective>אחר</adjective>  <pronoun>הוא</pronoun>  <noun>עולם</noun>  <shel-preposition>של</shel-preposition>  <noun>זיכרונות</noun>  <noun>בעלי</noun>  <noun>אופי</noun>  נוסטלגי.  <adverb>כך</adverb>  <conjunction>גם</conjunction>  הפרדס,  שבעיני  הגיבורה,  אידה,  <pronoun>הוא</pronoun>  <verb>מייצג</verb>  <noun>יופי</noun>  מיוחד,  <noun>פריחה</noun>  ועולם  <shel-preposition>של</shel-preposition>  חלום,  ואילו  <noun>בני</noun>  <noun>המשפחה</noun>  <verb>רואים</verb>  בו  נכס,  רכוש.  <noun>סיטואציה</noun>  <adjective>דרמטית</adjective>  <verb>מעוצבת</verb>  <conjunction>גם</conjunction>  במחזהו  <pronoun>זה</pronoun>  <noun>הים</noun>  הגדול,  שברקעו  <noun>הים</noun>  <shel-preposition>של</shel-preposition>  <properName>תלאביב</properName>  <participle>המגדיר</participle>  <at-preposition>את</at-preposition>  טיבה  <shel-preposition>של</shel-preposition>  העיר.  <noun>הים</noun>  <preposition>עבור</preposition>  <noun>הדמויות</noun>  שבמחזה  <pronoun>הוא</pronoun>  <noun>מקום</noun>  <shel-preposition>של</shel-preposition>  <noun>ערגה</noun>  למקום  <adjective>נכסף</adjective>  ורחוק.  <conjunction>אך</conjunction>  <quantifier>כל</quantifier>  <noun>דמות</noun>  והים  שלה,  <noun>מקום</noun>  <shel-preposition>של</shel-preposition>  <noun>התבוננות</noun>  <adjective>עמוקה</adjective>  פנימה,  שמעניק  לריאליזם  <shel-preposition>של</shel-preposition>  <noun>המחזה</noun>  <noun>ממד</noun>  <shel-preposition>של</shel-preposition>  <noun>פיוט</noun>  ומשווה  לדימוי  <adjective>המרכזי</adjective>  שלו  <noun>עוצמה</noun>  <shel-preposition>של</shel-preposition>  <noun>מורכבות</noun>  מצטברת.  נוח,  <noun>הדמות</noun>  הראשית,  <verb>מבקש</verb>  <verb>להטעין</verb>  <at-preposition>את</at-preposition>  <noun>הים</noun>  במשמעות  <adjective>סמלית</adjective>  עמוקה,  <conjunction>בעוד</conjunction>  שבעיני  <noun>פנינה</noun>  אשתו  <noun>הים</noun>  <copula>אינו</copula>  <conjunction>אלא</conjunction>  ים.  בעיניו  <noun>הים</noun>  <noun>נושא</noun>  <noun>אפיקים</noun>  <shel-preposition>של</shel-preposition>  <properName>תקווה</properName>  והתחלה  חדשה,  בעיניה  <negation>אין</negation>  בים  <adverb>יותר</adverb>  ממה  שיש  בו.
  <verb>אידה</verb>  ונוח  <pronomial>הם</pronomial>  <noun>אנשים</noun>  קשים,  שאינם  <modal>מסוגלים</modal>  לוותר.  <conjunction>גם</conjunction>  בוצ'ה,  במחזה  בשם  זה,  <pronoun>הוא</pronoun>  <noun>איש</noun>  <adjective>קשה</adjective>  וגם  <conjunction>לו</conjunction>  <negation>אין</negation>  <noun>סיכוי</noun>  <verb>ליישב</verb>  <at-preposition>את</at-preposition>  <noun>היחסים</noun>  <adjective>המעורערים</adjective>  בינו  <preposition>לבין</preposition>  אביו.  <conjunction>רק</conjunction>  בשעת  מותו  <verb>זוכה</verb>  <noun>הבן</noun>  לחיבוק  מאביו  הגוסס.  וכמוהו  <conjunction>גם</conjunction>  <properName>אברהם</properName>  טורא,  <noun>גיבור</noun>  <noun>המחזה</noun>  טורא,  <pronoun>הוא</pronoun>  <noun>איש</noun>  קשה.  <preposition>על</preposition>  <noun>פי</noun>  תפישתו,  בתו  חטאה,  והמסורת  <adjective>הפטריארכלית</adjective>  שעליה  <verb>גדל</verb>  ובה  <pronoun>הוא</pronoun>  <noun>דבק</noun>  <copula>אינה</copula>  <verb>מניחה</verb>  <noun>מקום</noun>  לפשרה.  <preposition>על</preposition>  <noun>הבת</noun>  <adjective>האהובה</adjective>  למות.  <noun>הרצח</noun>  <preposition>בשל</preposition>  <noun>כבוד</noun>  <noun>המשפחה</noun>  <pronoun>הוא</pronoun>  <adverb>כאן</adverb>  <punctuation>–</punctuation>  <preposition>כמו</preposition>  הפרדס,  <conjunction>או</conjunction>  <noun>היקב</noun>  בבוצ'ה,  <conjunction>או</conjunction>  <noun>השידוך</noun>  באנשים  <adjective>קשים</adjective>  <punctuation>–</punctuation>  <noun>המוקד</noun>  שסביבו  <verb>מתרחשת</verb>  <noun>עלילת</noun>  הדרמה.  <conjunction>אך</conjunction>  <preposition>סביב</preposition>  <noun>מוקד</noun>  <pronoun>זה</pronoun>  <verb>נוצר</verb>  <conjunction>גם</conjunction>  <noun>העולם</noun>  הסימבולי,  <participle>המרומם</participle>  <at-preposition>את</at-preposition>  <noun>הריאליזם</noun>  מפשטותו  כתיאור  <shel-preposition>של</shel-preposition>  הווי.  בנקודה  <pronoun>זו</pronoun>  <verb>חדלים</verb>  מחזותיו  <shel-preposition>של</shel-preposition>  בר-יוסף  <copula>להיות</copula>  <adjective>ישראליים</adjective>  במובן  <adjective>הצר</adjective>  והלוקלי  <shel-preposition>של</shel-preposition>  המושג,  <conjunction>אלא</conjunction>  <pronomial>הם</pronomial>  <verb>מבקיעים</verb>  <preposition>אל</preposition>  <noun>רמות</noun>  <shel-preposition>של</shel-preposition>  <noun>אנושיות</noun>  ואוניברסליות.  <adjective>היפה</adjective>  במחזות  <pronoun>אלה</pronoun>  <pronoun>הוא</pronoun>  שהנפשות  <participle>הפועלות</participle>  <adverb>הן</adverb>  מלאות,  בעלות  <noun>זהות</noun>  ואופי,  <noun>דמויות</noun>  <noun>אנושיות</noun>  ו"עגולות".  <noun>דברים</noun>  <pronoun>אלה</pronoun>  <verb>נכונים</verb>  <conjunction>גם</conjunction>  <preposition>לגבי</preposition>  <noun>דמויות</noun>  המשנה,  שאף  <adverb>הן</adverb>  <adjective>חפות</adjective>  מסטריאוטיפיות.  
  <noun>לשון</noun>  <noun>הדיאלוג</noun>  <shel-preposition>של</shel-preposition>  <noun>המחזות</noun>  <adjective>צמודה</adjective>  לקרקע  <noun>המציאות</noun>  ולעולם  <copula>אינה</copula>  <adjective>ספרותית</adjective>  <conjunction>או</conjunction>  <adjective>מנותקת</adjective>  <preposition>מן</preposition>  <noun>המציאות</noun>  <adjective>הקונקרטית</adjective>  <verb>שבה</verb>  <verb>מתרחשת</verb>  העלילה.  אדרבה,  <noun>המחזאי</noun>  <copula>אינו</copula>  <verb>נרתע</verb>  משילוב  <noun>ביטויי</noun>  <properName>סלנג</properName>  בלשון  הדיאלוג,  כשהכול  בגבולות  הריאליזם,  <conjunction>אבל</conjunction>  <conjunction>גם</conjunction>  <preposition>מתוך</preposition>  <noun>הגבולות</noun>  <adjective>הצרים</adjective>  <pronoun>האלה</pronoun>  <verb>ימצא</verb>  <at-preposition>את</at-preposition>  <noun>הדרך</noun>  <verb>לחלץ</verb>  <at-preposition>את</at-preposition>  הפיוט.  
  <noun>עלילת</noun>  <noun>המחזה</noun>  <noun>חגיגת</noun>  חורף,  <adverb>אולי</adverb>  <noun>הפחות</noun>  <noun>ידוע</noun>  ממחזותיו,  <verb>מתרחשת</verb>  במסעדה  <adjective>שכונתית</adjective>  <adjective>קטנה</adjective>  בדרום  <properName>תלאביב</properName>  ביום  גשום.  <noun>המחזה</noun>  משלב  <numeral>שני</numeral>  <noun>סוגי</noun>  <noun>אירועים</noun>  בחייהן  <shel-preposition>של</shel-preposition>  <numeral>שלוש</numeral>  דמויות:  <noun>אירועים</noun>  בהווה  ואירועים  בעברן  הרחוק.  <noun>המחזה</noun>  <adverb>אמנם</adverb>  <verb>מעמיד</verb>  בקדמת  <noun>הבמה</noun>  <noun>אירוע</noun>  <participle>הקשור</participle>  בשואה  ואת  חייהם  <shel-preposition>של</shel-preposition>  <noun>ניצולי</noun>  שואה,  <conjunction>אך</conjunction>  <adverb>למעשה</adverb>  <pronoun>הוא</pronoun>  <verb>מבקש</verb>  <verb>לבדוק</verb>  <at-preposition>את</at-preposition>  <noun>המוסכמות</noun>  <adjective>החברתיות</adjective>  והתרבותיות  <punctuation>–</punctuation>  <adverb>בעיקר</adverb>  <noun>קשרי</noun>  <noun>אהבה</noun>  ואבהות.  <noun>הדימוי</noun>  <adjective>המרכזי</adjective>  <pronoun>הוא</pronoun>  זלילה.  <pronoun>זה</pronoun>  <noun>העיסוק</noun>  <adjective>העיקרי</adjective>  <shel-preposition>של</shel-preposition>  <properName>שלמה</properName>  דומב,  <noun>גיבור</noun>  המחזה,  <participle>המרבה</participle>  <verb>לאכול</verb>  במסעדה,  <verb>אוכל</verb>  <preposition>ללא</preposition>  הרף.  <noun>המסעדה</noun>  <copula>אינה</copula>  <noun>מקום</noun>  <adjective>מקרי</adjective>  <conjunction>או</conjunction>  <noun>רקע</noun>  בלבד.  <noun>המסעדה</noun>  <pronoun>היא</pronoun>  <noun>צומת</noun>  <verb>שבו</verb>  <verb>נפגשים</verb>  <pronoun>כמה</pronoun>  <noun>צירים</noun>  <shel-preposition>של</shel-preposition>  העלילה.  <noun>הציר</noun>  <adjective>העיקרי</adjective>  <pronoun>הוא</pronoun>  <noun>הקשר</noun>  <preposition>בין</preposition>  <properName>דומב</properName>  לאכילה  שלו.  <properName>דומב</properName>  <copula>היה</copula>  <noun>ילד</noun>  <participle>רדוף</participle>  בימי  <noun>מלחמת</noun>  <noun>העולם</noun>  השנייה,  והוא  <conjunction>גם</conjunction>  <participle>רדוף</participle>  <preposition>בידי</preposition>  <pronoun>עצמו</pronoun>  בהווה.  <preposition>סביב</preposition>  <noun>פולחן</noun>  <noun>האכילה</noun>  <verb>בודק</verb>  <properName>דומב</properName>  <at-preposition>את</at-preposition>  <noun>טיב</noun>  יחסיו  <preposition>עם</preposition>  בנו.  <noun>האוכל</noun>  <pronoun>הוא</pronoun>  <noun>הדבר</noun>  המוחשי.  <pronoun>הוא</pronoun>  <noun>אמצעי</noun>  <verb>לחיות</verb>  <at-preposition>את</at-preposition>  <interrogative>מה</interrogative>  שאין.  <noun>הרעב</noun>  <pronoun>הוא</pronoun>  <noun>מימוש</noun>  <noun>הרצון</noun>  להיות,  <properName>ודומב</properName>  <verb>נקלע</verb>  למצב  <verb>שבו</verb>  <copula>יהיה</copula>  עליו  <verb>לאכול</verb>  <preposition>ללא</preposition>  הרף.  <conjunction>אך</conjunction>  <preposition>כמו</preposition>  <properName>טנטלוס</properName>  במיתולוגיה,  <pronoun>הוא</pronoun>  <verb>נידון</verb>  לרעב  נצחי.  <noun>האוכל</noun>  <verb>ממלא</verb>  <quantifier>איזה</quantifier>  <noun>ריק</noun>  <preposition>בשל</preposition>  <noun>תחושה</noun>  <shel-preposition>של</shel-preposition>  <noun>בדידות</noun>  ונטישה  בעולם  <preposition>ללא</preposition>  אלוהים.  <modal>אפשר</modal>  <conjunction>גם</conjunction>  שהאכילה  <copula>אינה</copula>  <conjunction>רק</conjunction>  <noun>מילוי</noun>  <adjective>חסר</adjective>  <shel-preposition>של</shel-preposition>  אהבה,  <conjunction>אלא</conjunction>  <noun>אישור</noun>  לעצם  הקיום.
  בוצ'ה  <pronoun>הוא</pronoun>  <noun>סיפור</noun>  <shel-preposition>של</shel-preposition>  <noun>חזרה</noun>  בתשובה.  <noun>גיבור</noun>  <noun>המחזה</noun>  התפקר,  <verb>התאכזב</verb>  <preposition>מן</preposition>  <noun>העולם</noun>  <adjective>החילוני</adjective>  וחזר  <preposition>אל</preposition>  <numeral>מאה</numeral>  שערים.  <noun>המניעים</noun>  שהובילו  אותו  <preposition>אל</preposition>  <noun>המהלך</noun>  <pronoun>הזה</pronoun>  <negation>לא</negation>  <adjective>ברורים</adjective>  לחלוטין.  <interrogative>האם</interrogative>  <pronoun>הוא</pronoun>  <verb>חוזר</verb>  <preposition>אל</preposition>  משפחתו  <preposition>מתוך</preposition>  <noun>דאגה</noun>  <adjective>כנה</adjective>  לאביו,  <conjunction>או</conjunction>  <adverb>שמא</adverb>  <preposition>מתוך</preposition>  <noun>עניין</noun>  בחלקו  בירושה.  <quantifier>הרבה</quantifier>  <noun>שאלות</noun>  <verb>נותרות</verb>  פתוחות.  <adverb>כך</adverb>  <conjunction>או</conjunction>  כך,  בוצ'ה  <verb>מגלה</verb>  שהעולם  <adjective>החרדי</adjective>  והעולם  <adjective>החילוני</adjective>  <verb>כאחדבנויים</verb>  <preposition>על</preposition>  שקרים.  <pronoun>הוא</pronoun>  <verb>מתעמת</verb>  <preposition>עם</preposition>  <noun>דמות</noun>  <participle>האבועם</participle>  <noun>העולם</noun>  <adjective>הדתי</adjective>  שהוא  מייצג.  <pronoun>הוא</pronoun>  <pronoun>כמה</pronoun>  לעולם  ילדותו,  <noun>עולם</noun>  <adjective>מוגן</adjective>  ומוכר,  ואף  <verb>מתגעגע</verb>  <preposition>אל</preposition>  <noun>אב</noun>  <adjective>סמכותי</adjective>  וחזק.  <pronoun>הוא</pronoun>  <conjunction>גם</conjunction>  <verb>עייף</verb>  מהבלי  <noun>העולם</noun>  החילוני,  <conjunction>אך</conjunction>  בה  <noun>בעת</noun>  <copula>אינו</copula>  <modal>מוכן</modal>  <verb>לוותר</verb>  <preposition>על</preposition>  <noun>תחושת</noun>  <noun>החירות</noun>  והבחירה  <adjective>החופשית</adjective>  שעולם  <pronoun>זה</pronoun>  <verb>מעניק</verb>  לו.  <modal>אפשר</modal>  שהדילמה  <pronoun>הזאת</pronoun>  <verb>משקפת</verb>  <at-preposition>את</at-preposition>  עולמו  <shel-preposition>של</shel-preposition>  המחזאי,  שצמח  בשני  <noun>העולמות</noun>  וחווה  <at-preposition>את</at-preposition>  שניהם.
  ספרו  <adjective>האחרון</adjective>  <preposition>עד</preposition>  כה,  תמרה,  <verb>פורסם</verb>  <date>ב-2010</date>  בהוצאת  זמורה-ביתן.  <preposition>כמו</preposition>  <conjunction>כן</conjunction>  <verb>ראה</verb>  <noun>אור</noun>  <noun>הקובץ</noun>  <noun>אנשים</noun>  קשים:  <noun>מחזות</noun>  <date>2010-1963</date>  <date>(2011),</date>  <noun>הכולל</noun>  תשעה-עשר  מחזות,  בהוצאת  <properName>דביר</properName>  ומכון  הקשרים,  <noun>אוניברסיטת</noun>  בן-גוריון.  
  References:  
  בלבן,  אברהם.  "אנשים  <adjective>תמהונים</adjective>  <verb>מחפשים</verb>  <adjective>אחר</adjective>  <noun>טוהר</noun>  האמת".  <noun>הארץ</noun>  ספרים.  <date>20.6.2007;</date>  גלסנר,  אריק.  "האב,  <noun>הבן</noun>  ורוח  הקודש".  <properName>מעריב</properName>  ספרות.  <date>15.6.2007;</date>  לאור,  יצחק.  "הריאליזם  המובס".  <noun>הארץ</noun>  <noun>תרבות</noun>  וספרות.  <date>26.2.1999;</date>  סיכסק,  איימן.  "משולש  <adjective>חד</adjective>  זווית".  <noun>הארץ</noun>  ספרים.  <date>18.3.2009.</date>  4.  
 
		</body>
	</text>
</TEI>