<?xml version="1.0" encoding="UTF-8"?>
<?xml-model href="http://www.tei-c.org/release/xml/tei/custom/schema/relaxng/tei_all.rng" type="application/xml" schematypens="http://relaxng.org/ns/structure/1.0"?>
<?xml-model href="http://www.tei-c.org/release/xml/tei/custom/schema/relaxng/tei_all.rng" type="application/xml"
	schematypens="http://purl.oclc.org/dsdl/schematron"?>
<TEI xmlns="http://www.tei-c.org/ns/1.0">
   <teiHeader>
      <fileDesc>
         <publicationStmt>
            <p>Publication Information</p>
         </publicationStmt>
         <sourceDesc>
            <p>Information about the source</p>
         </sourceDesc>
      </fileDesc>
   </teiHeader>
   <text>
      <body>
 <?xml  version="1.0"  encoding="UTF-8"?>
  <?xml-model  href="http://www.tei-c.org/release/xml/tei/custom/schema/relaxng/tei_all.rng"  type="application/xml"  schematypens="http://relaxng.org/ns/structure/1.0"?>
  <?xml-model  href="http://www.tei-c.org/release/xml/tei/custom/schema/relaxng/tei_all.rng"  type="application/xml"
  	schematypens="http://purl.oclc.org/dsdl/schematron"?>
  <TEI  xmlns="http://www.tei-c.org/ns/1.0">
        <teiHeader>
              <fileDesc>
                    <publicationStmt>
                          <p>Publication  Information</p>
                    </publicationStmt>
                    <sourceDesc>
                          <p>Information  about  the  source</p>
                    </sourceDesc>
              </fileDesc>
        </teiHeader>
        <text>
              <body>
    Name:    ברדוגו,    סמי
      <foreign>Birth</foreign>    Year:    <date><date>1970
</date>  </date>    <foreign>Birth</foreign>    Place:    <verb>גדל</verb>    במזכרתבתיה
      Occupation:    סופר
      <foreign>Entry</foreign>    writer:    <properName>דנה</properName>    בן-זקן    ובתיה    שמעוני
      <foreign>Entry</foreign>    Value:    
      <verb>נולד</verb>    וגדל    במזכרתבתיה.    הוריו,    <properName>אסתר</properName>    ומרדכי    ברדוגו,    <verb>עלו</verb>    לישראל    ממרוקו    <date><date>ב-1964.</date></date>    בהיותו    <properName>בן</properName>    שלוש-עשרה    <verb>התייתם</verb>    מאביו.    <verb>למד</verb>    בבית    <noun>הספר</noun>    <adjective>התיכון</adjective>    <adjective>האזורי</adjective>    בגדרה,    במגמה    ביולוגית.    <at-preposition>את</at-preposition>    שירותו    <adjective>הצבאי</adjective>    <verb>עשה</verb>    בהנדסה    קרבית.    <preposition>לאחר</preposition>    שחרורו    מצה"ל    <verb>נסע</verb>    לשנה    לפריז,    ובשובו    <properName>למדהיסטוריה</properName>    וספרות    <adjective>כללית</adjective>    באוניברסיטה    <adjective>העברית</adjective>    בירושלים.    <preposition>עם</preposition>    <noun>תום</noun>    לימודיו    <adjective>האקדמיים</adjective>    <verb>עבר</verb>    מירושלים    לתלאביב.    <adverb>מאז</adverb>    <pronoun>הוא</pronoun>    <verb>מתגורר</verb>    בה    ומשלב    <preposition>בין</preposition>    עבודתו    במשרד    <noun>פרסום</noun>    ובין    כתיבה.    
      דרכו    <adjective>הספרותית</adjective>    <verb>נפתחה</verb>    <preposition>עם</preposition>    <noun>פרסום</noun>    סיפורו    "שוק"    במסגרת    <noun>תחרות</noun>    <noun>הסיפור</noun>    <adjective>הקצר</adjective>    <shel-preposition>של</shel-preposition>    <noun>עיתון</noun>    הארץ,    שבה    <verb>זכה</verb>    בפרס    <numeral>ראשון</numeral>    <date><date>(1998).</date></date>    <preposition>כעבור</preposition>    כשנה    <verb>ראה</verb>    <noun>אור</noun>    <noun>קובץ</noun>    סיפוריו    הראשון,    <noun>ילדה</noun>    <adjective>שחורה</adjective>    (בבל,    <date><date>1999).</date></date>    <noun>הקובץ</noun>    <verb>מורכב</verb>    מאחד-עשר    <noun>סיפורים</noun>    קצרים,    <participle>המגוללים</participle>    <at-preposition>את</at-preposition>    סיפוריהן    <shel-preposition>של</shel-preposition>    <noun>משפחות</noun>    <noun>מהגרים</noun>    חד-הוריות    <participle>המתגוררות</participle>    בפריפריה.    
      כשלוש    <noun>שנים</noun>    <preposition>לאחר</preposition>    <noun>פרסום</noun>    <noun>קובץ</noun>    <noun>הסיפורים</noun>    <verb>פורסם</verb>    <noun>הרומן</noun>    <numeral>הראשון</numeral>    שלו,    <adverb>ככה</adverb>    <pronoun>אני</pronoun>    <verb>מדברת</verb>    <preposition>עם</preposition>    <noun>הרוח</noun>    <date><date>(2002),</date></date>    שעלילתו    <verb>מסופרת</verb>    <noun>דרך</noun>    תודעתה    <shel-preposition>של</shel-preposition>    אישה,    <participle>המתארת</participle>    <at-preposition>את</at-preposition>    יחסיה    <preposition>עם</preposition>    <noun>בני</noun>    משפחתה    ועם    <participle>הסובבים</participle>    אותה.    ספרו    השלישי,    <noun>יתומים</noun>    <date><date>(2006),</date></date>    <verb>מורכב</verb>    משתי    נובלות.    הראשונה,    "אחי    <noun>הצעיר</noun>    יהודה",    <verb>מגוללת</verb>    <at-preposition>את</at-preposition>    סיפורו    <shel-preposition>של</shel-preposition>    יחיאל,    <noun>יליד</noun>    הארץ,    <properName>בן</properName>    להורים    שהיגרו    ממרוקו,    <participle>הממתין</participle>    לגיוסו    לצה"ל    ובה    בעת    להולדת    אחיו    הצעיר.    השנייה,    "יתומים",    <verb>מתארת</verb>    <at-preposition>את</at-preposition>    <noun>תהליך</noun>    <noun>התפרקות</noun>    משפחתו    <shel-preposition>של</shel-preposition>    <properName>שמואל</properName>    שטרית,    <noun>מהגר</noun>    ממרוקו,    שאשתו    רחל,    <noun>בת</noun>    לניצולי    שואה,    <verb>נעדרת</verb>    באופן    <adjective>פתאומי</adjective>    מביתה    <preposition>לאחר</preposition>    שחלתה    במחלה    מסתורית,    ומותירה    אותו    <preposition>עם</preposition>    <noun>שני</noun>    בניו.            
      <noun>הרומן</noun>    <pronoun>זה</pronoun>    <noun>הדברים</noun>    <date><date>(2010)</date></date>    <verb>מביא</verb>    <preposition>לידי</preposition>    <noun>הקצנה</noun>    <at-preposition>את</at-preposition>    <noun>המתח</noun>    <adjective>הפנימי</adjective>    <preposition>בין</preposition>    <noun>תלישות</noun>    <adjective>עדתית</adjective>    ובין    ישראליות,    שאינו    <verb>מאפשר</verb>    לגיבור    <verb>להוסיף</verb>    ולהתקיים.    <noun>המספר</noun>    ברומן    <verb>חוטף</verb>    <at-preposition>את</at-preposition>    אמו    מבית    <noun>האבות</noun>    <verb>שבו</verb>    <pronoun>היא</pronoun>    <adjective>חיה</adjective>    וכולא    אותה    בבית    ילדותו,    <adverb>שם</adverb>    <pronoun>הוא</pronoun>    <verb>מבקש</verb>    <verb>לכפות</verb>    עליה    <at-preposition>את</at-preposition>    <noun>לימוד</noun>    <noun>השפה</noun>    העברית,    <conjunction>כדי</conjunction>    להיפטר,    <numeral>אחת</numeral>    ולתמיד,    מתחושת    <noun>חוסר</noun>    <noun>השייכות</noun>    <participle>המנקרת</participle>    בו.    <conjunction>אלא</conjunction>    שהאם    <copula>אינה</copula>    <verb>נענית</verb>    <properName>בנקל</properName>    ויוצקת    <preposition>אל</preposition>    <noun>תוך</noun>    <noun>העזובה</noun>    <adjective>הביתית</adjective>    <participle>המאיימת</participle>    <at-preposition>את</at-preposition>    סיפורה    שלה.    בעברית    שבורה,    <adjective>המעורבת</adjective>    ערבית-מרוקאית    וצרפתית,    <pronoun>היא</pronoun>    <verb>מתארת</verb>    <at-preposition>את</at-preposition>    סיפורה    <shel-preposition>של</shel-preposition>    מָחָה,    ילדה-נערה    מרוקאית,    <participle>הנודדת</participle>    במרחבי    <noun>העולם</noun>    הישן.
      <adverb>במקביל</adverb>    ליצירות    <pronoun>הללו</pronoun>    <verb>פירסם</verb>    <noun>סיפורים</noun>    <adjective>קצרים</adjective>    בעיתונות    <adjective>היומית</adjective>    ובבמות    ספרותיות,    בהם:    "חדר    <date><date>1314"</date></date>    (הארץ,    <date><date>1998);"ראש</date></date>    משפחה"    (הארץ,    <date><date>1999);"להריח</date></date>    <at-preposition>את</at-preposition>    <noun>הטעם</noun>    <shel-preposition>של</shel-preposition>    הלימונים"    (ידיעות    אחרונות,    <date><date>2002);"הקסם</date></date>    <shel-preposition>של</shel-preposition>    ז'אק"    (ידיעות    אחרונות,    <date><date>2004);</date></date>    והסיפור    "מסילות",    שפורסם    בספר    <noun>תהודות</noun>    <adjective>זהות</adjective>    (עם    עובד,    <date><date>2007).</date></date>    בקובץ    <noun>הילד</noun>    <adjective>האחרון</adjective>    <shel-preposition>של</shel-preposition>    <numeral>המאה</numeral>    <date><date>(2011)</date></date>    <verb>כינס</verb>    <properName>ברדוגו</properName>    <quantifier>מבחר</quantifier>    מסיפוריו    <adjective>הקצרים</adjective>    ומהנובלות    שלו,    חלקם    בעריכה    מחודשת.
      בכלל    יצירותיו    <verb>בולט</verb>    <noun>העיסוק</noun>    בתא    <adjective>המשפחתי</adjective>    ובטיב    <noun>היחסים</noun>    <preposition>בין</preposition>    <noun>הפרטים</noun>    <participle>המרכיבים</participle>    אותו.    גיבוריו    <pronomial>הם</pronomial>    לרוב    <noun>נערים</noun>    ונערות    מתבגרים,    <noun>ילידי</noun>    הארץ,    <noun>בני</noun>    <noun>הדור</noun>    <numeral>השני</numeral>    להגירה    מארצות    ערב,    <participle>הגדלים</participle>    במשפחות    <adjective>פגומות</adjective>    ומתגוררים    במרחבים    <adjective>הפריפריאליים</adjective>    <shel-preposition>של</shel-preposition>    <noun>החברה</noun>    הישראלית.    <pronomial>הם</pronomial>    <verb>מתבוננים</verb>    בעצמם    ובסובבים    אותם,    ודרך    תודעתם    <properName>נבחניםפניו</properName>    הכפולים,    <participle>המיטיב</participle>    והפוגע,    <shel-preposition>של</shel-preposition>    <noun>התא</noun>    המשפחתי,    <noun>הצורך</noun>    <shel-preposition>של</shel-preposition>    <noun>הפרט</noun>    <verb>להשתייך</verb>    לקולקטיב    ובה    בעת    <verb>לשמר</verb>    <at-preposition>את</at-preposition>    ייחודו    כ"אחר".
      <noun>היצירות</noun>    <verb>משובצות</verb>    באירועים    <wPrefix>בלתי</wPrefix>    צפויים,    <participle>המשבשים</participle>    <at-preposition>את</at-preposition>    <noun>הסדרים</noun>    <adjective>המשפחתיים</adjective>    ולעתים    <conjunction>אף</conjunction>    <verb>מובילים</verb>    להתפרקות    <noun>התא</noun>    המשפחתי,    בהם:    הגירה,    יתמותומחלה.    <noun>אירועים</noun>    <pronoun>אלה</pronoun>    <verb>מקנים</verb>    ליצירתו    <pronomial>הן</pronomial>    <at-preposition>את</at-preposition>    <noun>הפן</noun>    <adjective>האוניברסלי</adjective>    שלה    והן    <at-preposition>את</at-preposition>    <noun>הפן</noun>    המסוים-המיוחד    שלה:    <noun>ההקשר</noun>    הלוקלי,    החברתי-תרבותי,הישראלי-פריפריאלי,    שיצירתו    <verb>מעוגנת</verb>    בו    ומוארת    באמצעותו.    
      סגנונו    <verb>מתאפיין</verb>    בשימוש    בלשון    חדה,    מדויקת,    <adjective>בהירה</adjective>    ונטולת    קישוטיות.    <noun>לשון</noun>    <noun>הדמויות</noun>    <pronoun>היא</pronoun>    <properName>עברית</properName>    מדוברת,    מוחשית,    <participle>המתמקדת</participle>    בפרטים    ונמהלת    <adverb>לסירוגין</adverb>    בערבית    ובצרפתית,    שאליהן    <verb>התוודע</verb>    <noun>הסופר</noun>    בבית    הוריו.    
      יצירותיו    <verb>זיכו</verb>    אותו    בכמה    <noun>פרסים</noun>    ספרותיים,    בהם    <noun>פרס</noun>    <noun>משרד</noun>    המדע,    <noun>התרבות</noun>    והספורט    לספר    <noun>ביכורים</noun>    <date><date>(1999),</date></date>    <noun>פרס</noun>    <noun>היצירה</noun>    <preposition>על</preposition>    <adverb>שם</adverb>    <noun>ראש</noun>    <noun>הממשלה</noun>    <properName>לוי</properName>    <properName>אשכול</properName>    <date><date>(2006)</date></date>    ופרס    <properName>ניומן</properName>    <preposition>מטעם</preposition>    <noun>אוניברסיטת</noun>    בר-אילן    <date><date>(2007).</date></date>    ספרו    האחרון,    <noun>הילד</noun>    <adjective>האחרון</adjective>    <shel-preposition>של</shel-preposition>    המאה,נמנה    <preposition>עם</preposition>    <noun>חמשת</noun>    <noun>המועמדים</noun>    <adjective>הסופיים</adjective>    לפרס    <properName>ספיר</properName>    <date><date>(2013).
</date>  </date>    References:    
      חבר,    חנן."איך    <modal>אפשר</modal>    <verb>לדעת</verb>    <interrogative>מי</interrogative>    <verb>שייך</verb>    למה".    <properName>הארץ</properName>    ספרים.    <date><date>8.11.2006.</date></date>    4;    סומק,    רוני.    "והרוח    תקום".הארץ    ספרים.    <date><date>16.10.2002.</date></date>    6;    עלון,    קציעה.    "הילד    <adjective>האחרון</adjective>    <shel-preposition>של</shel-preposition>    המאה:    לגעת    באזורי    <noun>הצל</noun>    בנפשנו".    הארץ.    <date><date>21.12.2011;</date></date>    רינון,    יואב."אבל    <adverb>עכשיו</adverb>    <pronoun>אני</pronoun>    <adverb>רק</adverb>    <verb>רואה</verb>    אותם    ושותקת    ומפסיקה    להסתכל".הארץ    <noun>תרבות</noun>    וספרות.    <date><date>14.1.2000.</date></date>    13;    שקד,    גרשון."המילים    <adjective>הפשוטות</adjective>    שישנן,    שישנן    עדיין".הארץ    ספרים.    <date><date>5.11.1999.</date></date>    27.    
    
  		</body>
  	</text>
  </TEI> 
		</body>
	</text>
</TEI>