<?xml version="1.0" encoding="UTF-8"?>
<?xml-model href="http://www.tei-c.org/release/xml/tei/custom/schema/relaxng/tei_all.rng" type="application/xml" schematypens="http://relaxng.org/ns/structure/1.0"?>
<?xml-model href="http://www.tei-c.org/release/xml/tei/custom/schema/relaxng/tei_all.rng" type="application/xml"
	schematypens="http://purl.oclc.org/dsdl/schematron"?>
<TEI xmlns="http://www.tei-c.org/ns/1.0">
   <teiHeader>
      <fileDesc>
         <publicationStmt>
            <p>Publication Information</p>
         </publicationStmt>
         <sourceDesc>
            <p>Information about the source</p>
         </sourceDesc>
      </fileDesc>
   </teiHeader>
   <text>
      <body>
 Name:  ברטוב  (הלפגוט),  חנוך
  <foreign>Birth</foreign>  Year:  <date>1926
</date>  <foreign>Birth</foreign>  Place:  <noun>פתח</noun>  <properName>תקווה</properName>  להורים
  Occupation:  <noun>סופר</noun>  ומסאי
  <foreign>Entry</foreign>  writer:  <properName>אבנר</properName>  הולצמן
  <foreign>Entry</foreign>  Value:  
  <verb>נולד</verb>  בפתח  <properName>תקווה</properName>  להורים  שעלו  <adverb>ארצה</adverb>  מפולין  כשנה  <preposition>לפני</preposition>  לידתו.  <verb>קיבל</verb>  בילדותו  <noun>חינוך</noun>  דתי,  ולאחר  <verb>מכן</verb>  <verb>למד</verb>  בגימנסיה  <preposition>ע"ש</preposition>  <numeral>אחד</numeral>  <noun>העם</noun>  בעירו  <preposition>עד</preposition>  <noun>סוף</noun>  <noun>כיתה</noun>  י'.  <date>ב-1941</date>  <verb>יצא</verb>  <verb>לעזור</verb>  בפרנסת  <noun>המשפחה</noun>  ועבד  <preposition>בין</preposition>  <noun>השאר</noun>  כמלטש  <noun>יהלומים</noun>  וכרתך.  <properName>בן</properName>  שבע-עשרה  <verb>התגייס</verb>  לצבא  <adjective>הבריטי</adjective>  ושירת  <numeral>שלוש</numeral>  <noun>שנים</noun>  בבריגדה  <adjective>היהודית</adjective>  במלחמת  <noun>העולם</noun>  השנייה,  <adverb>בעיקר</adverb>  באיטליה  ובארצות  השפלה.  <conjunction>לאחר</conjunction>  שחרורו  <verb>התקבל</verb>  לאוניברסיטה  <adjective>העברית</adjective>  בירושלים,  ומסוף  <date>1946</date>  <verb>למד</verb>  <noun>היסטוריה</noun>  כללית,  <noun>היסטוריה</noun>  <properName>יהודית</properName>  וכן  <noun>סוציולוגיה</noun>  <properName>ודמוגרפיה</properName>  <shel-preposition>של</shel-preposition>  <preposition>עם</preposition>  ישראל.  במלחמת  <noun>העצמאות</noun>  <properName>לחם</properName>  בירושלים  ובסביבותיה  במסגרת  החי"ש.  <date>ב-1951</date>  <verb>סיים</verb>  <at-preposition>את</at-preposition>  לימודיו  לקבלת  <noun>תואר</noun>  שני.  באותה  <noun>שנה</noun>  <verb>הצטרף</verb>  לקיבוץ  <noun>עין</noun>  החורש,  <noun>שם</noun>  <verb>עבד</verb>  בפלחה  ולאחר  <verb>מכן</verb>  בהוראה.  <date>ב-1955</date>  <verb>עבר</verb>  <preposition>עם</preposition>  משפחתו  לתל  אביב.  בשנים  <date>1970-1956</date>  <copula>היה</copula>  <noun>חבר</noun>  <noun>מערכת</noun>  <noun>העיתון</noun>  למרחב  ופירסם  בו  <at-preposition>את</at-preposition>  <noun>הטור</noun>  <adjective>האישי</adjective>  "לרוח  היום".  בשנים  <date>1960-1958</date>  <verb>שימש</verb>  <verb>כתב</verb>  למרחב  בארצות  הברית,  <date>ומ-1966</date>  <noun>ועד</noun>  <date>1968</date>  <verb>כיהן</verb>  כנספח  <noun>תרבות</noun>  בשגרירות  <properName>ישראל</properName>  בלונדון.  <date>מ-1971</date>  <noun>ועד</noun>  פרישתו  לגמלאות  <copula>היה</copula>  <noun>חבר</noun>  <noun>מערכת</noun>  <noun>העיתון</noun>  <properName>מעריב</properName>  ופירסם  בו  <at-preposition>את</at-preposition>  <noun>הטור</noun>  <adjective>האישי</adjective>  "הפרט  הקטן".
  יצירתו  <verb>כוללת</verb>  <noun>סיפורים</noun>  קצרים,  נובלות,  רומנים,  <noun>מחזות</noun>  ותסכיתים,  מסות,  כתבות,  <noun>תיעוד</noun>  ביוגרפי,  <adjective>רשמי</adjective>  מסע,  <noun>תרגומים</noun>  ותגובות  פובליציסטיות.  סיפורו  הראשון,  "צל  העבר",  <verb>פורסם</verb>  בשבועון  <properName>הגלגל</properName>  בנובמבר  <date>1945,</date>  <adverb>עוד</adverb>  בהיותו  <noun>חייל</noun>  בצבא  הבריטי.  <date>ב-1948</date>  <verb>נדפס</verb>  סיפורו  השני,  "הוא  <copula>היה</copula>  מוזר",    ומאז  <adverb>ואילך</adverb>  <verb>פירסם</verb>  בסדירות  <noun>סיפורים</noun>  <adjective>קצרים</adjective>  <participle>העוסקים</participle>  <adverb>בעיקר</adverb>  במעגלי  חייו  <punctuation>–</punctuation>  <noun>הילדות</noun>  במושבה  <preposition>על</preposition>  טיפוסיה  השונים,  <noun>ימי</noun>  הבריגדה,  <noun>מלחמת</noun>  <noun>העצמאות</noun>  והחיים  בקיבוץ.  <date>ב-1953</date>  <verb>הופיע</verb>  ספרו  הראשון,  <noun>הרומן</noun>  <noun>החשבון</noun>  והנפש  (ספרית  פועלים),  <participle>המתאר</participle>  <at-preposition>את</at-preposition>  אכזבתו  <shel-preposition>של</shel-preposition>  <noun>לוחם</noun>  ומפקד  במלחמת  <noun>העצמאות</noun>  מצביונה  <shel-preposition>של</shel-preposition>  <noun>מדינת</noun>  <properName>ישראל</properName>  הצעירה.  <preposition>בעקבות</preposition>  <pronoun>זאת</pronoun>  <pronoun>הוא</pronoun>  <noun>גולה</noun>  לפריז  ומגיע  <preposition>אל</preposition>  ספה  <shel-preposition>של</shel-preposition>  <noun>החלטה</noun>  <verb>לרדת</verb>  <preposition>מן</preposition>  הארץ,  <conjunction>אך</conjunction>  <noun>הספר</noun>  <verb>נחתם</verb>  באישור  <adjective>מחודש</adjective>  למחויבותו  לחיים  <shel-preposition>של</shel-preposition>  <noun>פעילות</noun>  ומעורבות  במדינת  ישראל.  בספרו  השני,  <verb>שש</verb>  <properName>כנפיים</properName>  לאחד  <date>(1954),</date>  שאף  <verb>הומחז</verb>  בידי  <noun>המחבר</noun>  והוצג  בתיאטרון  "הבימה"  <date>(1958),</date>  <noun>מתמודד</noun>  ברטוב  <preposition>עם</preposition>  <noun>פרשת</noun>  <noun>העלייה</noun>  <adjective>ההמונית</adjective>  <conjunction>כפי</conjunction>  שהיא  <verb>מתממשת</verb>  בשכונה  <adjective>ירושלמית</adjective>  שתושביה  <adjective>הערבים</adjective>  <verb>נטשו</verb>  אותה  ועולים  חדשים,  <noun>יוצאי</noun>  <noun>עדות</noun>  וארצות  שונות,  <participle>המתגבשים</participle>  בסופו  <shel-preposition>של</shel-preposition>  <noun>דבר</noun>  לכלל  <noun>קהילה</noun>  אחת,  <verb>קבעו</verb>  בה  <at-preposition>את</at-preposition>  מושבם.  <noun>שני</noun>  <noun>ספרים</noun>  <pronoun>אלה</pronoun>  <verb>מבשרים</verb>  <at-preposition>את</at-preposition>  נושא-העל  <noun>העתיד</noun>  <verb>לאפיין</verb>  <at-preposition>את</at-preposition>  <quantifier>כל</quantifier>  <noun>סוגי</noun>  כתיבתו  <punctuation>–</punctuation>  <noun>בחינת</noun>  <noun>התהליכים</noun>  <adjective>המרכזיים</adjective>  שעברו  <preposition>על</preposition>  <noun>הארץ</noun>  ויושביה  במאה  העשרים,  <preposition>מתוך</preposition>  <noun>הזדהות</noun>  <adjective>עמוקה</adjective>  <preposition>עם</preposition>  <noun>המעשה</noun>  <adjective>הציוני</adjective>  <preposition>על</preposition>  גלגוליו  השונים.
  <adverb>מאז</adverb>  <noun>שנות</noun>  <numeral>החמישים</numeral>  <verb>נחשב</verb>  ברטוב  לאחד  <noun>המספרים</noun>  <adjective>המובהקים</adjective>  <shel-preposition>של</shel-preposition>  דורו  ונכלל  באנתולוגיה  <adjective>הייצוגית</adjective>  שלהם,  <noun>דור</noun>  בארץ  <date>(1958).</date>  בלב  יצירתו  <noun>ניצבים</noun>  <numeral>ארבעה</numeral>  <noun>רומנים</noun>  אחרים,  <participle>המצטרפים</participle>  לפרשת  <properName>חיים</properName>  שלמה,  מילדות  <noun>ועד</noun>  זקנה,  <shel-preposition>של</shel-preposition>  <properName>גיבור</properName>  <numeral>אחד</numeral>  שקורות  חייו  <adjective>חופפות</adjective>  במידה  <adjective>רבה</adjective>  <at-preposition>את</at-preposition>  <pronoun>אלה</pronoun>  <shel-preposition>של</shel-preposition>  המחבר,  <conjunction>גם</conjunction>  <conjunction>אם</conjunction>  שמותיו  <verb>משתנים</verb>  <noun>מספר</noun>  לספר.  <shel-preposition>של</shel-preposition>  <properName>מי</properName>  <pronoun>אתה</pronoun>  <noun>ילד</noun>  <date>(1970)</date>  <verb>מוקדש</verb>  לתיאור  <noun>שנות</noun>  <noun>הילדות</noun>  במושבה  בחיק  <noun>המשפחה</noun>  ובאווירה  דתית-מסורתית;  <noun>רגל</noun>  <numeral>אחת</numeral>  בחוץ  <date>(1994)</date>  <verb>מתמקד</verb>  בשנות  הנעורים,  מגיל  בר-מצווה  <preposition>עד</preposition>  <noun>הגיוס</noun>  לצבא  הבריטי,  ומציג  תהייהבדיעבד,  שאליה  <verb>מתלווה</verb>  <noun>חשבון</noun>  <noun>נפש</noun>  נוקב,  באשר  לעוצמת  תגובתו  <shel-preposition>של</shel-preposition>  <noun>היישוב</noun>  הארץ-ישראלי  לשואה  בעת  התרחשותה;  <noun>פצעי</noun>  <noun>בגרות</noun>  <date>(1965)</date>  <noun>מספר</noun>  <preposition>על</preposition>  <noun>שנות</noun>  שירותו  בבריגדה,  ובמרכזו  <noun>הפגישה</noun>  <participle>המהממת</participle>  <preposition>עם</preposition>  <noun>ניצולי</noun>  <noun>השואה</noun>  <preposition>על</preposition>  <noun>אדמת</noun>  אירופה;  לעומתו,  מתום  <preposition>עד</preposition>  <properName>תום</properName>  <date>(2003)</date>  <noun>מספר</noun>  <at-preposition>את</at-preposition>  קורותיו  <shel-preposition>של</shel-preposition>  <noun>חייל</noun>  <noun>הבריגדה</noun>  <participle>המשוחרר</participle>  בימי  <noun>מלחמת</noun>  <noun>העצמאות</noun>  ולאחריה,  ומתמקד  ביחסיו  <adjective>העמוקים</adjective>  והמיוסרים  <preposition>עם</preposition>  בתזוגו  <preposition>על</preposition>  <noun>פני</noun>  <properName>יובל</properName>  שנים.  <noun>מעבר</noun>  לפרישת  <noun>פרשת</noun>  <noun>החיים</noun>  <adjective>האישית</adjective>  <verb>משמשים</verb>  <noun>רומנים</noun>  <pronoun>אלה</pronoun>  <noun>זירה</noun>  לבחינת  <noun>שאלות</noun>  <shel-preposition>של</shel-preposition>  <noun>זהות</noun>  <adjective>אישית</adjective>  וקיבוצית,  ובמיוחד  <adjective>ניכרת</adjective>  בהם  <noun>נטייה</noun>  <verb>להפריך</verb>  <at-preposition>את</at-preposition>  <noun>הדימוי</noun>  <adjective>המקובל</adjective>  <shel-preposition>של</shel-preposition>  <noun>הצבר</noun>  <adjective>המיתולוגי</adjective>  המנותק,  כביכול,  מעולמם  <shel-preposition>של</shel-preposition>  אבותיו.
  <noun>התהייה</noun>  <preposition>על</preposition>  <noun>סבכי</noun>  <noun>הזהות</noun>  היהודית-ישראלית  <adjective>מצויה</adjective>  בתשתיתם  <shel-preposition>של</shel-preposition>  <noun>רומנים</noun>  <adjective>נוספים</adjective>  <shel-preposition>של</shel-preposition>  ברטוב  <noun>החסרים</noun>  <noun>יסוד</noun>  <adjective>אוטוביוגרפי</adjective>  גלוי.  <noun>הבדאי</noun>  <date>(1975)</date>  <verb>מתאר</verb>  <noun>דמות</noun>  <noun>זיקית</noun>  <verb>מתעתעת</verb>  <shel-preposition>של</shel-preposition>  <noun>נער</noun>  <noun>יהודי</noun>  מגרמניה,  <noun>פליט</noun>  <noun>שואה</noun>  <noun>המאמץ</noun>  <conjunction>לו</conjunction>  <noun>תחילה</noun>  <noun>זהות</noun>  צרפתית,  <conjunction>לאחר</conjunction>  <verb>מכן</verb>  <noun>זהות</noun>  ארץ-ישראלית  שורשית,  ולבסוף  <verb>שב</verb>  <copula>להיות</copula>  <preposition>מעין</preposition>  <noun>יהודי</noun>  <verb>נודד</verb>  בדרכי  אירופה;  <adverb>באמצע</adverb>  <noun>הרומן</noun>  <date>(1984)</date>  מגולל  <at-preposition>את</at-preposition>  <noun>פרשת</noun>  חייו  <shel-preposition>של</shel-preposition>  <noun>סופר</noun>  <participle>שמת</participle>  באמצעות  <noun>תיאור</noun>  ניסיונותיו  <shel-preposition>של</shel-preposition>  בנו  <verb>לצרף</verb>  ולערוך  <at-preposition>את</at-preposition>  <noun>קטעי</noun>  <noun>הרומן</noun>  הבלתי-גמור  שהותיר  אחריו,  ובתוך  <pronoun>כך</pronoun>  <verb>נפרשת</verb>  <noun>היסטוריה</noun>  רב-דורית  <shel-preposition>של</shel-preposition>  <noun>משפחה</noun>  <properName>יהודית</properName>  <adjective>מסועפת</adjective>  ועמוסה  במתחים  פנימיים;  <pronoun>זה</pronoun>  <properName>אישל</properName>  <verb>מדבר</verb>  <date>(1990)</date>  <noun>מתווה</noun>  <noun>דיוקן</noun>  <adjective>סרקסטי</adjective>  <shel-preposition>של</shel-preposition>  <noun>הזירה</noun>  <adjective>הפוליטית</adjective>  <adjective>הישראלית</adjective>  מנקודת  מבטו  <shel-preposition>של</shel-preposition>  עסקן  זוטר,  שאיבד  <at-preposition>את</at-preposition>  זהותו  <adjective>האותנטית</adjective>  <conjunction>ככל</conjunction>  שהוא  <verb>מסתבך</verb>  ברשתות  <noun>התככים</noun>  ובמשחקי  המסכות.
  ואכן,  <preposition>מבין</preposition>  <noun>הסופרים</noun>  <noun>בני</noun>  <noun>דור</noun>  <properName>תש"ח</properName>  ברטוב  <copula>היה</copula>  <participle>הנחרץ</participle>  <adverb>ביותר</adverb>  בהתנגדותו  לדימוי  <adjective>הילידי</adjective>  <adjective>השטוח</adjective>  שיוחס  להם  ולחבריהם.  במסות  <preposition>כגון</preposition>  "הדיבה  <adjective>הרעה</adjective>  <preposition>על</preposition>  אדישותנו  לשואה"  <properName>ו"סַבָּל</properName>  <noun>נושא</noun>  ראי",  שכונסו  בספרו  <pronoun>אני</pronoun>  <negation>לא</negation>  <noun>הצבר</noun>  <adjective>המיתולוגי</adjective>  <date>(1995),</date>  <pronoun>הוא</pronoun>  <verb>מתקומם</verb>  בחריפות  <preposition>נגד</preposition>  <noun>הדרך</noun>  <verb>שבה</verb>  מתואר  <noun>הצבר</noun>  כמנוער  <adverb>כביכול</adverb>  מזיקה  ליהדות  וכאדיש  לחורבנה  <shel-preposition>של</shel-preposition>  <noun>יהדות</noun>  אירופה.  <at-preposition>את</at-preposition>  <noun>ההבחנה</noun>  <adjective>הסטריאוטיפית</adjective>  <verb>שנשתגרה</verb>  <preposition>בין</preposition>  "יהודים  ישנים"  <preposition>לבין</preposition>  "עברים  חדשים"  <pronoun>הוא</pronoun>  <verb>מתאר</verb>  כאבסורד  גמור,  וכנגד  <pronoun>זאת</pronoun>  <pronoun>הוא</pronoun>  <verb>מדגיש</verb>  <at-preposition>את</at-preposition>  עוצמתו  <shel-preposition>של</shel-preposition>  <noun>רצף</noun>  <noun>הדורות</noun>  <adjective>היהודי</adjective>  ואת  משקלו  <adjective>הנכבד</adjective>  <shel-preposition>של</shel-preposition>  <noun>המרכיב</noun>  <adjective>היהודי</adjective>  <adjective>השורשי</adjective>  בזהותו  שלו  ובזהותם  <shel-preposition>של</shel-preposition>  <noun>בני</noun>  דורו.  <noun>סוגיה</noun>  <adjective>סבוכה</adjective>  <pronoun>זו</pronoun>  <verb>מומחשת</verb>  בצורה  <verb>ממצה</verb>  בספרו  <adjective>מחוץ</adjective>  לאופק,  <noun>מעבר</noun>  לרחוב  <date>(2006),</date>  <participle>המתעד</participle>  <at-preposition>את</at-preposition>  קורותיה  הייחודיות-אך-ייצוגיות  <shel-preposition>של</shel-preposition>  <noun>משפחה</noun>  יהודית-ציונית  מקובנה.  <noun>האב</noun>  והאם  <verb>נלכדים</verb>  בגטו  וממלאים  בו  <noun>תפקידי</noun>  הנהגה,  ואילו  <noun>שני</noun>  בניהם  <adjective>הגדולים</adjective>  <verb>נחלצים</verb>  ועולים  <adverb>ארצה</adverb>  ולימים  <verb>נמנים</verb>  <preposition>עם</preposition>  <noun>לוחמי</noun>  <noun>מלחמת</noun>  העצמאות,  שבמהלכה  <verb>נופל</verb>  <numeral>אחד</numeral>  מהם,  חברו  <shel-preposition>של</shel-preposition>  ברטוב,  בקרבות  הנגב.  <noun>הבן</noun>  <adjective>הצעיר</adjective>  <verb>עובר</verb>  <preposition>עם</preposition>  הוריו  <at-preposition>את</at-preposition>  <noun>אימי</noun>  השואה,  <pronomial>הם</pronomial>  <verb>יוצאים</verb>  ממנה  חיים,  <noun>עולים</noun>  ארצה,  ואף  <pronoun>הוא</pronoun>  <verb>נלחם</verb>  במלחמת  העצמאות.
  <noun>ספר</noun>  <pronoun>זה</pronoun>  <verb>נמנה</verb>  <preposition>עם</preposition>  יצירותיו  הלא-בדיוניות  <shel-preposition>של</shel-preposition>  ברטוב,  <participle>הכוללות</participle>  <adverb>בעיקר</adverb>  <noun>ספרים</noun>  תיעודיים-עיתונאיים  <preposition>על</preposition>  <noun>פרקים</noun>  <adjective>שונים</adjective>  בחייו  ובמסעותיו:  <numeral>ארבעה</numeral>  <noun>ישראלים</noun>  וכל  <properName>אמריקה</properName>  <date>(1961),</date>  <noun>לקט</noun>  <noun>כתבות</noun>  משנות  שהותו  בארצותהברית;  <noun>ישראלים</noun>  בחצר  <properName>סנט</properName>  <properName>ג'יימס</properName>  <date>(1970),</date>  <adjective>רשמי</adjective>  <noun>השליחות</noun>  <adjective>הדיפלומטית</adjective>  בלונדון;  <noun>יריד</noun>  במוסקבה  <date>(1988),</date>  <noun>חוויית</noun>  <noun>הפגישה</noun>  <preposition>עם</preposition>  <noun>יהודי</noun>  <properName>ברית</properName>  המועצות,  <adverb>בעיקר</adverb>  <preposition>עם</preposition>  <noun>מסורבי</noun>  העלייה,  במהלך  <noun>שליחות</noun>  ליריד  <noun>ספרים</noun>  בינלאומי.  אליהם  <existential>יש</existential>  <verb>לצרף</verb>  <at-preposition>את</at-preposition>  דדו:  48  <noun>שנה</noun>  <conjunction>ועוד</conjunction>  20  <date>יום(1978,</date>  <noun>מהדורה</noun>  <verb>מורחבת</verb>  <date>ב-2002),</date>  <noun>ביוגרפיה</noun>  <adjective>מחקרית</adjective>  רבת-היקף  <shel-preposition>של</shel-preposition>  רב-אלוף  <properName>דוד</properName>  אלעזר,  שכמחציתה  <verb>מוקדשת</verb>  לתיעוד  <adjective>מדוקדק</adjective>  <shel-preposition>של</shel-preposition>  <noun>מהלכי</noun>  <noun>מלחמת</noun>  <noun>יום</noun>  <noun>הכיפורים</noun>  <adverb>בכלל</adverb>  ושל  <noun>הרמטכ"ל</noun>  <adverb>דאז</adverb>  בפרט.
  <preposition>בין</preposition>  <noun>שני</noun>  <noun>האגפים</noun>  ביצירתו  <shel-preposition>של</shel-preposition>  ברטוב,  <adjective>הבדיוני</adjective>  והתיעודי,  <noun>קיימות</noun>  <noun>נקודות</noun>  <noun>דמיון</noun>  רבות.  <conjunction>כשם</conjunction>  שבספריו  <adjective>התיעודיים</adjective>  <noun>ניכר</noun>  <noun>כוח</noun>  <noun>עיצוב</noun>  <adjective>אמנותי</adjective>  וכישרון  <shel-preposition>של</shel-preposition>  מספֵּר  מובהק,  <pronoun>כך</pronoun>  <adjective>מצויים</adjective>  בחטיבה  הבדיונית-לכאורה  <noun>חלקים</noun>  <adjective>אוטוביוגרפיים</adjective>  <wPrefix>בלתי</wPrefix>  מוסווים,  <conjunction>למשל</conjunction>  בסיפורים  "יהודי  קטן"  (יהודי  קטן,  <date>1980)</date>  ו"קריאה  עיוורת"  (לב  שפוך,  <date>1991),</date>  <participle>המוקדשים</participle>  לתיאור  דמויותיהם  <shel-preposition>של</shel-preposition>  <noun>הורי</noun>  המחבר.  <conjunction>גם</conjunction>  בארבעת  <noun>הרומנים</noun>  האוטוביוגרפיים,  <noun>לוז</noun>  יצירתו,  <noun>ניכר</noun>  <adverb>לעתים</adverb>  שרק  <noun>צעיף</noun>  <noun>הסוואה</noun>  <adjective>דק</adjective>  <noun>חוצץ</noun>  <preposition>בין</preposition>  <noun>הדמויות</noun>  והאירועים  <adjective>הספרותיים</adjective>  <preposition>לבין</preposition>  <noun>הדברים</noun>  כהווייתם.
  יצירתו  <adjective>הסיפורית</adjective>  <shel-preposition>של</shel-preposition>  ברטוב  <pronoun>היא</pronoun>  <adjective>ריאליסטית</adjective>  מובהקת,  והשאיפה  <verb>לעצב</verb>  <noun>מציאות</noun>  מהימנה,  רבת-דמויות  ועשירה  בפרטים  <pronoun>היא</pronoun>  <numeral>אחת</numeral>  מתכונות  <noun>היסוד</noun>  שלה.  <noun>הרומנים</noun>  שלו  <verb>מתאפיינים</verb>  בתחבולות  מבנה,  בדרכי  <noun>עיצוב</noun>  ומסירה  <adjective>סיפורית</adjective>  <verb>מגוונות</verb>  ומתוחכמות  <noun>תוך</noun>  <conjunction>כדי</conjunction>  <noun>משחקים</noun>  <preposition>בין</preposition>  <noun>ספרות</noun>  לחיים,  כגון:  <noun>עריכת</noun>  <properName>רומן</properName>  במתכונת  <shel-preposition>של</shel-preposition>  <noun>חידה</noun>  <adjective>בלשית</adjective>  (הבדאי,  <date>1975);</date>  <noun>עיצוב</noun>  <properName>רומן</properName>  כסדרת  <noun>מונולוגים</noun>  <participle>המושמעים</participle>  בפני  <noun>פסיכולוג</noun>  (זה  <properName>אישל</properName>  מדבר);  <noun>הרצאת</noun>  תולדותיו  <shel-preposition>של</shel-preposition>  <properName>גיבור</properName>  כאוסף  <shel-preposition>של</shel-preposition>  <noun>פרגמנטים</noun>  <verb>משוחזרים</verb>  <preposition>מתוך</preposition>  <properName>רומן</properName>  <wPrefix>בלתי</wPrefix>  גמור,  <noun>תוך</noun>  <conjunction>כדי</conjunction>  <noun>תיעוד</noun>  <noun>תהליך</noun>  <noun>השחזור</noun>  <pronoun>עצמו</pronoun>  (באמצע  הרומן);  <noun>דילוג</noun>  <preposition>בין</preposition>  <noun>פרספקטיבות</noun>  <adjective>סיפוריות</adjective>  שונות,  <pronoun>זו</pronoun>  <shel-preposition>של</shel-preposition>  <noun>הילד</noun>  <noun>החווה</noun>  וזו  <shel-preposition>של</shel-preposition>  <noun>המבוגר</noun>  <participle>המתבונן</participle>  בו  ממרחק  <noun>השנים</noun>  (רגל  <numeral>אחת</numeral>  בחוץ),  ועוד.  <conjunction>כמו</conjunction>  <conjunction>כן</conjunction>  <verb>רווחת</verb>  בכתיבתו  <noun>הנטייה</noun>  <verb>להציג</verb>  זימוני  <noun>מקרים</noun>  מפתיעים,  <verb>מפליאים</verb>  וגורליים,  <conjunction>אך</conjunction>  <pronoun>זאת</pronoun>  כחלק  מתפישה  <verb>מושרשת</verb>  ש"המציאות  <verb>עולה</verb>  <preposition>על</preposition>  <quantifier>כל</quantifier>  דמיון"  ובלא  <quantifier>כל</quantifier>  <noun>רצון</noun>  <verb>לחרוג</verb>  מסגנון  <noun>כתיבה</noun>  ריאליסטי.
  <preposition>על</preposition>  יצירתו  <verb>זכה</verb>  בפרסים  רבים,  ובהם  <properName>פרס</properName>  <properName>ביאליק</properName>  לספרות  <adjective>יפה</adjective>  <date>(1985)</date>  <preposition>על</preposition>  <adverb>באמצע</adverb>  הרומן,  ופרס  <properName>ישראל</properName>  לשנת  <date>2010.</date>  ספריו  וסיפוריו  <verb>תורגמו</verb>  לכמה  <noun>שפות</noun>  <adjective>אירופיות</adjective>  וכן  לסינית  ולקוריאנית.
  References:  
  בצלאל,  יצחק.  "הסיפור  האחד".  <quantifier>הכל</quantifier>  <adjective>כתוב</adjective>  בספר.  <properName>תל</properName>  אביב:  <noun>הקיבוץ</noun>  <date>המאוחד.1969.</date>  59-64;  ברזל,  הלל.  "מבוא  לסיפורי  <properName>חנוך</properName>  ברטוב".  <numeral>שבעה</numeral>  מספרים.ירושלים:  <noun>משרד</noun>  <noun>החינוך</noun>  והתרבות.  <date>1973.</date>  287-277;  גולן,  ארנה.  "ריאליזם  ועמעומו.  <noun>יחידה</noun>  3:  'דוברין  <noun>האדם</noun>  <preposition>מאת</preposition>  חנוךברטוב'".  <preposition>בין</preposition>  בדיון  לממשות:  <noun>סוגים</noun>  בסיפור  הישראלי.  <noun>רמת</noun>  אביב:  <noun>האוניברסיטה</noun>  הפתוחה.  <date>1984.</date>  205-145;  גלבוע,  מנוחה.  <noun>פצעי</noun>  זהות:  <noun>עיונים</noun>  ביצירת  <properName>חנוך</properName>  ברטוב.  <properName>תל</properName>  אביב:  <date>פפירוס.1988;</date>  גרץ,  נורית.  "הציונות,  <noun>הקיבוץ</noun>  והעיירה:  <noun>המאבק</noun>  <preposition>על</preposition>  נפשם  <shel-preposition>של</shel-preposition>  <noun>העולים</noun>  <verb>החדשיםבספרו</verb>  <shel-preposition>של</shel-preposition>  <properName>חנוך</properName>  ברטוב  'שש  <properName>כנפיים</properName>  לאחד'".  <noun>מקהלה</noun>  אחרת.  <properName>תל</properName>  אביב:  <preposition>עם</preposition>  עובד.  <date>2004.</date>  137-121;  הולצמן,  אבנר.  "ויהי  בימי  מותאוסישקין".  <noun>מפת</noun>  דרכים:  <noun>סיפורת</noun>  <adjective>עברית</adjective>  כיום.  <properName>תל</properName>  אביב:  <noun>הקיבוץ</noun>  המאוחד.  <date>2005.</date>  149-144;  ויס,  הלל.  "פצעי  בגרות".  <noun>דיוקן</noun>  הלוחם.רמת  גן:  <noun>אוניברסיטת</noun>  בר-אילן.  <date>1975.</date>  169-164;  לאור,  דן.  "העלייה  <adjective>ההמונית</adjective>  כתוכן  ונושא  בספרות  <adjective>העברית</adjective>  בשנות  <noun>המדינה</noun>  הראשונות".  <noun>הציונות</noun>  י"ד.  <date>1989.</date>  175-161;  מיכלי,  <properName>בנימין</properName>  יצחק.  "חנוך  ברטוב:  <noun>המספר</noun>  כרפורטר".  <noun>דמויות</noun>  וצדודיות.  <properName>תל</properName>  אביב:  <noun>הקיבוץ</noun>  <date>המאוחד.1971.</date>  67-56;  שקד,  גרשון.  "נובלות  חונכוּת:  <properName>חנוך</properName>  ברטוב".  <noun>הסיפורתהעברית</noun>  <date>1980-1880</date>  ד'.  <date>1993.</date>  87-81.
 
		</body>
	</text>
</TEI>