<?xml version="1.0" encoding="UTF-8"?>
<?xml-model href="http://www.tei-c.org/release/xml/tei/custom/schema/relaxng/tei_all.rng" type="application/xml" schematypens="http://relaxng.org/ns/structure/1.0"?>
<?xml-model href="http://www.tei-c.org/release/xml/tei/custom/schema/relaxng/tei_all.rng" type="application/xml"
	schematypens="http://purl.oclc.org/dsdl/schematron"?>
<TEI xmlns="http://www.tei-c.org/ns/1.0">
   <teiHeader>
      <fileDesc>
         <publicationStmt>
            <p>Publication Information</p>
         </publicationStmt>
         <sourceDesc>
            <p>Information about the source</p>
         </sourceDesc>
      </fileDesc>
   </teiHeader>
   <text>
      <body>
 <?xml  version="1.0"  encoding="UTF-8"?>
  <?xml-model  href="http://www.tei-c.org/release/xml/tei/custom/schema/relaxng/tei_all.rng"  type="application/xml"  schematypens="http://relaxng.org/ns/structure/1.0"?>
  <?xml-model  href="http://www.tei-c.org/release/xml/tei/custom/schema/relaxng/tei_all.rng"  type="application/xml"
  	schematypens="http://purl.oclc.org/dsdl/schematron"?>
  <TEI  xmlns="http://www.tei-c.org/ns/1.0">
        <teiHeader>
              <fileDesc>
                    <publicationStmt>
                          <p>Publication  Information</p>
                    </publicationStmt>
                    <sourceDesc>
                          <p>Information  about  the  source</p>
                    </sourceDesc>
              </fileDesc>
        </teiHeader>
        <text>
              <body>
    Name:    ברנשטיין-כהן,    <properName>מרים</properName>    מריה
      <foreign>Birth</foreign>    Year:    <date><date>1895
</date>  </date>    <foreign>Death</foreign>    Year:    <date><date>1991
</date>  </date>    <foreign>Birth</foreign>    Place:    קישינב,    רוסיה
      Occupation:    סופרת,    משוררת,    <noun>מסאית</noun>    ומתרגמת
      <foreign>Entry</foreign>    writer:    <properName>אביבה</properName>    קרינסקי
      <foreign>Entry</foreign>    Value:    
      <verb>נולדה</verb>    בקישינב,    רוסיה.    אביה,    <title>ד"ר</title>    <properName>יעקב</properName>    בן-מתתיהו,    <copula>היה</copula>    <noun>רופא</noun>    וממנהיגי    <noun>הציונות</noun>    ברוסיה.    <verb>קיבלה</verb>    <noun>חינוך</noun>    עברי-ציוני.    בהיותה    <noun>בת</noun>    <numeral>עשר</numeral>    <verb>כתבה</verb>    <noun>שיר</noun>    <numeral>ראשון</numeral>    ברוסית.    <verb>למדה</verb>    ב"גימנסיה    הגרמנית"    בחרקוב.    <date><date>ב-1907</date></date>    <verb>עלתה</verb>    <preposition>עם</preposition>    משפחתה    לארץ    והתיישבה    ביבנאל,    ואחר    <adverb>כך</adverb>    <properName>בפתחתקווה</properName>    וביפו,    <adverb>שם</adverb>    <verb>למדה</verb>    בגימנסיה    העברית.        
      <date><date>ב-1910</date></date>    <noun>חזרה</noun>    לקישינב,    <adverb>שם</adverb>    <verb>למדה</verb>    בגימנסיה    לבנות.    <noun>בת</noun>    שש-עשרה    <verb>שלחה</verb>    <noun>סיפור</noun>    <adjective>מתורגם</adjective>    מאנגלית    לרוסית    לעיתון    אוגניוק,    <noun>הסיפור</noun>    <verb>פורסם</verb>    והיא    <verb>קיבלה</verb>    עבורו    שכר.    בשנים    <date><date>1918-1913</date></date>    <verb>למדה</verb>    <noun>רפואה</noun>    באוניברסיטת    <properName>חרקוב</properName>    וקיבלה    <noun>תואר</noun>    <noun>דוקטור</noun>    לרפואה.    התנסויותיה    כסטודנטית    לרפואה    <verb>מתוארות</verb>    בסיפורה    "נתערב״.    <adverb>במקביל</adverb>    <verb>למדה</verb>    משחק.    <verb>עלתה</verb>    לארץ    <adverb>שנית</adverb>    <date><date>ב-1921</date></date>    ושיחקה    בתיאטרונים    <adjective>שונים</adjective>    בארץ    ובחוץלארץ.    יזמה,    <verb>ייסדה</verb>    וערכה    <at-preposition>את</at-preposition>    <noun>כתב</noun>    <noun>העת</noun>    <properName>תיאטרון</properName>    ואמנות    וכתבה    <noun>תסכיתים</noun>    לרדיו.    
      ספרה    <properName>מפיסטו</properName>    (מצפה,    <date><date>1938),</date></date>    <noun>רומן</noun>    בשני    כרכים,    <verb>עוסק</verb>    בנושאים    <shel-preposition>של</shel-preposition>    זהות,    <noun>מוסר</noun>    ומקום    <noun>האישה</noun>    בחברה,    שיפותחו    בכתביה    <adjective>המאוחרים</adjective>    יותר.    <noun>הימים</noun>    <noun>ימי</noun>    <noun>המהפכה</noun>    הרוסית.    הגיבורה,    יהודייה,    <noun>בת</noun>    לאב    ציוני,    <verb>נוטשת</verb>    <at-preposition>את</at-preposition>    הוריה    וחיה    בקייב    <preposition>עם</preposition>    <noun>מהפכן</noun>    <noun>גוי</noun>    ממשפחת    <noun>אצולה</noun>    פולנית.    <pronoun>היא</pronoun>    <verb>מחפשת</verb>    <at-preposition>את</at-preposition>    דרכה    <preposition>בין</preposition>    <noun>תיקון</noun>    <noun>העולם</noun>    לתיקון    לאומי.    <noun>המהפכה</noun>    <verb>יוצרת</verb>    <noun>קונפליקטים</noun>    בנפש    הגיבורים,    שסופם    בהתאבדותו    <shel-preposition>של</shel-preposition>    <properName>בן</properName>    <noun>הזוג</noun>    המהפכן.    <noun>מות</noun>    <noun>האהבה</noun>    <adjective>כרוך</adjective>    ברומן    באכזבה    מרעיונות    המהפכה,    שמחזירה    <at-preposition>את</at-preposition>    <noun>הגיבורה</noun>    לעמה.    
      <noun>הרומן</noun>    <numeral>השני</numeral>    שלה,תבערה    <date><date>(1947),</date></date>    <adjective>קשור</adjective>    למפיסטו    <preposition>באמצעות</preposition>    <noun>הגיבורה</noun>    <adjective>הראשית</adjective>    ודמויות    <noun>משנה</noun>    אחדות.    בשני    <noun>הרומנים</noun>    <verb>מתוארים</verb>    <noun>חיי</noun>    <noun>המהפכנים</noun>    והפילוג    ברחוב    <adjective>היהודי</adjective>    <preposition>בעקבות</preposition>    המהפכה.    בשניהם    <noun>האהבה</noun>    <copula>אינה</copula>    <verb>מצליחה</verb>    <verb>לגשר</verb>    <preposition>על</preposition>    <noun>הבדלים</noun>    <adjective>דתיים</adjective>    ולאומיים,    וההכרעה    <adjective>הסופית</adjective>    <pronoun>היא</pronoun>    <noun>התנערות</noun>    מהמהפכה.    <noun>הרומן</noun>    <numeral>השלישי</numeral>    שלה,שרשים    במים    <date><date>(1976),</date></date>    <verb>עוסק</verb>    בשאלה    <interrogative>האם</interrogative>    <modal>יכולה</modal>    <noun>אידיאולוגיה</noun>    להיות    מולדת.    
      <quantifier>עוד</quantifier>    מספריה:    <verb>אישה</verb>    בדרכים,    <noun>סיפורים</noun>    <date><date>(1954);</date></date>    דממות,    <noun>שירים</noun>    <date><date>(1961);</date></date>    בעולם    האשליות,    <noun>מסות</noun>    <preposition>על</preposition>    <noun>ספרות</noun>    ותיאטרון    <date><date>(1961);</date></date>    כטיפה    בים,    <noun>זיכרונות</noun>    <date><date>(1971).</date></date>    <conjunction>כמו</conjunction>    <conjunction>כן</conjunction>    <verb>ערכה</verb>    <at-preposition>את</at-preposition>    <noun>האנתולוגיה</noun>    <properName>חווה</properName>    ובנותיה,    <quantifier>מבחר</quantifier>    <noun>הסיפור</noun>    <preposition>על</preposition>    <noun>האישה</noun>    <date><date>(1953).</date></date>    מתרגומיה:    <properName>אלכסנדר</properName>    פושקין,    <properName>פולטבה</properName>    <date><date>(1945);</date></date>    <properName>גי</properName>    <properName>דה</properName>    מופסאן,    <noun>סיפורים</noun>    <date><date>(1953);</date></date>    <properName>לב</properName>    טולסטוי,    מותו    <shel-preposition>של</shel-preposition>    <properName>איוואן</properName>    <properName>איליץ'</properName>    <date><date>(1965);</date></date>    <properName>אנטון</properName>    צ'כוב,    <conjunction>אולם</conjunction>    <quantifier>מספר</quantifier>    <noun>שש</noun>    <date><date>(1971).
</date>  </date>    <verb>זכתה</verb>    בפרסים    רבים,ובהם:    <properName>פרס</properName>    <properName>פיכמן</properName>    לספרות    ולאמנות    <date><date>(1971),פרס</date></date>    <properName>אקו"ם</properName>    לעידוד    <noun>פרסום</noun>    <noun>יצירות</noun>    <date><date>(1976),</date></date>    <noun>אות</noun>    <noun>הוקרה</noun>    <preposition>מטעם</preposition>    <properName>אקו"ם</properName>    <preposition>על</preposition>    פעולתה    רבת-השנים    בתחום    <noun>היצירה</noun>    בארץ    <date><date>(1988)</date></date>    ופרס    <properName>ישראל</properName>    <preposition>על</preposition>    "תפקידיה    במשחק    ועל    התייחסותה    למילה    <noun>הכתובה</noun>    בכלל    ולבימתית    בפרט,    שבאה    לביטוי    <conjunction>גם</conjunction>    בכתיבתה    הפורייה"    <date><date>(1975).</date></date>    
      References:    
      בןעזר,    אהוד.    ״גיבור    <preposition>ללא</preposition>    שרשים".    <noun>מאזניים</noun>    <properName>מ"ד</properName>    (3).    <properName>פברואר</properName>    <date><date>1977.</date></date>    228-227;    גוברין,    נורית.    ״מהפכת    <properName>אוקטובר</properName>    בראי    <noun>הספרות</noun>    העברית",    ״סיפורי    <noun>המהפכה</noun>    כסוג    ספרותי״.מפתחות.    <properName>תל</properName>    אביב:    <noun>הקיבוץ</noun>    המאוחד.    <date><date>1968.</date></date>    118-78,    153-133;    זהבי,    אלכס.    "אידאולוגיה    כמולדת".    דבר.    <date><date>10.12.1976.</date></date>    18;    שקד,    גרשון.    "לבנות    ולהיבנות".    <noun>הסיפורת</noun>    <adjective>העברית</adjective>    <date><date>1980-1880ב'.</date></date>    <properName>תל</properName>    אביב:הקיבוץ    המאוחד.    <date><date>1983.</date></date>    287-280.    
    
  		</body>
  	</text>
  </TEI> 
		</body>
	</text>
</TEI>