<?xml version="1.0" encoding="UTF-8"?>
<?xml-model href="http://www.tei-c.org/release/xml/tei/custom/schema/relaxng/tei_all.rng" type="application/xml" schematypens="http://relaxng.org/ns/structure/1.0"?>
<?xml-model href="http://www.tei-c.org/release/xml/tei/custom/schema/relaxng/tei_all.rng" type="application/xml"
	schematypens="http://purl.oclc.org/dsdl/schematron"?>
<TEI xmlns="http://www.tei-c.org/ns/1.0">
   <teiHeader>
      <fileDesc>
         <publicationStmt>
            <p>Publication Information</p>
         </publicationStmt>
         <sourceDesc>
            <p>Information about the source</p>
         </sourceDesc>
      </fileDesc>
   </teiHeader>
   <text>
      <body>
 Name:  גולדברג,  לאה
  <foreign>Birth</foreign>  Year:  <date>1911
</date>  <foreign>Death</foreign>  Year:  <date>1970
</date>  <foreign>Birth</foreign>  Place:  קניגסברג,  <conjunction>אז</conjunction>  פרוסיה
  Occupation:  משוררת,  סופרת,  <noun>מתרגמת</noun>  ומבקרת  ספרות
  <foreign>Entry</foreign>  writer:  <properName>גדעון</properName>  טיקוצקי
  <foreign>Entry</foreign>  Value:  
  <verb>נולדה</verb>  בקניגסברג,  <conjunction>אז</conjunction>  <properName>פרוסיה</properName>  המערבית,  <adverb>כיום</adverb>  קלינינגרד,  רוסיה.  <verb>גדלה</verb>  בקובנה,  <conjunction>אז</conjunction>  <noun>עיר</noun>  באימפריה  הרוסית,  בהמשך  <noun>בירת</noun>  <properName>ליטא</properName>  העצמאית.  <noun>הוריה</noun>  <copula>היו</copula>  סוציאליסטים.  <properName>אביה</properName>  <copula>היה</copula>  <preposition>יידישיסט</preposition>  בהשקפותיו,  <conjunction>אולם</conjunction>  <noun>לשון</noun>  <noun>הדיבור</noun>  בבית  <copula>היתה</copula>  רוסית.  <preposition>עם</preposition>  <verb>פרוץ</verb>  <noun>מלחמת</noun>  <noun>העולם</noun>  <numeral>הראשונה</numeral>  <verb>נאלצה</verb>  <noun>המשפחה</noun>  <verb>לעקור</verb>  מביתה  <preposition>בשל</preposition>  <noun>ההגבלות</noun>  שהוטלו  <preposition>על</preposition>  <noun>מגורי</noun>  <noun>יהודים</noun>  <adjective>סמוך</adjective>  לקווי  החזית.  בשנות  גלותה  <shel-preposition>של</shel-preposition>  <noun>המשפחה</noun>  במרכז-רוסיה  <verb>נולד</verb>  אחיה  <adjective>היחיד</adjective>  עמנואל,  שנפטר  בהיותו  כבן  שנה.  <noun>בעת</noun>  <noun>השיבה</noun>  <adverb>הביתה</adverb>  <date>ב-1919</date>  <verb>נעצר</verb>  <noun>האב</noun>  <preposition>על</preposition>  <noun>ידי</noun>  <noun>חיילי</noun>  <noun>משמר</noun>  <noun>הגבול</noun>  <adjective>הליטאי</adjective>  בחשד  לפעילות  בולשביסטית  ועבר  עינויים.  <pronoun>הוא</pronoun>  <verb>התמוטט</verb>  <adjective>נפשית</adjective>  וכעבור  <noun>זמן</noun>  <verb>הורחק</verb>  ממשפחתו.  <date>ב-1926,</date>  ואולי  <conjunction>אף</conjunction>  קודם,  <verb>נשלח</verb>  למרפא  בגרמניה.  <noun>המשפחה</noun>  <verb>ירדה</verb>  מנכסיה  וגולדברג  <adjective>הצעירה</adjective>  <verb>נשלחה</verb>  <properName>לגימנסיה</properName>  <adjective>הרוסית</adjective>  בעיר,  <conjunction>ככל</conjunction>  <participle>הנראה</participle>  <preposition>בשל</preposition>  <noun>אילוצים</noun>  חומריים.  <preposition>בתוך</preposition>  <pronoun>כך</pronoun>  <verb>שינה</verb>  <noun>מוסד</noun>  <pronoun>זה</pronoun>  <at-preposition>את</at-preposition>  אופיו  והפך  <properName>לגימנסיה</properName>  עברית.  <adverb>כבר</adverb>  בשנת  <noun>הלימודים</noun>  השנייה,  בהיותה  <noun>בת</noun>  עשר,  <verb>החלה</verb>  <verb>לכתוב</verb>  <noun>יומן</noun>  בעברית,  ורשמה  בו  <preposition>כעבור</preposition>  <noun>זמן</noun>  <negation>לא</negation>  <adjective>רב</adjective>  <conjunction>כי</conjunction>  <pronoun>היא</pronoun>  <verb>מתעתדת</verb>  <verb>להפוך</verb>  לסופרת  עברית.  
  <noun>ביכורי</noun>  יצירתה  <verb>ראו</verb>  <noun>אור</noun>  בעיתונות  העברית-ליטאית:  <noun>שירה</noun>  <numeral>הראשון</numeral>  <verb>נדפס</verb>  בנתיבות  בהיותה  <noun>בת</noun>  חמש-עשרה.  <preposition>עד</preposition>  <adverb>מהרה</adverb>  <verb>נמנתה</verb>  <preposition>עם</preposition>  <noun>חבורת</noun>  <noun>היוצרים</noun>  <adjective>העבריים</adjective>  <adjective>המודרניסטים</adjective>  בליטא  "פֶּתַח",  שהיתה  כעין  <noun>שלוחה</noun>  <shel-preposition>של</shel-preposition>  <noun>חבורת</noun>  "כתובים"  הארץ-ישראלית.  <verb>למדה</verb>  באוניברסיטאות  קובנה,  <properName>ברלין</properName>  ובון  <date>(1933-1928)</date>  והתמחתה  בבלשנות  שמית.  <pronoun>היא</pronoun>  <verb>השלימה</verb>  <at-preposition>את</at-preposition>  <noun>עבודת</noun>  <noun>הדוקטור</noun>  בשנה  <verb>שבה</verb>  <verb>שימשה</verb>  <noun>כמורה</noun>  <properName>בגימנסיה</properName>  "תרבות"  בעיירה  <properName>רסֵיין</properName>  שבמרכז-ליטא.  <noun>נושא</noun>  <properName>העבודה</properName>  <copula>היה</copula>  "התרגום  <adjective>השומרוני</adjective>  לתורה:  <noun>עיון</noun>  במקורותיו  <preposition>לפי</preposition>  <noun>כתבי</noun>  היד".  <verb>עלתה</verb>  <adverb>ארצה</adverb>  <date>ב-1935,</date>  בסרטיפיקט  <adjective>משותף</adjective>  <preposition>עם</preposition>  <verb>שימל</verb>  <properName>גֶנס</properName>  (שמעון  גן),  ולשם  <pronoun>כך</pronoun>  <verb>נישאה</verb>  <conjunction>לו</conjunction>  בנישואים  פיקטיביים.  
  <adjective>סמוך</adjective>  לעלייתה  <verb>ראה</verb>  <noun>אור</noun>  ספרה  הראשון,טבעות  עשן,  בהוצאת  יחדיו,  <noun>חבורת</noun>  <noun>היוצרים</noun>  בראשותו  <shel-preposition>של</shel-preposition>  <properName>אברהם</properName>  <properName>שלונסקי</properName>  שאליה  הצטרפה.  לפרנסתה  <verb>עבדה</verb>  <adverb>בעיקר</adverb>  בעיתונים  <date>דבר(1943-1936,</date>  <properName>פרי</properName>  <verb>עטה</verb>  <verb>נדפס</verb>  <negation>לא</negation>  <numeral>אחת</numeral>  בשם  <noun>העט</noun>  לוג)  ומשמר,  שהפך  לימים  לעל  <noun>המשמר</noun>  (פירסמה  <noun>שם</noun>  <date>מ-1943,</date>  <conjunction>גם</conjunction>  בשם  <noun>העט</noun>  <properName>עדה</properName>  גרנט).  בה  <noun>בעת</noun>  <verb>תירגמה</verb>  וערכה  <noun>ספרים</noun>  בספרית  פועלים.  <date>ב-1952</date>  <verb>החלה</verb>  <verb>ללמד</verb>  באוניברסיטה  <adjective>העברית</adjective>  בירושלים,  <date>וב-1954</date>  <verb>עקרה</verb>  <preposition>עם</preposition>  <noun>אמה</noun>  מתל  <properName>אביב</properName>  לבירה.  <copula>היתה</copula>  ממקימי  <noun>החוג</noun>  לספרות  <adjective>השוואתית</adjective>  וכללית  ועמדה  בראשו  <date>מ-1962</date>  ועד  <noun>יום</noun>  מותה.  
  יצירתה  <adjective>טבועה</adjective>  בחותם  <noun>המסורות</noun>  <adjective>התרבותיות</adjective>  <shel-preposition>של</shel-preposition>  מרכז-אירופה  ומערב-אירופה,  <conjunction>הן</conjunction>  <adjective>הקלאסיציסטיות</adjective>  והן  המודרניסטיות,  <conjunction>אף</conjunction>  <adverb>יותר</adverb>  מיצירות  <noun>בני</noun>  דורה.  <preposition>עם</preposition>  זאת,  <verb>גדלה</verb>  <preposition>על</preposition>  <noun>ברכי</noun>  <noun>התרבות</noun>  <adjective>הרוסית</adjective>  ונחשפה  בגיל  <adjective>צעיר</adjective>  ליצירות  <noun>המופת</noun>  <shel-preposition>של</shel-preposition>  <noun>ספרות</noun>  זו.  <noun>עניין</noun>  <adjective>מיוחד</adjective>  <copula>היה</copula>  לה  בשירתו  <shel-preposition>של</shel-preposition>  <properName>אלכסנדר</properName>  בלוק.  בנערותה  <verb>התוודעה</verb>  לשירתו  <shel-preposition>של</shel-preposition>  <properName>ריינר</properName>  <properName>מריה</properName>  <properName>רילקה</properName>  ובהמשך  <preposition>אל</preposition>  <pronoun>זו</pronoun>  <shel-preposition>של</shel-preposition>  <properName>הוגו</properName>  <properName>פון</properName>  הופמנסתל.  ובמקביל  <verb>קראה</verb>  בשירתו  <shel-preposition>של</shel-preposition>  <properName>חיים</properName>  <properName>נחמן</properName>  <properName>ביאליק</properName>  ובפרוזה  <shel-preposition>של</shel-preposition>  <properName>אורי</properName>  <properName>ניסן</properName>  גנסין.  <noun>השפעת</noun>  <noun>משולש</noun>  <noun>הכוחות</noun>  <adjective>התרבותי</adjective>  הרוסי-גרמני-עברי  <verb>ניכרת</verb>  <adverb>כבר</adverb>  ביצירותיה  <numeral>הראשונות</numeral>  שראו  אור.  כרוב  <noun>הנשים</noun>  <adjective>היהודיות</adjective>  אז,  <conjunction>אף</conjunction>  <pronoun>היא</pronoun>  <negation>לא</negation>  <verb>זכתה</verb>  להשכלה  <adjective>יהודית</adjective>  מסורתית,  ומכאן  <adverb>אולי</adverb>  מיעוטם  <adjective>היחסי</adjective>  <shel-preposition>של</shel-preposition>  <noun>רמזי</noun>  <noun>הלשון</noun>  למקורות  <adjective>היהודיים</adjective>  ביצירתה.  בניגוד  לרוב  <noun>היוצרים</noun>  <noun>בני</noun>  <properName>דורה</properName>  בספרות  העברית,  עולמה  <adjective>האינטלקטואלי</adjective>  <shel-preposition>של</shel-preposition>  <properName>גולדברג</properName>  <verb>נסמך</verb>  <preposition>על</preposition>  <noun>הכשרה</noun>  <adjective>אקדמית</adjective>  <adjective>סדורה</adjective>  במדעי  הרוח.  בתחילת  <noun>שנות</noun>  <numeral>החמישים</numeral>  <verb>רכשה</verb>  <conjunction>גם</conjunction>  <noun>בקיאות</noun>  בספרות  הרנסנס,  <adverb>בעיקר</adverb>  בלטינית  ובאיטלקית,  <verb>התמחתה</verb>  ביצירות  <properName>פטררקה</properName>  ודנטה  ותירגמה  מהן.  בעשור  <adjective>האחרון</adjective>  לחייה  <verb>שבה</verb>  <verb>לעסוק</verb>  בהרחבה  ובעמקות  בספרות  <adjective>הרוסית</adjective>  <shel-preposition>של</shel-preposition>  <numeral>המאה</numeral>  התשע-עשרה.  
  <noun>השירה</noun>  <copula>היתה</copula>  <noun>האפיק</noun>  <adjective>המרכזי</adjective>  <verb>שבו</verb>  <verb>שיקעה</verb>  <at-preposition>את</at-preposition>  מאמציה.  בילדותה  <verb>כתבה</verb>  <noun>שירים</noun>  ברוסית,  <conjunction>אך</conjunction>  <adverb>כבר</adverb>  בנעוריה  <verb>סיגלה</verb>  לה  <at-preposition>את</at-preposition>  <adjective>העברית</adjective>  כשפת  <noun>יצירה</noun>  בלעדית.  כעשירית  מכלל  כשבע-מאות  <noun>השירים</noun>  שפירסמה  <conjunction>הן</conjunction>  <noun>סונטות</noun>  (גולדברג  <verb>העמידה</verb>  <at-preposition>את</at-preposition>  <noun>חטיבת</noun>  <noun>הסונטות</noun>  <adjective>המשמעותית</adjective>  <adverb>ביותר</adverb>  בשירה  <adjective>העברית</adjective>  <adjective>החדשה</adjective>  <preposition>אחרי</preposition>  <properName>שאול</properName>  טשרניחובסקי).  <noun>בחינת</noun>  <noun>מלאכת</noun>  <noun>השיר</noun>  <shel-preposition>של</shel-preposition>  <properName>גולדברג</properName>  <verb>מלמדת</verb>  <preposition>על</preposition>  <noun>החדשנות</noun>  והחיוניות  שהחדירה  לסונטות  ולצורות  <adjective>מסורתיות</adjective>  <adjective>אחרות</adjective>  <shel-preposition>של</shel-preposition>  <noun>השירה</noun>  המערבית,  <noun>דוגמת</noun>  <noun>האלגיות</noun>  והטרצינות,  ועם  זאת,  דבקותה  בהן  <verb>שיוותה</verb>  לשירתה  <noun>תדמית</noun>  שמרנית,  <conjunction>הן</conjunction>  <preposition>בקרב</preposition>  <noun>בני</noun>  זמנה,  שהספיקו  <verb>לחזות</verb>  בעיניהם  בעליית  האוונגרד,  והן  <preposition>בקרב</preposition>  <noun>בני</noun>  <noun>המשמרת</noun>  <adjective>הצעירה</adjective>  בשירה  העברית.  <noun>התדמית</noun>  <adjective>השמרנית</adjective>  והמינורית-וידויית  <shel-preposition>של</shel-preposition>  <verb>שירתה</verb>  <adverb>ניזונה</adverb>  <conjunction>גם</conjunction>  מהמקום  <adjective>הרחב</adjective>  <adverb>יחסית</adverb>  שתופשים  בה  <noun>שירי</noun>  אהבה,  <conjunction>אף</conjunction>  שרבים  מהם  <modal>עשויים</modal>  <verb>לייצג</verb>  <adverb>בעקיפין</adverb>  <noun>חוויות</noun>  קיומיות-היסטוריות  <noun>בנות</noun>  הזמן.  
  <verb>שירתה</verb>  <adjective>המוקדמת</adjective>  <verb>כונסה</verb>  ברובה  בספר  <noun>טבעות</noun>  <noun>עשן</noun>  <date>(1935),</date>  <verb>שבו</verb>  <verb>חידשה</verb>  בדימויים  ובפרוזודיה,  <conjunction>הגם</conjunction>  שהתמטיקה  <shel-preposition>של</shel-preposition>  <noun>חלק</noun>  משיריו  מונוטונית.  <noun>הספר</noun>  <verb>נתפש</verb>  <adverb>בדיעבד</adverb>  כקרוב  <adverb>יותר</adverb>  ברוחו  למודרניזם  <adjective>העברי</adjective>  בחוץ  לארץ  <conjunction>מאשר</conjunction>  לזה  הארץ-ישראלי  מבית  מדרשו  <shel-preposition>של</shel-preposition>  שלונסקי.  <preposition>בין</preposition>  <pronoun>כך</pronoun>  ובין  כך,  <noun>הספר</noun>  <verb>התקבל</verb>  בחום  <conjunction>גם</conjunction>  <preposition>על</preposition>  <noun>ידי</noun>  <noun>אנשי</noun>  <noun>הממסד</noun>  <adjective>הספרותי</adjective>  <adjective>הוותיק</adjective>  בארץ  וסלל  <at-preposition>את</at-preposition>  דרכה.  <noun>ספרי</noun>  שיריה  <preposition>על</preposition>  <noun>הפריחה</noun>  <date>(1948)</date>  וברק  בבוקר  <date>(1955)</date>  <verb>נחשבים</verb>  לפסגות  <verb>שירתה</verb>  הטקטונית.  
  <noun>הופעת</noun>  <quantifier>מבחר</quantifier>  שיריה  <adverb>מוקדם</adverb>  <properName>ומאֻחר</properName>  <date>(1959)</date>  סימנה,  <noun>בד</noun>  בבד  <preposition>עם</preposition>  "קביעת  הקאנון"  <shel-preposition>של</shel-preposition>  <noun>המשוררת</noun>  בידיה-שלה,  <conjunction>גם</conjunction>  <at-preposition>את</at-preposition>  <noun>המגמה</noun>  <adjective>החדשה</adjective>  <shel-preposition>של</shel-preposition>  שירתה,  שפנתה  <preposition>לעבר</preposition>  <noun>פרימת</noun>  <noun>הצורות</noun>  <adjective>השיריות</adjective>  המחמירות.  בצד  <noun>התשבחות</noun>  שהורעפו  <preposition>על</preposition>  המבחר,  <pronoun>הוא</pronoun>  <verb>שימש</verb>  <noun>מטרה</noun>  לחציהם  <shel-preposition>של</shel-preposition>  <noun>בני</noun>  <noun>המשמרת</noun>  <adjective>הצעירה</adjective>  בספרות  ובביקורת  העברית,  <adverb>בייחוד</adverb>  <verb>נתן</verb>  <adjective>זך</adjective>  ודן  מירון.  <preposition>עם</preposition>  זאת,  <properName>גולדברג</properName>  <verb>קירבה</verb>  <properName>אליה</properName>  <adjective>אחדים</adjective>  מהמשוררים  הצעירים,  בהם  <properName>דן</properName>  פגיס,  <properName>ט'</properName>  כרמי,  <properName>דליה</properName>  <properName>רביקוביץ</properName>  וטוביה  ריבנר.  <existential>יש</existential>  <participle>הטוענים</participle>  <conjunction>כי</conjunction>  <noun>ספר</noun>  <noun>השירים</noun>  <adjective>האחרון</adjective>  שהוציאה  בחייה,  <preposition>עם</preposition>  <noun>הלילה</noun>  <pronoun>הזה</pronoun>  <date>(1964),</date>  <verb>מעיד</verb>  <preposition>על</preposition>  התקרבותה  <properName>לפרוזודיה</properName>  וללשון  "השירה  הצעירה",  <conjunction>בעוד</conjunction>  שלדעת  <adjective>אחרים</adjective>  <verb>מדובר</verb>  בהתפתחות  פנימית,  <adjective>טבעית</adjective>  ומתבקשת  <shel-preposition>של</shel-preposition>  <noun>הפואטיקה</noun>  שלה.  בשנותיה  <adjective>האחרונות</adjective>  <verb>מיעטה</verb>  <adverb>יחסית</adverb>  בכתיבת  <noun>שירים</noun>  ויצרה  בתחום  <noun>האמנות</noun>  הפלסטית.  
  <preposition>לצד</preposition>  היותה  משוררת,  <verb>נודעת</verb>  <properName>גולדברג</properName>  <adverb>הרבה</adverb>  בזכות  כתיבתה  לילדים,  <pronoun>זאת</pronoun>  <conjunction>אף</conjunction>  שרבות  מיצירותיה  <verb>נכתבו</verb>  <preposition>מחמת</preposition>  <noun>אילוצים</noun>  חיצוניים,  ואחרות,  <noun>דוגמת</noun>  <participle>המפוזר</participle>  מכפר  <properName>אז"ר</properName>  <date>(1943),</date>  <copula>הנן</copula>  <noun>עיבודים</noun>  משפות  אחרות.  בספריה  <noun>ידידי</noun>  מרחוב  <properName>ארנון</properName>  (סיפורים,  <date>1943),מה</date>  <verb>עושות</verb>  האילות(שירים,  <date>1949),נסים</date>  ונפלאות  (סיפורים,  <date>1954),אַיֵּה</date>  <properName>פלוטו</properName>  (סיפור,  <date>1957),דירה</date>  <verb>להשכיר</verb>  (סיפורים,  <date>1959)</date>  ואחרים,  <verb>יצרה</verb>  <properName>שפע</properName>  <shel-preposition>של</shel-preposition>  <noun>דמויות</noun>  ודימויים  <noun>היוצרים</noun>  כעין  "לוקוּס"  <adjective>ישראלי</adjective>  <noun>שקל</noun>  <verb>להתרפק</verb>  עליו.
  <noun>הפרוזה</noun>  שלה  <verb>מעמידה</verb>  במרכזה  <at-preposition>את</at-preposition>  <noun>נושא</noun>  <noun>הזיכרון</noun>  ואת  <noun>סוגיית</noun>  פעולתה  <shel-preposition>של</shel-preposition>  <noun>יצירת</noun>  <noun>האמנות</noun>  בעולם  המציאות.  בפרוזה  <existential>יש</existential>  <noun>חשיפה</noun>  <adjective>רבה</adjective>  <adverb>יותר</adverb>  <shel-preposition>של</shel-preposition>  <noun>יסודות</noun>  <noun>מחייה</noun>  <conjunction>מאשר</conjunction>  בשיריה,  <conjunction>אף</conjunction>  שאינה  <verb>מתיימרת</verb>  <copula>להיות</copula>  אוטוביוגרפית.  רומן-המכתבים  <adjective>המעט</adjective>  <adjective>בוסרי</adjective>  מכתבים  מנסיעה  <adjective>מדומה</adjective>  <date>(1937)</date>  <pronoun>הוא</pronoun>  כעין  <properName>פרֵדה</properName>  מאירופה  וממורשתה  התרבותית,  <noun>ערב</noun>  עלייתה  <adverb>ארצה</adverb>  <shel-preposition>של</shel-preposition>  <adjective>מְחברת</adjective>  המכתבים,  <noun>בת</noun>  דמותה  <shel-preposition>של</shel-preposition>  גולדברג.  <noun>הרומן</noun>  <verb>מדגיש</verb>  <at-preposition>את</at-preposition>  היותו  בדיה  <adjective>ספרותית</adjective>  ומדרבן  <at-preposition>את</at-preposition>  קוראיו  <verb>לבחון</verb>  <at-preposition>את</at-preposition>  <noun>הגבול</noun>  <preposition>בין</preposition>  <noun>קדמת</noun>  <noun>היצירה</noun>  <adjective>הספרותית</adjective>  <preposition>לבין</preposition>  <noun>אחורי</noun>  <noun>הקלעים</noun>  שלה.  לעומתו,  לרומן  והוא  <noun>האור</noun>  <date>(1946)</date>  <noun>רקע</noun>  <adjective>אוטוביוגרפי</adjective>  מוצק.  <properName>גולדברג</properName>  <verb>מקימה</verb>  בו  לתחייה  <at-preposition>את</at-preposition>  <properName>ליטא</properName>  מולדתה  בראשית  <noun>שנות</noun>  השלושים,  <preposition>מתוך</preposition>  תודעה-שלאחר-חורבן  ובראייה  כפולה,  <adjective>נוסטלגית</adjective>  ומפוכחת  <noun>בעת</noun>  ובעונה  אחת.  בתחום  <noun>הפרוזה</noun>  <verb>פירסמה</verb>  <properName>גולדברג</properName>  <conjunction>גם</conjunction>  ממואר,  <noun>פגישה</noun>  <preposition>עם</preposition>  <noun>משורר</noun>  (על  <properName>אברהם</properName>  בןיצחק,  <date>1952),</date>  וכן  כעשרים  וחמישה  <noun>סיפורים</noun>  קצרים.  <pronoun>היא</pronoun>  <verb>גנזה</verb>  <properName>רומן</properName>  <adjective>רחב</adjective>  <noun>יריעה</noun>  שכתבה  במחצית  <numeral>השנייה</numeral>  <shel-preposition>של</shel-preposition>  <noun>שנות</noun>  השלושים,  אבדות,  שראה  <noun>אור</noun>  <adverb>לראשונה</adverb>  במלאות  <numeral>ארבעים</numeral>  <noun>שנה</noun>  למותה.  <noun>עלילת</noun>  <noun>הרומן</noun>  <verb>מתרחשת</verb>  בברלין  <noun>ערב</noun>  <noun>עליית</noun>  <noun>הנאצים</noun>  לשלטון  וגיבורו  <pronoun>הוא</pronoun>  <noun>משורר</noun>  <adjective>עברי</adjective>  ואזרח  <properName>פלשתינה</properName>  (א"י),  שהגיע  למטרופולין  <preposition>לשם</preposition>  <noun>השלמת</noun>  <noun>מחקר</noun>  מדעי.  <pronoun>זהו</pronoun>  <noun>הניסיון</noun>  <adjective>המקיף</adjective>  <adverb>ביותר</adverb>  <shel-preposition>של</shel-preposition>  <properName>גולדברג</properName>  <verb>ליצור</verb>  <participle>מִבדֶה</participle>  ספרותי  ולהעמיד  <properName>רומן</properName>  <properName>אפי</properName>  במסורת  <noun>הרומן</noun>  הצרפתי-רוסי.  <adjective>בולטות</adjective>  ביצירה  <noun>הרגישות</noun>  לגורל  <adjective>היהודי</adjective>  במאה  <numeral>העשרים</numeral>  וההתלבטות  <adjective>המורכבת</adjective>  <preposition>בין</preposition>  <properName>אירופה</properName>  <preposition>לבין</preposition>  <properName>הארץ</properName>  כשתי  <noun>אופציות</noun>  <adjective>תרבותיות</adjective>  מנוגדות.
  כחוקרת  וכמבקרת  <noun>ספרות</noun>  <verb>נטתה</verb>  <properName>גולדברג</properName>  <verb>להדגיש</verb>  <at-preposition>את</at-preposition>  <noun>היסוד</noun>  <adjective>האוניברסלי</adjective>  ביצירת  <noun>הספרות</noun>  <adverb>דווקא</adverb>  <preposition>על</preposition>  <noun>ידי</noun>  <noun>ירידה</noun>  לפרטים  <shel-preposition>של</shel-preposition>  <noun>תקופת</noun>  כתיבתה  ומקומה  בחיי  היוצר.  <noun>קנה</noun>  <noun>המידה</noun>  <adjective>המרכזי</adjective>  לשיפוטה  <shel-preposition>של</shel-preposition>  <noun>יצירה</noun>  בעיניה  <pronoun>הוא</pronoun>  <noun>הערך</noun>  <adjective>האסתטי</adjective>  שלה.  <pronoun>היא</pronoun>  <verb>רואה</verb>  <at-preposition>את</at-preposition>  <noun>הספרות</noun>  כסוג  <shel-preposition>של</shel-preposition>  מציאות-על,  שאמנם  <copula>אינה</copula>  <modal>יכולה</modal>  <copula>להיות</copula>  <adjective>שלמה</adjective>  לעולם  ובכל  <pronoun>זאת</pronoun>  בכוחה  למשמע  <at-preposition>את</at-preposition>  <noun>החיים</noun>  החוץ-ספרותיים.  
  <properName>גולדברג</properName>  <verb>ביססה</verb>  לה  <noun>מעמד</noun>  <shel-preposition>של</shel-preposition>  <verb>קובעת</verb>  <noun>טעם</noun>  ב"רפובליקה  הספרותית"  הארץ-ישראלית  והישראלית,  <adverb>תחילה</adverb>  בזכות  <adjective>הרצנזיות</adjective>  שלה  בעיתונות  ובהמשך  בכתיבתה  האקדמית.  <verb>דומה</verb>  שהיא  <copula>היתה</copula>  "הסמן  הימני"  בחבורת  "יחדיו"  במאבק  <preposition>על</preposition>  <noun>פתיחת</noun>  אופקיה  <shel-preposition>של</shel-preposition>  <noun>הספרות</noun>  <adjective>העברית</adjective>  לתרגומים  <verb>מספרות</verb>  <noun>העולם</noun>  באומר  ובמעשה  (בין  <quantifier>השאר</quantifier>  <verb>תירגמה</verb>  <at-preposition>את</at-preposition>  <noun>מלחמה</noun>  ושלום  <properName>לטולסטוי</properName>  <date>[1953],פֶּר</date>  <noun>גינְט</noun>  לאיבסן  <date>[1953]</date>  וכטוב  בעיניכם  לשקספיר  <date>[1957]).</date>  בפולמוס  <preposition>עם</preposition>  <properName>שלונסקי</properName>  ואלתרמן  בפרוץ  <noun>מלחמת</noun>  <noun>העולם</noun>  <numeral>השנייה</numeral>  <pronoun>היא</pronoun>  <verb>קראה</verb>  להתעלמות  מכוונת  <shel-preposition>של</shel-preposition>  <noun>האקט</noun>  <verb>השירי</verb>  <preposition>מן</preposition>  <noun>המציאות</noun>  <adjective>הפוליטית</adjective>  החוץ-ספרותית,  וכך  <verb>נהגה</verb>  <conjunction>גם</conjunction>  במאבקה  <preposition>נגד</preposition>  <noun>המגמה</noun>  הריאל-סוציאליסטית,  <preposition>עם</preposition>  שגשוגה  בספרות  הישראלית.  
  יצירתה  <adjective>הדרמטית</adjective>  <verb>מבקשת</verb>  <verb>להציג</verb>  <noun>דילמות</noun>  <adjective>תרבותיות</adjective>  והיסטוריות  <preposition>באמצעות</preposition>  <noun>סיטואציה</noun>  <adjective>אנושית</adjective>  מקומית.  <noun>המחזה</noun>  <noun>ים</noun>  בחלון  <date>(1938),</date>  <preposition>על</preposition>  <noun>חבורת</noun>  <noun>אמנים</noun>  <adjective>בוהמיינים</adjective>  שזה  <adverb>מקרוב</adverb>  <verb>עלו</verb>  ארצה,  <noun>נחל</noun>  <noun>כישלון</noun>  <adjective>חרוץ</adjective>  <preposition>אצל</preposition>  <noun>הקהל</noun>  והמבקרים.  <noun>עלילת</noun>  <noun>המחזה</noun>  <noun>בעלת</noun>  <noun>הארמון</noun>  <date>(1956),</date>  <participle>המתרחשת</participle>  באירופה  <noun>זמן</noun>  <adjective>קצר</adjective>  <preposition>לאחר</preposition>  <noun>סיום</noun>  <noun>מלחמת</noun>  <noun>העולם</noun>  השנייה,  <verb>עומדת</verb>  <preposition>תחת</preposition>  <noun>רושם</noun>  <noun>הקרע</noun>  <preposition>בין</preposition>  <noun>ההוויה</noun>  הארץ-ישראלית  <preposition>לבין</preposition>  <pronoun>זו</pronoun>  <adjective>האירופית</adjective>  וקטיעת  "הרצף  <adjective>הרוחני</adjective>  הגדול"  (כדברי  בּוּרקהארדט)  <shel-preposition>של</shel-preposition>  <noun>הציוויליזציה</noun>  המערבית.  <noun>המחזה</noun>  <verb>זכה</verb>  להצלחה  והוצג  במקומות  <adjective>שונים</adjective>  בעולם.  <noun>מחזה</noun>  <adjective>נוסף</adjective>  שחיברה  באותה  עת,  <noun>ההר</noun>  האילם,  <negation>לא</negation>  הוצג.  
  <verb>זכתה</verb>  בפרס  <properName>רופין</properName>  <date>(1948),</date>  בפרס  <properName>שלונסקי</properName>  <date>(1956),</date>  בפרס  <properName>חולון</properName>  <date>(1960),</date>  בפרס  <properName>נוימן</properName>  <preposition>מטעם</preposition>  <noun>אוניברסיטת</noun>  <properName>ניו</properName>  <properName>יורק</properName>  <date>(1970)</date>  ובפרס  <properName>ישראל</properName>  <date>(1970).</date>  <pronoun>היא</pronoun>  <verb>נפטרה</verb>  בשעת  דיוניה  <shel-preposition>של</shel-preposition>  <noun>ועדת</noun>  <properName>פרס</properName>  ישראל,  והוועדה,  בהחלטה  תקדימית,  <verb>המליצה</verb>  <verb>להעניק</verb>  "פרס  <noun>הוקרה</noun>  וזיכרון"  <preposition>על</preposition>  <noun>מפעל</noun>  <properName>חיים</properName>  ליוצרת  <preposition>לאחר</preposition>  מותה.  
  <preposition>לאחר</preposition>  מותה  כונסו  כתביה  בעריכתו  <adjective>הראשית</adjective>  <shel-preposition>של</shel-preposition>  <properName>טוביה</properName>  <properName>ריבנר</properName>  בספרית  פועלים:  <noun>שירים</noun>  (בשלושה  כרכים,  <date>1973);</date>  <noun>פרוזה</noun>  (כרך  אחד,  <date>1973-1972);</date>  <noun>הדרמה</noun>  <shel-preposition>של</shel-preposition>  התודעה:  <noun>פרקי</noun>  <properName>דוסטויבסקי</properName>  <date>(1974);</date>  <noun>קולות</noun>  <adjective>רחוקים</adjective>  וקרובים:  <noun>תרגומי</noun>  <noun>שירה</noun>  <date>(1975);</date>  <noun>האומץ</noun>  לחולין:  <noun>בחינות</noun>  וטעמים  בספרותנו  <adjective>החדשה</adjective>  <date>(1976);</date>  מדור  ומעבר:  <noun>בחינות</noun>  וטעמים  בספרות  <adjective>כללית</adjective>  <date>(1977);</date>  <preposition>בין</preposition>  <participle>סופר</participle>  <noun>ילדים</noun>  לקוראיו  <date>(1978).</date>  <preposition>כעבור</preposition>  <noun>שנים</noun>  <verb>הופיעו</verb>  בדפוס  יומניה  (בעריכת  <properName>רחל</properName>  ואריה  אהרוני,  <date>2005),</date>  <quantifier>מבחר</quantifier>  מכתביה  (נערות  עבריות:  <noun>מכתבי</noun>  <properName>לאה</properName>  <properName>גולדברג</properName>  <preposition>מן</preposition>  הפרובינציה,  ערכו  <properName>יפעת</properName>  <properName>וייס</properName>  וגדעון  טיקוצקי,  <date>2009)</date>  וכל  סיפוריה  (בעריכת  <properName>גדעון</properName>  <properName>טיקוצקי</properName>  וחמוטל  בר-יוסף,  <date>2009).
</date>  References:  
  ויסמן,  ענת.  "דמותי,  דמותי  הכפולה":  <properName>לאה</properName>  <properName>גולדברג</properName>  <punctuation>–</punctuation>  זהותה  <shel-preposition>של</shel-preposition>  משוררת.  <noun>עבודת</noun>  <noun>גמר</noun>  לתואר  מוסמך.  <noun>האוניברסיטה</noun>  <adjective>העברית</adjective>  בירושלים.  <date>1996;</date>  טיקוצקי,  גדעון.  <noun>האור</noun>  בשולי  הענן.  תלאביב:  <noun>ספרית</noun>  <noun>פועלים</noun>  והקיבוץ  המאוחד.  <date>2011;</date>  טיקוצקי,  <properName>גדעון</properName>  ויפעת  וייס.  "הצעירות  <preposition>מן</preposition>  הגבולות:  <noun>אחרית</noun>  דבר".  <noun>נערות</noun>  עבריות:  <noun>מכתבי</noun>  <properName>לאה</properName>  <properName>גולדברג</properName>  <preposition>מן</preposition>  הפרובינציה,  <date>1935-1923.</date>  תלאביב:  <noun>ספרית</noun>  פועלים.  <date>2009;יגלין,</date>  עפרה.  <adverb>אולי</adverb>  <noun>מבט</noun>  אחר:  <adjective>קלאסיות</adjective>  <adjective>מודרנית</adjective>  ומודרניזם  <adjective>קלאסי</adjective>  בשירת  <properName>לאה</properName>  גולדברג.  תלאביב:  <noun>המכון</noun>  <adjective>הישראלי</adjective>  לפואטיקה  וסמיוטיקה  <preposition>ע"ש</preposition>  פורטר,  <noun>אוניברסיטת</noun>  <properName>תלאביב</properName>  והקיבוץ  המאוחד.  <date>2002;</date>  יפה,  <properName>א"ב</properName>  (עורך).  <properName>לאה</properName>  גולדברג:  <quantifier>מבחר</quantifier>  <noun>מאמרים</noun>  <preposition>על</preposition>  יצירתה.  תלאביב:  <preposition>עם</preposition>  <noun>עובד</noun>  וקרן  <properName>תלאביב</properName>  לספרות  ואמנות.  <date>1980;</date>  ---.  <noun>פגישות</noun>  <preposition>עם</preposition>  <properName>לאה</properName>  גולדברג.  תלאביב:  צ'ריקובר.  <date>1984;</date>  ליבליך,  עמיה.  <properName>אֶל</properName>  לאה.  תלאביב:  <noun>הקיבוץ</noun>  <date>המאוחד.1995.</date>  <noun>מהדורה</noun>  <adjective>חדשה</adjective>  ומורחבת.  <date>2011;</date>  מירון,  דן.  "האומץ  לחולין  וקריסתו:  <preposition>על</preposition>    <noun>טבעות</noun>  <noun>עשן</noun>  <preposition>מאת</preposition>  <properName>לאה</properName>  <properName>גולדברג</properName>  כתחנת-צומת  בהתפתחות  <noun>השירה</noun>  <adjective>העברית</adjective>  המודרנית".  <noun>אמהות</noun>  מייסדות,  <noun>אחיות</noun>  חורגות:  <preposition>על</preposition>  <noun>ראשית</noun>  <noun>שירת</noun>  <noun>הנשים</noun>  העברית.  תלאביב:  <noun>הקיבוץ</noun>  המאוחד.  <noun>מהדורה</noun>  שנייה.  <date>2004;</date>  קרטוּן-בלום,  <properName>רות</properName>  וענת  <properName>ויסמן</properName>  (עורכות).  <noun>פגישות</noun>  <preposition>עם</preposition>  משוררת:  <noun>מסות</noun>  ומחקרים  <preposition>על</preposition>  יצירתה  <shel-preposition>של</shel-preposition>    <properName>לאה</properName>  גולדברג.  תלאביב:  <noun>המכון</noun>  למדעי  היהדות,  <noun>האוניברסיטה</noun>  <adjective>העברית</adjective>  בירושלים  וספרית  פועלים.  <date>2000;</date>  ריבנר,  טוביה.  <properName>לאה</properName>  גולדברג:  מונוגרפיה.  תלאביב:  <noun>ספרית</noun>  <noun>פועלים</noun>  והקיבוץ  המאוחד.  <date>1980;</date>  
  Weiss,Yfaat.  <foreign>Lea</foreign>  Goldberg:  <foreign>Lehrjahre</foreign>  <foreign>in</foreign>  <foreign>Deutschland</foreign>  <date>1930–1933.</date>  Göttingen:  <foreign>Vandenhoeck</foreign>  <punctuation>&</punctuation>  Ruprecht.  <date>2010.
</date> 
		</body>
	</text>
</TEI>