<?xml version="1.0" encoding="UTF-8"?>
<?xml-model href="http://www.tei-c.org/release/xml/tei/custom/schema/relaxng/tei_all.rng" type="application/xml" schematypens="http://relaxng.org/ns/structure/1.0"?>
<?xml-model href="http://www.tei-c.org/release/xml/tei/custom/schema/relaxng/tei_all.rng" type="application/xml"
	schematypens="http://purl.oclc.org/dsdl/schematron"?>
<TEI xmlns="http://www.tei-c.org/ns/1.0">
   <teiHeader>
      <fileDesc>
         <publicationStmt>
            <p>Publication Information</p>
         </publicationStmt>
         <sourceDesc>
            <p>Information about the source</p>
         </sourceDesc>
      </fileDesc>
   </teiHeader>
   <text>
      <body>
 Name:  <properName>גולן</properName>  (גולדשטיין),  שמאי
  <foreign>Birth</foreign>  Year:  <date>1933
</date>  <foreign>Birth</foreign>  Place:  <noun>עיירה</noun>  פולטוסק,  פולין
  Occupation:  סופר
  <foreign>Entry</foreign>  writer:  <noun>הלל</noun>  ברזל
  <foreign>Entry</foreign>  Value:  
  <verb>נולד</verb>  בעיירה  פולטוסק,  פולין.  בשנים  <date>1939-1946</date>  <verb>חי</verb>  <preposition>תחת</preposition>  <noun>הכיבוש</noun>  <adjective>הנאצי</adjective>  ובברית  המועצות,  <adverb>שם</adverb>  <verb>נספו</verb>  הוריו.עלה  לארץ  <date>ב-1947</date>  <preposition>אחרי</preposition>  <noun>מעצר</noun>  <shel-preposition>של</shel-preposition>  <noun>חצי</noun>  <noun>שנה</noun>  בקפריסין.התחנך  בקיבוץ  רמתהכובש,  <verb>שירת</verb>  כקצין  בצבא  <noun>הקבע</noun>  <date>(1951-1957).בוגר</date>  <noun>האוניברסיטה</noun>  <adjective>העברית</adjective>  בירושלים  בספרות  ובהיסטוריה.  <verb>לימד</verb>  <noun>ספרות</noun>  בסמינר  <properName>גרינברג</properName>  למורי  <noun>חו"ל</noun>  ובגימנסיה  <adjective>העברית</adjective>  בירושלים.    
  <verb>מילא</verb>  <noun>שורה</noun>  <adjective>ארוכה</adjective>  <shel-preposition>של</shel-preposition>  <noun>תפקידים</noun>  <adjective>ציבוריים</adjective>  תרבותיים.  <preposition>בין</preposition>  <noun>השאר</noun>  <copula>היה</copula>  מנהלו  <numeral>הראשון</numeral>  <shel-preposition>של</shel-preposition>  <properName>ביתהסופר</properName>  בירושלים.  <noun>שליח</noun>  <noun>חינוך</noun>  במקסיקו  ונציג  <noun>המחלקה</noun>  לחינוך  ותרבות  לגולה  <shel-preposition>של</shel-preposition>  <noun>הסוכנות</noun>  <adjective>היהודית</adjective>  בארגנטינה.  <noun>יו"ר</noun>  <noun>אגודת</noun>  <noun>הסופרים</noun>  (ארבע  קדנציות).  <noun>חבר</noun>  <noun>מועצת</noun>  "יד  ושם",  <noun>חבר</noun>  <noun>האקדמיה</noun>  <adjective>המקסיקנית</adjective>  לתרבות,  <noun>חבר</noun>  <noun>הנהלת</noun>  <noun>מכללת</noun>  "השחר"לגמלאים  ועוד.  
  סיפורו  הראשון,"צעדים  ראשונים",  <verb>הופיע</verb>  ב"משא",  <noun>מוסף</noun>  <noun>הספרות</noun>  <shel-preposition>של</shel-preposition>  <noun>העיתון</noun>  <date>למרחב(16.6.1961).</date>  ספרו  הראשון,באשמורת  אחרונה(מסדה,  <date>1963),</date>  <verb>מתאר</verb>  <at-preposition>את</at-preposition>  דרכו  רבת-הייסורים  <shel-preposition>של</shel-preposition>  הילד-נער  <adjective>חיימק</adjective>  בשנות  <noun>השואה</noun>  מנקודת  מבטו  <shel-preposition>של</shel-preposition>  הנער.  ספרו  השני,  <verb>אשמים</verb>  <date>(1968),</date>  <pronoun>הוא</pronoun>  <noun>המשך</noun>  לספר  הקודם,  <conjunction>כאשר</conjunction>  <noun>הגיבור</noun>  <participle>המקשר</participle>  <pronoun>הוא</pronoun>  חיימק,  והוא  <verb>מתאר</verb>  <verb>אתמה</verb>  שעברו  <noun>הדמויות</noun>  <adjective>האחרות</adjective>  בשואה,  וכן  <at-preposition>את</at-preposition>  <noun>זמן</noun>  <noun>ההווה</noun>  <shel-preposition>של</shel-preposition>  ההתרחשות,  <noun>תקופת</noun>  <noun>ההעפלה</noun>  הבלתי-לגאלית  לארץ.  הסופר,  שבעצמו  <verb>התנסה</verb>  בהעפלה  זו,מתאר  <at-preposition>את</at-preposition>  <noun>התקופה</noun>  מזווית  חדשה,  בגישה  <adjective>אינטלקטואלית</adjective>  ומוסרית  משכנעת.  <noun>הרומן</noun>  <properName>מותושלאוריפלד</properName>  <date>(1971)</date>  <verb>חותם</verb>  <at-preposition>את</at-preposition>  <noun>הטרילוגיה</noun>  <preposition>על</preposition>  <noun>תקופת</noun>  <noun>השואה</noun>  והשפעתה  <preposition>על</preposition>  <noun>הגיבורים</noun>  הניצולים,  <participle>המנסים</participle>  <verb>להכות</verb>  <noun>שורשים</noun>  בארץ.  בטרילוגיה  <verb>משוקעים</verb>  <noun>יסודות</noun>  <adjective>ביוגרפיים</adjective>  רבים.  <properName>אורי</properName>  <properName>פלד</properName>  <pronoun>הוא</pronoun>  כעין  <noun>גלגול</noun>  <shel-preposition>של</shel-preposition>  חיימק,שהתאקלם  <verb>כביכולהיטב</verb>  בארץ  <conjunction>לאחר</conjunction>  שהתחנך  בקיבוץ,  <conjunction>אך</conjunction>  <properName>עדייןסובל</properName>  מבעיות  <adjective>נפשיות</adjective>  <participle>הקשורות</participle>  לעברו  בשואה.  <noun>המחבר</noun>  <noun>עוקב</noun>  <preposition>אחרי</preposition>  חייו  <shel-preposition>של</shel-preposition>  חיימק-יוזק  קופרמן,  <pronoun>הוא</pronoun>  <properName>אורי</properName>  פלד,  בניסיונותיו  <participle>הנואשים</participle>  <verb>להתערות</verb>  בארץ:  <noun>אהבה</noun>  ונישואים  לבתקיבוץ,  <noun>שירות</noun>  <verb>צבאי</verb>  כמפקד  וכלוחם,  <noun>לימודים</noun>  באוניברסיטה  מתוך  <noun>רצון</noun>  <adjective>עז</adjective>  <verb>להבין</verb>  <at-preposition>את</at-preposition>  מהלכי  <noun>ההיסטוריה</noun>  שטילטלו  <quantifier>אותו</quantifier>  בימי  <noun>המלחמה</noun>  והביאו  <noun>למות</noun>  הוריו,  ולבסוף,  עיסוקו  <adjective>הכפייתי</adjective>  בתעודות  <noun>החורבן</noun>  ב"יד  ושם",  בניסיון  <verb>לגלות</verb>  <at-preposition>את</at-preposition>  <noun>שורש</noun>  <noun>האסון</noun>  שפקד  <quantifier>אותו</quantifier>  ואת  <noun>בני</noun>  עמו.  <conjunction>אך</conjunction>  <quantifier>כל</quantifier>  <pronoun>אלה</pronoun>  <copula>אינם</copula>  <verb>מביאים</verb>  לביטול  <noun>התחושה</noun>  <adjective>העמוקה</adjective>  <shel-preposition>של</shel-preposition>  <noun>אשמה</noun>  <preposition>על</preposition>  שנשאר  בחיים,  <conjunction>בעוד</conjunction>  שהאחרים  נספו.  
  הספרחופה:  <conjunction>ועוד</conjunction>  <numeral>שלושה</numeral>  <date>סיפורים(1983)</date>  <noun>כולל</noun>  <noun>סיפור</noun>  בשם  "הסתלקותו  <shel-preposition>של</shel-preposition>  <properName>ברוך</properName>  ניילבן".  בסיפור  <verb>באה</verb>  לביטוי  דמותו  <adjective>הטרגית</adjective>  <shel-preposition>של</shel-preposition>  <noun>ניצול</noun>  שואה,  <participle>הנקלע</participle>  למציאות  <adjective>ישראלית</adjective>  <shel-preposition>של</shel-preposition>  <noun>מלחמות</noun>  <adjective>תכופות</adjective>  ולסבך  <adjective>נפתל</adjective>  <shel-preposition>של</shel-preposition>  <noun>יחסים</noun>  <preposition>עם</preposition>  אשתו  ועם  בנו  היחיד,  <adjective>פצועמלחמת</adjective>  <noun>יום</noun>  הכיפורים.  <noun>הסיפור</noun>  <verb>תורגם</verb>  לרוסית  ועובד  למחזה,  שהוצג  בתיאטרונו  <shel-preposition>של</shel-preposition>  <noun>הבמאי</noun>  <properName>לב</properName>  <properName>דודין</properName>  בסנט  פטרבורג.  <pronoun>זה</pronoun>  <copula>היה</copula>  <noun>המחזה</noun>  <numeral>הראשון</numeral>  <preposition>על</preposition>  <noun>נושא</noun>  <noun>השואה</noun>  שהוצג  <preposition>על</preposition>  במות  רוסיה.  <noun>נושא</noun>  <noun>השואה</noun>  <verb>בא</verb>  לידי  <noun>ביטוי</noun>  <conjunction>גם</conjunction>  באנתולוגיה  <noun>השואה</noun>  <punctuation>–</punctuation>  <noun>פרקי</noun>  <noun>עדות</noun>  וספרות  <date>(1976)</date>  <verb>שערך</verb>  גולן,  ואילו  <noun>נושא</noun>  <noun>האנטישמיות</noun>  בספרות,  שהמחבר  חקר,  <verb>מופיע</verb>  במאמרים  שפירסם  ושקובצו  בספרו  מסעותיי  <preposition>עם</preposition>  <noun>ספרים</noun>  <date>(2005).</date>  <verb>חיבר</verb>  <conjunction>גם</conjunction>  <noun>רומן</noun>  בשם  ואם  <pronoun>אתה</pronoun>  <modal>מוכרח</modal>  <verb>לאהוב</verb>  <date>(2008),</date>  <conjunction>גם</conjunction>  <pronoun>הוא</pronoun>  <verb>עוסק</verb>  בשואה,  <preposition>מן</preposition>  <noun>הפרספקטיבה</noun>  <shel-preposition>של</shel-preposition>  <noun>הזקנה</noun>  בארץ.  
  בשיתוף  <preposition>עם</preposition>  <adverb>מישה</adverb>  <properName>קאליק</properName>  <verb>כתב</verb>  <at-preposition>את</at-preposition>  <noun>התסריט</noun>  <properName>לסרטשלושהואחת</properName>  <date>(1973),</date>  וכן  <verb>עיבד</verb>  מיצירותיו  לרדיודרמות  ששודרו  ב"קול  ישראל".  <verb>זכה</verb>  בפרס  <verb>אשר</verb>  ברש  <date>(1963),</date>  בפרס  <properName>רמתגן</properName>  <date>(1972),</date>  בפרס  <properName>ירושלים</properName>  <preposition>על</preposition>  <adverb>שם</adverb>  <properName>עגנון</properName>  <date>(1975),</date>  בפרס  <properName>ראובן</properName>  ולנרוד  <date>(1979)</date>  ועוד.  יצירותיו  <verb>תורגמו</verb>  לכמה  <noun>שפות</noun>  <adjective>אירופיות</adjective>  ולערבית.
  References:  
  אבינור,  גיטה.  "הגואל  <verb>מדלג</verb>  <preposition>על</preposition>  חבל".  <noun>השקף</noun>  <adverb>אחורה</adverb>  בעצב:  <noun>מאמרים</noun>  בביקורת  <noun>הספרות</noun>  העברית.  חיפה:  <noun>ג'</noun>  אבינור.  <date>1974.</date>  187-190;  בןעזר,  אהוד.  "לחיות  ישראלי,  <verb>להרגיש</verb>  ניצול:  <noun>שיחה</noun>  <preposition>עם</preposition>  <noun>שמאי</noun>  גולן".  אפיריון24-25.  <date>1993.</date>  21-30;  <noun>ברזל</noun>  <punctuation>,</punctuation>  הלל."סיפורים  ריאליסטיים".ידיעות  <adjective>אחרונות</adjective>  ספרות.  <date>3.10.1975;</date>  ---.  "ואם  <pronoun>אתה</pronoun>  <modal>מוכרח</modal>  לאהוב".  <noun>מאזניים</noun>  <properName>פ"ב</properName>  (2).  <properName>אוקטובר</properName>  <date>2008.</date>  58-60;  ליף,  חיים.  "על  <noun>שמאי</noun>  <properName>גולן</properName>  וסיפוריו".  <properName>בצרון</properName>  <noun>ג'</noun>  (9-10).  <date>1981.</date>  90.
 
		</body>
	</text>
</TEI>