<?xml version="1.0" encoding="UTF-8"?>
<?xml-model href="http://www.tei-c.org/release/xml/tei/custom/schema/relaxng/tei_all.rng" type="application/xml" schematypens="http://relaxng.org/ns/structure/1.0"?>
<?xml-model href="http://www.tei-c.org/release/xml/tei/custom/schema/relaxng/tei_all.rng" type="application/xml"
	schematypens="http://purl.oclc.org/dsdl/schematron"?>
<TEI xmlns="http://www.tei-c.org/ns/1.0">
   <teiHeader>
      <fileDesc>
         <publicationStmt>
            <p>Publication Information</p>
         </publicationStmt>
         <sourceDesc>
            <p>Information about the source</p>
         </sourceDesc>
      </fileDesc>
   </teiHeader>
   <text>
      <body>
 Name:  <properName>גור</properName>  (מן),  בתיה
  <foreign>Birth</foreign>  Year:  <date>1947
</date>  <foreign>Death</foreign>  Year:  <date>2005
</date>  <foreign>Birth</foreign>  Place:  <properName>תל</properName>  <properName>אביב</properName>  להורים
  Occupation:  <noun>סופרת</noun>  ומסאית
  <foreign>Entry</foreign>  writer:  <properName>אורי</properName>  <noun>ש'</noun>  כהן
  <foreign>Entry</foreign>  Value:  
  <verb>נולדה</verb>  בתל  <properName>אביב</properName>  להורים  <noun>ניצולי</noun>  שואה.  <verb>למדה</verb>  בבית  <noun>הספר</noun>  "אהלשם"  ולאחר  <verb>מכן</verb>  ב"תיכון  חדש".  <verb>שירתה</verb>  בצה"ל  כמורה-חיילת  באופקים.  <verb>למדה</verb>  <noun>ספרות</noun>  <adjective>עברית</adjective>  באוניברסיטה  <adjective>העברית</adjective>  בירושלים  לתואר  <numeral>ראשון</numeral>  ושני.  <verb>עבדה</verb>  <noun>כמורה</noun>  בפנימיית  "בויאר"  ובבית  <noun>הספר</noun>  "התיכון  שליד  האוניברסיטה"  בירושלים.  
  בסוף  <noun>העשור</noun>  <numeral>השלישי</numeral>  לחייה  <verb>פנתה</verb>  לכתיבה  ספרותית.  ספרה  הראשון,רצח  בשבת  בבוקר  (כתר,  <date>1988),</date>  <participle>המפענח</participle>  <verb>רצח</verb>  במכון  הפסיכואנליטי,  <verb>זכה</verb>  להצלחה  <adjective>רבה</adjective>  בזכות  דמותו  <adjective>הכובשת</adjective>  <shel-preposition>של</shel-preposition>  <noun>הבלש</noun>  <properName>מיכאל</properName>  אוחיון,  שסגנון  חקירתו  <participle>המשתהה</participle>  והמהורהר  <verb>יצר</verb>  <noun>מותחן</noun>  <noun>בעל</noun>  <noun>עומק</noun>  <adjective>פסיכולוגי</adjective>  והגותי.  בתחילת  <noun>שנות</noun>  <numeral>התשעים</numeral>  <verb>החלה</verb>  <verb>לעבוד</verb>  <conjunction>גם</conjunction>  כמבקרת  <noun>ספרות</noun>  בעיתון  הארץ.  באמצע  <noun>שנות</noun>  <numeral>התשעים</numeral>  <verb>עזבה</verb>  <at-preposition>את</at-preposition>  <noun>ההוראה</noun>  בתיכון,  <conjunction>אך</conjunction>  <verb>המשיכה</verb>  <verb>ללמד</verb>  <noun>סיפורת</noun>  וכתיבה  בבית  <noun>הספר</noun>  לקולנוע  ולטלוויזיה  <preposition>ע"ש</preposition>  <properName>סם</properName>  <properName>שפיגל</properName>  בירושלים.  <at-preposition>את</at-preposition>  <noun>רוב</noun>  חייה  <adjective>הבוגרים</adjective>  <verb>עשתה</verb>  בירושלים,  והעיר,  <preposition>על</preposition>  <noun>שלל</noun>  הקשריה,  <verb>משמשת</verb>  <noun>רקע</noun>  <adjective>משמעותי</adjective>  בחלק  מיצירותיה.
  ההוראה,  <conjunction>כמו</conjunction>  <conjunction>גם</conjunction>  <noun>הכתיבה</noun>  הביקורתית,  <copula>היו</copula>  לה  <noun>ביטוי</noun>  למחויבות  ולאחריות  <preposition>כלפי</preposition>  <noun>החברה</noun>  והתרבות,  <conjunction>אך</conjunction>  <conjunction>גם</conjunction>  לאמונה  בכוחה  <participle>הגואל</participle>  <shel-preposition>של</shel-preposition>  האמנות.  מכוח  ניסיונה  כמורה-חיילת  באופקים,  <verb>נכתב</verb>  ספרה  <noun>המסאי</noun>  מכביש  <noun>הרעב</noun>  <adverb>שמאלה</adverb>  <date>(1990),</date>  שראשיתו  במאמר  לכתב  <noun>העת</noun>  פוליטיקה.  שיבתה  <adjective>המאוחרת</adjective>  לעיירה  <noun>אופקים</noun>  ומפגשיה  <preposition>עם</preposition>  תלמידיה  <adverb>לשעבר</adverb>  <verb>מתוארים</verb>  בענייניות  חומלת,  והספר  <verb>מתבונן</verb>  <preposition>מתוך</preposition>  <noun>מודעות</noun>  <adjective>רחבה</adjective>  במוקדי  <noun>הכוח</noun>  <participle>הפועלים</participle>  <preposition>על</preposition>  החיים,  ובמיוחד  <preposition>על</preposition>  <noun>הנשים</noun>  בעיירת  <noun>פיתוח</noun>  בישראל  ה"מפותחת".  
  רגישותה  לכוח  ולשוליות  <verb>באה</verb>  <preposition>לידי</preposition>  <noun>ביטוי</noun>  <conjunction>גם</conjunction>  בבחירתה  במותחן  <adjective>הבלשי</adjective>  ובדמותו  <shel-preposition>של</shel-preposition>  <noun>הבלש</noun>  הנוגה,  <adjective>המזרחי</adjective>  והמשכיל,  <properName>מיכאל</properName>  אוחיון.  כניסתה  <preposition>אל</preposition>  <noun>הספרות</noun>  <preposition>דרך</preposition>  <noun>הז'אנר</noun>  הלא-קנוני  <shel-preposition>של</shel-preposition>  הבלש,  <conjunction>כמו</conjunction>  <conjunction>גם</conjunction>  דמותו  <shel-preposition>של</shel-preposition>  אוחיון,  <verb>מבטאות</verb>  <noun>עמדה</noun>  <adjective>המודעת</adjective>  לעוצמתה  הייחודית,  <conjunction>אך</conjunction>  <verb>ניגשת</verb>  למרכז  <preposition>מתוך</preposition>  שוליות.  <conjunction>למרות</conjunction>  הסתייגותה  מהמושג  "ספרות  נשים",  כתיבתה  <verb>מבטאת</verb>  <noun>עמדה</noun>  <adjective>חתרנית</adjective>  <preposition>כלפי</preposition>  <noun>הממסדים</noun>  השונים,  <adjective>הגבריים</adjective>  <preposition>מן</preposition>  הסתם,  ששולטים  בשיח  <shel-preposition>של</shel-preposition>  <noun>התרבות</noun>  הישראלית.  
  בששת  <noun>הרומנים</noun>  <adjective>הבלשיים</adjective>  שכתבה,  <properName>אוחיון</properName>  <verb>פוקד</verb>  <at-preposition>את</at-preposition>  <noun>מוקדי</noun>  <noun>הכוח</noun>  <shel-preposition>של</shel-preposition>  <noun>החברה</noun>  הישראלית,  <preposition>על</preposition>  <noun>הממסדים</noun>  <adjective>הסגורים</adjective>  שלהם.  <preposition>בין</preposition>  שמדובר  בחברה  <adjective>הפסיכואנליטית</adjective>  ובין  שבקיבוץ,  באוניברסיטה  <conjunction>או</conjunction>  בשכונה  מתברגנת,  <noun>החקירה</noun>  <shel-preposition>של</shel-preposition>  <properName>אוחיון</properName>  <adjective>המזרחי</adjective>  ועמדתו  <adjective>האמביוולנטית</adjective>  כנציג  <noun>הממסד</noun>  המשטרתי,  <conjunction>אך</conjunction>  <conjunction>גם</conjunction>  כחיצוני  לו,  <verb>מפרקות</verb>  <at-preposition>את</at-preposition>  <noun>הממסד</noun>  לגורמיו  האנושיים.  פענוחו  <shel-preposition>של</shel-preposition>  <noun>הפשע</noun>  <verb>משיב</verb>  <at-preposition>את</at-preposition>  <noun>הסדר</noun>  <preposition>על</preposition>  כנו,  <conjunction>אך</conjunction>  <noun>העולם</noun>  שהסדר  <verb>חוזר</verb>  אליו  <adverb>שוב</adverb>  <verb>אינו</verb>  אותו  עולם.
  <noun>ההתפתחות</noun>  לאורך  כתיבתה  <verb>באה</verb>  <preposition>לידי</preposition>  <noun>ביטוי</noun>  <conjunction>גם</conjunction>  בדמותו  <shel-preposition>של</shel-preposition>  אוחיון,  שכמו  <noun>החברה</noun>  שבה  <pronoun>הוא</pronoun>  פועל,  <verb>מתבגר</verb>  ומתמלא  ספקות,  <conjunction>כפי</conjunction>  שניכר  בשני  <noun>הבלשים</noun>  האחרונים:  <verb>רצח</verb>  בדרך  <noun>בית</noun>  <properName>לחם</properName>  <date>(2001)</date>  <date>ורצחמצלמים(2004).</date>  <conjunction>אם</conjunction>  בספרים  <numeral>הראשונים</numeral>  <participle>המכונה</participle>  <noun>הבלשית</noun>  מכתיבה  <at-preposition>את</at-preposition>  <noun>התנועה</noun>  בטקסט,  <noun>הספרים</noun>  <adjective>האחרונים</adjective>  <participle>חושפים</participle>  <noun>סתירה</noun>  <adverb>עקרונית</adverb>  <preposition>בין</preposition>  <noun>המבנה</noun>  הבלשי,  <preposition>על</preposition>  יעילותו  <participle>המובילה</participle>  לפתרון,  לבין  <noun>הפתיחות</noun>  <adjective>העקרונית</adjective>  <shel-preposition>של</shel-preposition>  הרומן,  שנעשית  <quantifier>יותר</quantifier>  דומיננטית.  <noun>שינוי</noun>  <pronoun>זה</pronoun>  <verb>מביא</verb>  לשבירת  <noun>הריחוק</noun>  הרגשי,  <participle>המאפיין</participle>  <at-preposition>את</at-preposition>  <noun>הקריאה</noun>  במותחן  בלשי,  ומדגיש  <at-preposition>את</at-preposition>  <noun>הייחוד</noun>  בכתיבתה  <shel-preposition>של</shel-preposition>  גור.  <noun>התוצאה</noun>  <copula>היא</copula>  שהגבול  <preposition>בין</preposition>  <noun>הקורא</noun>  לבלש  מיטשטש,  <noun>החברה</noun>  <adjective>הישראלית</adjective>  <copula>היא</copula>  שהופכת  לחשוד  המיידי,  והכתיבה  <verb>עצמה</verb>  לפוליטית-ביקורתית.  
  <verb>כתבה</verb>  <numeral>שני</numeral>  <noun>רומנים</noun>  <negation>לא</negation>  בלשיים:  <negation>לא</negation>  <adverb>כך</adverb>  <verb>תיארתי</verb>  לי  <date>(1994)</date>  <verb>מעמת</verb>  <preposition>בין</preposition>  <numeral>שני</numeral>  סיפורים:  <preposition>על</preposition>  ילדה,  <noun>בת</noun>  לניצולי  שואה,  ועל  <noun>גינקולוגית</noun>  מבוגרת.  <adverb>בדיעבד</adverb>  <verb>מתברר</verb>  שהסיפור  <shel-preposition>של</shel-preposition>  <noun>המבוגרת</noun>  <pronoun>הוא</pronoun>  <noun>המשך</noun>  לסיפורה  <shel-preposition>של</shel-preposition>  הילדה,  כשההקשר  היהודי-ישראלי  <verb>מקיים</verb>  <noun>מצור</noun>  <preposition>על</preposition>  <noun>הזהות</noun>  <adjective>הנשית</adjective>  שמתקשה  <verb>לצאת</verb>  <preposition>אל</preposition>  הפועל.  <noun>הרומן</noun>  השני,  <noun>אבן</noun>  <preposition>תחת</preposition>  <noun>אבן</noun>  <date>(1998),</date>  <verb>מתייחס</verb>  למותו  <shel-preposition>של</shel-preposition>  <properName>אמיר</properName>  <properName>סלע</properName>  ברולטת  <noun>הרשת</noun>  שהתרחשה  בבסיס  <noun>חיל</noun>  האוויר,  ומתאר  <at-preposition>את</at-preposition>  מאבקה  <shel-preposition>של</shel-preposition>  אמו  בממסד  <adjective>הצבאי</adjective>  <preposition>סביב</preposition>  <noun>הכיתוב</noun>  <preposition>על</preposition>  המצבה.  <noun>המאבק</noun>  <verb>מעוצב</verb>  בנוסח  <adjective>קלאסי</adjective>  (מיכאל  <properName>קולהאס</properName>  <shel-preposition>של</shel-preposition>  קלייסט),  כשהתובנות  ברומן  <verb>נובעות</verb>  מהשילוב  <preposition>בין</preposition>  <noun>הטוטליות</noun>  שעל  <noun>סף</noun>  <noun>הטירוף</noun>  לדקות  <noun>ההבחנה</noun>  בכוחות  <noun>המושלים</noun>  בחיינו.
  <noun>המחויבות</noun>  <preposition>כלפי</preposition>  <noun>התרבות</noun>  והחברה  <verb>באה</verb>  <preposition>לידי</preposition>  <noun>ביטוי</noun>  <adjective>מוחשי</adjective>  בעבודתה  <adjective>הביקורתית</adjective>  בעיתון  הארץ.  <preposition>מתוך</preposition>  רשימותיה,  שמבחר  מהן  <verb>התפרסם</verb>  בספר  <conjunction>מבלי</conjunction>  <verb>דלג</verb>  <preposition>על</preposition>  <noun>דף</noun>  <date>(2008),</date>  <noun>עולה</noun>  <noun>עמדה</noun>  שיש  בה  <noun>שילוב</noun>  <shel-preposition>של</shel-preposition>  <noun>שמרנות</noun>  תרבותית,  <noun>הסתייגות</noun>  מהמנגנון  <adjective>הכוחני</adjective>  <shel-preposition>של</shel-preposition>  <noun>הביקורת</noun>  וראייה  מקורית,  <adjective>ישרה</adjective>  וחדה.  מכתיבתה  <adjective>הביקורתית</adjective>  <verb>מתבהרת</verb>  <noun>הבחירה</noun>  שלה  ברצח  ובפענוח  כמובילים  <shel-preposition>של</shel-preposition>  <noun>התנועה</noun>  <preposition>אל</preposition>  <wPrefix>תוך</wPrefix>  הספרות:  "הרצח,  <conjunction>או</conjunction>  <conjunction>אפילו</conjunction>  <noun>המחשבה</noun>  <preposition>על</preposition>  רצח",  כדבריה  <preposition>על</preposition>  <properName>ז'ורז'</properName>  סימנון,  שהיה  עבורה,  <noun>קרוב</noun>  לוודאי,  <noun>מקור</noun>  <noun>השפעה</noun>  ספרותי  והגותי  משמעותי,  <pronoun>הוא</pronoun>  <conjunction>רק</conjunction>  <noun>מפתח</noun>  "לתאר  <at-preposition>את</at-preposition>  <noun>האופן</noun>  שבו  <noun>בני</noun>  <properName>אדם</properName>  <participle>לכודים</participle>  בתוך  נפשם  שלהם".  
  <verb>בןזוגה</verb>  בשנים  <adjective>האחרונות</adjective>  לחייה,  <noun>המבקר</noun>  <properName>אריאל</properName>  הירשפלד,  <verb>חיבר</verb>  <conjunction>לאחר</conjunction>  מותה  <at-preposition>את</at-preposition>  <noun>הספר</noun>  <noun>רישומים</noun>  <shel-preposition>של</shel-preposition>  <noun>התגלות</noun>  <date>(2006),</date>  שהוא  כעין  <noun>הספד</noun>  <adjective>פיוטי</adjective>  <preposition>על</preposition>  חייה  ועל  אהבתם.
  References:  
  הירשפלד,  אריאל.  "הנסיכה  שעל  העדשה".הארץ  <noun>תרבות</noun>  <date>וספרות.17.6.2005.</date>  1;  חבר,  חנן.  "האמת  <noun>הבלשית</noun>  והאמת  הלאומית:  <noun>הפוליטיקה</noun>  <shel-preposition>של</shel-preposition>  <properName>מיכאל</properName>  אוחיון".  <noun>הארץ</noun>  תרבותוספרות.  <date>27.5.2005.</date>  1;  
  Sokoloff,  <foreign>Naomi</foreign>  B.  "Jewish  Mysteries:  <foreign>Detective</foreign>  <foreign>Fiction</foreign>  <foreign>by</foreign>  <foreign>Faye</foreign>  <foreign>Kellerman</foreign>  <foreign>and</foreign>  <foreign>Batya</foreign>  Gur".  <foreign>Shofar</foreign>  15  (3).  <date>1997.</date>  66-85.
 
		</body>
	</text>
</TEI>