<?xml version="1.0" encoding="UTF-8"?>
<?xml-model href="http://www.tei-c.org/release/xml/tei/custom/schema/relaxng/tei_all.rng" type="application/xml" schematypens="http://relaxng.org/ns/structure/1.0"?>
<?xml-model href="http://www.tei-c.org/release/xml/tei/custom/schema/relaxng/tei_all.rng" type="application/xml"
	schematypens="http://purl.oclc.org/dsdl/schematron"?>
<TEI xmlns="http://www.tei-c.org/ns/1.0">
   <teiHeader>
      <fileDesc>
         <publicationStmt>
            <p>Publication Information</p>
         </publicationStmt>
         <sourceDesc>
            <p>Information about the source</p>
         </sourceDesc>
      </fileDesc>
   </teiHeader>
   <text>
      <body>
 Name:  גלבֹּע,  <properName>אמיר</properName>  (פלדמן,  ברל)  
  <foreign>Birth</foreign>  Year:  <date>1914
</date>  <foreign>Death</foreign>  Year:  <date>1984
</date>  <foreign>Birth</foreign>  Place:  <noun>עיירה</noun>  <adjective>האוקראינית</adjective>  ראדזיווילוב,
  Occupation:  <noun>משורר</noun>  ועורך
  <foreign>Entry</foreign>  writer:  <properName>אבנר</properName>  הולצמן
  <foreign>Entry</foreign>  Value:  
  <verb>נולד</verb>  בעיירה  <adjective>האוקראינית</adjective>  ראדזיווילוב,  <noun>מערב</noun>  <noun>פלך</noun>  ווהלין,  <adjective>סמוך</adjective>  לגבול  גליציה.  <preposition>בין</preposition>  <numeral>שתי</numeral>  <noun>מלחמות</noun>  <noun>העולם</noun>  <verb>נכללה</verb>  <noun>העיירה</noun>  בשטח  פולין.  <pronoun>הוא</pronoun>  <copula>היה</copula>  <numeral>הרביעי</numeral>  משבעה  ילדים.  <noun>בני</noun>  משפחתו  <verb>עסקו</verb>  בחייטות.  <at-preposition>את</at-preposition>  <noun>ראשית</noun>  לימודיו  <verb>עשה</verb>  בחדר,  ולאחר  <verb>מכן</verb>  <verb>קיבל</verb>  <noun>חינוך</noun>  <adjective>עברי</adjective>  בבתי  <noun>ספר</noun>  <shel-preposition>של</shel-preposition>  <noun>רשת</noun>  "תרבות״,  וכן  <verb>למד</verb>  <preposition>עד</preposition>  <noun>גיל</noun>  שש-עשרה  בבית  <noun>ספר</noun>  <adjective>ממשלתי</adjective>  פולני.  מגיל  שמונה  <copula>היה</copula>  <verb>חבר</verb>  בסניף  <adjective>המקומי</adjective>  <shel-preposition>של</shel-preposition>  <noun>תנועת</noun>  "החלוץ  הצעיר״.  <noun>בית</noun>  <noun>הספר</noun>  <verb>קירב</verb>  <quantifier>אותו</quantifier>  <preposition>אל</preposition>  <noun>הספרות</noun>  העברית,  פעילותו  בתנועה  <verb>נטעה</verb>  בו  <noun>אמונה</noun>  <adjective>ציונית</adjective>  עמוקה,  ומילדותו  <verb>התגבשה</verb>  בו  <noun>ההכרה</noun>  <conjunction>כי</conjunction>  ייעודו  <copula>להיות</copula>  <noun>משורר</noun>  <adjective>עברי</adjective>  בארץישראל.
  <date>ב-1933</date>  <verb>יצא</verb>  להכשרה  חקלאית,  <adverb>תחילה</adverb>  בעיר  <properName>לוּצְק</properName>  <date>ומ-1934</date>  בעיירה  וֶרְבָּה.  <date>ב-1936</date>  <verb>עבר</verb>  להכשרה  <adjective>העירונית</adjective>  בעיר  בנדין,  <noun>מערב</noun>  פולין.  באותן  <noun>השנים</noun>  <verb>פירסם</verb>  <noun>שירים</noun>  ביידיש  בעיתונות  <noun>התנועה</noun>  <punctuation>–</punctuation>  <adverb>מעט</adverb>  מכתיבת  <properName>נעורים</properName>  שופעת,  שרובה  אבד.  <preposition>על</preposition>  <noun>אף</noun>  <noun>מתחים</noun>  <verb>שנתגלעו</verb>  בינו  <preposition>לבין</preposition>  חבריו  לתנועה  <preposition>בשל</preposition>  <noun>האינדיווידואליזם</noun>  <adjective>המובהק</adjective>  שלו,  <verb>אושרה</verb>  עלייתו  ארצה.  בנובמבר  <date>1937</date>  <verb>חזר</verb>  לביקור  <properName>פרֵדה</properName>  בראדזיווילוב,  <conjunction>אך</conjunction>  <verb>הסתיר</verb>  מבני  משפחתו  <at-preposition>את</at-preposition>  טעמו  <adjective>האמיתי</adjective>  <shel-preposition>של</shel-preposition>  <noun>הביקור</noun>  ואת  <noun>מגמת</noun>  פניו.  לצורך  עלייתו  <verb>נדרש</verb>  <verb>לאמץ</verb>  <noun>זהות</noun>  ארץ-ישראלית  <adjective>בדויה</adjective>  ובחר  לעצמו  <at-preposition>את</at-preposition>  <noun>השם</noun>  <properName>אמיר</properName>  גלבע,  שהיה  לשמו  <adjective>הספרותי</adjective>  ולימים  <conjunction>גם</conjunction>  לשמו  הרשמי.  בדצמבר  <verb>יצא</verb>  לדרך  בקבוצת  <noun>עולים</noun>  <wPrefix>בלתי</wPrefix>  <adjective>לגאלית</adjective>  <preposition>מקרב</preposition>  <noun>אנשי</noun>  "החלוץ״,  ובינואר  <date>1938,</date>  <conjunction>לאחר</conjunction>  <noun>מסע</noun>  <noun>תלאות</noun>  בספינת  <participle>המעפילים</participle>  "פוסידון״,  <verb>נחתו</verb>  <adverb>בחשאי</adverb>  בחוף  השרון.  <preposition>אחרי</preposition>  <quantifier>כמה</quantifier>  <noun>חודשים</noun>  בקיבוץ  <noun>גבעת</noun>  <numeral>השלושה</numeral>  <verb>עזב</verb>  <verb>לפתחתקווה</verb>  הסמוכה,  ובשנים  <adjective>הבאות</adjective>  <verb>התפרנס</verb>  <properName>מעבודותדחק</properName>  <verb>מזדמנות</verb>  ברחבי  הארץ.  <date>ב-1940</date>  <verb>נחשד</verb>  בהשתייכות  למפלגה  <adjective>הקומוניסטית</adjective>  ונאלץ  <verb>להסתתר</verb>  זמן-מה  <preposition>מן</preposition>  <noun>המשטרה</noun>  הבריטית.  <adverb>מאז</adverb>  עלייתו  <noun>כתב</noun>  <noun>שירים</noun>  ביידיש  ובעברית,  <conjunction>אך</conjunction>  <preposition>עד</preposition>  <adverb>מהרה</adverb>  <verb>התרכז</verb>  בעברית  בלבד.  שיריו  ביידיש  <adjective>רוויים</adjective>  <noun>מוטיבים</noun>  <shel-preposition>של</shel-preposition>  <noun>מחאה</noun>  <adjective>פרולטרית</adjective>  וכתובים  ברובם  בפאתוס  <adjective>רגשני</adjective>  מתפרץ.  בעצת  <noun>ידידים</noun>  <verb>גנז</verb>  אותם,  וכמה  <numeral>עשרות</numeral>  מהם  <verb>נשמרו</verb>  בעיזבונו.
  שירו  <adjective>העברי</adjective>  <numeral>הראשון</numeral>  שפורסם,  "כי  <conjunction>אז</conjunction>  אצעק״,  <verb>הופיע</verb>  בפברואר  <date>1941</date>  בדפים  לספרות  <shel-preposition>של</shel-preposition>  דו-השבועון  <shel-preposition>של</shel-preposition>  "השומר  הצעיר"  בעריכת  <properName>אברהם</properName>  שלונסקי.  <existential>יש</existential>  בשיר  <adjective>ארוך</adjective>  <pronoun>זה</pronoun>  <conjunction>כדי</conjunction>  <verb>לבשר</verb>  <quantifier>כמה</quantifier>  מעיקרי  <noun>הפואטיקה</noun>  <adjective>האקספרסיוניסטית</adjective>  שהתגבשה  בשירתו,  בהם:  <noun>תפישה</noun>  <verb>מועצמת</verb>  ומוכללת  <shel-preposition>של</shel-preposition>  המציאות;  <noun>בניית</noun>  <noun>דמות</noun>  <shel-preposition>של</shel-preposition>  "אני"  <verb>בעל</verb>  ממדי  <adjective>ענק</adjective>  וכוחות  על-אנושיים;  <noun>רטוריקה</noun>  הכרזתית-דקלומית  <participle>המרבה</participle>  בחזרות  ובקטלוגים  תיאוריים;  <noun>נטייה</noun>  <verb>לחבוק</verb>  <noun>מרחבי</noun>  <noun>נופים</noun>  <adjective>גדולים</adjective>  ורצפים  <adjective>היסטוריים</adjective>  ארוכים;  <preposition>מעבר</preposition>  <preposition>בין</preposition>  <noun>ביטויים</noun>  <shel-preposition>של</shel-preposition>  <noun>מצוקה</noun>  <adjective>אישית</adjective>  <verb>מייסרת</verb>  מזה  להארה  <adjective>חזונית</adjective>  מזה;  <noun>ריבוי</noun>  <noun>ציורי</noun>  <noun>לשון</noun>  <noun>המבטאים</noun>  <noun>רגשות</noun>  עזים;  <noun>הימנעות</noun>  מצורות  <adjective>שיריות</adjective>  <participle>סגורות</participle>  ועיצוב  <noun>חופשי</noun>  <verb>מתגוון</verb>  <shel-preposition>של</shel-preposition>  השורה,  <noun>הבית</noun>  ויחידות  הריתמוס.  <noun>השיר</noun>  <verb>עורר</verb>  <noun>רושם</noun>  בחוג  <noun>המשוררים</noun>  <adjective>הצעירים</adjective>  שצמחו  <conjunction>אז</conjunction>  בחסותו  <shel-preposition>של</shel-preposition>  שלונסקי.  <preposition>בעקבות</preposition>  <pronoun>זאת</pronoun>  <verb>התוודע</verb>  <properName>גלבע</properName>  לשלושה  מהם:  <properName>שלמה</properName>  טנאי,  <noun>עוזר</noun>  <properName>רבין</properName>  ובנימין  גלאי,  ויחד  <verb>תיכננו</verb>  <verb>להוציא</verb>  <noun>כתב</noun>  <noun>עת</noun>  משלהם,  <pronoun>הוא</pronoun>  <noun>ילקוט</noun>  הרעים.  
  <noun>בד</noun>  בבד  <properName>שקד</properName>  <preposition>על</preposition>  <noun>הכנת</noun>  <noun>קובץ</noun>  <noun>שירים</noun>  <properName>ראשון</properName>  משלו,  שראה  <noun>אור</noun>  באפריל  <date>1942</date>  בשם  <properName>לָאות</properName>  (ארחה).  <adverb>כבר</adverb>  בחוברת  <adjective>צנומה</adjective>  <pronoun>זו</pronoun>  <verb>ניכר</verb>  מאבקו  <adjective>הפנימי</adjective>  <preposition>בין</preposition>  נטייתו  <adjective>הטבעית</adjective>  לכתיבה  <adjective>חווייתית</adjective>  "פרועה"  ופורצתצורות  <preposition>לבין</preposition>  <noun>הנוסח</noun>  הניאו-סימבוליסטי  רב-ההשפעה  <shel-preposition>של</shel-preposition>  <noun>אסכולת</noun>  שלונסקי-אלתרמן,  שעיקרו  <noun>השאיפה</noun>  לליטוש  <adjective>צורני</adjective>  ומוזיקלי,  להתרחקות  <preposition>מן</preposition>  <noun>הממד</noun>  הווידויי-אוטוביוגרפי  ולהמרת  <noun>הרגש</noun>  <adjective>החשוף</adjective>  בשנינה  שכלתנית,  <participle>המעמידה</participle>  <at-preposition>את</at-preposition>  <noun>השיר</noun>  כאובייקט  <noun>גבישי</noun>  מושלם.  <noun>מאבק</noun>  <pronoun>זה</pronoun>  <verb>נמשך</verb>  <adverb>לפחות</adverb>  <preposition>עד</preposition>  סיומו  <shel-preposition>של</shel-preposition>  <quantifier>אותו</quantifier>  עשור,  והוכרע  כשחזר  ודבק  בנטיותיו  הראשוניות.
  בקיץ  <date>1942</date>  <verb>התגייס</verb>  לצבא  <adjective>הבריטי</adjective>  והוצב  כנהג  ביחידת  <noun>הובלה</noun>  במסגרת  <noun>הבריגדה</noun>  העברית.  בשלוש  <noun>השנים</noun>  <adjective>הבאות</adjective>  <noun>שירת</noun>  בחזיתות  צפון-אפריקה  ואיטליה,  ולאחר  <noun>המלחמה</noun>  <verb>הגיע</verb>  <preposition>עם</preposition>  יחידתו  <conjunction>גם</conjunction>  לצרפת  ולבלגיה.  <conjunction>רק</conjunction>  בתום  <noun>המלחמה</noun>  <verb>נודע</verb>  <conjunction>לו</conjunction>  <adverb>בוודאות</adverb>  <interrogative>מה</interrogative>  שכבר  <verb>ניחש</verb>  <punctuation>–</punctuation>  שאביו  ואמו,  <numeral>ששת</numeral>  אחיו  ואחיותיו  וצאצאיהם  <verb>נרצחו</verb>  <pronoun>כולם</pronoun>  <preposition>עם</preposition>  <noun>קהילת</noun>  ראדזיווילוב.  <adverb>מכאן</adverb>  <adverb>ואילך</adverb>  <verb>נעשו</verb>  <noun>זיכרונות</noun>  <noun>הילדות</noun>  בעיירה,  דמויותיהם  <shel-preposition>של</shel-preposition>  <noun>בני</noun>  משפחתו  וביכוי  אובדנם  למרכיבים  <shel-preposition>של</shel-preposition>  <noun>קבע</noun>  בשירתו.
  בתקופת  שירותו  <adjective>הצבאי</adjective>  <verb>המשיך</verb>  בכתיבה  <adjective>רצופה</adjective>  <shel-preposition>של</shel-preposition>  שירים,  שמקצתם  <verb>פורסמו</verb>  בשתי  <noun>החוברות</noun>  <numeral>הראשונות</numeral>  <shel-preposition>של</shel-preposition>  <noun>ילקוט</noun>  הרעים,  בעיתונות  <adjective>הפנימית</adjective>  <shel-preposition>של</shel-preposition>  <noun>חיילי</noun>  <noun>הבריגדה</noun>  ובאכסניות  אחרות.  <date>ב-1946,</date>  <adjective>סמוך</adjective>  לשחרורו  <preposition>מן</preposition>  הצבא,  <verb>גיבש</verb>  מתוכם  <at-preposition>את</at-preposition>  <noun>כתב</noun>  <noun>היד</noun>  <shel-preposition>של</shel-preposition>  ספרו  <conjunction>הנה</conjunction>  <noun>ימים</noun>  באים,  <conjunction>אך</conjunction>  <pronoun>הוא</pronoun>  <verb>נגנז</verb>  <noun>מסיבה</noun>  <negation>לא</negation>  ידועה,  <verb>התגלה</verb>  <preposition>אחרי</preposition>  מותו  ופורסם  במלואו  <conjunction>רק</conjunction>  <date>ב-2007.</date>  <noun>השירים</noun>  <verb>מבטאים</verb>  <noun>תחושות</noun>  זוועה,  <noun>חרון</noun>  ופחד  <preposition>לנוכח</preposition>  <noun>אימי</noun>  <noun>המלחמה</noun>  והשואה,  <conjunction>אך</conjunction>  <negation>לא</negation>  <adverb>פחות</adverb>  מכך  <noun>תאוות</noun>  <noun>חיים</noun>  נמרצת,  <noun>כיסופי</noun>  <noun>אהבה</noun>  <noun>והיקסמות</noun>  מיפי  <noun>הטבע</noun>  <preposition>עד</preposition>  <conjunction>כדי</conjunction>  <noun>ביטויים</noun>  <shel-preposition>של</shel-preposition>  <properName>שמחה</properName>  <adjective>אקסטטית</adjective>  <preposition>על</preposition>  <noun>עצם</noun>  הקיום.
  <date>מ-1947</date>  <noun>עסק</noun>  בעבודות  תרגום,  <noun>עריכה</noun>  והגהה.  <date>ב-1949</date>  <verb>הופיע</verb>  ספרו  השני,  <numeral>שבע</numeral>  רשויות,  <participle>המכיל</participle>  <quantifier>מבחר</quantifier>  <preposition>מתוך</preposition>  <numeral>מאות</numeral>  <noun>השירים</noun>  שחיבר  <adverb>מאז</adverb>  <date>1941,</date>  ובו  <conjunction>גם</conjunction>  משירי  <noun>לאות</noun>  והנה  <noun>ימים</noun>  באים.  <noun>חלוקת</noun>  <noun>הספר</noun>  לשבעה  <noun>שערים</noun>  <verb>ביטאה</verb>  <at-preposition>את</at-preposition>  <noun>הכרת</noun>  <noun>המשורר</noun>  בגיוון  <noun>הרב</noun>  <participle>המאפיין</participle>  <at-preposition>את</at-preposition>  <noun>חטיבות</noun>  שירתו.  ואכן,  <noun>הספר</noun>  <verb>מכיל</verb>  <noun>שירים</noun>  <verb>שונים</verb>  <pronoun>זה</pronoun>  מזה  <participle>מבחינות</participle>  רבות:  <noun>שירים</noun>  <adjective>ליריים</adjective>  <adjective>אינטימיים</adjective>  <preposition>בצד</preposition>  <noun>המנונים</noun>  קולקטיביים-לאומיים  אופטימיים;  <noun>שירי</noun>  <noun>חלום</noun>  <adjective>סוריאליסטיים</adjective>  <preposition>בצד</preposition>  <noun>שירים</noun>  <noun>המעצבים</noun>  <noun>רגעי</noun>  <adjective>מודעות</adjective>  <verb>חדים</verb>  ואכזריים;  <noun>שירים</noun>  <adjective>סדורי</adjective>  משקל,  <noun>חרוז</noun>  ובית  <preposition>בצד</preposition>  <noun>רצפים</noun>  <noun>ריתמיים</noun>  חופשיים;  <noun>שירי</noun>  קינה  <preposition>על</preposition>  יקיריו  (הבולט  בהם:  "נשמת  <properName>יוסי</properName>  בן  אחותי  ברוניה״)  <preposition>בצד</preposition>  <noun>שירי</noun>  <noun>צחוק</noun>  ושמחה,  <noun>אהבה</noun>  וארוס;  ושירים  ארס-פואטיים  <preposition>על</preposition>  <adjective>סגולות</adjective>  <verb>השירה</verb>  <preposition>בצד</preposition>  <noun>שירים</noun>  <participle>המעלים</participle>  <noun>עושר</noun>  <shel-preposition>של</shel-preposition>  <noun>חוויות</noun>  <adjective>חושיות</adjective>  <adjective>ראשוניות</adjective>  (הבולט  בהם:  "אלמוג  אדום״).
  בספרו  השלישי,  <noun>שירים</noun>  בבוקר  בבוקר  <date>(1953),</date>  <verb>נאספו</verb>  שיריו  שנכתבו  <date>מ-1950</date>  <noun>ועד</noun>  <date>1952,</date>  והוא  <verb>נחשב</verb>  בביקורת  כטוב  בספריו.  <noun>הספר</noun>  מכיל,  אכן,  <at-preposition>את</at-preposition>  <noun>הריכוז</noun>  <adjective>החשוב</adjective>  <adverb>ביותר</adverb>  <shel-preposition>של</shel-preposition>  שיריו  הבשלים.  <adjective>בולטת</adjective>  בהם  <noun>הנטייה</noun>  <verb>לעצב</verb>  <noun>דובר</noun>  <adjective>מבוגר</adjective>  <participle>המשחזר</participle>  <at-preposition>את</at-preposition>  <noun>נקודת</noun>  תצפיתו  <shel-preposition>של</shel-preposition>  ילד,  <noun>עמדה</noun>  <participle>המעניקה</participle>  למבטו  <noun>רעננות</noun>  חושית-חווייתית.  במתכונת  <pronoun>זו</pronoun>  <adjective>עשויים</adjective>  <noun>שירים</noun>  כ"הולדת",  "שזיף  באור",  "זרעים  <shel-preposition>של</shel-preposition>  עופרת"  ו"יצחק",  שהם  משיאי  יצירתו.  <noun>שירים</noun>  <adjective>אחרים</adjective>  ("רחב",  "משה",  "שאול")  <verb>מעצבים</verb>  <noun>מבט</noun>  <adjective>רענן</adjective>  <preposition>על</preposition>  <noun>סיטואציות</noun>  <adjective>מקראיות</adjective>  <preposition>תוך</preposition>  <noun>שילוב</noun>  <preposition>בין</preposition>  <verb>עבר</verb>  להווה,  והם  <adverb>חלק</adverb>  מזיקה  <adjective>עמוקה</adjective>  ומתמשכת  <shel-preposition>של</shel-preposition>  <noun>המשורר</noun>  <preposition>אל</preposition>  <noun>המסורת</noun>  <adjective>היהודית</adjective>  לרבדיה,  <preposition>מן</preposition>  <noun>המקרא</noun>  <noun>ועד</noun>  <noun>ספרות</noun>  <noun>הקבלה</noun>  והחסידות.  <quantifier>עוד</quantifier>  <verb>מכיל</verb>  <noun>הספר</noun>  <noun>שירי</noun>  <properName>שמחה</properName>  <adjective>אקסטטיים</adjective>  ("לו  <numeral>מאה</numeral>  כובעים"),  <noun>תגובות</noun>  <adjective>המנוניות</adjective>  <preposition>על</preposition>  <noun>הקמת</noun>  <noun>המדינה</noun>  ("שיר  בבוקר  בבוקר"),  ובצדם  <noun>שירים</noun>  <adjective>מלאי</adjective>  <noun>מתח</noun>  <noun>הצומחים</noun>  מהוויית  <noun>מלחמת</noun>  העצמאות,  <preposition>על</preposition>  <noun>המחיר</noun>  <adjective>האנושי</adjective>  <noun>הכבד</noun>  שגבתה  ("ואחי  שותק",  "מלכות  דממה").  
  בתחילת  <noun>שנות</noun>  <numeral>החמישים</numeral>  <verb>הקים</verb>  <properName>גלבע</properName>  <noun>משפחה</noun>  והתיישב  בתלאביב.  <date>מ-1953</date>  <preposition>עד</preposition>  <date>1980</date>  <verb>עבד</verb>  לפרנסתו  כעורך  בהוצאת  <noun>הספרים</noun>  מסדה,  ובין  <noun>השאר</noun>  <verb>ייסד</verb>  במסגרת  <pronoun>זו</pronoun>  בשנות  <numeral>השבעים</numeral>  "ספרייה  <adjective>קטנה</adjective>  לשירה",  שבה  <verb>טיפח</verb>  <noun>שורה</noun>  <shel-preposition>של</shel-preposition>  <noun>משוררים</noun>  צעירים,  בהם  <properName>חמוטל</properName>  בר-יוסף,  <noun>רוני</noun>  <noun>סומק</noun>  ואדמיאל  קוסמן.  <preposition>אחרי</preposition>  <numeral>עשר</numeral>  <noun>שנות</noun>  <noun>שתיקה</noun>  <verb>פירסם</verb>  <date>ב-1963</date>  <at-preposition>את</at-preposition>  <adjective>כחולים</adjective>  ואדומים,  <noun>אסופה</noun>  <adjective>מקיפה</adjective>  מספריו  <adjective>הקודמים</adjective>  ובצדה  <noun>צרור</noun>  <noun>שירים</noun>  <adjective>חדשים</adjective>  <preposition>תחת</preposition>  <noun>הכותרת</noun>  "שלושה  <noun>שערים</noun>  חוזרים".  <preposition>מצד</preposition>  אחד,  <verb>העמיק</verb>  בשירים  <pronoun>אלה</pronoun>  <noun>הדיאלוג</noun>  <adjective>המורכב</adjective>  <shel-preposition>של</shel-preposition>  <noun>המשורר</noun>  <preposition>עם</preposition>  <noun>המקורות</noun>  <adjective>היהודיים</adjective>  ("פני  יהושע״,  "אנא  בכוח",  "עזריה  <preposition>מן</preposition>  האדומים").  <preposition>מצד</preposition>  אחר,  <verb>חדרו</verb>  לשירים  <noun>חומרי</noun>  <noun>מציאות</noun>  וחומרי  <noun>לשון</noun>  <adjective>פרוזאיים</adjective>  יומיומיים,  והטון  <adjective>האקסטטי</adjective>  <adjective>המשולהב</adjective>  <verb>התחלף</verb>  בביטויים  <shel-preposition>של</shel-preposition>  פיכחון,  <noun>עייפות</noun>  ונמיכות  רוח.
  <noun>מהלך</noun>  <pronoun>זה</pronoun>  <verb>נמשך</verb>  והעמיק  בשני  ספריו  הבאים,  <verb>רציתי</verb>  <verb>לכתוב</verb>  שפתי  <adjective>ישנים</adjective>  <date>(1968)</date>  ואילה  <verb>אשלח</verb>  אותך  <date>(1972).</date>  שניהם  <adjective>עשויים</adjective>  <noun>רצפים</noun>  <shel-preposition>של</shel-preposition>  <noun>קטעים</noun>  <adjective>קצרים</adjective>  ודחוסים,  ללא  כותרות,  <participle>הנראים</participle>  <adverb>לעתים</adverb>  כרישומי  <noun>חלומות</noun>  ולעתים  כרשומות-יומן  אסוציאטיביות.  <noun>הנימה</noun>  <adjective>הכללית</adjective>  בשירים  <pronoun>היא</pronoun>  <shel-preposition>של</shel-preposition>  <noun>היסוס</noun>  וספק  ביחס  למציאות,  <noun>חשבון</noun>  <noun>נפש</noun>  ויקיצה  מאשליות,  <noun>הסתלקות</noun>  <noun>החזון</noun>  ומודעות  לחידלון,  ואלה  <verb>ניכרים</verb>  <conjunction>גם</conjunction>  במיתון  ובאיפוק  ברמת  <noun>הלשון</noun>  וכן  בארגונו  הרב-משמעי  <adjective>המפותל</adjective>  <shel-preposition>של</shel-preposition>  התחביר.  <conjunction>רק</conjunction>  <adverb>לפרקים</adverb>  <verb>מבליחה</verb>  בהם  <noun>האקסטזה</noun>  <adjective>החזונית</adjective>  <shel-preposition>של</shel-preposition>  <properName>גלבע</properName>  המוקדם,  <preposition>כגון</preposition>  בשיר  "ידעתי  בחלום"  שנכתב,  <conjunction>ככל</conjunction>  הנראה,  כתגובה  <adjective>מיידית</adjective>  <verb>נפעמת</verb>  <preposition>על</preposition>  <noun>איחוד</noun>  <properName>ירושלים</properName>  במלחמת  <numeral>ששת</numeral>  הימים.  <preposition>לעומת</preposition>  זאת,  <preposition>אחרי</preposition>  <noun>מלחמת</noun>  <noun>יום</noun>  הכיפורים,  ביולי  <date>1974,</date>  <verb>פירסם</verb>  <properName>גלבע</properName>  בירחון  <noun>מאזניים</noun>  <numeral>שלושה</numeral>  <noun>שירים</noun>  שזיעזעו  <at-preposition>את</at-preposition>  קוראיהם  בקדרותם  <adjective>האפוקליפטית</adjective>  <verb>מנבאת</verb>  החורבן.  <verb>לאחרמכן</verb>  <properName>שבת</properName>  <verb>מכתיבה</verb>  וחידש  אותה  <conjunction>רק</conjunction>  בשנתו  האחרונה.  <preposition>בין</preposition>  <properName>אוגוסט</properName>  <date>1983</date>  לאוגוסט  <date>1984</date>  <verb>חיבר</verb>  <at-preposition>את</at-preposition>  ספרו  האחרון,  <quantifier>הכול</quantifier>  הולך:  <noun>רישומים</noun>  <noun>יומניים</noun>  בעונה  מאוחרת,  <participle>העומד</participle>  כולו  בסימנה  <shel-preposition>של</shel-preposition>  <noun>ידיעת</noun>  <noun>המוות</noun>  המתקרב,  וחתם  <quantifier>אותו</quantifier>  כשבועיים  <preposition>לפני</preposition>  מותו.  <noun>הספר</noun>  <verb>ראה</verb>  <noun>אור</noun>  <date>ב-1985,</date>  ושוב  <date>ב-2006</date>  במהדורת  <noun>צילום</noun>  <shel-preposition>של</shel-preposition>  <noun>כתב</noun>  היד.
  <properName>גלבע</properName>  <verb>זכה</verb>  בפרסים  רבים,  שביטאו  <at-preposition>את</at-preposition>  <noun>ההערכה</noun>  <participle>חוצת</participle>  <noun>הדורות</noun>  וחוצת  <noun>האסכולות</noun>  <adjective>הספרותיות</adjective>  כלפיו,  בהם:  <properName>פרס</properName>  <properName>שלונסקי</properName>  <date>(1961),</date>  <properName>פרס</properName>  <properName>ברנר</properName>  <date>(1970),</date>  <properName>פרס</properName>  <properName>ביאליק</properName>  <date>(1971)</date>  ופרס  <properName>ישראל</properName>  לשירה  <date>(1982).</date>  <date>ב-1987</date>  <verb>כונסו</verb>  שיריו  בשני  כרכים.  <preposition>מלבד</preposition>  <noun>הספרים</noun>  שנזכרו  <adverb>לעיל</adverb>  <verb>חיבר</verb>  <noun>סיפור</noun>  מחורז  לילדים  בשם  <noun>איש</noun>  <noun>המים</noun>  <shel-preposition>של</shel-preposition>  <properName>גילי</properName>  <date>(1963)</date>  ופירסם  אסופות-מבחר  <noun>אחדות</noun>  משיריו.  <noun>קובץ</noun>  משיריו  <verb>הופיע</verb>  בתרגום  לאנגלית  בארצות  <properName>הברית</properName>  ובאנגליה  <date>ב-1979.</date>  
  References:  
  בלבן,  <properName>אברהם</properName>  (עורך).  <properName>אמיר</properName>  גלבע:  <quantifier>מבחר</quantifier>  <noun>מאמרי</noun>  <noun>ביקורת</noun>  <preposition>על</preposition>  יצירתו.  <properName>תל</properName>  אביב:  <preposition>עם</preposition>  <noun>עובד</noun>  וקרן  <noun>תלאביב</noun>  לספרות  ולאמנות.  <date>1972;</date>  ברזל,  הלל.  <properName>אמיר</properName>  גלבע:  מונוגרפיה.  <properName>תל</properName>  אביב:  <noun>ספרית</noun>  פועלים.  <date>1984;</date>  גורי,  חיים.  "האיש  <noun>הכותב</noun>  שפתי  ישנים".  <preposition>עם</preposition>  <verb>השירה</verb>  והזמן:  <noun>דפים</noun>  מאוטוביוגרפיה  <adjective>ספרותית</adjective>  ב'.תל  אביב:  <properName>מוסד</properName>  <properName>ביאליק</properName>  והקיבוץ  המאוחד.  <date>2008.</date>  247-236;  הלפרין,  חגית.  "ברל  <noun>האדמה</noun>  בוערת:  <properName>אמיר</properName>  <properName>גלבע</properName>  ושירתו  בימי  <noun>שואה</noun>  ומלחמה״.הנה  ימיםבאים:  שירים,  <date>1946-1942.תלאביב:</date>  <noun>הקיבוץ</noun>  <adjective>המאוחד</adjective>  ומרכז  קיפ  לחקר  <noun>הספרות</noun>  העברית,  <noun>אוניברסיטת</noun>  תלאביב.  <date>2007.</date>  39-7;  ויסברוד,  רחל.  "שירים  בבוקר  בבוקר".  בימים  האחרים:  <noun>תמורות</noun>  בשירה  <adjective>העברית</adjective>  <preposition>בין</preposition>  <noun>תש"ח</noun>  לתש"ך.  <properName>תל</properName>  אביב:האוניברסיטה  הפתוחה.  <date>2002.</date>  242-189;  מירון,  דן.  <preposition>מול</preposition>  <noun>האח</noun>  השותק.  ירושלים:  <noun>האוניברסיטה</noun>  <adjective>הפתוחה</adjective>  וכתר.  <date>1992;</date>  צורית,  אידה.  החיים,  האצילות:  <noun>עיונים</noun>  בשירתו  <shel-preposition>של</shel-preposition>  <properName>אמיר</properName>  גלבע.  <properName>תל</properName>  אביב:  <noun>הקיבוץ</noun>  המאוחד.  <date>1988;</date>  שיפמן,  סמדר.  "מחציבה  בכוכבים  לנסיעה  באוטובוס:  <preposition>על</preposition>  <noun>קו</noun>  <numeral>אחד</numeral>  בהתפתחות  <noun>הפואטיקה</noun>  <shel-preposition>של</shel-preposition>  <properName>אמיר</properName>  גלבע״.  <noun>סימן</noun>  <noun>קריאה</noun>  17-16.  <properName>אפריל</properName>  <date>1983.</date>  63-58;  שחם,  חיה.  "שירת  <properName>אמיר</properName>  <properName>גלבע</properName>  בזיקה  <verb>מתעמתת</verb>  <preposition>אל</preposition>  <noun>שירת</noun>  אלתרמן".  <noun>הדים</noun>  <shel-preposition>של</shel-preposition>  ניגון:  <noun>שירת</noun>  <noun>דור</noun>  <properName>הפלמ"ח</properName>  וחבורת  'לקראת'  בזיקתה  לשירת  אלתרמן.  <properName>תל</properName>  אביב:  <noun>הקיבוץ</noun>  המאוחד.  <date>1997.</date>  225-205;  
  Bargad,  Warren.  <foreign>To</foreign>  <foreign>Write</foreign>  <foreign>the</foreign>  <foreign>Lips</foreign>  <foreign>of</foreign>  <foreign>the</foreign>  Sleepers:  <foreign>The</foreign>  <foreign>Poetry</foreign>  <foreign>of</foreign>  <foreign>Amir</foreign>  Gilboa.  Cincinnati:  <foreign>Hebrew</foreign>  <foreign>Union</foreign>  <foreign>College</foreign>  Press.  <date>1994.
</date> 
		</body>
	</text>
</TEI>