<?xml version="1.0" encoding="UTF-8"?>
<?xml-model href="http://www.tei-c.org/release/xml/tei/custom/schema/relaxng/tei_all.rng" type="application/xml" schematypens="http://relaxng.org/ns/structure/1.0"?>
<?xml-model href="http://www.tei-c.org/release/xml/tei/custom/schema/relaxng/tei_all.rng" type="application/xml"
	schematypens="http://purl.oclc.org/dsdl/schematron"?>
<TEI xmlns="http://www.tei-c.org/ns/1.0">
   <teiHeader>
      <fileDesc>
         <publicationStmt>
            <p>Publication Information</p>
         </publicationStmt>
         <sourceDesc>
            <p>Information about the source</p>
         </sourceDesc>
      </fileDesc>
   </teiHeader>
   <text>
      <body>
 Name:  גרוסמן,  דויד
  <foreign>Birth</foreign>  Year:  <date>1954
</date>  <foreign>Birth</foreign>  Place:  <properName>ירושלים</properName>  וגדל  בשכונות
  Occupation:  <noun>סופר</noun>  ומסאי
  <foreign>Entry</foreign>  writer:  <properName>אבנר</properName>  הולצמן
  <foreign>Entry</foreign>  Value:  
  <verb>נולד</verb>  בירושלים  וגדל  בשכונות  <noun>קרית</noun>  <noun>היובל</noun>  ובית  הכרם.  אמו  <noun>ילידת</noun>  <noun>הארץ</noun>  ואביו  <verb>נולד</verb>  בעיירה  דינוב  <preposition>ליד</preposition>  לבוב,  גליציה,  ועלה  <adverb>ארצה</adverb>  <date>ב-1936.</date>  בילדותו  ובנעוריו  <verb>השתתף</verb>  בשידורי  "קול  ישראל"  לילדים  ככתב  <noun>צעיר</noun>  וכשחקן  בתסכיתים.  <verb>שירת</verb>  בצבא  בחיל  <noun>המודיעין</noun>  ולאחר  <verb>מכן</verb>  <verb>למד</verb>  <noun>פילוסופיה</noun>  ותיאטרון  באוניברסיטה  <adjective>העברית</adjective>  בירושלים.  בשנות  <numeral>השבעים</numeral>  והשמונים  <verb>עבד</verb>  ב"קול  ישראל"  בכתיבה,  בעריכה  ובהגשה  <shel-preposition>של</shel-preposition>  <noun>תוכניות</noun>  לילדים,  וכן  כעורך  וכמגיש  <noun>יומנים</noun>  במחלקת  החדשות.  <date>ב-1988</date>  <verb>עזב</verb>  <at-preposition>את</at-preposition>  עבודתו  ברדיו  <preposition>על</preposition>  <noun>רקע</noun>  <noun>עימות</noun>  <adjective>פוליטי</adjective>  <preposition>עם</preposition>  <noun>הממונים</noun>  עליו,  ומאז  <pronoun>הוא</pronoun>  <verb>מייחד</verb>  <at-preposition>את</at-preposition>  זמנו  ליצירתו  הספרותית.  <pronoun>הוא</pronoun>  <verb>מתגורר</verb>  <preposition>עם</preposition>  משפחתו  במבשרת  ציון.
  סיפוריו  <numeral>הראשונים</numeral>  <verb>נכתבו</verb>  בהיותו  סטודנט,  ושניים  מהם,  "יאני  <preposition>על</preposition>  ההר"  ו"חמורים",  <verb>זכו</verb>  בפרסים  <preposition>לפני</preposition>  שכונסו  בספר  (פרס  <properName>ניומן</properName>  לסופר  <noun>צעיר</noun>  <date>ב-1979,</date>  <properName>פרס</properName>  <conjunction>הרי</conjunction>  <adjective>הרשון</adjective>  <date>ב-1980).</date>  <date>ב-1981</date>  <verb>פורסמו</verb>  <noun>הסיפורים</noun>  "חמורים"  ו"רץ"  בכתבהעת  <noun>סימן</noun>  קריאה,  ובכך  <verb>נפתח</verb>  <noun>הקשר</noun>  <adjective>ארוךהשנים</adjective>  בינו  <preposition>לבין</preposition>  <properName>מנחם</properName>  פרי,  שהיה  לעורכו  הקבוע.  <verb>ספרו</verb>  הראשון,דו-קרב  <date>(1982;</date>  <verb>זכה</verb>  בפרס  <properName>זאב</properName>  לספרות  <noun>ילדים</noun>  ונוער),  <verb>מיועד</verb>  לבני  הנעורים.  <pronoun>הוא</pronoun>  <verb>מגולל</verb>  בהומור  <noun>עלילה</noun>  צבעונית,  <participle>הסוחפת</participle>  <noun>ילד</noun>  <noun>בן</noun>  שתים-עשרה  <preposition>אל</preposition>  עולמם  <shel-preposition>של</shel-preposition>  <numeral>שני</numeral>  זקנים,  <participle>היוצאים</participle>  לדו-קרב  <preposition>בשל</preposition>  אהבתם  לאישה  שמתה  <preposition>לפני</preposition>  <noun>שנים</noun>  רבות.  
  <verb>ספרו</verb>  <numeral>הראשון</numeral>  למבוגרים  <pronoun>הוא</pronoun>  <noun>קובץ</noun>  <noun>הסיפורים</noun>  <properName>רץ</properName>  (סימן  קריאה,  <date>1983).</date>  <noun>הסיפורים</noun>  <adjective>מגוונים</adjective>  בעלילותיהם:  <noun>קשר</noun>  <adjective>מוזר</adjective>  <participle>הנרקם</participle>  <preposition>בין</preposition>  <noun>חייל</noun>  <noun>צעיר</noun>  <properName>חובב</properName>  <verb>ריצה</verb>  <preposition>לבין</preposition>  בנו  <adjective>הקטן</adjective>  <shel-preposition>של</shel-preposition>  <noun>מפקד</noun>  הבסיס;  חייו  <adjective>התקועים</adjective>  <shel-preposition>של</shel-preposition>  <noun>חייל</noun>  שערק  <preposition>מן</preposition>  <noun>הצבא</noun>  <adjective>האמריקני</adjective>  ומצא  <noun>מקלט</noun>  באוסטריה;  עולמו  <adjective>המסוכסך</adjective>  <shel-preposition>של</shel-preposition>  <noun>קצין</noun>  <participle>המלווה</participle>  <at-preposition>את</at-preposition>  ימיו  <adjective>האחרונים</adjective>  <shel-preposition>של</shel-preposition>  <noun>הבסיס</noun>  שלו  בסיני  <conjunction>בטרם</conjunction>  <properName>יפוּצַץ</properName>  ויינטש;  <noun>תנודות</noun>  <preposition>בין</preposition>  <noun>קרבה</noun>  לניכור  ביחסיהם  <shel-preposition>של</shel-preposition>  <noun>בני</noun>  <noun>זוג</noun>  בתום  <numeral>שבע</numeral>  <noun>שנות</noun>  נישואים;  <noun>עיתונאי</noun>  ישראלי-אנגלי  <participle>העורך</participle>  <at-preposition>את</at-preposition>  <noun>חשבון</noun>  חייו  ונכבש  בהזיה  <noun>המחיה</noun>  בדמיונו  <at-preposition>את</at-preposition>  <noun>דמות</noun>  בנו  <noun>הטייס</noun>  שנפל  במלחמת  <noun>יום</noun>  הכיפורים.  
  <noun>מעבר</noun>  לגיוון  בנושאים  <verb>מסתמנת</verb>  בסיפורים  <noun>מערכת</noun>  <adjective>משותפת</adjective>  <shel-preposition>של</shel-preposition>  <noun>רגישויות</noun>  <adjective>העתידה</adjective>  <verb>להתפתח</verb>  ולהשתכלל  ביצירותיו  הבאות,  <preposition>כגון</preposition>  <noun>חקירה</noun>  <verb>מעמיקה</verb>  <shel-preposition>של</shel-preposition>  <noun>מצבי</noun>  <noun>נפש</noun>  קיצוניים,  <noun>שרטוט</noun>  <noun>ניואנסים</noun>  <adjective>דקים</adjective>  <preposition>מן</preposition>  <adjective>הדקים</adjective>  <shel-preposition>של</shel-preposition>  <noun>חיי</noun>  <noun>רגש</noun>  והתעניינות  באינטימיות  שבין  <noun>אדם</noun>  לגופו  ובינו  <preposition>לבין</preposition>  זולתו.
  <date>ב-1983</date>  <verb>פירסם</verb>  <properName>רומן</properName>  ראשון,  <noun>חיוך</noun>  הגדי.  במרקם  <adjective>הדחוס</adjective>  והמפותל  שלו  <verb>משתלבות</verb>  <noun>עלילות</noun>  <noun>חיים</noun>  <adjective>פרטיות</adjective>  <preposition>עם</preposition>  <noun>סיטואציה</noun>  <adjective>פוליטית</adjective>  רחבה,  <participle>העוסקת</participle>  ביחסים  <preposition>בין</preposition>  <noun>שלטון</noun>  <noun>הכיבוש</noun>  <adjective>הישראלי</adjective>  <preposition>לבין</preposition>  <noun>ערביי</noun>  <noun>הגדה</noun>  המערבית.  <verb>אחד</verb>  ממוקדי  <noun>הרומן</noun>  <pronoun>הוא</pronoun>  <noun>הקשר</noun>  <preposition>בין</preposition>  אורי,  <adjective>ישראלי</adjective>  שוחר-טוב  <participle>המנסה</participle>  <verb>להגן</verb>  <preposition>על</preposition>  <noun>זכויות</noun>  הערבים,  <preposition>לבין</preposition>  ידידו  חילמי,  <noun>ערבי</noun>  <properName>זקן</properName>  ומטורף  <participle>החי</participle>  בעולם  <shel-preposition>של</shel-preposition>  <noun>אגדות</noun>  ודמיונות.  <verb>בולט</verb>  <noun>הניסיון</noun>  <verb>להבקיע</verb>  <preposition>אל</preposition>  <noun>מעבר</noun>  לניגודים  הלאומיים,  <verb>לשבור</verb>  <at-preposition>את</at-preposition>  <noun>הייצוג</noun>  <adjective>הסטריאוטיפי</adjective>  <adjective>המקובל</adjective>  <shel-preposition>של</shel-preposition>  <noun>הערבי</noun>  בספרות  <adjective>העברית</adjective>  ולהאיר  <at-preposition>את</at-preposition>  <noun>היחסים</noun>  <preposition>בין</preposition>  <noun>כובשים</noun>  לנכבשים  כהוויה  <adjective>אנושית</adjective>  <adjective>מורכבת</adjective>  שאין  בה  <noun>חלוקה</noun>  <adjective>פשוטה</adjective>  <preposition>בין</preposition>  <adjective>טובים</adjective>  ורעים.
  <properName>אתגר</properName>  <adjective>מורכב</adjective>  <adverb>בהרבה</adverb>  <punctuation>–</punctuation>  <noun>התמודדות</noun>  <adjective>חזיתית</adjective>  <preposition>עם</preposition>  <noun>נושא</noun>  <noun>השואה</noun>  ועם  <noun>אפשרויות</noun>  <noun>הייצוג</noun>  <adjective>הספרותי</adjective>  שלה  <punctuation>–</punctuation>  <verb>נטל</verb>  <properName>גרוסמן</properName>  <preposition>על</preposition>  <pronoun>עצמו</pronoun>  ברומן  <adjective>הבא</adjective>  שחיבר,  <verb>עיין</verb>  ערך:  'אהבה'  <date>(1986).</date>  <noun>הספר</noun>  <verb>זכה</verb>  לתהודה  ניכרת,  <verb>עורר</verb>  <noun>ויכוח</noun>  <adjective>רחב</adjective>  וביסס  <at-preposition>את</at-preposition>  מעמדו  כסופר  <adjective>הישראלי</adjective>  <adjective>הבולט</adjective>  בדורו.  <pronoun>הוא</pronoun>  <verb>נחלק</verb>  לארבעה  חלקים,  שכל  <verb>אחד</verb>  מהם  <adjective>כתוב</adjective>  בצופן  <adjective>פואטי</adjective>  אחר.  <noun>החלק</noun>  הראשון,  הריאליסטי-גרוטסקי,  <adjective>כתוב</adjective>  בצמוד  <noun>לנקודתראותו</noun>  <shel-preposition>של</shel-preposition>  <verb>מומיק</verb>  <noun>בן</noun>  התשע,  בנם  <shel-preposition>של</shel-preposition>  <noun>הורים</noun>  ניצוליהשואה,  ומתאר  <at-preposition>את</at-preposition>  ילדותו  בשנות  <numeral>החמישים</numeral>  בשכונה  ירושלמית,  <preposition>תוך</preposition>  שהוא  <verb>משקיע</verb>  <noun>מאמצים</noun>  <adjective>רבים</adjective>  <verb>לפענח</verb>  <at-preposition>את</at-preposition>  <noun>סודות</noun>  <noun>השואה</noun>  <participle>המוסתרים</participle>  מפניו.  <noun>הדי</noun>  <noun>השואה</noun>  <verb>חודרים</verb>  <preposition>אל</preposition>  עולמו  <adverb>בעיקר</adverb>  <preposition>באמצעות</preposition>  <noun>דמויות</noun>  <adjective>שבורות</adjective>  <shel-preposition>של</shel-preposition>  <noun>ניצולים</noun>  <participle>המשוטטים</participle>  בו,  ובהם  דודאמו,  <verb>סופרהילדים</verb>  <verb>אנשל</verb>  וסרמן.  <noun>חלק</noun>  <pronoun>זה</pronoun>  <verb>משמש</verb>  <noun>בסיס</noun>  ומאגר  <shel-preposition>של</shel-preposition>  <noun>חומרים</noun>  לשלושת  <noun>החלקים</noun>  הבאים,  שכל  <verb>אחד</verb>  מהם  <pronoun>הוא</pronoun>  <noun>ניסוי</noun>  <adjective>ספרותי</adjective>  בכיוון  אחר.  <noun>החלק</noun>  השני,  <participle>הנכתב</participle>  <adverb>כביכול</adverb>  <adverb>עלידי</adverb>  <verb>מומיק</verb>  (שלמה  נוימן)  שגדל  ונעשה  סופר,  <pronoun>הוא</pronoun>  <noun>הפלגה</noun>  <adjective>פנטסטית</adjective>  <adjective>גמורה</adjective>  בעקבותיו  <shel-preposition>של</shel-preposition>  <noun>הסופר</noun>  ברונו  שולץ,  שנרצח  <date>ב-1942</date>  בגטו  <properName>דרוהוביץ</properName>  ונהפך,  כביכול,  לדג  <noun>סלמון</noun>  שהמספר  <verb>עוקב</verb>  <preposition>אחרי</preposition>  מסעותיו  בים.  <noun>החלק</noun>  <numeral>השלישי</numeral>  <conjunction>אף</conjunction>  <pronoun>הוא</pronoun>  <adverb>כביכול</adverb>  <noun>סיפור</noun>  <adjective>בדיוני</adjective>  שכתב  מומיק,  <participle>המתרחש</participle>  במחנה  <noun>השמדה</noun>  בפולין  והעשוי  כפרודיה  <preposition>על</preposition>  <noun>סיפורי</noun>  <numeral>אלף</numeral>  <noun>לילה</noun>  ולילה.  גיבוריו  <pronomial>הם</pronomial>  <verb>אנשל</verb>  וסרמן,  <noun>היהודי</noun>  <adjective>הנצחי</adjective>  <participle>המסרב</participle>  למות,  ומפקד  <noun>המחנה</noun>  <properName>הר</properName>  נייגל,  <participle>הנשבה</participle>  בקסמם  <shel-preposition>של</shel-preposition>  <noun>הסיפוריםבהמשכים</noun>  שווסרמן  <verb>משמיע</verb>  באוזניו  <preposition>מתוך</preposition>  <noun>מטרה</noun>  "לנגע  אותו  באנושיות".  <noun>החלק</noun>  <numeral>הרביעי</numeral>  בנוי  במתכונת  <shel-preposition>של</shel-preposition>  <noun>אנציקלופדיה</noun>  אלפביתית,  <participle>הפורשת</participle>  <at-preposition>את</at-preposition>  קורותיו  <shel-preposition>של</shel-preposition>  קאזיק,  <numeral>אחת</numeral>  <preposition>מן</preposition>  <noun>הדמויות</noun>  בסיפורי  וסרמן,  לאורך  <quantifier>כל</quantifier>  חייו  <participle>המתנהלים</participle>  במהלך  <adjective>מואץ</adjective>  <preposition>במשך</preposition>  <numeral>עשרים</numeral>  וארבע  <noun>שעות</noun>  בלבד.  בסיפור  חייו  <verb>משולבות</verb>  דמויותיהם  <shel-preposition>של</shel-preposition>  <noun>ניצולי</noun>  <noun>השואה</noun>  <participle>הסובבים</participle>  בשכונתו  <shel-preposition>של</shel-preposition>  <verb>מומיק</verb>  בפרק  הראשון.  <noun>מבנה</noun>  <adjective>מסובך</adjective>  זה,  <participle>העשוי</participle>  שכבות-שכבות  <shel-preposition>של</shel-preposition>  <noun>מציאויות</noun>  <adjective>בדיוניות</adjective>  <preposition>בתוך</preposition>  <noun>מציאויות</noun>  <adjective>בדיוניות</adjective>  ושל  <noun>פנטזיות</noun>  <preposition>על</preposition>  <noun>גבי</noun>  פנטזיות,  <pronoun>הוא</pronoun>  מעשהמרכבה  <noun>הבוחן</noun>  <at-preposition>את</at-preposition>  <noun>הספרות</noun>  <verb>עצמה</verb>  <adverb>יותר</adverb>  <conjunction>מאשר</conjunction>  <at-preposition>את</at-preposition>  <noun>המציאות</noun>  בשלל  <shel-preposition>של</shel-preposition>  טכניקות,  <noun>סגנונות</noun>  ודרכי  <noun>התייחסות</noun>  עצמית.  בסופו  <shel-preposition>של</shel-preposition>  <noun>דבר</noun>  <verb>עולה</verb>  ממנו  <noun>הכרה</noun>  בתבוסה  שנוחלת  <noun>הספרות</noun>  במאמציה  <participle>הנואשים</participle>  <verb>להבין</verb>  <at-preposition>את</at-preposition>  השואה,  <adjective>קל</adjective>  וחומר  בניסיונה  <verb>להחדיר</verb>  <noun>ניצוץ</noun>  <shel-preposition>של</shel-preposition>  <noun>אנושיות</noun>  <preposition>אל</preposition>  <noun>הרוע</noun>  המוחלט.
  <preposition>אחרי</preposition>  <noun>ניסוי</noun>  <adjective>נועז</adjective>  <pronoun>זה</pronoun>  בצורות  ובתחבולות  <adjective>ספרותיות</adjective>  <adjective>חדשניות</adjective>  <verb>חזר</verb>  <properName>גרוסמן</properName>  למתכונת  <adjective>ספרותית</adjective>  <adjective>מסורתית</adjective>  <adverb>יותר</adverb>  ברומן  <noun>ספר</noun>  <noun>הדקדוק</noun>  <adjective>הפנימי</adjective>  <date>(1991).</date>  <noun>הספר</noun>  <verb>מתרחש</verb>  בירושלים  <shel-preposition>של</shel-preposition>  <noun>שנות</noun>  <numeral>השישים</numeral>  ועוקב  <adjective>אחר</adjective>  <noun>המנגנונים</noun>  <adjective>הגופניים</adjective>  והנפשיים  <participle>המפעילים</participle>  <at-preposition>את</at-preposition>  גיבורו,  <properName>אהרן</properName>  קליינפלד,  שגדילתו  <verb>נעצרת</verb>  <preposition>על</preposition>  <noun>סף</noun>  <noun>גיל</noun>  ההתבגרות.העיצוב  הריאליסטי-גרוטסקי  <participle>המפורט</participle>  והמהימן  <verb>להפליא</verb>  <shel-preposition>של</shel-preposition>  <noun>הסביבה</noun>  <adjective>החומרית</adjective>  והאנושית,  <noun>המרקם</noun>  <adjective>המטפורי</adjective>  <adjective>העשיר</adjective>  והמלוטש,  ובעיקר  <noun>החקירה</noun>  <participle>המעמיקה</participle>  ורבת-הדקויות  <shel-preposition>של</shel-preposition>  <noun>היחסים</noun>  <preposition>בין</preposition>  <noun>גוף</noun>  לנפש,  <preposition>בין</preposition>  <noun>ילדות</noun>  לבגרות,  <preposition>בין</preposition>  <noun>המרחב</noun>  <adjective>הפרטי</adjective>  לשיח  <adjective>הלאומי</adjective>  ובין  <noun>הלשון</noun>  לעולם,  <verb>הופכים</verb>  <at-preposition>את</at-preposition>  <noun>הספר</noun>  לדעת  <adjective>רבים</adjective>  ליצירתו  <adjective>השלמה</adjective>  <adverb>ביותר</adverb>  <shel-preposition>של</shel-preposition>  גרוסמן.  בספריו  <adjective>הבאים</adjective>  <noun>ערך</noun>  <noun>חקירות</noun>  <noun>רגישות</noun>  <participle>לאפחות</participle>  <shel-preposition>של</shel-preposition>  <noun>אינטימיות</noun>  <adjective>אנושית</adjective>  <preposition>על</preposition>  <noun>ידי</noun>  הצבתם  <shel-preposition>של</shel-preposition>  גיבוריו  בסיטואציות  בלתישגרתיות,  <participle>המאפשרות</participle>  להם  <verb>להתקלף</verb>  <preposition>מן</preposition>  <participle>הקהוּת</participle>  <adjective>השגורה</adjective>  <shel-preposition>של</shel-preposition>  קיומם  ולחתור  בלא  <noun>רחמים</noun>  <preposition>עד</preposition>  לגלעין  <adjective>הפנימי</adjective>  ביותר.  שתהיי  לי  <verb>הסכין</verb>  <date>(1998)</date>  <pronoun>הוא</pronoun>  <preposition>מעין</preposition>  רומן-מכתבים,  <participle>הבונה</participle>  <noun>קשר</noun>  <adjective>קרוב</adjective>  ועמוק,  <participle>הזוי</participle>  וממשי  כאחד,  <preposition>בין</preposition>  <noun>גבר</noun>  לאישה  <preposition>באמצעות</preposition>  <noun>מילים</noun>  בלבד,  וברקעו  <noun>המשאלה</noun>  "שכל  <numeral>אלפי</numeral>  <participle>המלים</participle>  <pronoun>האלה</pronoun>  <verb>ייהפכו</verb>  <adverb>כעת</adverb>  לגוף".  בגוף  <pronoun>אני</pronoun>  <verb>מבינה</verb>  <date>(2002)</date>  <adjective>מורכב</adjective>  משתי  נובלות.  ב"אִטרוּף"  <verb>מעוצבת</verb>  קנאתו  <adjective>המטורפת</adjective>  <shel-preposition>של</shel-preposition>  <noun>גבר</noun>  לאשתו,  <properName>פרי</properName>  <noun>הזיה</noun>  <participle>הנהפכת</participle>  לממשות  <adjective>סובייקטיבית</adjective>  עזה.  ב"בגוף  <pronoun>אני</pronoun>  מבינה"  <verb>משוחזרים</verb>  יחסיה  <shel-preposition>של</shel-preposition>  <noun>אישה</noun>  מבוגרת,  <noun>מורה</noun>  <properName>ליוגה</properName>  <participle>הגוועת</participle>  מסרטן,  <preposition>עם</preposition>  <noun>נער</noun>  <verb>מתבגר</verb>  שהופקד  בידיה,  והיא  <conjunction>כמו</conjunction>  <verb>מעצבת</verb>  <adverb>מחדש</adverb>  <at-preposition>את</at-preposition>  גופו  ואת  נפשו.  
  ואילו  <noun>הרומן</noun>  <noun>אישה</noun>  <verb>בורחת</verb>  מבשורה  <date>(2008)</date>  <verb>פורש</verb>  <preposition>על</preposition>  <noun>פני</noun>  <noun>יריעה</noun>  <adjective>רחבה</adjective>  <at-preposition>את</at-preposition>  <noun>סבך</noun>  יחסיהם  <shel-preposition>של</shel-preposition>  <numeral>שני</numeral>  <noun>גברים</noun>  ואישה  <preposition>על</preposition>  <noun>פני</noun>  <numeral>עשרות</numeral>  שנים,  <noun>האוצרות</noun>  בתוכן  <conjunction>גם</conjunction>  <noun>חלק</noun>  <adjective>נכבד</adjective>  מתולדות  <noun>מדינת</noun>  ישראל.  בחזיתו  <shel-preposition>של</shel-preposition>  <noun>הרומן</noun>  <noun>סיפור</noun>  מסעה  <adjective>הרגלי</adjective>  <shel-preposition>של</shel-preposition>  <properName>אורה</properName>  בחברת  <noun>אהוב</noun>  נעוריה  <properName>אברם</properName>  ברחבי  ישראל,  <preposition>מן</preposition>  <properName>הגליל</properName>  לירושלים,  בשעה  שבנה  <noun>החייל</noun>  <verb>נוטל</verb>  <noun>חלק</noun>  במבצע  <adjective>צבאי</adjective>  גדול.  <pronoun>זהו</pronoun>  <noun>מסע</noun>  <noun>בריחה</noun>  שיזמה  <properName>אורה</properName>  <conjunction>כדי</conjunction>  <verb>להימלט</verb>  <preposition>מפני</preposition>  <noun>בשורת</noun>  <noun>האיוב</noun>  שהיא  <verb>חוששת</verb>  לקבל,  ובעצם  <conjunction>כדי</conjunction>  <verb>למנוע</verb>  <adverb>בעצם</adverb>  בריחתה  <participle>הנואשת</participle>  <at-preposition>את</at-preposition>  <noun>האסון</noun>  <adjective>העלול</adjective>  <verb>להתרגש</verb>  עליה.  באוגוסט  <date>2006,</date>  בעיצומה  <shel-preposition>של</shel-preposition>  <noun>כתיבת</noun>  הרומן,  שכל  <properName>דויד</properName>  <properName>גרוסמן</properName>  <at-preposition>את</at-preposition>  בנו  <properName>אורי</properName>  במלחמת  <properName>לבנון</properName>  השנייה,  <noun>ימים</noun>  <adjective>אחדים</adjective>  <preposition>אחרי</preposition>  <noun>שמחה</noun>  <adverb>בפומבי</adverb>  <preposition>עם</preposition>  חבריו  <noun>הסופרים</noun>  <preposition>על</preposition>  התמשכותה  היתרה.  <noun>הופעת</noun>  <noun>הספר</noun>  <verb>נעשתה</verb>  <conjunction>משום</conjunction>  <pronoun>כך</pronoun>  למאורע  <adjective>ציבורי</adjective>  רב-משמעות,  שתהודתו  <verb>חרגה</verb>  <noun>מעבר</noun>  לתחום  הספרות.
  <date>ב-2011</date>  <verb>פירסם</verb>  <properName>גרוסמן</properName>  <at-preposition>את</at-preposition>  <verb>נופל</verb>  <adjective>מחוץ</adjective>  לזמן:סיפור  בקולות.  <pronoun>זהו</pronoun>  <noun>מערך</noun>  <shel-preposition>של</shel-preposition>  <noun>מונולוגים</noun>  שיריים,  <participle>המגולל</participle>  <noun>עלילה</noun>  <adjective>דמיונית</adjective>  <participle>המתרחשת</participle>  בזמן  <negation>לא</negation>  <adjective>ברור</adjective>  ובארץ  רחוקה.  גיבוריו,  <noun>חבורה</noun>  <shel-preposition>של</shel-preposition>  <noun>הורים</noun>  שכולים,  <verb>מתלקטים</verb>  <pronoun>זה</pronoun>  <preposition>אל</preposition>  <pronoun>זה</pronoun>  מכוח  אסונם  <adjective>המשותף</adjective>  ויוצאים  למסע  בשיירה,  <verb>ספק</verb>  <conjunction>כדי</conjunction>  <verb>למצוא</verb>  <noun>דרך</noun>  <preposition>אל</preposition>  <noun>עולם</noun>  המתים,  <verb>ספק</verb>  <conjunction>כדי</conjunction>  <verb>למצוא</verb>  <noun>דרך</noun>  <verb>לשרוד</verb>  בעולם  <pronoun>הזה</pronoun>  <preposition>על</preposition>  <conjunction>אף</conjunction>  <noun>הזוועה</noun>  שפירקה  <at-preposition>את</at-preposition>  חייהם.  <noun>הסופר</noun>  שביניהם  <verb>מנסה</verb>  <verb>להתמודד</verb>  <preposition>עם</preposition>  אסונו  בכלי  אמנותו,  ולבו  <verb>נשבר</verb>  <preposition>לנוכח</preposition>  <noun>הידיעה</noun>  שעלה  בידו  <verb>למצוא</verb>  <noun>מילים</noun>  ל"זה",  <conjunction>כלומר</conjunction>  <verb>להוסיף</verb>  ולחיות  בעולם  <adverb>יחד</adverb>  <preposition>עם</preposition>  נוכחותו  <shel-preposition>של</shel-preposition>  בנו  המת.
  <numeral>שמונת</numeral>  <noun>הספרים</noun>  שנסקרו  <adverb>לעיל</adverb>  <pronomial>הם</pronomial>  <noun>החטיבה</noun>  המרכזית,  הקנונית,  ביצירתו  <shel-preposition>של</shel-preposition>  <properName>גרוסמן</properName>  <preposition>עד</preposition>  כה,  <conjunction>אולם</conjunction>  כתיבתו  <verb>מקיפה</verb>  <noun>תחומים</noun>  נוספים.  בשניים  מספריו,  <existential>יש</existential>  <noun>ילדים</noun>  <verb>זיגזג</verb>  <date>(1994)</date>  <participle>ומישהולרוץ</participle>  איתו  <date>(2000),</date>  <participle>המיועדים</participle>  למבוגרים  ולבני  <noun>הנעורים</noun>  כאחד,  <verb>רקם</verb>  <noun>עלילות</noun>  צבעוניות,  רבות-אירועים  והרפתקאות  וטעונות  <noun>מתח</noun>  סיפורי.  <noun>אלה</noun>  <preposition>כעין</preposition>  <noun>גרסאות</noun>  <adjective>שקופות</adjective>  ומרוככות  <shel-preposition>של</shel-preposition>  <noun>תכונות</noun>  <noun>יסוד</noun>  <participle>המאפיינות</participle>  <at-preposition>את</at-preposition>  <noun>עולם</noun>  <noun>הילדות</noun>  והנעורים  במכלול  יצירתו  הסיפורית.  <noun>המחזה</noun>  <noun>גן</noun>  <properName>ריקי</properName>  <date>(1988),</date>  <noun>ניסיון</noun>  חד-פעמי  שלו  בתחום  הדרמה,  <verb>מתרחש</verb>  בחצרו  <shel-preposition>של</shel-preposition>  <noun>גן</noun>  <noun>ילדים</noun>  וטווה  <noun>מערכת</noun>  <noun>יחסים</noun>  <adjective>דחוסה</adjective>  ומורכבת  <adverb>למדי</adverb>  <preposition>בין</preposition>  גיבוריו,  <conjunction>אף</conjunction>  <preposition>על</preposition>  <noun>פי</noun>  שכולם  <noun>בני</noun>  ארבע.  <preposition>בצד</preposition>  <noun>היצירות</noun>  <pronoun>האלה</pronoun>  <existential>יש</existential>  <verb>לציין</verb>  כתריסר  <noun>ספרים</noun>  <verb>משלו</verb>  לילדים  רכים,  שעלילותיהם  <adjective>מלאות</adjective>  <noun>הדמיון</noun>  וההומור  <verb>מתרחשות</verb>  רובן  ככולן  במרחב  <adjective>הביתי</adjective>  והמשפחתי.
  <noun>ערוץ</noun>  <adjective>משמעותי</adjective>  <adjective>נוסף</adjective>  ביצירתו  <pronoun>הוא</pronoun>  <noun>הכתיבה</noun>  התיעודית-פוליטית.  <verb>ספרו</verb>  <noun>הזמן</noun>  <adjective>הצהוב</adjective>  <date>(1987)</date>  <pronoun>הוא</pronoun>  <verb>דיווח</verb>  <preposition>על</preposition>  <noun>סדרה</noun>  <shel-preposition>של</shel-preposition>  <noun>שיטוטים</noun>  ברחבי  <noun>הגדה</noun>  <adjective>המערבית</adjective>  ושיחות  <preposition>עם</preposition>  תושביה,  <participle>הממפה</participle>  במוחשיות  <adjective>ספרותית</adjective>  ובעוצמה  <adjective>ביקורתית</adjective>  <at-preposition>את</at-preposition>  <noun>החיים</noun>  <preposition>תחת</preposition>  <noun>השלטון</noun>  <adjective>הצבאי</adjective>  <adjective>הישראלי</adjective>  <noun>ערב</noun>  פריצתה  <shel-preposition>של</shel-preposition>  <noun>האינתיפאדה</noun>  הראשונה.  <verb>ספרו</verb>  <verb>נוכחים</verb>  <noun>נפקדים</noun>  <date>(1992),</date>  <participle>העשוי</participle>  <conjunction>אף</conjunction>  <pronoun>הוא</pronoun>  <noun>פסיפס</noun>  <shel-preposition>של</shel-preposition>  <properName>רפורטאז'ות</properName>  וראיונות  <preposition>עם</preposition>  <noun>פרקי</noun>  <noun>תיאור</noun>  וסיפור,  <verb>מתעד</verb>  <noun>מסע</noun>  <adjective>מקביל</adjective>  שערך  <properName>גרוסמן</properName>  <preposition>בקרב</preposition>  <noun>האוכלוסייה</noun>  <adjective>הערבית</adjective>  שבתוך  <noun>גבולות</noun>  <noun>הקו</noun>  הירוק,  ומביא  <preposition>אל</preposition>  <noun>הקורא</noun>  <noun>מגוון</noun>  <adjective>רחב</adjective>  <preposition>מן</preposition>  <noun>הקולות</noun>  <participle>הבוקעים</participle>  ממנה.  
  <quantifier>מבחר</quantifier>  ממאמריו  <adjective>הפוליטיים</adjective>  בעיתונות  <noun>כונס</noun>  בספרו  <noun>המוות</noun>  כדרך  <noun>חיים</noun>  <date>(2003).</date>  <conjunction>גם</conjunction>  <verb>ספרו</verb>  <adjective>דבשאריות</adjective>  <date>(2005),</date>  שהוא  <noun>מסה</noun>  <adjective>פרשנית</adjective>  <preposition>על</preposition>  דמותו  וסיפורו  <shel-preposition>של</shel-preposition>  שמשון,  <modal>יכול</modal>  <verb>להיקרא</verb>  <negation>לא</negation>  <conjunction>רק</conjunction>  כתרומה  לחקר  <noun>המקרא</noun>  <conjunction>אלא</conjunction>  כמשל  <adjective>פוליטי</adjective>  <adjective>אקטואלי</adjective>  <preposition>על</preposition>  <noun>הקווים</noun>  <adjective>הטרגיים</adjective>  בנפש  <adjective>הקולקטיבית</adjective>  הישראלית,  <participle>המתנודדת</participle>  <preposition>בין</preposition>  <noun>תווי</noun>  <noun>אישיות</noun>  <adjective>ילדותיים</adjective>  <preposition>לבין</preposition>  <noun>נטייה</noun>  <verb>מוטבעת</verb>  לשימוש  <wPrefix>בלתי</wPrefix>  <verb>מרוסן</verb>  בכוח.  כתיבתו  זו,  <adverb>יחד</adverb>  <preposition>עם</preposition>  הופעותיו  <adjective>הציבוריות</adjective>  והשתתפותו  רבת-השנים  בפעולות  <noun>מחאה</noun>  שונות,  <verb>הפכו</verb>  אותו  לאחד  <noun>הדוברים</noun>  <adjective>הבולטים</adjective>  <shel-preposition>של</shel-preposition>  <noun>השמאל</noun>  <adjective>הציוני</adjective>  הישראלי.  
  ספריו  <verb>תורגמו</verb>  ליותר  מעשרים  וחמש  שפות.  <pronoun>כמה</pronoun>  מיצירותיו  עובדו  לתיאטרון,  לקולנוע  ולטלוויזיה,  ובהן  <noun>הסרט</noun>  <noun>חיוך</noun>  <noun>הגדי</noun>  <date>(1986),</date>  <noun>המחזה</noun>  <verb>מומיק</verb>  <date>(2006)</date>  והסרט  <pronoun>מישהו</pronoun>  <verb>לרוץ</verb>  איתו  <date>(2006).</date>  <pronoun>הוא</pronoun>  <verb>זכה</verb>  בפרסים  ובתוארי  <noun>כבוד</noun>  <adjective>רבים</adjective>  בישראל  ומחוצה  לה,  ובהם  <properName>פרס</properName>  <properName>ביאליק</properName>  <date>(2004),</date>  <properName>פרס</properName>  <properName>אמ"ת</properName>  <date>(2007)</date>  ופרס  מדיסיס  לסופר  <adjective>זר</adjective>  בצרפת  <date>(2011).
</date>  References:  
  אופנהיימר,  יוחאי.  "גרוסמן  ועמדת  המחאה;  <noun>אנלוגיות</noun>  <preposition>במקום</preposition>  ניגודים".  <noun>מעבר</noun>  לגדר:  <noun>ייצוג</noun>  <noun>הערבים</noun>  בסיפורת  <adjective>העבריתהישראלית</adjective>  <date>(2005-1906).</date>  תלאביב:  <preposition>עם</preposition>  <participle>עובד</participle>  והמכללה  <adjective>האקדמית</adjective>  ספיר.  <date>2008.</date>  324-314;  גלוזמן,  מיכאל."'ומה  <noun>אם</noun>  <noun>הפתרון</noun>  <adverb>בכלל</adverb>  <negation>לא</negation>  בגוף?':  <noun>הגוף</noun>  הפוסט-ציוני  ב'ספר  <noun>הדקדוק</noun>  הפנימי'  לדויד  גרוסמן".הגוף  הציוני.  תלאביב:  <noun>הקיבוץ</noun>  המאוחד.  <date>2007.</date>  257-236;  גרוסמן,  דויד.  "ספרים  שקראו  אותי".  <adverb>מאין</adverb>  <verb>נחלתי</verb>  <at-preposition>את</at-preposition>  שירי.  תלאביב:  <noun>ידיעות</noun>  <adjective>אחרונות</adjective>  <punctuation>–</punctuation>  <noun>ספרי</noun>  חמד.  <date>2002.</date>  46-33;  גרץ,  נורית.  "בשטח  ההפקר:  <noun>חיוך</noun>  הגדי".  <noun>סיפור</noun>  מהסרטים:סיפורת  <adjective>ישראלית</adjective>  ועיבודיה  לקולנוע.  תלאביב:  <noun>האוניברסיטה</noun>  הפתוחה.  <date>1993.</date>  364-321;  הרציג,  חנה.  "'ספר  <noun>הדקדוק</noun>  הפנימי'  <preposition>מאת</preposition>  <properName>דויד</properName>  גרוסמן".  <noun>הקול</noun>  האומר:  <pronoun>אני</pronoun>  <punctuation>–</punctuation>  <noun>מגמות</noun>  בסיפורת  <adjective>הישראלית</adjective>  <shel-preposition>של</shel-preposition>  <noun>שנות</noun>  השמונים.  תלאביב:  <noun>האוניברסיטה</noun>  הפתוחה.  <date>1998.</date>  304-269;  קריץ,  ראובן.  "'עיין  ערך:  אהבה'  לדויד  <properName>גרוסמן</properName>  <punctuation>–</punctuation>  מבוא,  <noun>הערות</noun>  <noun>ביניים</noun>  ואחרית  דבר".  <noun>ערב</noun>  רב:  <preposition>על</preposition>  <noun>ספרים</noun>  <noun>סופרים</noun>  וסוגיות  ספרות.  תלאביב:  פּוּרָה.  <date>1990.</date>  331-268,  348-343;  שוורץ,  יגאל.  "'דור  <noun>יום</noun>  הכיפורים'  בסיפורת  הישראלית".  <interrogative>מה</interrogative>  שרואים  מכאן.  <properName>אור</properName>  יהודה:  <properName>כנרת</properName>  זמורה-ביתן,  דביר.  <date>2005.</date>  234-215;  שיפמן,  סמדר.  "דויד  גרוסמן".  <noun>דברים</noun>  שרואים  מכאן.  ירושלים:  כרמל.  <date>2007.</date>  106-27;  שלח,  יוכי.  <preposition>על</preposition>  <verb>עקרוןהיסוד</verb>  בעולמם  <adjective>הפואטי</adjective>  <shel-preposition>של</shel-preposition>  <properName>דויד</properName>  <properName>גרוסמן</properName>  ומאיר  שלו.  <noun>חיבור</noun>  <preposition>לשם</preposition>  <noun>קבלת</noun>  <noun>תואר</noun>  דוקטור.  תלאביב:  <noun>אוניברסיטת</noun>  תלאביב.  <date>2005;</date>  שקד,  גרשון.  "הילד  התמים-מפוכח:  <preposition>על</preposition>  יצירתו  <shel-preposition>של</shel-preposition>  <properName>דויד</properName>  גרוסמן".תמונה  קבוצתית:  <noun>היבטים</noun>  בספרות  <properName>ישראל</properName>  ובתרבותה.  <properName>אור</properName>  יהודה:  דביר.  <date>2009.</date>  248-208.
 
		</body>
	</text>
</TEI>