<?xml version="1.0" encoding="UTF-8"?>
<?xml-model href="http://www.tei-c.org/release/xml/tei/custom/schema/relaxng/tei_all.rng" type="application/xml" schematypens="http://relaxng.org/ns/structure/1.0"?>
<?xml-model href="http://www.tei-c.org/release/xml/tei/custom/schema/relaxng/tei_all.rng" type="application/xml"
	schematypens="http://purl.oclc.org/dsdl/schematron"?>
<TEI xmlns="http://www.tei-c.org/ns/1.0">
   <teiHeader>
      <fileDesc>
         <publicationStmt>
            <p>Publication Information</p>
         </publicationStmt>
         <sourceDesc>
            <p>Information about the source</p>
         </sourceDesc>
      </fileDesc>
   </teiHeader>
   <text>
      <body>
 Name:  אדלר,  רון
  <foreign>Birth</foreign>  Year:  <date>1957
</date>  <foreign>Death</foreign>  Year:  <date>1976
</date>  <foreign>Birth</foreign>  Place:  טרנסילבניה,  רומניה,  והיא
  Occupation:  סופרת
  <foreign>Entry</foreign>  writer:  <noun>מערכת</noun>  הלקסיקון
  <foreign>Entry</foreign>  Value:  
  משורר
  <verb>נולד</verb>  והתחנך  בקריית  ביאליק.  <verb>למד</verb>  בבית  <noun>הספר</noun>  "הריאלי"  בחיפה  והיהחברבתנועת"הצופים".  בגיל  שבע-עשרה,  <conjunction>לאחר</conjunction>  שחזר  מטיול  באירופה,  <verb>החל</verb>  <verb>לכתוב</verb>  <at-preposition>את</at-preposition>  שיריו.  <noun>התנדבלשרתבסיירת</noun>  צנחנים.  <participle>נשלחלעבורקורסחובשים</participle>  <adjective>קרביים</adjective>  ולקראת  <noun>סיום</noun>  הקורס,בלילסערהבינואר  <date>1976,</date>  <adverb>שם</adverb>  קץלחייו.בעיזבונונמצאוכמאה  <adjective>שבעים</adjective>  וחמישהשירים,  <adjective>וכןקטעי</adjective>  יומן.  <quantifier>מבחר</quantifier>  <numeral>ראשון</numeral>  <adjective>משיריופורסם</adjective>  אחרימותובספר  <verb>בשם</verb>  <quantifier>כל</quantifier>  הכאבים(ספרית  פועלים,  <date>1976).</date>  שיריו  <verb>זכו</verb>  להתעניינות  רבה,  וספר  <noun>שירים</noun>  <verb>נוסף</verb>  <verb>יצא</verb>  לאור,  <verb>בשם</verb>  ממחר  <verb>אקטוף</verb>  <noun>ענן</noun>  <date>(1980).</date>  <preposition>על</preposition>  <noun>כריכת</noun>  <noun>הספר</noun>  <verb>כתב</verb>  <properName>נתן</properName>  <properName>יונתן</properName>  <conjunction>כי</conjunction>  בשיריו  "אתה  <verb>שומע</verb>  [...]  <at-preposition>את</at-preposition>  <quantifier>כל</quantifier>  <properName>סולם</properName>  <noun>הצלילים</noun>  <shel-preposition>של</shel-preposition>  הנפש:  <preposition>מן</preposition>  הרך,  העדין,  הלירי,  <participle>המתגעגע</participle>  ועד  לצלילי  סופה  ומרי".כמהמשיריותורגמולאנגליתופורסמובקובץבעריכתו  שלאלכסזהביובתרגומו  שלריצ'ארדפלאנץ  <date>(1981).שיריו</date>  <noun>עוסקים</noun>  בהרהורים  <preposition>על</preposition>  אהבה,  כאב,  <noun>התפוררות</noun>  ומוות.  <verb>קיים</verb>  בהם  <noun>חיפוש</noun>  <adjective>מתמיד</adjective>  שאינו  מוגדר,  ועולות  <noun>שאלות</noun>  <adjective>קיומיות</adjective>  ומהותיות  שנשארות  <preposition>ללא</preposition>  מענה.  <pronomial>הם</pronomial>  <adjective>כתובים</adjective>  בגוף  <numeral>ראשון</numeral>  ומאופיינים  <properName>ברוך</properName>  ובעדנה  <adverb>מחד</adverb>  <properName>גיסא</properName>  ובזעקה  <preposition>נגד</preposition>  <noun>העולם</noun>  <conjunction>מאידך</conjunction>  גיסא.  שירתו  <adjective>פשוטה</adjective>  וקליטה,  <adverb>לעתים</adverb>  <verb>חסר</verb>  בה  <noun>גיבוש</noun>  סגנוני,  ועם  זאת,  ביסודם,  <noun>השירים</noun>  <verb>מפליאים</verb>  בבגרותם,  בכוח  ביטוים  וברגישות  <adjective>האנושית</adjective>  <participle>העולה</participle>  מהם.
  <date>ב-1976</date>  <verb>נוסדה</verb>  <noun>קרן</noun>  <preposition>על</preposition>  שמו  באוניברסיטת  חיפה.  <noun>הקרן</noun>  <verb>הוקמה</verb>  <preposition>על</preposition>  <noun>ידי</noun>  הוריו  וביוזמתו  ובתמיכתו  <shel-preposition>של</shel-preposition>  <noun>נשיא</noun>  <noun>האוניברסיטה</noun>  דאז,  <properName>אליעזר</properName>  רפאלי.  <noun>הקרן</noun>  <verb>פועלת</verb>  בתחומים  <adjective>שונים</adjective>  שיש  בהם  <noun>נגיעה</noun>  לחייו:תמיכה  בסטודנטים  <adjective>הזקוקים</adjective>  לייעוץ  <adjective>פסיכולוגי</adjective>  ומניעת  התאבדויות,פרויקטיםחינוכיים-חברתייםופעולותמגוונותבתחוםהשירה,כולל  <participle>חלוקתפרסארצילשירה</participle>  <preposition>ע"ש</preposition>  <properName>רון</properName>  אדלר.    ברונובסקי,  יורם.  "ממחר  <verb>אקטוף</verb>  ענן".  <adjective>הארץתרבות</adjective>  <date>וספרות.1.2.1980.</date>  19;  ברטוב,  חנוך.  "הלחש  <adjective>המפחיד</adjective>  <shel-preposition>של</shel-preposition>  החיים".  מעריב.  <date>4.3.1977.</date>  37;  כהן,שלומית."השעווה  נגמרה".מאזנייםנ"א  (1).  <properName>יוני</properName>  <date>1980.71-70.אילן</date>  בר-דוד
  אדם,  סוזן
  <date>(1954)
</date>  <verb>נולדה</verb>  בטרנסילבניה,  רומניה,  והיא  <noun>בת</noun>  למיעוט  <noun>דובר</noun>  ההונגרית.  <date>ב-1964,</date>  <conjunction>לאחר</conjunction>  <noun>שנים</noun>  <adjective>רבות</adjective>  שבהן  <verb>סירבו</verb>  <noun>שלטונות</noun>  <properName>רומניה</properName>  <verb>לאפשר</verb>  <at-preposition>את</at-preposition>  יציאתה  <shel-preposition>של</shel-preposition>  <noun>המשפחה</noun>  <preposition>מן</preposition>  המדינה,  <verb>הצליחו</verb>  <properName>אדם</properName>  ובני  משפחתה  <verb>לעלות</verb>  ארצה.  <verb>סיימה</verb>  <at-preposition>את</at-preposition>  לימודיה  בתיכון  <preposition>ע"ש</preposition>  <properName>תלמה</properName>  <properName>ילין</properName>  במגמה  לאמנות  פלסטית.  <verb>למדה</verb>  במדרשה  לאמנות,  <verb>ציירה</verb>  והציגה  בתערוכות  <adjective>יחיד</adjective>  והשתתפה  בתערוכות  קבוצתיות.    
  <noun>רומן</noun>  <noun>הביכורים</noun>  שלה,כביסה(כתר,  <date>2000),</date>  <verb>זכה</verb>  בפרס  <verb>ספר</verb>  <noun>הביכורים</noun>  <shel-preposition>של</shel-preposition>  <noun>משרד</noun>  <noun>החינוך</noun>  והתרבות  באותה  שנה.  <noun>הספר</noun>  <verb>זכה</verb>  <conjunction>גם</conjunction>  בפרס  <verb>ספר</verb>  <noun>הזהב</noun>  <shel-preposition>של</shel-preposition>  <noun>התאחדות</noun>  <noun>הוצאות</noun>  <noun>הספרים</noun>  בישראל  <date>ב-2003,</date>  ותורגם  לגרמנית  ולאנגלית.  ספרה  השני,מיהמיה,  <verb>נכתב</verb>  <adverb>למעשה</adverb>  <preposition>לפני</preposition>  ספרה  כביסה,  <conjunction>אך</conjunction>  <verb>פורסם</verb>  <adverb>רק</adverb>  <conjunction>לאחר</conjunction>  הצלחתו  <adjective>הגדולה</adjective>  <shel-preposition>של</shel-preposition>  כביסה,  <date>ב-2001.</date>  באותה  <noun>שנה</noun>  <verb>פורסמו</verb>  <conjunction>גם</conjunction>  <numeral>שני</numeral>  <noun>סיפורים</noun>  <adjective>קצרים</adjective>  <properName>פרי</properName>  עטה,  באנתולוגיה  <noun>אבות</noun>  ובנות  ובאנתולוגיה  <verb>רצח</verb>  <preposition>ליד</preposition>  הבית.  ספרה  השלישי,  <noun>אמא</noun>  <shel-preposition>של</shel-preposition>  <properName>ג'ניס</properName>  <date>(2004),</date>  <verb>זכה</verb>  בפרס  <preposition>על</preposition>  <adverb>שם</adverb>  <noun>חיים</noun>  <adjective>קוגל</adjective>  <shel-preposition>של</shel-preposition>  <noun>עיריית</noun>  <properName>חולון</properName>  <date>ב-2006.</date>  <noun>אמא</noun>  <shel-preposition>של</shel-preposition>  <properName>ג'ניס</properName>  <pronoun>הוא</pronoun>  <noun>רומן</noun>  שמנסה  <verb>לבדוק</verb>  <interrogative>האם</interrogative>  <noun>האדם</noun>  <modal>יכול</modal>  <verb>לשנות</verb>  <at-preposition>את</at-preposition>  גורלו  ולגבור  <preposition>על</preposition>  <noun>נתוני</noun>  <noun>הפתיחה</noun>  <adjective>הבעייתיים</adjective>  שקיבל.  
  <date>ב-2009</date>  <verb>ראה</verb>  <noun>אור</noun>  ספרה  <adjective>האחרון</adjective>  <preposition>עד</preposition>  כה,  <noun>רכוש</noun>  גנוב,  <participle>המבקש</participle>  <verb>לבחון</verb>  <at-preposition>את</at-preposition>  <noun>ההיסטוריה</noun>  <adjective>היהודית</adjective>  מזווית  חדשה.  הרומן,  <participle>המתרחש</participle>  בראשית  <noun>שנות</noun>  <numeral>התשעים</numeral>  <preposition>על</preposition>  <noun>רקע</noun>  <noun>נפילת</noun>  הקומוניזם,  <verb>מספר</verb>  <at-preposition>את</at-preposition>  סיפורו  <shel-preposition>של</shel-preposition>  פשה,  <noun>נער</noun>  צועני,  <participle>המגלה</participle>  <conjunction>כי</conjunction>  <pronoun>הוא</pronoun>  ומשפחתו  <noun>חיים</noun>  בביתה  <shel-preposition>של</shel-preposition>  <noun>משפחה</noun>  <adjective>יהודית</adjective>  שגורשה  בזמן  <noun>מלחמת</noun>  <noun>העולם</noun>  <numeral>השנייה</numeral>  וכי  <preposition>על</preposition>  <noun>פי</noun>  החוק,  <noun>בן</noun>  <noun>המשפחה</noun>  שניצל,  <noun>יהודי</noun>  <adjective>מבוגר</adjective>  <participle>החי</participle>  בישראל,  <modal>רשאי</modal>  <verb>לקבל</verb>  <at-preposition>את</at-preposition>  ביתו  בחזרה.  בביקורת  שלו  <date>מ-2009</date>  <verb>הגדיר</verb>  <properName>אברהם</properName>  בלבן  <at-preposition>את</at-preposition>  <noun>הרומן</noun>  כניסיון  <verb>לעמת</verb>  <preposition>בין</preposition>  <numeral>שני</numeral>  ה"אחרים"  <adjective>האולטימטיביים</adjective>  <shel-preposition>של</shel-preposition>  אירופה,  <noun>היהודים</noun>  והצוענים.    
  כתיבתה  <verb>מאופיינת</verb>  בלשון  קולחת,  במגוון  <shel-preposition>של</shel-preposition>  <properName>פרספקטיבותובקשב</properName>  <noun>הרב</noun>  שהיא  <verb>מפנה</verb>  לכל  <noun>הקולות</noun>  <adjective>הקיימים</adjective>  סביבה.  <pronoun>היא</pronoun>  <noun>כלת</noun>  <noun>פרס</noun>  <noun>ראש</noun>  <noun>הממשלה</noun>  לסופרים  <adjective>עבריים</adjective>  <date>לשנת2008.
</date>  References:  
  בלבן,  אברהם.  ״כמוני  כמוך".  <noun>הארץ</noun>  ספרים.  <date>10.6.2009.</date>  8;  גור,  בתיה.  ״אלוהים  <negation>לא</negation>  <verb>מרחם</verb>  <preposition>על</preposition>  <noun>ילדי</noun>  הגן".  <date>הארץ.2.2.2001.</date>  ב'15;  מרין,  תמר.  ״הטראומה  הנשית".  <noun>הארץ</noun>  ספרים.  <date>3.7.2002.</date>  6.
 
		</body>
	</text>
</TEI>