<?xml version="1.0" encoding="UTF-8"?>
<?xml-model href="http://www.tei-c.org/release/xml/tei/custom/schema/relaxng/tei_all.rng" type="application/xml" schematypens="http://relaxng.org/ns/structure/1.0"?>
<?xml-model href="http://www.tei-c.org/release/xml/tei/custom/schema/relaxng/tei_all.rng" type="application/xml"
	schematypens="http://purl.oclc.org/dsdl/schematron"?>
<TEI xmlns="http://www.tei-c.org/ns/1.0">
   <teiHeader>
      <fileDesc>
         <publicationStmt>
            <p>Publication Information</p>
         </publicationStmt>
         <sourceDesc>
            <p>Information about the source</p>
         </sourceDesc>
      </fileDesc>
   </teiHeader>
   <text>
      <body>
 <?xml  version="1.0"  encoding="UTF-8"?>
  <?xml-model  href="http://www.tei-c.org/release/xml/tei/custom/schema/relaxng/tei_all.rng"  type="application/xml"  schematypens="http://relaxng.org/ns/structure/1.0"?>
  <?xml-model  href="http://www.tei-c.org/release/xml/tei/custom/schema/relaxng/tei_all.rng"  type="application/xml"
  	schematypens="http://purl.oclc.org/dsdl/schematron"?>
  <TEI  xmlns="http://www.tei-c.org/ns/1.0">
        <teiHeader>
              <fileDesc>
                    <publicationStmt>
                          <p>Publication  Information</p>
                    </publicationStmt>
                    <sourceDesc>
                          <p>Information  about  the  source</p>
                    </sourceDesc>
              </fileDesc>
        </teiHeader>
        <text>
              <body>
    Name:    דולן,    ציפורה
      <foreign>Birth</foreign>    Year:    <date><date>1948
</date>  </date>    <foreign>Birth</foreign>    Place:    דז'רז'ונייב,    פולין
      Occupation:    סופרת
      <foreign>Entry</foreign>    writer:    <properName>יעל</properName>    רובין-שנהר    ויגאל    שוורץ
      <foreign>Entry</foreign>    Value:    
      <verb>נולדה</verb>    בדז'רז'ונייב,    פולין.    <verb>עלתה</verb>    <adverb>ארצה</adverb>    <preposition>עם</preposition>    משפחתה    <date><date>ב-1950.</date></date>    <verb>גדלה</verb>    בחולון,    <verb>מתגוררת</verb>    במזכרת    בתיה.    <verb>עבדה</verb>    כפרסומאית    וכמנהלת    <noun>המחלקה</noun>    <adjective>היצירתית</adjective>    בחברות    <noun>פרסום</noun>    שונות,    ובהמשך    <verb>לימדה</verb>    <noun>כתיבה</noun>    וקופירייטינג    בחוג    לתקשורת    באוניברסיטת    <properName>תל</properName>    אביב,    בבית    <noun>הספר</noun>    לקולנוע    ולטלוויזיה    <preposition>ע"ש</preposition>    <properName>סם</properName>    שפיגל,    בבית    <noun>הספר</noun>    "קמרה    אובסקורה"    ועוד.בנוסף,    <verb>משמשת</verb>    <adjective>כלקטורית</adjective>    בקרן    <noun>הקולנוע</noun>    וכמבקרת    <noun>ספרות</noun>    במוסף    <noun>הספרים</noun>    <shel-preposition>של</shel-preposition>    <noun>עיתון</noun>    הארץ.    אחותה    <shel-preposition>של</shel-preposition>    <noun>חוקרת</noun>    <noun>הספרות</noun>    <properName>זהבה</properName>    כספי.
      ספרה    הראשון,מזג    <noun>אויר</noun>    <adjective>נפלא</adjective>    <adjective>צפוי</adjective>    מחר(זמורה-ביתן,    <date><date>1988),</date></date>    <adjective>מורכב</adjective>    מתשעה    <noun>סיפורים</noun>    <adjective>קצרים</adjective>    <participle>המסופרים</participle>    <preposition>מתוך</preposition>    תודעתו    <shel-preposition>של</shel-preposition>    <noun>הגיבור</noun>    ומתארים,    <preposition>מתוך</preposition>    <noun>מודעות</noun>    <adjective>עצמית</adjective>    חריפה,    <at-preposition>את</at-preposition>    תחושותיו    <preposition>אל</preposition>    <noun>מול</noun>    <noun>מציאות</noun>    חייו    ואל    <noun>מול</noun>    <interrogative>מה</interrogative>    שיכולים    <copula>היו</copula>    חייו    להיות.    <noun>תחושה</noun>    <adjective>כבדה</adjective>    <shel-preposition>של</shel-preposition>    <noun>החמצה</noun>    <verb>עולה</verb>    <preposition>מן</preposition>    <noun>האופן</noun>    <verb>שבו</verb>    <verb>חווים</verb>    <noun>הגיבורים</noun>    <at-preposition>את</at-preposition>    חייהם,אם    <conjunction>כי</conjunction>    <noun>נספח</noun>    לה    <adverb>תמיד</adverb>    <noun>גוון</noun>    <adjective>קומי</adjective>    <punctuation>–</punctuation>    לרוב    <adjective>אירוני</adjective>    <adjective>מריר</adjective>    <punctuation>–</punctuation>    <participle>המקנה</participle>    לעלילות    <noun>הסיפורים</noun>    <noun>נופך</noun>    <adjective>דמיוני</adjective>    <properName>אשלייתי</properName>    <verb>מטשטש</verb>    ומרכך    במקצת.    <pronoun>כך</pronoun>    <conjunction>למשל</conjunction>    בסיפור    <noun>הקצרצר</noun>    <participle>המבריק</participle>    "מוצא    (סיפור    מיניאטורי)",    <participle>הבנוי</participle>    כולו    ממשפט    אחד:    "בגיל    <numeral>ארבעים</numeral>    ואחת    בשעת    <noun>ערב</noun>    <verb>מוקדמת</verb>    <shel-preposition>של</shel-preposition>    <participle>מוצאי</participle>    <properName>שבת</properName>    <adjective>קר</adjective>    <adverb>מאוד</adverb>    וגם    <adjective>גשום</adjective>    <conjunction>לאחר</conjunction>    שנעל    <adverb>היטב</adverb>    <at-preposition>את</at-preposition>    <noun>דלת</noun>    הכניסה,    כשנכנס    <properName>אדם</properName>    <properName>רוזנצוויג</properName>    <participle>לבוש</participle>    בפיג'מת    <noun>פלאנל</noun>    <adjective>כחולה</adjective>    <preposition>אל</preposition>    מיטתו    <participle>המחוממת</participle>    בסדין    חשמלי,    משעין    <at-preposition>את</at-preposition>    <verb>הכר</verb>    <preposition>אל</preposition>    <noun>הקיר</noun>    ואת    ראשו    <preposition>אל</preposition>    הכר,    <verb>נאנח</verb>    <noun>אנחת</noun>    <verb>רווחה</verb>    ועונג    ואמר    לעצמו    כמעט    בקול    רם,    שאין    בעולם    כולו    <noun>דבר</noun>    נפלא,    <adjective>מהנה</adjective>    ומשמח    <quantifier>יותר</quantifier>    <conjunction>מאשר</conjunction>    <verb>להשתרע</verb>    <noun>ספק</noun>    בישיבה    <noun>ספק</noun>    בשכיבה    במיטה    <verb>מחוממת</verb>    בסדין    חשמלי,    <verb>להתכסות</verb>    <preposition>עד</preposition>    הסנטר,    <verb>להטות</verb>    <at-preposition>את</at-preposition>    <noun>הראש</noun>    <adverb>לאחור</adverb>    <preposition>אל</preposition>    <verb>הכר</verb>    הרך,    <verb>לעצום</verb>    <at-preposition>את</at-preposition>    <noun>העיניים</noun>    ולא    <verb>לפקוח</verb>    אותן    <adverb>עוד</adverb>    לעולם"    (158).        
      <preposition>עם</preposition>    <noun>צאתהספר</noun>    <preposition>לאור</preposition>    <verb>נכתבו</verb>    עליו    <noun>ביקורות</noun>    רבות,    רובן    משבחות.    חלקן    <verb>מיקמו</verb>    אותו    בז'אנר    <noun>הספרות</noun>    <adjective>הנשית</adjective>    ואף    <verb>השוו</verb>    <preposition>בין</preposition>    דולן    ובין    <properName>אורלי</properName>    קסטל-בלום.    <preposition>על</preposition>    ספרה    <pronoun>זה</pronoun>    <verb>זכתה</verb>    בפרס    <noun>אגודת</noun>    <noun>הסופרים</noun>    <adjective>העבריים</adjective>    לשנת    <date><date>1987.</date></date>    
      ספרה    השני,והכל    כידוע    <date><date>אמת(1990),</date></date>    <noun>מספר</noun>    <at-preposition>את</at-preposition>    סיפורה    <shel-preposition>של</shel-preposition>    <noun>הגיבורה</noun>    <adjective>הראשית</adjective>    <preposition>תוך</preposition>    <noun>שימוש</noun>    בטכניקה    <shel-preposition>של</shel-preposition>    <noun>עלילות</noun>    חלופיות.    דולן    <verb>מציעה</verb>    <verb>לנו</verb>    <verb>לראות</verb>    <adverb>כיצד</adverb>    <copula>היו</copula>    <verb>מתגלגלים</verb>    חייה    <shel-preposition>של</shel-preposition>    <noun>הגיבורה</noun>    <conjunction>לו</conjunction>    <verb>עשתה</verb>    <noun>בחירות</noun>    שונות,    ולצורך    <pronoun>כך</pronoun>    <pronoun>היא</pronoun>    <verb>מציגה</verb>    <verb>לנו</verb>    <at-preposition>את</at-preposition>    <noun>שלל</noun>    <noun>השבילים</noun>    <participle>המתפצלים</participle>    ואת    השלכותיה    <shel-preposition>של</shel-preposition>    <quantifier>כל</quantifier>    <noun>בחירה</noun>    ובחירה.    <preposition>על</preposition>    <conjunction>אף</conjunction>    <noun>מקוריותו</noun>    וייחודו,    <negation>לא</negation>    <noun>נחל</noun>    <noun>הספר</noun>    <noun>הצלחה</noun>    רבה.    ספרה    <numeral>השלישי</numeral>    <shel-preposition>של</shel-preposition>    דולן,    <pronoun>אנחנו</pronoun>    <date><date>ננוח(2009),</date></date>    <pronoun>הוא</pronoun>    <noun>רומן</noun>    <participle>המגולל</participle>    <at-preposition>את</at-preposition>    סיפורן    <shel-preposition>של</shel-preposition>    <numeral>שתי</numeral>    <noun>משפחות</noun>    לאורך    כמאה    שנים,מתחילת    <numeral>המאה</numeral>    <numeral>העשרים</numeral>    ועד    <noun>תחילת</noun>    <numeral>המאה</numeral>    <numeral>העשרים</numeral>    ואחת,    ובשלוש    מדינות:    פולין,    <properName>ארצות</properName>    <properName>הברית</properName>    וישראל.    דולן    <verb>פוסחת</verb>    <preposition>על</preposition>    <noun>תיאור</noun>    קורותיהן    <shel-preposition>של</shel-preposition>    <noun>הדמויות</noun>    <adjective>המרכזיות</adjective>    בתקופת    השואה,    ובכך,    <conjunction>כפי</conjunction>    שטוענת    <properName>הרציג</properName>    <date><date>(2010),</date></date>    <pronoun>היא</pronoun>    <verb>סוטה</verb>    <noun>סטייה</noun>    <verb>מבורכת</verb>    <preposition>מן</preposition>    <noun>הנתיב</noun>    <verb>שבו</verb>    בדרך    <noun>כלל</noun>    <verb>פוסעות</verb>    <noun>יצירות</noun>    <participle>מסוג</participle>    זה.    <preposition>על</preposition>    <conjunction>אף</conjunction>    <noun>תחושת</noun>    התלישות,    <noun>הגעגועים</noun>    וההחמצה    <participle>האופפת</participle>    <at-preposition>את</at-preposition>    חייהן    <shel-preposition>של</shel-preposition>    הדמויות,    <existential>אין</existential>    <noun>הרומן</noun>    <verb>מסתיים</verb>    בתחושת    ייאוש,    <conjunction>אלא</conjunction>    <verb>מאפשר</verb>    לדמויותיו    ולקוראיו    <noun>פיוס</noun>    ונחמה.    <noun>הספר</noun>    <verb>זכה</verb>    <date><date>ב-2010</date></date>    בפרס    <properName>אקו"ם</properName>    ליצירה    <participle>המוגשת</participle>    בעילום    שם.בנוסף    לשלושת    ספריה    למבוגרים,    <verb>פירסמה</verb>    דולן    <date><date>ב-2003</date></date>    <at-preposition>את</at-preposition>    <noun>ספר</noun>    <noun>הילדים</noun>    <noun>תמרי</noun>    <noun>נוסעת</noun>    <preposition>עם</preposition>    <noun>אמא</noun>    לסבתא.    
      References:    
      רז,    אביעד.    "רחוק    <adverb>מדי</adverb>    <preposition>מן</preposition>    החיים".    הארץ.    <date><date>30.9.1988.</date></date>    ב'8;    הופמן,    חיה.    ״אירועים    קטנים,    <noun>שמחות</noun>    קטנות".    <noun>ידיעות</noun>    אחרונות.    <date><date>4.11.1988.</date></date>    20;    הרציג,    חנה.    ״רומן    בספירה    השטוחה".    הארץ.    <date><date>29.6.1990.</date></date>    ב'8;    ---.    ״מרק    <noun>עוף</noun>    לנשמה".    הארץספרים.    <date><date>14.4.2010.</date></date>    8;    <properName>פרוינד</properName>    אברהם,    יעל.    ״לא    <verb>מוצאים</verb>    מנוחה".    סגולה–מגזין    <adjective>ישראלי</adjective>    להיסטוריה    6.    <date><date>2010.</date></date>    87-86.    
    
  		</body>
  	</text>
  </TEI> 
		</body>
	</text>
</TEI>