<?xml version="1.0" encoding="UTF-8"?>
<?xml-model href="http://www.tei-c.org/release/xml/tei/custom/schema/relaxng/tei_all.rng" type="application/xml" schematypens="http://relaxng.org/ns/structure/1.0"?>
<?xml-model href="http://www.tei-c.org/release/xml/tei/custom/schema/relaxng/tei_all.rng" type="application/xml"
	schematypens="http://purl.oclc.org/dsdl/schematron"?>
<TEI xmlns="http://www.tei-c.org/ns/1.0">
   <teiHeader>
      <fileDesc>
         <publicationStmt>
            <p>Publication Information</p>
         </publicationStmt>
         <sourceDesc>
            <p>Information about the source</p>
         </sourceDesc>
      </fileDesc>
   </teiHeader>
   <text>
      <body>
 <?xml  version="1.0"  encoding="UTF-8"?>
  <?xml-model  href="http://www.tei-c.org/release/xml/tei/custom/schema/relaxng/tei_all.rng"  type="application/xml"  schematypens="http://relaxng.org/ns/structure/1.0"?>
  <?xml-model  href="http://www.tei-c.org/release/xml/tei/custom/schema/relaxng/tei_all.rng"  type="application/xml"
  	schematypens="http://purl.oclc.org/dsdl/schematron"?>
  <TEI  xmlns="http://www.tei-c.org/ns/1.0">
        <teiHeader>
              <fileDesc>
                    <publicationStmt>
                          <p>Publication  Information</p>
                    </publicationStmt>
                    <sourceDesc>
                          <p>Information  about  <foreign>the</foreign>  source</p>
                    </sourceDesc>
              </fileDesc>
        </teiHeader>
        <text>
              <body>
    Name:    די-נור    (פיינר),    יחיאל(ק'צטניק)
      <foreign>Birth</foreign>    Year:    <date><date>1909
</date>  </date>    <foreign>Death</foreign>    Year:    <date><date>2001
</date>  </date>    <foreign>Birth</foreign>    Place:    <date><date>-1909</date></date>    בסוסנוביץ,    פולין,
      Occupation:    סופר
      <foreign>Entry</foreign>    writer:    <properName>זהבה</properName>    כספי
      <foreign>Entry</foreign>    Value:    
      <verb>נולד</verb>    <date><date>ב-1909</date></date>    בסוסנוביץ,    פולין,    למשפחה    חסידית.    <preposition>לפי</preposition>    <noun>גרסה</noun>    אחרת,    <verb>נולד</verb>    כקרל    <properName>צטינסקי</properName>    <date><date>ב-1917</date></date>    בקטוביץ.    כיום,    <preposition>בעקבות</preposition>    <noun>גילוי</noun>    <noun>תעודת</noun>    <noun>הלידה</noun>    שלו    בפולין,    <adjective>ברור</adjective>    שהגרסה    <numeral>הראשונה</numeral>    <copula>היא</copula>    הנכונה,    <conjunction>אך</conjunction>    <noun>ההטעיה</noun>    <adjective>המכוונת</adjective>    שיצר    <preposition>ק'</preposition>    <verb>צטניק</verb>    <preposition>סביב</preposition>    <noun>פרטי</noun>    <noun>הזהות</noun>    <adjective>הבסיסיים</adjective>    שלו    <copula>היא</copula>    <noun>חלק</noun>    מהמסתורין    שאפף    <at-preposition>את</at-preposition>    דמותו    הבלתי-מפוענחת    <shel-preposition>של</shel-preposition>    האיש,    שהטביע    <at-preposition>את</at-preposition>    חותמו    <preposition>על</preposition>    <noun>האופן</noun>    <verb>שבו</verb>    <verb>תפשו</verb>    בארץ,    ואף    בעולם,    <at-preposition>את</at-preposition>    <noun>השואה</noun>    ומוראותיה    <preposition>במשך</preposition>    <noun>שנים</noun>    רבות.    
      בנעוריו    <verb>קיבל</verb>    <noun>השכלה</noun>    <adjective>תורנית</adjective>    בישיבת    "חכמי    לובלין"    ובמקביל    <verb>למד</verb>    <adverb>כנראה</adverb>    <conjunction>גם</conjunction>    קבלה,והיה    <noun>עסקן</noun>    <shel-preposition>של</shel-preposition>    <noun>צעירי</noun>    "אגודת    ישראל".    <adverb>עוד</adverb>    <adverb>טרם</adverb>    <noun>מלחמת</noun>    <noun>העולם</noun>    <numeral>השנייה</numeral>    <verb>החל</verb>    <adjective>לפרסםשירה</adjective>    ביידיש    ובעברית,    בעיתון    <adjective>הרוויזיוניסטי</adjective>    <properName>אונדזער</properName>    <adverb>טאנבלאט</adverb>    שיצא    בסוסנוביץ,    ובירחון    <adjective>העברי</adjective>    דרכנו    שיצא    בוורשה.    <noun>ספר</noun>    שיריו    הראשון,    שנכתב    ביידיש    ונקרא    <numeral>עשרים</numeral>    ושתיים    <preposition>על</preposition>    <quantifier>שום</quantifier>    <numeral>עשרים</numeral>    ושניים    <noun>השירים</noun>    שכלל,    <verb>יצא</verb>    <preposition>לאור</preposition>    בוורשה    <preposition>על</preposition>    <noun>ידי</noun>    "קולטור    ליגע"    <date><date>ב-1931.בתקופת</date></date>    המלחמה,    <conjunction>לאחר</conjunction>    <noun>שהות</noun>    <adjective>ממושכת</adjective>    בגטו,נשלח    לאושוויץ.    <pronoun>הוא</pronoun>    <pronoun>עצמו</pronoun>    ניצל,    <conjunction>אך</conjunction>    אשתו    וילדיו    נספו.הוא    <verb>עלה</verb>    לארץ    <date><date>ב-1946,</date></date>    במסגרת    <noun>מבצע</noun>    <noun>בריחה</noun>    שאורגן    <preposition>על</preposition>    <noun>ידי</noun>    <noun>הבריגדה</noun>    <adjective>היהודית</adjective>    ו"ההגנה",    <noun>שינה</noun>    <at-preposition>את</at-preposition>    שמו    מפיינר    לדי-נור    והתחתן    <preposition>עם</preposition>    <properName>נינה</properName>    אשרמן,    ממנה    <verb>נולדו</verb>    <conjunction>לו</conjunction>    <noun>שני</noun>    ילדים,    <properName>ליאור</properName>    ודניאלה,    <verb>מוציאה</verb>    לאור.        
      <adverb>מיד</adverb>    <conjunction>לאחר</conjunction>    שחרורו    <verb>החל</verb>    <verb>לתעד</verb>    בעקביות    <at-preposition>את</at-preposition>    חוויותיו    וחוויות    <noun>בני</noun>    משפחתו    בתקופת    <noun>השואה</noun>    בשם    <noun>העט</noun>    <preposition>ק'</preposition>    צטניק.    <noun>השם</noun>    <noun>לקוח</noun>    מראשיהתיבות    בגרמנית    למחנה    <properName>ריכוזKZכקיצור</properName>    למילהKonzentrationslager,    ושימש    <noun>כינוי</noun>    <adjective>מקובל</adjective>    <preposition>בקרב</preposition>    האסירים.במהדורות    <noun>הראשונות</noun>    <shel-preposition>של</shel-preposition>    ספריו    <verb>הופיע</verb>    <conjunction>גם</conjunction>    <noun>המספר</noun>    <date><date>135633,</date></date>    וייתכן    שהיה    <pronoun>זה</pronoun>    מספרו    <adjective>האישי</adjective>    באושוויץ.    ספרו    <numeral>הראשון</numeral>    <preposition>על</preposition>    קורותיו    וקורות    משפחתו    בשואה,    סלמנדרה,    <verb>נכתב</verb>    <adverb>מיד</adverb>    בתום    <noun>השואה</noun>    ביידיש.    <pronoun>זהו</pronoun>    <noun>הספר</noun>    <numeral>הראשון</numeral>    בסאגה    <adjective>המשפחתית</adjective>    שאותה    <verb>כינה</verb>    "כרוניקה    <shel-preposition>של</shel-preposition>    <noun>משפחה</noun>    <adjective>יהודית</adjective>    במאה    העשרים",    שכללה    בסופו    <shel-preposition>של</shel-preposition>    <noun>דבר</noun>    <numeral>שישה</numeral>    ספרים,    <pronoun>כולם</pronoun>    <preposition>מלבד</preposition>    <noun>סלמנדרה</noun>    <verb>נכתבו</verb>    במקור    בעברית.    <noun>סלמנדרה</noun>    <verb>פותח</verb>    בתיאור    חייו    <shel-preposition>של</shel-preposition>    <noun>אמן</noun>    צעיר,    <noun>בן</noun>    דמותו    <shel-preposition>של</shel-preposition>    המחבר,    <adverb>טרם</adverb>    <properName>אושוויץ</properName>    (שם    <noun>הגיבור</noun>    <conjunction>הרי</conjunction>    פרלשניק,    והוא    <verb>מופיע</verb>    <conjunction>גם</conjunction>    בספריו    האחרים)–    <conjunction>רק</conjunction>    בסופו    <shel-preposition>של</shel-preposition>    <noun>הספר</noun>    <verb>מגיע</verb>    <noun>הגיבור</noun>    למחנה    הריכוז.    <noun>סלמנדרה</noun>    <verb>תורגם</verb>    לעברית    <preposition>על</preposition>    <noun>ידי</noun>    <properName>י"ד</properName>    <properName>ברקוביץלפי</properName>    <noun>גרסה</noun>    אחת,    <conjunction>או</conjunction>    <preposition>על</preposition>    <noun>ידי</noun>    <properName>י"ל</properName>    <properName>ברוך</properName>    (בהגהה    <adverb>בלבד</adverb>    <shel-preposition>של</shel-preposition>    <properName>י"ד</properName>    ברקוביץ)    <preposition>לפי</preposition>    <noun>גרסה</noun>    אחרת,    ופורסם    בהוצאת    <properName>דביר</properName>    <date><date>ב-1946.</date></date>    <verb>אחד</verb>    מפרקי    <noun>הספר</noun>    <verb>נדפס</verb>    <adverb>תחילה</adverb>    במאסף    <shel-preposition>של</shel-preposition>    <properName>אגודת</properName>    <noun>הסופרים</noun>    <adverb>מעט</adverb>    מהרבהבעריכתו    <shel-preposition>של</shel-preposition>    <noun>ג'</noun>    <adjective>שופמן</adjective>    <preposition>תחת</preposition>    <noun>הכותרת</noun>    "אושוויץ".    <date><date>ב-2009</date></date>    <verb>יצאה</verb>    <preposition>לאור</preposition>    <noun>המהדורה</noun>    <adjective>המקורית</adjective>    <adjective>המלאה</adjective>    והבלתי-ערוכה    ביידיש    ובעברית    <preposition>בלוויית</preposition>    <noun>הערות</noun>    <shel-preposition>של</shel-preposition>    <properName>יחיאל</properName>    שיינטוך,    שערך    <noun>מחקר</noun>    <adjective>מקיף</adjective>    <preposition>על</preposition>    חייו    ופירסם    <quantifier>אותו</quantifier>    בספר    <verb>מסיח</verb>    <preposition>על</preposition>    <noun>פי</noun>    תומו    <punctuation>–</punctuation>    <noun>שיחות</noun>    <preposition>עם</preposition>    <properName>יחיאל</properName>    די-נור.ספרו    <numeral>השני</numeral>    <shel-preposition>של</shel-preposition>    <preposition>ק'</preposition>    צטניק,    <noun>בית</noun>    הבובות,    שמתרחש    באושוויץ,    <verb>יצא</verb>    <preposition>לאור</preposition>    <date><date>ב-1953ובמרכזו</date></date>    <verb>מתוארים</verb>    <adverb>לכאורה</adverb>    <noun>חיי</noun>    אחותו,תורגם    לעשרות    שפות.    סיפורו    <shel-preposition>של</shel-preposition>    אחיו    שעבר    <noun>התעללות</noun>    <adjective>מינית</adjective>    מתואר    בספר    השלישי,קראו    <conjunction>לו</conjunction>    <date><date>פיפל(1961).
</date>  </date>    <date><date>ב-7.6.1961</date></date>    <copula>היה</copula>    <verb>אחד</verb>    <noun>העדים</noun>    במשפטו    <shel-preposition>של</shel-preposition>    <properName>אדולף</properName>    <properName>אייכמן</properName>    והותיר    <at-preposition>את</at-preposition>    <noun>הציבור</noun>    בהלם    כשהתמוטט    והתעלף    <noun>זמן</noun>    <adjective>קצר</adjective>    <conjunction>לאחר</conjunction>    שהחל    בעדותו.    במשפטים    <adjective>הקצרים</adjective>    שהספיק    <verb>לומר</verb>    <verb>הסביר</verb>    <at-preposition>את</at-preposition>    <participle>שם</participle>    <noun>העט</noun>    <preposition>ק'</preposition>    <verb>צטניק</verb>    וטבע    <at-preposition>את</at-preposition>    <noun>הכינוי</noun>    "פלנטה    אחרת"    לאושוויץ,    <verb>שבה</verb>    "אין    <noun>הזמן</noun>    <participle>שם</participle>    <conjunction>כפי</conjunction>    שהוא    כאן,    <adverb>עלפני</adverb>    כדורהארץ.    <quantifier>כל</quantifier>    <noun>שבר</noun>    <noun>רגע</noun>    <verb>הולך</verb>    <participle>שם</participle>    <preposition>על</preposition>    <noun>גלגל</noun>    <noun>זמן</noun>    אחר.    ולתושבי    <properName>פלנטה</properName>    <pronoun>זו</pronoun>    <negation>לא</negation>    <copula>היו</copula>    שֵמות.    <negation>לא</negation>    <noun>היולהם</noun>    <noun>הורים</noun>    ולא    <copula>היו</copula>    להם    <noun>ילדים</noun>    [...]    <pronomial>הם</pronomial>    <negation>לא</negation>    <verb>חיו</verb>    <preposition>לפי</preposition>    <noun>החוקים</noun>    <shel-preposition>של</shel-preposition>    <noun>העולם</noun>    <adverb>כאן</adverb>    [...]    <verb>נשמו</verb>    <preposition>לפי</preposition>    <noun>חוקי</noun>    <noun>טבע</noun>    <adjective>אחרים</adjective>    [...]".    "פלנטה    אחרת",    <noun>המושג</noun>    שיצר,    <verb>מציג</verb>    <at-preposition>את</at-preposition>    <properName>אושוויץ</properName>    ככוכב    <noun>לכת</noun>    אחר,    ששררו    בו    <noun>חוקים</noun>    משלו,    שאינם    <adjective>תקפים</adjective>    בשום    <noun>מקום</noun>    אחר,    והוא,    <noun>הניצול</noun>    משם,    <verb>מחויב</verb>    <verb>לספר</verb>    <at-preposition>את</at-preposition>    <properName>הכרוניקה</properName>    שלו.    <noun>המושג</noun>    <verb>מופיע</verb>    <adverb>לראשונה</adverb>    בפרק    10    בספרו    <noun>סלמנדרה</noun>    <adverb>טרם</adverb>    עדותו    במשפט.    <noun>הכינוי</noun>    "פלנטה    אחרת"    <verb>הפך</verb>    <adverb>מאז</adverb>    למושג    <adjective>מרכזי</adjective>    בהתייחסות    לשואה    ומוכר    בעולם    כולו,    <negation>לא</negation>    <adverb>פחות</adverb>    מהצהרתו    <shel-preposition>של</shel-preposition>    <adjective>הפילוסוף</adjective>    אדורנו,    שאחרי    <properName>אושוויץ</properName>    <noun>כתיבת</noun>    <noun>שירה</noun>    <copula>היא</copula>    <noun>מעשה</noun>    ברברי.    עדותו    <copula>היא</copula>    <noun>הטקסט</noun>    <adjective>המצוטט</adjective>    והזכור    <adverb>ביותר</adverb>    ממשפט    אייכמן.    <properName>חיים</properName>    גורי,    <properName>חנה</properName>    ארנדט,    <properName>שושנה</properName>    פלמן,    <properName>חנה</properName>    <properName>יבלונקה</properName>    ואחרים    <punctuation>–</punctuation>    <pronoun>כולם</pronoun>    <verb>עסקו</verb>    בספריהם    בעדותו    וברישומה    <preposition>על</preposition>    <noun>המשפט</noun>    ועל    <noun>הבנת</noun>    <noun>הטראומה</noun>    שהיתה    <adjective>כרוכה</adjective>    <adjective>בשואה.גם</adjective>    <noun>התובע</noun>    במשפט,    <properName>גדעון</properName>    האוזנר,    <verb>כותב</verb>    בספרו    <noun>השואה</noun>    בראי    <noun>המשפט</noun>    <date><date>(1988)</date></date>    <preposition>על</preposition>    <noun>ההתעלפות</noun>    <shel-preposition>של</shel-preposition>    <preposition>ק'</preposition>    <verb>צטניק</verb>    במשפט    כעל    <noun>רגע</noun>    מכונן.
      <verb>אחד</verb>    <noun>המוטיבים</noun>    <adjective>המרכזיים</adjective>    בפרשנות    <adjective>המיתית</adjective>    שנתן    <preposition>ק'</preposition>    <verb>צטניק</verb>    לחייו    <pronoun>הוא</pronoun>    <noun>מוטיב</noun>    האש.    <preposition>ק'</preposition>    <verb>צטניק</verb>    <verb>ראה</verb>    <pronoun>עצמו</pronoun>    כמי    שנשרף    באושוויץ,    <participle>שם</participle>    <verb>איבד</verb>    <at-preposition>את</at-preposition>    זהותו    האינדיווידואלית,    ונולד    <adverb>מחדש</adverb>    בזהות    <adjective>קיבוצית</adjective>    <shel-preposition>של</shel-preposition>    <quantifier>כל</quantifier>    <pronoun>אלה</pronoun>    שנגזר    גורלם    <verb>להישלח</verb>    לקרמטוריומים.    <noun>שינוי</noun>    שמו    לדי-נור,    <noun>נהר</noun>    האש,    <verb>מרמז</verb>    לאותו    <noun>סמל</noun>    עצמו.    <at-preposition>את</at-preposition>    <participle>שם</participle>    ספרו    <numeral>הראשון</numeral>    סלמנדרה,    שמשמעו    במקור    <adjective>היווני</adjective>    <noun>חיה</noun>    <adjective>דמוית</adjective>    <noun>לטאה</noun>    שממשיכה    <verb>לחיות</verb>    <conjunction>גם</conjunction>    <conjunction>לאחר</conjunction>    שהיא    <verb>נשרפת</verb>    באש,    ושמבטאת    <at-preposition>את</at-preposition>    <noun>רעיון</noun>    <noun>ההישרדות</noun>    <punctuation>–</punctuation>    <verb>קבע</verb>    <preposition>ק'</preposition>    <verb>צטניק</verb>    ככותרת    לכרוניקה    כולה.    <noun>עותקים</noun>    <adjective>יחידים</adjective>    <shel-preposition>של</shel-preposition>    <noun>ספר</noun>    שיריו    <numeral>עשרים</numeral>    ושתיים,    שכאמור    <verb>פורסם</verb>    <adverb>עוד</adverb>    <preposition>לפני</preposition>    השואה,שנמצאו    בספריית    <noun>הקונגרס</noun>    בוושינגטון    ובספרייה    <adjective>הלאומית</adjective>    בירושלים–הושמדועל    <verb>ידו</verb>    בנימוק    <conjunction>כי</conjunction>    "הספר    <pronoun>הזה</pronoun>    <copula>היה</copula>    <adjective>שייך</adjective>    לעולם    שכבר    <negation>לא</negation>    קיים,    לעולם    שנשרף"(מירון,    <date><date>1995).</date></date>    <preposition>מלבד</preposition>    <noun>ספר</noun>    <noun>הפואמות</noun>    <noun>כוכב</noun>    <noun>האפר</noun>    שפורסם    בשנות    <numeral>השישים</numeral>    <negation>לא</negation>    <verb>כתב</verb>    <adverb>עוד</adverb>    שירה,    <adverb>אולי</adverb>    בהשראת    משפטו    <adjective>המפורסם</adjective>    <shel-preposition>של</shel-preposition>    אדורנו.    <date><date>ב-1967</date></date>    <verb>יצא</verb>    <preposition>לאור</preposition>    ספרו    <adjective>האוטוביוגרפי</adjective>    <adjective>כחול</adjective>    מאפר,    ששמו    <verb>הומר</verb>    <adverb>מאוחר</adverb>    <adverb>יותר</adverb>    להעימות,    שמתאר    <at-preposition>את</at-preposition>    חייו    וחיי    משפחתו    <adjective>החדשה</adjective>    בארץ    ומתייחס    <conjunction>גם</conjunction>    לקונפליקט    הישראלי-ערבי.
      ספרו    האחרון,צופן    <adjective>א.ד.מ.ע.(אותיות</adjective>    <pronoun>אלה</pronoun>    <verb>מופיעות</verb>    <conjunction>גם</conjunction>    בראש    <quantifier>כל</quantifier>    <verb>אחד</verb>    מספריו    הקודמים)    <date><date>מ-1987,</date></date>    שכותרת    <noun>המשנה</noun>    שלו    "משא    <noun>הגרעין</noun>    <preposition>על</preposition>    אושוויץ",    <adjective>חריג</adjective>    ושונה    מספריו    האחרים.    <noun>הספר</noun>    <verb>נכתב</verb>    <preposition>בעקבות</preposition>    <noun>טיפול</noun>    שקיבל    בהולנד    מפסיכיאטר    <adjective>הולנדי</adjective>    שהתמחה    בטיפול    בניצולי    <noun>שואה</noun>    <preposition>באמצעות</preposition>    <noun>הסם</noun>    אל-אס-די.    <conjunction>מבלי</conjunction>    <verb>להסביר</verb>    <interrogative>מה</interrogative>    <noun>משמעות</noun>    <noun>האותיות</noun>    שבכותרת    ספרו,    <preposition>ק'</preposition>    <verb>צטניק</verb>    <verb>טען</verb>    <conjunction>כי</conjunction>    <pronoun>אלה</pronoun>    <verb>הצילו</verb>    <at-preposition>את</at-preposition>    חייו    באושוויץ.    שיינטוך    <verb>טוען</verb>    בספרו    <conjunction>כי</conjunction>    <pronoun>אלה</pronoun>    <noun>ראשי</noun>    <noun>תיבות</noun>    <shel-preposition>של</shel-preposition>    <noun>התפילה</noun>    "אלהא    דמאיר    ענני",    שנחשבת    כתפילת    <noun>הצלה</noun>    <noun>מאגית</noun>    ומופנית    לתנא    <noun>רבי</noun>    מאיר.    בספר    <verb>מתוארות</verb>    תחושותיו    באושוויץ    <preposition>מתוך</preposition>    <noun>נקודת</noun>    <noun>מבט</noun>    רטרוספקטיבית,    <conjunction>כפי</conjunction>    שחווה    אותן    <adverb>מחדש</adverb>    בהשפעת    הסם.    <noun>הספר</noun>    כולו    <participle>אפוף</participle>    באווירה    <adjective>מיסטית</adjective>    ומשובץ    בדימויים    קבליים.    <noun>הטקסט</noun>    <verb>הופיע</verb>    <adverb>לראשונה</adverb>    בהעולם    <pronoun>הזה</pronoun>    שהקדיש    <conjunction>לו</conjunction>    <noun>גיליון</noun>    שלם,    ורק    <adverb>אחרכך</adverb>    <verb>פורסם</verb>    כספר.    אשתו    <properName>נינה</properName>    <verb>סיפרה</verb>    שכשהיה    <verb>יושב</verb>    לכתוב,    <copula>היה</copula>    <verb>מסתגר</verb>    בחדרו,    <noun>לבוש</noun>    בכתונת    <noun>האסיר</noun>    שלו,    ונמנע    <preposition>במשך</preposition>    <noun>ימים</noun>    <adjective>רבים</adjective>    מרחצה    ומאוכל.    באחד    הטרנסים,    במהלך    <noun>הטיפול</noun>    בסם,    <verb>מצא</verb>    <pronoun>עצמו</pronoun>    <preposition>ק'</preposition>    <verb>צטניק</verb>    <noun>לבוש</noun>    במדי    אס-אס    וחבוש    בכובע    <preposition>עם</preposition>    <noun>סמל</noun>    הגולגולת.    <noun>חיזיון</noun>    <pronoun>זה</pronoun>    <verb>זיעזע</verb>    <quantifier>אותו</quantifier>    ושינה    <at-preposition>את</at-preposition>    עמדתו    <preposition>כלפי</preposition>    אושוויץ:    <noun>הקורבן</noun>    והתליין,    שניהם    <noun>בני</noun>    אדם,    ובקלות    <modal>עשויים</modal>    <verb>להתחלף</verb>    בתפקידיהם.    <properName>אושוויץ</properName>    <copula>אינו</copula>    <adverb>עוד</adverb>    <properName>פלנטה</properName>    אחרת–    <conjunction>אלא</conjunction>    <verb>רובץ</verb>    לפתחו    <shel-preposition>של</shel-preposition>    <quantifier>כל</quantifier>    אדם.    "באשר    <noun>האדם</noun>    <punctuation>–</punctuation>    <participle>שם</participle>    אושוויץ,    <conjunction>כי</conjunction>    <negation>לא</negation>    <noun>השטן</noun>    <verb>יצר</verb>    <at-preposition>את</at-preposition>    <properName>אושוויץ</properName>    <conjunction>אלא</conjunction>    <pronoun>אני</pronoun>    ואתה    [...]"    (הצופן,113).    בריאיון    לרם    <properName>עברון</properName>    בערוץ    <numeral>הראשון</numeral>    <shel-preposition>של</shel-preposition>    <noun>הטלוויזיה</noun>    <adjective>הישראלית</adjective>    <pronoun>הוא</pronoun>    <verb>חזר</verb>    <preposition>על</preposition>    כך:    "אושוויץ    <noun>החזרה</noun>    <adjective>הגנרלית</adjective>    לדבר    שאנו    <verb>עומדים</verb>    לפניו".    <noun>האדם</noun>    <verb>יצר</verb>    <at-preposition>את</at-preposition>    אושוויץ,    והוא    <copula>יהיה</copula>    <conjunction>גם</conjunction>    <pronoun>זה</pronoun>    שילחץ    <preposition>על</preposition>    <noun>הכפתור</noun>    שיהפוך    <at-preposition>את</at-preposition>    <noun>העולם</noun>    לתוהו.
      לק'    <verb>צטניק</verb>    <noun>זכות</noun>    <noun>ראשונים</noun>    לפריצת    <noun>חומת</noun>    <noun>ההדחקה</noun>    <shel-preposition>של</shel-preposition>    <noun>זיכרון</noun>    <noun>השואה</noun>    <preposition>על</preposition>    <noun>ידי</noun>    <noun>הציבור</noun>    הישראלי,    ולהעלאתו    לתודעה    הקולקטיבית.    בשנות    <numeral>החמישים</numeral>    והשישים    <copula>היתה</copula>    לספריו    <noun>השפעה</noun>    רבה,    שהלכה    והתמעטה.    בסוף    <noun>שנות</noun>    <numeral>השמונים</numeral>    <verb>הוכנסו</verb>    ספריו    לתוכנית    <noun>הלימודים</noun>    <preposition>על</preposition>    <noun>ידי</noun>    <noun>משרד</noun>    <noun>החינוך</noun>    ואף    <verb>חולקו</verb>    <adverb>בחינם</adverb>    בבתי    הספר,    <conjunction>אך</conjunction>    <noun>פעולה</noun>    <pronoun>זו</pronoun>    <negation>לא</negation>    <verb>הצליחה</verb>    <verb>להחזיר</verb>    <conjunction>לו</conjunction>    <at-preposition>את</at-preposition>    מעמדו    כסופר    <noun>שואה</noun>    מרכזי.    כוחם    <shel-preposition>של</shel-preposition>    <noun>ספרי</noun>    <preposition>ק'</preposition>    <verb>צטניק</verb>    <pronoun>הוא</pronoun>    בתיאורים    העזים,    שנוגעים    בלב    <noun>הטראומה</noun>    בגיהינום    ששמו    "אושוויץ",    שכדברי    <properName>דן</properName>    <properName>מירון</properName>    (שם)    "הלמו    כקורנס    <preposition>על</preposition>    <noun>ראשי</noun>    הקוראים".    <conjunction>למרות</conjunction>    <noun>הפופולריות</noun>    שלה    <verb>זכו</verb>    ספריו    <preposition>בקרב</preposition>    <noun>הציבור</noun>    הרחב,    <preposition>דרך</preposition>    <noun>הייצוג</noun>    שלו    <verb>הותקפה</verb>    <preposition>על</preposition>    <noun>ידי</noun>    המבקרים.    <copula>היא</copula>    <verb>תוארה</verb>    כפורנוגרפיה    וכקיטש,    <adjective>החסרים</adjective>    <noun>אמצעי</noun>    <noun>איפוק</noun>    ועידון,    ואף    <verb>הושוותה</verb>    <preposition>על</preposition>    <noun>ידי</noun>    ברטוב    <date><date>(1999)</date></date>    לספרות    <adjective>הסטאלגים</adjective>    שנפוצה    בארץ    בשנות    החמישים.    <preposition>עם</preposition>    זאת,    <conjunction>גם</conjunction>    מבקריו    <verb>מסכימים</verb>    שאולי    <conjunction>רק</conjunction>    <pronoun>כך</pronoun>    <modal>יכולה</modal>    <copula>היתה</copula>    <noun>הזוועה</noun>    <verb>לחדור</verb>    לתודעת    <noun>הציבור</noun>    הישראלי,    שהיה    <adjective>עסוק</adjective>    באותה    <noun>עת</noun>    בהקמת    <noun>המדינה</noun>    ובביסוסה.    
      References:    
      ברטוב,    עומר.    "קיטש    וסאדיזם    בפלנטה    <shel-preposition>של</shel-preposition>    ק.    צטניק:    <noun>נוער</noun>    <adjective>ישראלי</adjective>    <verb>מדמיין</verb>    <at-preposition>את</at-preposition>    השואה".    <numeral>אלפיים</numeral>    17.    <date><date>1999.</date></date>    175-148;    דודאי,    רינה.    "'קיטש    וטראומה'–    <noun>מקרה</noun>    מבחן:    'בית    <participle>הבובות'</participle>    <preposition>מאת</preposition>    ק.    צטניק".    <adverb>מכאן</adverb>    ו'.    <date><date>2005.</date></date>    142-125;    מירון,    דן.    "בין    <noun>ספר</noun>    לאפר".    <numeral>אלפיים</numeral>    10.    <date><date>1995.</date></date>    224-196;    שגב,    תום.    "טריפ    <shel-preposition>של</shel-preposition>    ק.    צטניק".    <noun>כותרת</noun>    ראשית.    <date><date>27.5.1987;</date></date>    שיינטוך,    יחיאל.    כמסיח    <preposition>לפי</preposition>    תומו:    <noun>שיחות</noun>    <preposition>עם</preposition>    <properName>יחיאל</properName>    דינור.    ירושלים:    <noun>בית</noun>    <noun>לוחמי</noun>    <noun>הגטאות</noun>    ומכון    סדן.    <date><date>2003;</date></date>    ---.    'סלמנדרה':    <noun>מיתוס</noun>    והיסטוריה    בכתבי    ק.    צטניק.    תלאביב/ירושלים:    <properName>כרמל</properName>    והאוניברסיטה    העברית.    <date><date>2009;
</date>  </date>    Milner,    Iris.    "The    'Gray    zone'    revisited:    <foreign>the</foreign>    <foreign>concentrationary</foreign>    <foreign>universe</foreign>    <foreign>in</foreign>    <foreign>Ka</foreign>    Tzetnik's    <foreign>literary</foreign>    testimony".    <foreign>Jewish</foreign>    <foreign>Social</foreign>    Studies.    Vol.    14    no.    2.    <date><date>2008.</date></date>    112-155;    Popkin.    <foreign>Jeremy</foreign>    D.    "Ka-Tzetnik    <date><date>135633:</date></date>    <foreign>The</foreign>    <foreign>Survivor</foreign>    <foreign>as</foreign>    Pseudonym".    <foreign>New</foreign>    <foreign>Literary</foreign>        <foreign>History</foreign>    33,    2.    <date><date>2002.</date></date>    343-355.            
    
  		</body>
  	</text>
  </TEI> 
		</body>
	</text>
</TEI>