<?xml version="1.0" encoding="UTF-8"?>
<?xml-model href="http://www.tei-c.org/release/xml/tei/custom/schema/relaxng/tei_all.rng" type="application/xml" schematypens="http://relaxng.org/ns/structure/1.0"?>
<?xml-model href="http://www.tei-c.org/release/xml/tei/custom/schema/relaxng/tei_all.rng" type="application/xml"
	schematypens="http://purl.oclc.org/dsdl/schematron"?>
<TEI xmlns="http://www.tei-c.org/ns/1.0">
   <teiHeader>
      <fileDesc>
         <publicationStmt>
            <p>Publication Information</p>
         </publicationStmt>
         <sourceDesc>
            <p>Information about the source</p>
         </sourceDesc>
      </fileDesc>
   </teiHeader>
   <text>
      <body>
 <?xml  version="1.0"  encoding="UTF-8"?>
  <?xml-model  href="http://www.tei-c.org/release/xml/tei/custom/schema/relaxng/tei_all.rng"  type="application/xml"  schematypens="http://relaxng.org/ns/structure/1.0"?>
  <?xml-model  href="http://www.tei-c.org/release/xml/tei/custom/schema/relaxng/tei_all.rng"  type="application/xml"
  	schematypens="http://purl.oclc.org/dsdl/schematron"?>
  <TEI  xmlns="http://www.tei-c.org/ns/1.0">
        <teiHeader>
              <fileDesc>
                    <publicationStmt>
                          <p>Publication  Information</p>
                    </publicationStmt>
                    <sourceDesc>
                          <p>Information  about  the  source</p>
                    </sourceDesc>
              </fileDesc>
        </teiHeader>
        <text>
              <body>
    Name:    הופמן,    יואל
      <foreign>Birth</foreign>    Year:    <date><date>1937
</date>  </date>    <foreign>Birth</foreign>    Place:    <noun>עיר</noun>    <properName>ברשוב</properName>    (קרונשטאט),
      Occupation:    סופר,    <noun>מתרגם</noun>    וחוקר
      <foreign>Entry</foreign>    writer:    <properName>רחל</properName>    אלבק-גדרון
      <foreign>Entry</foreign>    Value:    
      <verb>נולד</verb>    בעיר    <properName>ברשוב</properName>    (קרונשטאט),    טרנסילבניה,    שאליה    <verb>נשלח</verb>    אביו,    <noun>יליד</noun>    <properName>הונגריה</properName>    ותושב    וינה,    במסגרת    עבודתו    בתעשיית    העץ.    <adjective>סמוך</adjective>    ללידתו    <verb>נפטרה</verb>    אמו    והוא    <verb>גדל</verb>    <preposition>אצל</preposition>    אחותה    שהיתה    <verb>יוצאת</verb>    גרמניה.    בהיותו    <noun>בן</noun>    <noun>שנה</noun>    <verb>עלתה</verb>    <noun>המשפחה</noun>    לארץ    ישראל.    בילדותו    <verb>דיבר</verb>    <numeral>שתי</numeral>    שפות:    <properName>הונגרית</properName>    וגרמנית.    רקעו    <adjective>המשפחתי</adjective>    <verb>משתקף</verb>    בתיאור    <noun>קהילות</noun>    <noun>ההשתייכות</noun>    <shel-preposition>של</shel-preposition>    גיבוריו.    ילדותו    <verb>עברה</verb>    ברמת    <properName>גן</properName>    והיא    מצטיירת,    בדרך    כתיבתו    המיוחדת,    <participle>בספריוהשונרא</participle>    <participle>והשמטרלינג</participle>    <date><date>(2001)</date></date>    וקוריקולום    ויטה    <date><date>(2007).</date></date>        
      למד    לתואר    <numeral>ראשון</numeral>    בספרות    <adjective>עברית</adjective>    וספרות    <adjective>אנגלית</adjective>    באוניברסיטת    חיפה,    ולתואר    <noun>שני</noun>    בפילוסופיה    באוניברסיטת    <properName>תל</properName>    אביב.    <date><date>ב-1962</date></date>    <verb>לימד</verb>    <noun>קורס</noun>    בפילוסופיה    משווה:    "מזרח    ומערב",    ובעקבותיו    <verb>נשלח</verb>    <preposition>על</preposition>    <noun>ידי</noun>    מורו,    <noun>פרופ'</noun>    בן-עמי    שרפשטיין,    ללימודי    <noun>תואר</noun>    <numeral>שלישי</numeral>    באוניברסיטה    <adjective>התיאולוגית</adjective>    בקיוטו.    <verb>השתלם</verb>    <preposition>אצל</preposition>    <noun>מורים</noun>    <adjective>ידועים</adjective>    בפילוסופיה    <shel-preposition>של</shel-preposition>    <noun>הדתות</noun>    ובבודהיזם,    <adverb>במקביל</adverb>    <verb>השתלם</verb>    באופן    <wPrefix>בלתי</wPrefix>    <adjective>פורמלי</adjective>    בזן-בודהיזם    באוניברסיטת    האנאזוֹנוֹ    בקיוטו,    וקנה    לו    <noun>שם</noun>    <adjective>בינלאומי</adjective>    בידיעת    <noun>השפה</noun>    <adjective>היפנית</adjective>    ובכתביה    הבודהיסטיים,    <adverb>בעיקר</adverb>    בזכות    <noun>התרגום</noun>    לאנגלית    <shel-preposition>של</shel-preposition>    <noun>ספר</noun>    <noun>התשובות</noun>    <adjective>הסודי</adjective>    לחידות    <participle>הקואן</participle>    <shel-preposition>של</shel-preposition>    <properName>כמוּרת</properName>    הזן,    <noun>תרגום</noun>    שלנוסח    <adjective>העברי</adjective>    שלו    <verb>העניק</verb>    <at-preposition>את</at-preposition>    <noun>השם</noun>    <noun>קול</noun>    <noun>היד</noun>    <numeral>האחת</numeral>    <date><date>(2005).</date></date>    
      כששב    לארץ    <verb>לימד</verb>    <adverb>תחילה</adverb>    באוניברסיטת    <properName>תל</properName>    אביב,    וכשהעתיק    <at-preposition>את</at-preposition>    מגוריו    לצפת    <verb>החל</verb>    <verb>ללמד</verb>    <noun>פילוסופיה</noun>    <shel-preposition>של</shel-preposition>    <noun>המזרח</noun>    <adjective>הרחוק</adjective>    באוניברסיטת    חיפה,    <preposition>עד</preposition>    ליום    פרישתו    כפרופסור    <preposition>מן</preposition>    <noun>המניין</noun>    מאוניברסיטה    זו.    <verb>מתגורר</verb>    במעלות    ועוסק    בכתיבה    <adjective>ספרותית</adjective>    ובתרגום    <noun>כתבים</noun>    בודהיסטיים.
      <verb>חיבר</verb>    כעשרה    <noun>ספרי</noun>    <noun>פרוזה</noun>    לירית,    <verb>תירגם</verb>    <quantifier>מבחר</quantifier>    <noun>מכתבי</noun>    <noun>הטאואיזם</noun>    והזן-בודהיזם    מסינית    ומיפנית    לאנגלית    ולעברית,    והוא    <preposition>מן</preposition>    <noun>הסופרים</noun>    <adjective>החשובים</adjective>    <adverb>ביותר</adverb>    <preposition>בין</preposition>    <noun>פורצי</noun>    <noun>הסגנון</noun>    שבקאנון    <adjective>הספרותי</adjective>    <adjective>העברי</adjective>    הפוסט-מודרני    <shel-preposition>של</shel-preposition>    <noun>סוף</noun>    <noun>שנות</noun>    <numeral>השמונים</numeral>    וראשית    <noun>שנות</noun>    התשעים.    
      ספריו    <noun>הראשונים</noun>    <verb>נגעו</verb>    בתחום    <noun>העיסוק</noun>    <adjective>האקדמי</adjective>    שלו    <punctuation>–</punctuation>    <noun>הפילוסופיה</noun>    <adjective>הסינית</adjective>    <adjective>הקדומה</adjective>    והזן-בודהיזם    ביפן    <punctuation>–</punctuation>    וזכו    לפופולריות    רבה:    <noun>קולות</noun>    האדמה:    <noun>קטעים</noun>    <verb>נבחרים</verb>    מכתביו    <shel-preposition>של</shel-preposition>    צ'ואנג-טסה    <date><date>(1977);</date></date>    לאן    <verb>נעלמו</verb>    הקולות?:    <noun>סיפורי</noun>    <noun>זן</noun>    ושירי    <properName>הייקו</properName>    <date><date>(1980);</date></date>    והקובץ    <participle>אומרי</participle>    <noun>שיר</noun>    <preposition>על</preposition>    <noun>סף</noun>    המוות:    <quantifier>מבחר</quantifier>    <noun>שירים</noun>    <adjective>יפניים</adjective>    <date><date>(1985).
</date>  </date>    <at-preposition>את</at-preposition>    כניסתו    לספרות    <properName>העברית</properName>    <modal>ראוי</modal>    <verb>לסמן</verb>    בפרסומו    <shel-preposition>של</shel-preposition>    <noun>הסיפור</noun>    "קֶצְכֶן"    (בגרמנית:    חתלתול)    ב"אלמנך    לדברי    <noun>ספרות</noun>    ואמנות",    <noun>אגרא</noun>    2    <date><date>(1985-1986)</date></date>    בעריכת    <properName>דן</properName>    מירון    ונתן    זך.    <adverb>כבר</adverb>    בסיפורו    <numeral>הראשון</numeral>    הזה,    <participle>המסופר</participle>    מנקודת    מבטו    <shel-preposition>של</shel-preposition>    <noun>הילד</noun>    קצכן,    <verb>הסתמן</verb>    <noun>קו</noun>    <noun>סיפורי</noun>    וסגנוני    חדש,    שהיה    בו    <negation>לא</negation>    <conjunction>רק</conjunction>    <preposition>מן</preposition>    <noun>החידוש</noun>    המפתיע,    <conjunction>אלא</conjunction>    <adverb>בעיקר</adverb>    <preposition>מן</preposition>    <noun>הזעזוע</noun>    <adjective>הנפשי</adjective>    שטקסט    <adjective>ספרותי</adjective>    <modal>עשוי</modal>    <verb>לעורר</verb>    במיטבו.    <noun>הגבולות</noun>    <adjective>הדקים</adjective>    שבין    אי-שפיות    לפיכחון,    <preposition>בין</preposition>    <noun>חולי</noun>    <adjective>נפשי</adjective>    לנורמליות,    <verb>נפרצו</verb>    בשפה    <adjective>שירית</adjective>    ובמטפוריקה    <participle>החוֹצה</participle>    <at-preposition>את</at-preposition>    <noun>גבולות</noun>    <noun>הלוגיקה</noun>    הרטורית.    <noun>נוסח</noun>    זה,    שהתקבל    באהדה    רבה,    <verb>התעצם</verb>    <adverb>עוד</adverb>    <adverb>יותר</adverb>    בקובץ    <noun>הסיפורים</noun>    הראשון,ספר    יוסף(כתר,    מסדה,    בעריכת    <properName>יגאל</properName>    שוורץ,    <date><date>1988).</date></date>    בספר    <noun>ביכורים</noun>    זה,    <participle>המכיל</participle>    <numeral>ארבעה</numeral>    סיפורים,    <verb>העמיד</verb>    <properName>הופמן</properName>    <noun>נוסח</noun>    <adjective>חדש</adjective>    <shel-preposition>של</shel-preposition>    <noun>ריאליזם</noun>    לירי,    שעתיד    <verb>להתעצם</verb>    בספריו    הבאים.    <date><date>ב-1988</date></date>    <verb>ראה</verb>    <noun>אור</noun>    ספרו    בפברואר    <modal>כדאי</modal>    <verb>לקנות</verb>    פילים(איורים:    <noun>כרמי</noun>    גל).    <pronoun>זהו</pronoun>    <noun>ספר</noun>    <noun>ילדים</noun>    לכאורה,    <noun>המטרים</noun>    בתכניו,    באמנות    <noun>הסיפור</noun>    ובתפישת    <noun>העולם</noun>    שלו    <at-preposition>את</at-preposition>    <noun>קורפוס</noun>    <noun>הסיפורת</noun>    <adjective>המרכזי</adjective>    שלו.
      <preposition>עם</preposition>    הופעתו    <shel-preposition>של</shel-preposition>    <noun>הספר</noun>    <properName>בֶּרְנְהַרְט</properName>    <date><date>(1989)</date></date>    <verb>הוצג</verb>    <adverb>לראשונה</adverb>    <preposition>בפני</preposition>    <noun>הקורא</noun>    <adjective>העברי</adjective>    <noun>טקסט</noun>    <verb>הופמני</verb>    טיפוסי.        ברומן    <pronoun>זה</pronoun>    <verb>נפרשת</verb>    <noun>יריעה</noun>    <noun>אפית</noun>    <adjective>רחבה</adjective>    <preposition>על</preposition>    <noun>קבוצה</noun>    <adjective>ירושלמית</adjective>    <shel-preposition>של</shel-preposition>    <noun>יוצאי</noun>    גרמניה,    <noun>בני</noun>    משפחתו    וחוג    ידידיו    <shel-preposition>של</shel-preposition>    <properName>ברנהרט</properName>    שזה    <adverb>עתה</adverb>    התאלמן.    בשתי    <noun>עלילות</noun>    מקבילות,    <numeral>האחת</numeral>    <noun>כרוניקאית</noun>    יבשה,    <preposition>על</preposition>    <noun>ימי</noun>    <noun>מלחמת</noun>    <noun>העולם</noun>    השנייה,    והשנייה    <adjective>לירית</adjective>    נפשית-מטפיזית,    <verb>מצטייר</verb>    בנובלה    <pronoun>זו</pronoun>    <noun>עולם</noun>    מוזר,    <verb>שבו</verb>    לעולם    <adjective>החיצוני</adjective>    <existential>יש</existential>    <adverb>אמנם</adverb>    <noun>נגיעה</noun>    <adjective>עמוקה</adjective>    בנפשות    הגיבורים,    <conjunction>אך</conjunction>    <existential>אין</existential>    <pronoun>זו</pronoun>    <noun>נגיעה</noun>    <adjective>רגילה</adjective>    <participle>המסתברת</participle>    <preposition>מתוך</preposition>    <noun>חוקי</noun>    <noun>ההיגיון</noun>    הריאליסטיים,    ואפילו    <negation>לא</negation>    <preposition>מתוך</preposition>    <noun>הסבר</noun>    רציונליסטי    פסיכולוגי.    <noun>הזהות</noun>    ה"יקית"    בפרט    והאירופית    <adverb>בכלל</adverb>    <verb>מתוארת</verb>    באירוניה    <adjective>עצובה</adjective>    <participle>המגחיכה</participle>    <at-preposition>את</at-preposition>    <noun>הבסיס</noun>    הלוגי,    <adjective>הרציונלי</adjective>    שבמסורת    <adjective>תרבותית</adjective>    <adjective>מערבית</adjective>    זו,    <conjunction>אך</conjunction>    מצד    <adjective>אחר</adjective>    מבליטה    <preposition>באמצעות</preposition>    <adjective>הליריות</adjective>    <adjective>המטפורית</adjective>    והאסוציאטיבית    שלה    <noun>היבטים</noun>    <adjective>עמוקים</adjective>    <shel-preposition>של</shel-preposition>    <noun>חמלה</noun>    <adjective>עמוקה</adjective>    והכלה    <adjective>אינסופית</adjective>    <shel-preposition>של</shel-preposition>    צער.    <noun>הקשב</noun>    <preposition>אל</preposition>    <noun>הניואנסים</noun>    <adjective>הדקים</adjective>    <shel-preposition>של</shel-preposition>    <quantifier>כל</quantifier>    <noun>תנועה</noun>    והגיג    <shel-preposition>של</shel-preposition>    <noun>הגיבור</noun>    <verb>מקבל</verb>    <noun>נפח</noun>    <verb>מועצם</verb>    <preposition>מן</preposition>    <noun>הצורה</noun>    <adjective>המיוחדת</adjective>    <shel-preposition>של</shel-preposition>    <noun>הדפסת</noun>    <noun>הטקסט</noun>    <adjective>הספרותי</adjective>    בפרגמנטים    <adjective>קצרים</adjective>    <adverb>יחסית</adverb>    (המעלים    <preposition>על</preposition>    <noun>הדעת</noun>    <properName>טיפוגרפיה</properName>    שירית)    ובצד    <verb>אחד</verb>    <adverb>בלבד</adverb>    <shel-preposition>של</shel-preposition>    הדף.    צדו    <adjective>האחר</adjective>    <shel-preposition>של</shel-preposition>    <noun>הדף</noun>    <verb>נותר</verb>    <adjective>ריק</adjective>    ככתם    <adjective>גדול</adjective>    ולבן    <shel-preposition>של</shel-preposition>    שקט,    <participle>המעניק</participle>    לטקסט    <noun>חלל</noun>    <noun>הדהוד</noun>    <adjective>גדול</adjective>    במיוחד.    <noun>הטיפוגרפיה</noun>    <pronoun>הזאת</pronoun>    <verb>נשמרת</verb>    בכל    כתביו    <adjective>הבאים</adjective>    <shel-preposition>של</shel-preposition>    הופמן,    ובכל    <noun>עבודה</noun>    שלו    <pronoun>היא</pronoun>    ממושמעת    באופן    שונה.    בשני    ספריו    <noun>כריסטוס</noun>    <shel-preposition>של</shel-preposition>    <noun>דגים</noun>    <date><date>(1991)</date></date>    <properName>וגוּטַפֶּרְשֶׁה</properName>    <date><date>(1993)</date></date>    <verb>המשיך</verb>    <properName>הופמן</properName>    <at-preposition>את</at-preposition>    <noun>פיתוח</noun>    <noun>האפוס</noun>    <shel-preposition>של</shel-preposition>    <noun>יוצאי</noun>    גרמניה.    בכריסטוס    <shel-preposition>של</shel-preposition>    <noun>דגים</noun>    <verb>נעשה</verb>    <noun>הקיום</noun>    ה"יקי"    <conjunction>למשל</conjunction>    <adjective>ספרותי</adjective>    <preposition>על</preposition>    <noun>הגאולה</noun>    שמביאה    <noun>המוזרות</noun>    לעולם,    כאותו    <noun>דימוי</noun>    <shel-preposition>של</shel-preposition>    <noun>הדוד</noun>    <properName>הרברט</properName>    <noun>המבקש</noun>    <verb>לגאול</verb>    <at-preposition>את</at-preposition>    <noun>הקרפיון</noun>    שמחזיקה    אשתו    <participle>מַגְדָה</participle>    באמבטיה    <preposition>באמצעות</preposition>    השלכתו    <preposition>אל</preposition>    הים,    <noun>מעשה</noun>    <participle>הממית</participle>    <at-preposition>את</at-preposition>    הדג.    בספר    <pronoun>זה</pronoun>    <verb>נעשית</verb>    <noun>הצורה</noun>    <adjective>הספרותית</adjective>    <adjective>קרובה</adjective>    <adverb>עוד</adverb>    <adverb>יותר</adverb>    לשירה,    בקיטועהּ    <verb>הפרגמנטרי</verb>    ובטיפוגרפיה    <participle>המותירה</participle>    <noun>חללים</noun>    <adjective>לבנים</adjective>    בגוף    הספר.    <preposition>עם</preposition>    <pronoun>זאת</pronoun>    <noun>הליריקה</noun>    <adjective>האפית</adjective>    <shel-preposition>של</shel-preposition>    <properName>הופמן</properName>    לעולם    <copula>אינה</copula>    <verb>מאבדת</verb>    <at-preposition>את</at-preposition>    יכולתה    <verb>לספר</verb>    <noun>סיפור</noun>    במובן    <adjective>המרתק</adjective>    והפשוט    <shel-preposition>של</shel-preposition>    ה-Story    teller,שאיכותו    <adjective>טמונה</adjective>    <preposition>בדקוּת</preposition>    <noun>ההומור</noun>    <adjective>הפילוסופי</adjective>    <adjective>הפקפקני</adjective>    שלו,    ולשונו    <adjective>מפתיעה</adjective>    באונומטופיאיות    <adjective>האסוציאטיבית</adjective>    שלה:
      <pronoun>אני</pronoun>    <verb>אוהב</verb>    <noun>מילים</noun>    <preposition>כמו</preposition>    "פַּפַּגַי"    <conjunction>או</conjunction>    "טִינְטֶה".    <punctuation>/</punctuation>    <noun>דודה</noun>    <adjective>צרפתייה</adjective>    [קוקֶטִית.    מגופה    <noun>עולים</noun>    <punctuation>/</punctuation>    <noun>ניחוחות</noun>    <shel-preposition>של</shel-preposition>    <noun>בושם</noun>    זול]    <adjective>קרויה</adjective>    "טוֹנְט".    <punctuation>/</punctuation>    <conjunction>אבל</conjunction>    <noun>דודה</noun>    <adjective>גרמנייה</adjective>    [עבת    בשר]    <adjective>קרויה</adjective>    <punctuation>/</punctuation>    טַנְטֶה.    וכשדודה    <adjective>גרמנייה</adjective>    <verb>מניפה</verb>    מטלית    <punctuation>/</punctuation>    <preposition>על</preposition>    <noun>השולחן</noun>    והופכת    בקבוק-דיו    <verb>אומרים</verb>    <punctuation>/</punctuation>    "שָׁאוּ    [כלומר    "רְאו"],    <properName>טַנְטֶה</properName>    <verb>שפכה</verb>    <at-preposition>את</at-preposition>    <punctuation>/</punctuation>    הטִינְטֶה".    (כריסטוס    <shel-preposition>של</shel-preposition>    דגים,    <noun>פרגמנט</noun>    47)
      בספרו    <verb>גוּטַפֶּרְשֶׁהמעלה</verb>    <adjective>הַמְּסַפֵּרתמונות</adjective>    <noun>ילדות</noun>    ברמת    גן,    שבמרכזן    <noun>דמות</noun>    <noun>האב</noun>    פרנץ.    <noun>הספר</noun>    <pronoun>הוא</pronoun>    <noun>מסה</noun>    <adjective>לירית</adjective>    אבסורדית-הומוריסטית    <shel-preposition>של</shel-preposition>    <noun>מעברים</noun>    משפה    למטא-שפה,    ושבירת    <quantifier>כל</quantifier>    <noun>המחיצות</noun>    שבין    <noun>הביטוי</noun>    <adjective>הרגשי</adjective>    למובן    <adjective>המטפורי</adjective>    שלו.    בספר    <interrogative>מה</interrogative>    שלומך    <date><date>דּוֹלוֹרֶס(1995)</date></date>    <verb>מתמסר</verb>    <properName>הופמן</properName>    לדיבור    <adjective>השירי</adjective>    כצורה    <shel-preposition>של</shel-preposition>    <noun>דיבוב</noun>    תודעתה    <shel-preposition>של</shel-preposition>    <noun>גיבורה</noun>    עלומת-שם    <participle>המשוחחת</participle>    <preposition>עם</preposition>    חברתה    <properName>דּוֹלוֹרֶס</properName>    ומספרת    לה    <preposition>על</preposition>    <noun>יום</noun>    <verb>אחד</verb>    בחייה.    <noun>סיפור</noun>    <pronoun>זה</pronoun>    <shel-preposition>של</shel-preposition>    <noun>הוויית</noun>    <noun>חיים</noun>    <adjective>שגרתית</adjective>    תל-אביבית    <verb>מתאר</verb>    <noun>ייסורי</noun>    נפש,    שלמרות    <adjective>הרגילות</adjective>    שלהם    <pronomial>הם</pronomial>    <noun>ביטוי</noun>    <adjective>עמוק</adjective>    <shel-preposition>של</shel-preposition>    <noun>שיברון</noun>    לב,    <shel-preposition>של</shel-preposition>    <noun>פריכות</noun>    <noun>הקיום</noun>    ושל    <noun>תובנות</noun>    <adverb>עמוקות</adverb>    לתודעה    נשית.    ספרו    <properName>הַשׂוּנְרָא</properName>    <properName>וְהַשְׂמֶטֶרְלִינְג</properName>    <date><date>(2001)</date></date>    מאויר    <preposition>על</preposition>    <noun>ידי</noun>    <noun>המחבר</noun>    ברישומי    <noun>עיפרון</noun>    <participle>העשויים</participle>    במשיכת    <noun>קו</noun>    אחד,    והטקסט    <verb>שבו</verb>    <pronoun>הוא</pronoun>    <noun>שחזור</noun>    <properName>שירי</properName>    <adjective>הומוריסטי</adjective>    <shel-preposition>של</shel-preposition>    <noun>ילדות</noun>    ברמת    <properName>גן</properName>    בשנות    <numeral>הארבעים</numeral>    והחמישים.    ספרו    <noun>הלב</noun>    <pronoun>הוא</pronoun>    קַטְמַנְדּוּ    <date><date>(1999)</date></date>    <pronoun>הוא</pronoun>    <noun>תיאור</noun>    <shel-preposition>של</shel-preposition>    <noun>חיי</noun>    <noun>נפש</noun>    <shel-preposition>של</shel-preposition>    <noun>משפחה</noun>    <adjective>חיפאית</adjective>    <verb>שבנה</verb>    <verb>לוקה</verb>    בפיגור,    <noun>סיפור</noun>    שאפשר    <verb>לראות</verb>    <at-preposition>את</at-preposition>    המשכו    באפרים    <date><date>(2003).</date></date>    <noun>שני</noun>    ספריו    <foreign>Curriculum</foreign>    <foreign>Vitae</foreign>    <date><date>(2007)</date></date>    ומצבי    <noun>רוח</noun>    <date><date>(2010)</date></date>    <verb>עוצבו</verb>    כ"פנקסים    תאומים"    <shel-preposition>של</shel-preposition>    <noun>יומן</noun>    <noun>חיים</noun>    <noun>הנתון</noun>    לפרויקט    <noun>שילוב</noun>    <noun>המבעים</noun>    <noun>האהובים</noun>    עליו:    <noun>פרגמנטים</noun>    שיריים,    רישומי-קו-אחד,    <noun>אוטוביוגרפיה</noun>    והרהורים    <adjective>פילוסופיים</adjective>    סטואיים-אירוניים    בנוסח    הזן-בודהיזם.            
      יצירותיו    <verb>תורגמו</verb>    לשפות    רבות,    והן    <verb>מופיעות</verb>    כסדרה    <adjective>קבועה</adjective>    בהוצאה    הניו-יורקית    <adjective>היוקרתית</adjective>    <foreign>A</foreign>    <foreign>New</foreign>    <foreign>Direction</foreign>    Book,    שמטעמה    <verb>זכה</verb>    בפרס.    <properName>הופמן</properName>    <pronoun>הוא</pronoun>    <noun>חתן</noun>    <noun>פרס</noun>    <properName>ניומן</properName>    <date><date>(1999)</date></date>    ופרס    <properName>ביאליק</properName>    <date><date>(2002).</date></date>        
      References:    
      אלבק-גדרון,    רחל.    "לכל    <noun>דבר</noun>    <verb>שמו</verb>    ולשם    <pronoun>עצמו</pronoun>    <existential>יש</existential>    שם:    <properName>אונומטופיה</properName>    כמשאלה    ברומן    'הלב    <pronoun>הוא</pronoun>    קטמנדו'    ליואל    הופמן".    בקורת    ופרשנות    38.    <properName>רמת</properName>    גן:    <noun>אוניברסיטת</noun>    בר-אילן.    <noun>קיץ</noun>    <date><date>2005.</date></date>    141-160;    הרציג,    חנה.    <noun>השם</noun>    <adjective>הפרטי</adjective>    –מסות    <preposition>על</preposition>    <properName>יעקב</properName>    שבתאי,    <properName>יהושע</properName>    קנז,    <properName>יואל</properName>    הופמן.    תלאביב:    <noun>הקיבוץ</noun>    המאוחד.    <date><date>1994;</date></date>    חזן-רוקם,    גלית.    "הוא    <verb>שט</verb>    ומבשל.    <conjunction>אז</conjunction>    מה?"אפס    <numeral>שתיים</numeral>    3.    <date><date>1995.</date></date>    108-103;    פרנקל-אלרואי,    טל.    <noun>סגנון</noun>    ופואטיקה    ביצירתו    <shel-preposition>של</shel-preposition>    <properName>יואל</properName>    הופמן.    <noun>חיבור</noun>    <preposition>לשם</preposition>    <noun>קבלת</noun>    <noun>תואר</noun>    דוקטור.    <properName>באר</properName>    שבע:    <noun>אוניברסיטת</noun>    בן-גוריון.    <date><date>2004;</date></date>    שוורץ,    יגאל.    "'הביצה    שהתחפשה',    'בפברואר    <modal>כדאי</modal>    <verb>לקנות</verb>    פילים',    <properName>דן</properName>    פגיס    ויואל    הופמן,    <noun>מודרניזם</noun>    ופוסט-מודרניזם".    <noun>צפון</noun>    ז'.    <date><date>2004.</date></date>    293-277.
    
  		</body>
  	</text>
  </TEI> 
		</body>
	</text>
</TEI>