<?xml version="1.0" encoding="UTF-8"?>
<?xml-model href="http://www.tei-c.org/release/xml/tei/custom/schema/relaxng/tei_all.rng" type="application/xml" schematypens="http://relaxng.org/ns/structure/1.0"?>
<?xml-model href="http://www.tei-c.org/release/xml/tei/custom/schema/relaxng/tei_all.rng" type="application/xml"
	schematypens="http://purl.oclc.org/dsdl/schematron"?>
<TEI xmlns="http://www.tei-c.org/ns/1.0">
   <teiHeader>
      <fileDesc>
         <publicationStmt>
            <p>Publication Information</p>
         </publicationStmt>
         <sourceDesc>
            <p>Information about the source</p>
         </sourceDesc>
      </fileDesc>
   </teiHeader>
   <text>
      <body>
 Name:  הורוביץ,יעקב
  <foreign>Birth</foreign>  Year:  <date>1901
</date>  <foreign>Death</foreign>  Year:  <date>1975
</date>  <foreign>Birth</foreign>  Place:  קאלוש,  <noun>גליציה</noun>  המזרחית,
  Occupation:  סופר,  מסאי,  <noun>מתרגם</noun>  ועורך
  <foreign>Entry</foreign>  writer:  <properName>רחל</properName>  פרנקל
  <foreign>Entry</foreign>  Value:  
  <verb>נולד</verb>  בקאלוש,  <noun>גליציה</noun>  המזרחית,  למשפחה  <participle>המתייחסת</participle>  לשל"ה  הקדוש.  בזמן  <noun>מלחמת</noun>  <noun>העולם</noun>  <numeral>הראשונה</numeral>  <verb>עברה</verb>  משפחתו  לווינה,  ושם,  <adjective>נוסף</adjective>  <preposition>על</preposition>  חינוכו  המסורתי,  <verb>למד</verb>  בגימנסיה  והיה  <adjective>פעיל</adjective>  בתנועות  <noun>הנוער</noun>  "בלאו  וייס"  (כחול-לבן)  ו"השומר  הצעיר".  <date>ב-1919</date>  <verb>עלה</verb>  לארץ  והצטרף  לפעילות  <adjective>התיאטרונית</adjective>  בלהקת  "התיאטרון  העברי"  ובלהקת  "התיאטרון  האמנותי".
  ניסיונו  <numeral>הראשון</numeral>  <verb>להשתלב</verb>  בתנועה  <adjective>החלוצית</adjective>  בעבודה  בכביש,  בבניין  ובשמירה  נכשל,  והוא  <verb>חזר</verb>  לווינה,  <adverb>שם</adverb>  <verb>רכש</verb>  <at-preposition>את</at-preposition>  השכלתו  <adjective>האקדמית</adjective>  בכימיה  ובפילוסופיה  <date>(1924-1921)</date>  וקיבל  <noun>תואר</noun>  <noun>דוקטור</noun>  לפילוסופיה.עם  שובו  לארץ  <verb>הצטרף</verb>  לחבורות  <noun>הסופרים</noun>  שהובילו  <at-preposition>את</at-preposition>  <noun>מהפכת</noun>  המודרנה:  <properName>תחילהבסדן</properName>  <adjective>האקספרסיוניסטי</adjective>  <shel-preposition>של</shel-preposition>  <properName>אורי</properName>  <properName>צבי</properName>  גרינברג,אחר  <adverb>כך</adverb>  בכתובים  <shel-preposition>של</shel-preposition>  <properName>אליעזר</properName>  <properName>שטיינמן</properName>  ואברהם  <properName>שלונסקי</properName>  ולבסוף,  <preposition>אחרי</preposition>  השתתפותו  בטורים  <verb>עבר</verb>  למחברות  לספרות  <preposition>עם</preposition>  <properName>ישראל</properName>  זמורה,  <properName>נתן</properName>  <properName>אלתרמן</properName>  ויונתן  רטוש.באותן  <noun>השנים</noun>  <verb>עסק</verb>  לפרנסתו  כמזכיר  <noun>החברה</noun>  הארץ-ישראלית  לביטוח,  <date>וב-1943</date>  <verb>התמנה</verb>  לעורך  <noun>המוסף</noun>  "תרבות  וספרות"  <shel-preposition>של</shel-preposition>  הארץ,  <noun>תפקיד</noun>  <verb>שבו</verb>  <verb>החזיק</verb>  <adverb>יותר</adverb>  מעשרים  שנה,  <preposition>עד</preposition>  <date>1965.</date>  במהלך  אותן  <noun>השנים</noun>  <verb>כיהן</verb>  כיו"ר  <noun>המועדון</noun>  לסופרים  ואמנים  "מילוא"  <date>(1952),וכן</date>  <verb>נשלח</verb>  לשבדיה  כנספח  <noun>תרבות</noun>  <noun>בצירות</noun>  <properName>ישראל</properName>  בשטוקהולם,  <adverb>שם</adverb>  <verb>פעל</verb>  <adverb>רבות</adverb>  לקידום  מועמדותו  <shel-preposition>של</shel-preposition>  <properName>ש"י</properName>  <properName>עגנון</properName>  לפרס  נובל.  יצירתו  <verb>כוללת</verb>  <noun>סיפורים</noun>  קצרים,  נובלות,  רומנים,  מחזות,  מסות,  <noun>תרגומים</noun>  ורצנזיותעל  ספרות,  <noun>אמנות</noun>  ותיאטרון.  
  סיפורו  הראשון,"סוליקה"  <date>(1924),</date>  <verb>פורסם</verb>  בקובץ  <noun>פרט</noun>  בעריכתו  <shel-preposition>של</shel-preposition>  <noun>ג'</noun>  <properName>שופמן</properName>  בווינה.סיפור  <pronoun>זה</pronoun>  <verb>ביטא</verb>  <at-preposition>את</at-preposition>  <noun>המועקה</noun>  <adjective>המינית</adjective>  שהתגלתה  ביצירתה  <adjective>הקולקטיבית</adjective>  <shel-preposition>של</shel-preposition>  <noun>קבוצת</noun>  <noun>צעירים</noun>  <noun>בני</noun>  <noun>העלייה</noun>  השלישית,  שפירסמו  <at-preposition>את</at-preposition>  <noun>הגיגיהם</noun>  ואת  רגשותיהם  בקובץ  קהליתנו.  מאמצע  <noun>שנות</noun>  <numeral>העשרים</numeral>  <copula>היה</copula>    <verb>אחד</verb>  מראשי  <noun>הדוברים</noun>  <shel-preposition>של</shel-preposition>  <noun>המהפכה</noun>  הספרותית,  ונתן  <noun>ביטוי</noun>  לזרמים  בתרבות  ובאמנות  <shel-preposition>של</shel-preposition>  <properName>וינה</properName>  האקספרסיוניסטית-דקדנטית  <shel-preposition>של</shel-preposition>  <noun>שנות</noun>  העשרים,  שנציגיה  <adjective>המובהקים</adjective>  <copula>היו</copula>  <properName>ארתור</properName>  שניצלר,  <properName>סטפן</properName>  צווייג,  <properName>יוזף</properName>  <properName>רות</properName>  ופטר  אלטנברג.  <preposition>אחרי</preposition>  "סוליקה"  <verb>ראו</verb>  <noun>אור</noun>  <noun>הרומנים</noun>  <noun>ספר</noun>  <noun>אור</noun>  <noun>זרוע</noun>  <date>(1927);</date>  <noun>שערי</noun>  <noun>טומאה</noun>  <date>(1929);</date>  <noun>קובץ</noun>  <noun>הסיפורים</noun>  חתולותי  <adjective>הלבנות</adjective>  <date>(1929);</date>  <participle>והרומןעולם</participle>  שלא  <verb>נחרב</verb>  <adverb>עדיין</adverb>  <date>(1950).
</date>  כתיבתו  <adjective>הפובליציסטית</adjective>  <copula>היתה</copula>  <adjective>נתונה</adjective>  בראשיתה  למחלוקת  שבין  <noun>אנשי</noun>  "כתובים"  לאנשי  מאזניים.  בשנות  <numeral>החמישים</numeral>  והשישים  <verb>הרבו</verb>  <verb>לעסוק</verb>  בכתביו  <conjunction>גם</conjunction>  <preposition>בשל</preposition>  מעמדו  בממסד  הספרותי,  וראו  בו    <noun>חוליית</noun>  <noun>מעבר</noun>  <preposition>בין</preposition>  <noun>המודרנה</noun>  <shel-preposition>של</shel-preposition>  <noun>ראשית</noun>  <numeral>המאה</numeral>  <numeral>העשרים</numeral>  <preposition>לבין</preposition>  <noun>כותבי</noun>  <noun>דור</noun>  המדינה.
  <verb>כתב</verb>  <adverb>בעיקר</adverb>  <noun>סיפורי</noun>  <noun>מחשבה</noun>  ואידיאה,  <participle>העומדים</participle>  בסימנו  <shel-preposition>של</shel-preposition>  <noun>המתח</noun>  <preposition>בין</preposition>  <noun>פן</noun>  <adjective>רעיוני</adjective>  לפן  אסתטי.  ביצירותיו  <verb>שילב</verb>  <at-preposition>את</at-preposition>  <noun>העיסוק</noun>  בנושאים  <adjective>אינטלקטואליים</adjective>  <noun>בני</noun>  <noun>הזמן</noun>  <preposition>עם</preposition>  <noun>נושאים</noun>  <adjective>פילוסופיים</adjective>  על-זמניים,  כשהגיבורים  <possessive>הם</possessive>  מעיקרם  <noun>ייצוגים</noun>  <shel-preposition>של</shel-preposition>  רעיונות.
  <pronoun>הוא</pronoun>  <verb>נטה</verb>  לתפישה  ההגליאנית,  לפיה  <quantifier>כל</quantifier>  <noun>ממש</noun>  <verb>מתקיים</verb>  <conjunction>רק</conjunction>  <preposition>על</preposition>  <noun>ידי</noun>  <noun>האידיאה</noun>  שעיקרה  הוא:  <noun>דבר</noun>  והיפוכו  ומזיגתם.  <verb>חזר</verb>  והתלבט  <preposition>בין</preposition>  <noun>השליחות</noun>  <adjective>הדידקטית</adjective>  <preposition>לבין</preposition>  <noun>המחויבות</noun>  למבנה  ולסגנון.  <noun>הדבר</noun>  <verb>מתבטא</verb>  ברישול  <adjective>מבני</adjective>  <adjective>מודע</adjective>  <shel-preposition>של</shel-preposition>  <noun>מארג</noun>  העלילה,  <noun>בד</noun>  בבד  <preposition>עם</preposition>  <noun>הקפדה</noun>  לשונית-סגנונית  <wPrefix>בלתי</wPrefix>  מתפשרת.  התעלמותו  <adjective>המודעת</adjective>  <preposition>מן</preposition>  <noun>הקונבנציות</noun>  <adjective>הספרותיות</adjective>  <verb>מציגה</verb>  <quantifier>אותו</quantifier>  כמי  שדרגתו  הרוחנית-אליטיסטית  <verb>התירה</verb>  <conjunction>לו</conjunction>  <noun>התעלמות</noun>  זו,  <negation>לא</negation>  <conjunction>בלי</conjunction>  ששילם  <at-preposition>את</at-preposition>  מחירה:  <noun>מיעוט</noun>  קוראים.
  <verb>כתב</verb>  <noun>סיפורי</noun>  מדע-בדיוני,  שמהם  <verb>עולה</verb>  <noun>היטלטלות</noun>  <preposition>בין</preposition>  <noun>ייאוש</noun>  לתקווה,  וניכרת  בהם  <noun>השפעת</noun>  <noun>האידיאליזם</noun>  <adjective>הפילוסופי</adjective>  <shel-preposition>של</shel-preposition>  <noun>הפיזיקה</noun>  המודרנית,  <participle>הרואה</participle>  ברוחניות  <at-preposition>את</at-preposition>  <noun>הממשות</noun>  <adjective>היחידה</adjective>  שבכוחה  <verb>לשקם</verb>  <at-preposition>את</at-preposition>  <noun>העולם</noun>  הפוסט-קטסטרופלי.  <verb>חוזר</verb>  <adverb>כאן</adverb>  <noun>מוטיב</noun>  <noun>מות</noun>  המדען,  <participle>המעוצב</participle>  כארכיטיפ  <shel-preposition>של</shel-preposition>  <noun>האב</noun>  הגדול,  <noun>הבורא</noun>  <noun>עולמות</noun>  ומחריבם.הסיטואציות  <adjective>האוטוביוגרפיות</adjective>  <shel-preposition>של</shel-preposition>  <noun>הפרט</noun>  בסיפוריו  <pronomial>הן</pronomial>  <noun>בבואה</noun>  לבעיות  הכלל.  <noun>ההיאחזות</noun>  באבות  <noun>הארכיטיפיים</noun>  <shel-preposition>של</shel-preposition>  <noun>האומה</noun>  ביצירתו  היא,  כמדומה,  <conjunction>כמו</conjunction>  ביצירתם  <shel-preposition>של</shel-preposition>  <noun>סופרים</noun>  <adjective>אחרים</adjective>  <noun>בני</noun>  תקופתו,  בבחינת  <noun>פיצוי</noun>  <preposition>על</preposition>  <noun>היעדר</noun>  <noun>דמויות</noun>  ההורים.  
  <noun>היצירות</noun>  שבחר  לתרגם  <participle>משקפות</participle>  <at-preposition>את</at-preposition>  <noun>תפישת</noun>  עולמו  ואת  טעמו  האמנותי:  <noun>הרומן</noun>  <shel-preposition>של</shel-preposition>  <properName>א"מרימרק</properName>  במערב  <existential>אין</existential>  <quantifier>כל</quantifier>  <adjective>חדש</adjective>  <date>(1929),הרבי</date>  מבכרך  ולילות  <noun>פירנצי</noun>  <shel-preposition>של</shel-preposition>  <copula>היינה</copula>  <date>(1946),</date>  וכן  <noun>מחזות</noun>  <preposition>מאת</preposition>  האבל,  וולף,  לאנגר,  רולן,  צווייג,  אש,  אנסקי,  <properName>דירנמט</properName>  ואחרים,  שהועלו  בתיאטרוני  "אהל"  ו"הבימה".
  כתביו  <verb>כונסו</verb>  בארבעה  <noun>כרכים</noun>  בהוצאת  <noun>מחברות</noun>  לספרות  <date>(1965).</date>  <preposition>על</preposition>  יצירתו  <verb>זכה</verb>  בפרס  <noun>רמת</noun>  <properName>גן</properName>  <date>(1957),</date>  בפרס  <properName>ברנר</properName>  <date>(1965)</date>  ובפרס  <properName>פיכמן</properName>  <date>(1968).
</date>  References:  
  ברזל,  הלל."מחזותיו  <shel-preposition>של</shel-preposition>  <properName>יעקב</properName>  הורוביץ".  במה  26  (79).  21-16,  27;  כהן,  ישראל.  "על  <noun>מקור</noun>  יניקתו  <shel-preposition>של</shel-preposition>  יעקבהורוביץ".  <noun>מאזניים</noun>  <noun>מ'</noun>  (3).  <date>1975.</date>  183-180;  פרנקל-מדן,  רחל.  במחשבה  <adverb>תחילה</adverb>  <punctuation>–</punctuation>  <noun>הסיפור</noun>  <adjective>האידיאי</adjective>  ביצירת  <properName>יעקב</properName>  הורוביץ.  <properName>תל</properName>  אביב:  פפירוס.  <date>1989;</date>  שקד,  גרשון.  "יעקב  <properName>הורוביץ</properName>  <punctuation>–</punctuation>  <noun>חוד</noun>  <noun>החנית</noun>  <shel-preposition>של</shel-preposition>  המודרנה".  <noun>הסיפורת</noun>  <adjective>העברית</adjective>  <date>1880-1980</date>  ג'.  38-32.
 
		</body>
	</text>
</TEI>