<?xml version="1.0" encoding="UTF-8"?>
<?xml-model href="http://www.tei-c.org/release/xml/tei/custom/schema/relaxng/tei_all.rng" type="application/xml" schematypens="http://relaxng.org/ns/structure/1.0"?>
<?xml-model href="http://www.tei-c.org/release/xml/tei/custom/schema/relaxng/tei_all.rng" type="application/xml"
	schematypens="http://purl.oclc.org/dsdl/schematron"?>
<TEI xmlns="http://www.tei-c.org/ns/1.0">
   <teiHeader>
      <fileDesc>
         <publicationStmt>
            <p>Publication Information</p>
         </publicationStmt>
         <sourceDesc>
            <p>Information about the source</p>
         </sourceDesc>
      </fileDesc>
   </teiHeader>
   <text>
      <body>
 <?xml  version="1.0"  encoding="UTF-8"?>
  <?xml-model  href="http://www.tei-c.org/release/xml/tei/custom/schema/relaxng/tei_all.rng"  type="application/xml"  schematypens="http://relaxng.org/ns/structure/1.0"?>
  <?xml-model  href="http://www.tei-c.org/release/xml/tei/custom/schema/relaxng/tei_all.rng"  type="application/xml"
  	schematypens="http://purl.oclc.org/dsdl/schematron"?>
  <TEI  xmlns="http://www.tei-c.org/ns/1.0">
        <teiHeader>
              <fileDesc>
                    <publicationStmt>
                          <p>Publication  Information</p>
                    </publicationStmt>
                    <sourceDesc>
                          <p>Information  about  the  source</p>
                    </sourceDesc>
              </fileDesc>
        </teiHeader>
        <text>
              <body>
    Name:    הנדל,    יהודית
      <foreign>Birth</foreign>    Year:        <date><date>(1926)</date></date>    
      <foreign>Birth</foreign>    Place:    <properName>וורשה</properName>    למשפחה    חסידית
      Occupation:    סופרת
      <foreign>Entry</foreign>    writer:    <noun>תמר</noun>    מרין
      <foreign>Entry</foreign>    Value:    
      <verb>נולדה</verb>    בוורשה    למשפחה    <adjective>חסידית</adjective>    מצאצאי    <noun>האדמו"ר</noun>    <noun>רבי</noun>    <properName>יחזקאל</properName>    מקאזמיר.    <verb>עלתה</verb>    <preposition>עם</preposition>    משפחתה    לארץ    <date><date>ב-1930</date></date>    וכאן    <verb>התיישבו</verb>    באזור    טבעון,    <properName>ולאחרמכן</properName>    <verb>עברו</verb>    לנשר    שבמורדות    הכרמל.    <noun>אמה</noun>    <adjective>מתה</adjective>    בנעוריה,    ולאחר    מותה    <verb>עברה</verb>    <noun>הנדל</noun>    <preposition>עם</preposition>    <properName>אביה</properName>    לחיפה.    <at-preposition>את</at-preposition>    לימודיה    <adjective>התיכוניים</adjective>    <verb>עשתה</verb>    בבית    <noun>הספר</noun>    "הריאלי"    בחיפה    ואת    <noun>לימודי</noun>    <noun>ההמשך</noun>    בסמינר    <preposition>ע"ש</preposition>    <properName>לוינסקי</properName>    בתלאביב.    <date><date>ב-1948</date></date>    <verb>נישאה</verb>    לצייר    <properName>צבי</properName>    מאירוביץ',    ולזוג    <verb>נולדו</verb>    <numeral>שני</numeral>    ילדים,    <noun>שוקי</noun>    (יהושע)    ודורית    (נפטרה    <date><date>ב-2007).</date></date>    
      <noun>הנדל</noun>    <verb>החלה</verb>    <verb>לכתוב</verb>    <adverb>עוד</adverb>    בנעוריה,    ובמחצית    <numeral>השנייה</numeral>    <shel-preposition>של</shel-preposition>    <noun>שנות</noun>    <numeral>הארבעים</numeral>    <verb>התפרסמו</verb>    סיפוריה    <noun>הראשונים</noun>    במוספי    <noun>הספרות</noun>    <shel-preposition>של</shel-preposition>    העיתונים.    בשנים    <date><date>1948-1949</date></date>    <verb>עבדה</verb>    ככתבת    בכנסת    בתל    אביב,    ולאחר    <verb>מכן</verb>    <verb>נסעה</verb>    <preposition>עם</preposition>    <noun>בעלה</noun>    לפריז,    <adverb>שם</adverb>    <verb>התגוררו</verb>    כשנתיים.    
      <date><date>ב-1950</date></date>    <verb>יצא</verb>    <preposition>לאור</preposition>    <noun>קובץ</noun>    <noun>הסיפורים</noun>    <numeral>הראשון</numeral>    שלה,אנשים    <adjective>אחרים</adjective>    הם,    <conjunction>לאחר</conjunction>    שספרית    <noun>פועלים</noun>    <verb>פנתה</verb>    <properName>אליה</properName>    בהצעה    <verb>לכנס</verb>    <noun>חלק</noun>    מסיפוריה    בספר    שיראה    <noun>אור</noun>    בסדרת    "משלט".    <date><date>ב-1954</date></date>    <verb>זכתה</verb>    בפרס    <verb>אשר</verb>    ברש    <preposition>על</preposition>    <noun>כתב</noun>    <noun>היד</noun>    בעילום    <adverb>שם</adverb>    <shel-preposition>של</shel-preposition>    <noun>הרומן</noun>    <numeral>הראשון</numeral>    שלה,רחוב    <noun>המדרגות</noun>    <date><date>(1955),</date></date>    שזכה    לפופולריות    <adjective>רבה</adjective>    ועובד    למחזה    שהוצג    ב"הבימה"    <date><date>(1957).</date></date>    
      <noun>הרומן</noun>    <numeral>השני</numeral>    שלה,    <noun>החצר</noun>    <shel-preposition>של</shel-preposition>    <properName>מומו</properName>    <adjective>הגדולה</adjective>    <date><date>(1969),</date></date>    <negation>לא</negation>    <verb>שיחזר</verb>    <at-preposition>את</at-preposition>    <noun>הצלחת</noun>    <noun>הרומן</noun>    הקודם,    ומאז    ועד    <date><date>1984</date></date>    <noun>הנדל</noun>    <negation>לא</negation>    <verb>פירסמה</verb>    <noun>יצירת</noun>    <noun>פרוזה</noun>    נוספת.    <at-preposition>את</at-preposition>    <noun>שנות</noun>    <noun>השתיקה</noun>    שלה    אי-אפשר    לנתק    מנסיבות    חייה.    <date><date>ב-1971</date></date>    <verb>שותק</verb>    <noun>בעלה</noun>    <properName>צבי</properName>    מאירוביץ'    בפלג    גופו    <adjective>הימני</adjective>    <preposition>בעקבות</preposition>    <noun>שבץ</noun>    מוחי,    והנדל    <verb>התמסרה</verb>    לטיפול    בו    ולתמיכה    באמנותו    (מאירוביץ'    <verb>צייר</verb>    <adverb>מאז</adverb>    ביד    שמאל)    <preposition>עד</preposition>    מותו    <date><date>ב-1974.</date></date>    <preposition>כעבור</preposition>    <numeral>ארבע</numeral>    <noun>שנים</noun>    <verb>החלה</verb>    <verb>לכתוב</verb>    <at-preposition>את</at-preposition>    ספרה    <noun>הכוח</noun>    האחר,    <participle>המתאר</participle>    <at-preposition>את</at-preposition>    <noun>שנות</noun>    <noun>היצירה</noun>    <adjective>האחרונות</adjective>    <shel-preposition>של</shel-preposition>    מאירוביץ'    ואת    חייהם    המשותפים,    ובו    <verb>תיעדה</verb>    <at-preposition>את</at-preposition>    <noun>תהליך</noun>    <noun>עיבוד</noun>    <noun>האבל</noun>    שלה    <noun>עצמה</noun>    <preposition>על</preposition>    מותו.    <noun>פרקים</noun>    מהספר    <verb>הופיעו</verb>    בכתב    <noun>העת</noun>    <verb>סימן</verb>    <noun>קריאה</noun>    <date><date>(1983-1977)</date></date>    <properName>ולאחרמכן</properName>    <verb>ראו</verb>    <noun>אור</noun>    כספר    (הקיבוץ    המאוחד,    <date><date>1984).</date></date>    <noun>תערוכה</noun>    בשם    "הכוח    האחר"    <verb>נערכה</verb>    <preposition>כעבור</preposition>    <noun>שנים</noun>    במוזיאון    <properName>תלאביב</properName>    <date><date>(1999)</date></date>    ובה    <verb>הוצגו</verb>    <noun>קטעים</noun>    מהספר    <preposition>מול</preposition>    <noun>ציורים</noun>    <shel-preposition>של</shel-preposition>    מאירוביץ'    שבהם    <verb>עסקו</verb>    הקטעים.    
      <date><date>ב-1980</date></date>    <verb>עברה</verb>    לתל    אביב,    והמעבר    <verb>פתח</verb>    <noun>תקופה</noun>    <adjective>חדשה</adjective>    ופורייה    ביצירתה,    שבה    <verb>הופיעו</verb>    <pronoun>כמה</pronoun>    ספרים:    <preposition>ליד</preposition>    כפרים    שקטים:    12    <noun>ימים</noun>    בפולין    <date><date>(1987)</date></date>    שתיעד    <at-preposition>את</at-preposition>    מסעה    לפולין;    <noun>מחזור</noun>    <noun>הסיפורים</noun>    <noun>כסף</noun>    <properName>קטן</properName>    <date><date>(1988,</date></date>    בעקבותיו    <verb>זכתה</verb>    בפרס    <properName>עגנון</properName>    <date><date>ב-1989);</date></date>    והנובלה    <properName>הר</properName>    <properName>הטועים</properName>    <date><date>(1991).</date></date>    <conjunction>כמו</conjunction>    <conjunction>כן</conjunction>    <verb>ראו</verb>    <noun>אור</noun>    <noun>הרומן</noun>    <noun>החמסין</noun>    האחרון,    <noun>הוצאה</noun>    <verb>מחודשת</verb>    <shel-preposition>של</shel-preposition>    <noun>הרומן</noun>    <noun>החצר</noun>    <shel-preposition>של</shel-preposition>    <properName>מומו</properName>    <adjective>הגדולה</adjective>    בעריכתה    <shel-preposition>של</shel-preposition>    <noun>הנדל</noun>    <noun>עצמה</noun>    <date><date>(1993);</date></date>    <noun>מחזור</noun>    <noun>הסיפורים</noun>    <noun>ארוחת</noun>    <noun>בוקר</noun>    <adjective>תמימה</adjective>    <date><date>(1996);</date></date>    <noun>הנובלה</noun>    טירופו    <shel-preposition>של</shel-preposition>    <noun>רופא</noun>    <noun>הנפש</noun>    <date><date>(2002),עיבוד</date></date>    <adverb>מאוחר</adverb>    <shel-preposition>של</shel-preposition>    <noun>סיפור</noun>    מוקדם,    "אלמנתו    <shel-preposition>של</shel-preposition>    אליעזר",    שהופיע    בקובץ    <noun>הסיפורים</noun>    <numeral>הראשון</numeral>    שלה,אנשים    <adjective>אחרים</adjective>    הם;    וקובץ    <noun>הסיפורים</noun>    <noun>המקום</noun>    <noun>הריק</noun>    <date><date>(2007).
</date>  </date>    <verb>זכתה</verb>    <conjunction>גם</conjunction>    בפרס    <properName>ביאליק</properName>    <date><date>(1997)</date></date>    ובפרס    <properName>ישראל</properName>    לספרות    <date><date>(2003).</date></date>    <noun>רחוב</noun>    <noun>המדרגות</noun>    וכסף    <properName>קטןתורגמו</properName>    לאנגלית,    <preposition>ליד</preposition>    כפרים    <noun>שקטים</noun>    לאיטלקית    וטירופו    <shel-preposition>של</shel-preposition>    <noun>רופא</noun>    <noun>הנפש</noun>    לפולנית.    
      מבחינה    <adjective>כרונולוגית</adjective>    <noun>הנדל</noun>    <verb>משתייכת</verb>    לסופרים    <noun>בני</noun>    <properName>דור</properName>    תש"ח,    <conjunction>אך</conjunction>    כתיבתה,    שידעה    <noun>גלגולים</noun>    רבים,    <noun>תקופות</noun>    <shel-preposition>של</shel-preposition>    <noun>היעלמות</noun>    ושל    <noun>לידה</noun>    מחדש,    <participle>חוצת</participle>    <noun>דורות</noun>    ספרותיים.    <noun>כתיבה</noun>    שהקדימה    ואף    <verb>בישרה</verb>    <noun>מהלכים</noun>    <adjective>ספרותיים</adjective>    <adjective>מאוחרים</adjective>    יותר.    <conjunction>הגם</conjunction>    שיצירותיה    <numeral>הראשונות</numeral>    עסקו,    <adverb>בדומה</adverb>    ליצירותיהם    <shel-preposition>של</shel-preposition>    <noun>בני</noun>    <properName>דור</properName>    תש"ח,    במציאות    <noun>הזמן</noun>    ובמיוחד    בנושאים    <participle>הקשורים</participle>    במלחמת    העצמאות,    <verb>בחרה</verb>    <verb>לתאר</verb>    <noun>מציאות</noun>    <pronoun>זו</pronoun>    מנקודת    מבטם    <shel-preposition>של</shel-preposition>    ה"אחרים":    <noun>עולים</noun>    חדשים,    נשים,    <adjective>חולים</adjective>    וקשישים.    למעשה,    מראשית    דרכה    כסופרת    <verb>החלה</verb>    <verb>לעצב</verb>    "אני"    <adjective>ספרותי</adjective>    חדש,    <adjective>שונה</adjective>    מה"אני"    <adjective>הקולקטיבי</adjective>    וההרואי    <shel-preposition>של</shel-preposition>    <noun>חלק</noun>    מספרות    <properName>דור</properName>    תש"ח,    שהקדים    בכמה    <noun>מובנים</noun>    <at-preposition>את</at-preposition>    ה"אני"    שהופיע    כעשור    <adverb>מאוחר</adverb>    <adverb>יותר</adverb>    ביצירותיהם    <shel-preposition>של</shel-preposition>    <noun>הסופרים</noun>    <noun>בני</noun>    <properName>דור</properName>    המדינה.    <pronoun>זהו</pronoun>    "אני"    <adjective>שברירי</adjective>    ודחוי    הבוחן,    <conjunction>כמו</conjunction>    מבחוץ,    <preposition>מתוך</preposition>    <noun>שולי</noun>    הקיום,    <at-preposition>את</at-preposition>    <noun>ההתרחשויות</noun>    <adjective>המרכזיות</adjective>    <shel-preposition>של</shel-preposition>    התקופה.    <pronoun>כך</pronoun>    שמה    <noun>הנדל</noun>    <at-preposition>את</at-preposition>    <noun>הביטוי</noun>    "אנשים    <adjective>אחרים</adjective>    הם"    בסיפור    <noun>הנושא</noun>    <adverb>שם</adverb>    <pronoun>זה</pronoun>    <adverb>דווקא</adverb>    בפיו    <shel-preposition>של</shel-preposition>    <properName>רובֶן</properName>    שפטל,    <noun>עולה</noun>    חדש,    <noun>פליט</noun>    שואה,    שעם    <verb>הגיעו</verb>    <adverb>ארצה</adverb>    <verb>מושלך</verb>    <preposition>אל</preposition>    <noun>הקרבות</noun>    ומביט    בהשתאות    <preposition>על</preposition>    <noun>בני</noun>    הארץ,    אותם    "דני"    ו"אורי"    שנקודת    <noun>התצפית</noun>    שלהם    <noun>עמדה</noun>    במרכז    יצירותיהם    <shel-preposition>של</shel-preposition>    <noun>בני</noun>    דורה.    באופן    <adjective>דומה</adjective>    <verb>מתוארות</verb>    בספריה    <noun>הראשונים</noun>    <noun>חוויות</noun>    <noun>הלחימה</noun>    <noun>עצמה</noun>    <negation>לא</negation>    <noun>דרך</noun>    <noun>עיני</noun>    <noun>הלוחמים</noun>    <conjunction>אלא</conjunction>    <noun>דרך</noun>    עיניהם    <shel-preposition>של</shel-preposition>    <participle>הנשארים</participle>    מאחור:    <noun>הנשים</noun>    (למשל,    בקטעים    <participle>הנמסרים</participle>    <noun>דרך</noun>    <noun>נקודת</noun>    <noun>התצפית</noun>    <shel-preposition>של</shel-preposition>    אראלה,    <noun>הגיבורה</noun>    <adjective>הנשית</adjective>    <shel-preposition>של</shel-preposition>    <noun>רחוב</noun>    המדרגות)    <conjunction>או</conjunction>    <noun>ההורים</noun>    <adjective>השכולים</adjective>    (למשל,    בסיפור    "קבר    בנים"    בספר    <noun>אנשים</noun>    <adjective>אחרים</adjective>    הם).    
      <conjunction>גם</conjunction>    מבחינה    <adjective>סגנונית</adjective>    <verb>חידשה</verb>    ביחס    לפרוזה    <shel-preposition>של</shel-preposition>    <noun>בני</noun>    דורה.    <adverb>אמנם</adverb>    <pronoun>היא</pronoun>    <verb>גילתה</verb>    <noun>נאמנות</noun>    <adjective>מסוימת</adjective>    למסורת    <adjective>הריאליסטית</adjective>    ששלטה    בפרוזה    <shel-preposition>של</shel-preposition>    התקופה,    <conjunction>אבל</conjunction>    כתיבתה    העשירה,    <adjective>הרוויה</adjective>    בפניות    <preposition>אל</preposition>    <noun>סופרי</noun>    <noun>התשתית</noun>    <shel-preposition>של</shel-preposition>    <noun>הספרות</noun>    <adjective>העברית</adjective>    <adjective>החדשה</adjective>    <punctuation>–</punctuation>    <verb>יוצרים</verb>    כברנר,    מנדלי    ועגנון–הקדימה    <at-preposition>את</at-preposition>        <noun>מגמת</noun>    "החזרה    לסבים",    ובעיקר    לעגנון    ולברדיצ'בסקי,    שאפיינה    <at-preposition>את</at-preposition>    <properName>עמוס</properName>    <properName>עוז</properName>    וא"ב    יהושע.    
      <noun>המפנה</noun>    שעברה    כתיבתה    בשנות    <numeral>השמונים</numeral>    <verb>מסמן</verb>    <conjunction>גם</conjunction>    <noun>נקודת</noun>    <properName>ציון</properName>    בהתפתחות    <noun>הפרוזה</noun>    הישראלית.    <noun>הכוח</noun>    האחר,    שסימן    <at-preposition>את</at-preposition>    "הולדתה    מחדש"    <conjunction>לאחר</conjunction>    <noun>שנות</noun>    השתיקה,    <verb>הציע</verb>    <noun>כתיבה</noun>    <participle>המבוססת</participle>    <preposition>על</preposition>    <noun>נזילות</noun>    ז'אנרית,    <preposition>על</preposition>    <noun>מבנים</noun>    <adjective>ספרותיים</adjective>    <adjective>רופפים</adjective>    כביכול,    ועל    <noun>שימוש</noun>    <verb>מוקצן</verb>    מאי-פעם    ב"אני"    <adjective>הפרטי</adjective>    האוטוביוגרפי.    <noun>נוסח</noun>    <pronoun>זה</pronoun>    <verb>מאפיין</verb>    <conjunction>גם</conjunction>    <noun>יצירות</noun>    <properName>פרי</properName>    <verb>עטה</verb>    שנכתבו    <preposition>אחרי</preposition>    <noun>הכוח</noun>    האחר,    <adverb>בעיקר</adverb>    בכסף    <properName>קטן</properName>    ובארוחת    <noun>בוקר</noun>    תמימה,    שבהם    <verb>בולטת</verb>    דמותה    <shel-preposition>של</shel-preposition>    מספרת,    <adverb>לעתים</adverb>    <verb>מספרת</verb>    עדה,    שאפיוניה    <verb>תואמים</verb>    <at-preposition>את</at-preposition>    <noun>הביוגרפיה</noun>    <shel-preposition>של</shel-preposition>    <noun>הנדל</noun>    עצמה.    
      <noun>הכוח</noun>    <adjective>האחר</adjective>    <verb>סימן</verb>    <noun>שלב</noun>    <adjective>נוסף</adjective>    בהתמודדותה    <adjective>הספרותית</adjective>    <preposition>עם</preposition>    <noun>נושא</noun>    <noun>האבל</noun>    והמוות    <preposition>בתוך</preposition>    החיים,    שריחף    <conjunction>גם</conjunction>    ביצירותיה    המוקדמות.    <adverb>כמעט</adverb>    <quantifier>כל</quantifier>    יצירותיה,    <adverb>מאז</adverb>    <noun>הכוח</noun>    האחר,    <verb>עוסקות</verb>    באובדנו    <shel-preposition>של</shel-preposition>    <noun>אדם</noun>    קרוב,    באופן    שהאובדן    <pronoun>הזה</pronoun>    <verb>מחלחל</verb>    <preposition>לתוך</preposition>    ההווה,    ולעתים    <verb>משתלט</verb>    עליו    כליל:    אובדנה    <shel-preposition>של</shel-preposition>    <noun>אם</noun>    בחלק    מסיפורי    <noun>כסף</noun>    קטן,    אובדנם    <shel-preposition>של</shel-preposition>    <noun>הבנים</noun>    בהר    <properName>הטועים</properName>    ואובדנם    <shel-preposition>של</shel-preposition>    <noun>חברים</noun>    ואהובים    בסיפורי    <noun>ארוחת</noun>    <noun>בוקר</noun>    <adjective>תמימה</adjective>    ובטירופו    <shel-preposition>של</shel-preposition>    <noun>רופא</noun>    הנפש.    בכל    <noun>היצירות</noun>    <pronoun>האלה</pronoun>    <verb>מוצאות</verb>    <noun>הדמויות</noun>    <at-preposition>את</at-preposition>    עצמן    <verb>נעות</verb>    <adverb>שוב</adverb>    ושוב    <preposition>בין</preposition>    <noun>העיסוק</noun>    <adjective>האובססיבי</adjective>    בפולחן    <noun>המוות</noun>    והכמיהה    לאיחוד    <adjective>שלם</adjective>    <preposition>עם</preposition>    <adjective>האחר</adjective>    הנעדר,    <preposition>לבין</preposition>    <noun>הצורך</noun>    <verb>לייצר</verb>    <noun>עצמיות</noun>    <adjective>חדשה</adjective>    <preposition>מתוך</preposition>    האובדן.    
      מקומה    <shel-preposition>של</shel-preposition>    <noun>הנדל</noun>    <adjective>בולט</adjective>    בספרות    <adjective>הישראלית</adjective>    כאישה    <noun>סופרת</noun>    בדורות    <adjective>ספרותיים</adjective>    גבריים.    <conjunction>אף</conjunction>    שיצירותיה    <adjective>המוקדמות</adjective>    <negation>לא</negation>    <verb>העמידו</verb>    במרכזן    <noun>נקודת</noun>    <noun>תצפית</noun>    נשית,    וגם    יצירותיה    <adjective>המאוחרות</adjective>    <negation>לא</negation>    <verb>נגעו</verb>    <adverb>במישרין</adverb>    ובגלוי    בסוגיות    "פמיניסטיות",    <conjunction>הרי</conjunction>    במובנים    <adjective>רבים</adjective>    <pronoun>היא</pronoun>    <verb>הציבה</verb>    <noun>אלטרנטיבה</noun>    לפרוזה    <adjective>הגברית</adjective>    <noun>השליטה</noun>    <shel-preposition>של</shel-preposition>    תקופתה.    בחירתה    <verb>להעדיף</verb>    <at-preposition>את</at-preposition>    <noun>נקודת</noun>    <noun>המבט</noun>    <shel-preposition>של</shel-preposition>    ה"שוליים"    <preposition>על</preposition>    <noun>פני</noun>    <pronoun>זו</pronoun>    <shel-preposition>של</shel-preposition>    ה"מרכז",    <at-preposition>את</at-preposition>    <noun>עמדת</noun>    <verb>החלש</verb>    <properName>והמודר</properName>    <preposition>על</preposition>    <noun>פני</noun>    <pronoun>זו</pronoun>    <shel-preposition>של</shel-preposition>    <noun>בעל</noun>    הכוח,    <at-preposition>את</at-preposition>    <noun>העמדה</noun>    <adjective>הפרטית</adjective>    והמשפחתית    <conjunction>גם</conjunction>    כשעסקה    בנושאים    "לאומיים"–    <quantifier>כל</quantifier>    <pronoun>אלה</pronoun>    <verb>סייעו</verb>    לה    <verb>לעצב</verb>    <properName>פואטיקה</properName>    שקראה    <noun>תיגר</noun>    <preposition>על</preposition>    <noun>הנחות</noun>    <noun>היסוד</noun>    <shel-preposition>של</shel-preposition>    <noun>הספרות</noun>    <adjective>העברית</adjective>    והישראלית.    <conjunction>גם</conjunction>    התמדתה    בפעילות    ספרותית,    <preposition>חרף</preposition>    <noun>התהפוכות</noun>    והמשברים    שידעה    בחייה    האישיים,    <verb>הפכה</verb>    אותה    ל"אם    ספרותית"    <verb>מתבקשת</verb>    לסופרות    <adjective>צעירות</adjective>    ממנה,    ולאחד    מעמודי    <noun>התווך</noun>    <shel-preposition>של</shel-preposition>    <noun>ספרות</noun>    <noun>הנשים</noun>    הישראלית.            
      References:    
      הנדל,    יהודית.    "לכתוב    <pronoun>זה</pronoun>    <conjunction>כמו</conjunction>    <verb>ללכת</verb>    במערה:    <adjective>יהודית</adjective>    <noun>הנדל</noun>    ורוני    <noun>סומק</noun>    משוחחים".    <noun>ידיעות</noun>    אחרונותלשבת.    <date><date>22.3.1985.</date></date>    20;    שירב,    פנינה.    <noun>כתיבה</noun>    <negation>לא</negation>    תמה:    <noun>עמדת</noun>    <noun>שיח</noun>    וייצוגי    <noun>נשיות</noun>    ביצירותיהן    <shel-preposition>של</shel-preposition>    <adjective>יהודית</adjective>    הנדל,    <properName>עמליה</properName>    כהנא-כרמון    ורות    אלמוג.    <properName>תל</properName>    אביב:    <noun>הקיבוץ</noun>    המאוחד.    <date><date>1998;</date></date>    מירון,    דן.    <noun>הכוח</noun>    החלש:    <properName>עיוניםבסיפורת</properName>    <shel-preposition>של</shel-preposition>    <adjective>יהודית</adjective>    הנדל.    <properName>תל</properName>    אביב:    <noun>הקיבוץ</noun>    המאוחד.    <date><date>2002;</date></date>    רתוק,    לילי.    "נשים    במלחמת    העצמאות:    <noun>מיתוס</noun>    וזיכרון".    <noun>סדן</noun>    ה'.    <date><date>2002.</date></date>    287-303;    הולצמן,    אבנר.    "הנעדר    והנוכח".מפת    דרכים:    <noun>סיפורת</noun>    <adjective>עברית</adjective>    <properName>כיום.תל</properName>    אביב:    <noun>הקיבוץ</noun>    המאוחד.    <date><date>2005.</date></date>    283-281;    מיטל,    אורית.    "הכאב    <noun>הרושם</noun>    <at-preposition>את</at-preposition>    <pronoun>עצמו</pronoun>    בגוף".    <noun>הארץ</noun>    ספרים.    <date><date>28.7.2007.</date></date>    6.
    
  		</body>
  	</text>
  </TEI> 
		</body>
	</text>
</TEI>