<?xml version="1.0" encoding="UTF-8"?>
<?xml-model href="http://www.tei-c.org/release/xml/tei/custom/schema/relaxng/tei_all.rng" type="application/xml" schematypens="http://relaxng.org/ns/structure/1.0"?>
<?xml-model href="http://www.tei-c.org/release/xml/tei/custom/schema/relaxng/tei_all.rng" type="application/xml"
	schematypens="http://purl.oclc.org/dsdl/schematron"?>
<TEI xmlns="http://www.tei-c.org/ns/1.0">
   <teiHeader>
      <fileDesc>
         <publicationStmt>
            <p>Publication Information</p>
         </publicationStmt>
         <sourceDesc>
            <p>Information about the source</p>
         </sourceDesc>
      </fileDesc>
   </teiHeader>
   <text>
      <body>
 Name:  הראבן,  גַיל
  <foreign>Birth</foreign>  Year:  <date>1959
</date>  <foreign>Birth</foreign>  Place:  <verb>גדלה</verb>  בירושלים
  Occupation:  <noun>סופרת</noun>  ומסאית
  <foreign>Entry</foreign>  writer:  <properName>אלישע</properName>  <properName>פורת</properName>  ונינה  פינטו-אבקסיס
  <foreign>Entry</foreign>  Value:  
  <verb>נולדה</verb>  וגדלה  בירושלים.  <verb>סיימה</verb>  <at-preposition>את</at-preposition>  לימודיה ב"תיכון  שליד  האוניברסיטה"  <date>(1977).</date>  <preposition>לאחר</preposition>  <noun>סיום</noun>  שירותה  <adjective>הצבאי</adjective>  <verb>למדה</verb>  באוניברסיטת  בן-גוריון  וקיבלה  <noun>תואר</noun>  <numeral>ראשון</numeral>  במדעי  <noun>ההתנהגות</noun>  <date>(1984).</date>  <conjunction>כמו</conjunction>  <conjunction>כן</conjunction>  <verb>השתלמה</verb>  ב"מכון  הרטמן"  בירושלים  בלימודי  <noun>יהדות</noun>  <preposition>במשך</preposition>  חמששנים.בתם  <shel-preposition>של</shel-preposition>  <noun>אלוף</noun>  <properName>הראבן</properName>  ושל  <noun>הסופרת</noun>  <properName>שולמית</properName>  הראבן.  
  <at-preposition>את</at-preposition>  <noun>ספרה</noun>  <numeral>הראשון</numeral>  <verb>כתבה</verb>  <preposition>בעקבות</preposition>  <noun>מחזה</noun>  לילדים  שלה,  <verb>אגדה</verb>  <properName>חדשה(עם</properName>  עובד),  שהצליח  <preposition>על</preposition>  <noun>הבמה</noun>  ואף  <verb>זיכה</verb>  אותה  בפרס  <conjunction>הרי</conjunction>  <properName>הרשון</properName>  <shel-preposition>של</shel-preposition>  <noun>האוניברסיטה</noun>  <adjective>העברית</adjective>  בירושלים.  <noun>עורכי</noun>  <noun>הוצאת</noun>  <noun>עם</noun>  <noun>עובד</noun>  <verb>הציעו</verb>  לה  <verb>לעבד</verb>  <at-preposition>את</at-preposition>  <noun>המחזה</noun>  לספר  פרוזה,  שהיה  לספרה  <numeral>הראשון</numeral>  ויצא  <preposition>לאור</preposition>  <adverb>לראשונה</adverb>  <date>ב-1986,</date>  ושוב  <date>ב-1994.</date>  <noun>גיבורת</noun>  <noun>המחזה</noun>  והספר  <pronoun>היא</pronoun>  <noun>נסיכה</noun>  <participle>היוצרת</participle>  <verb>אגדה</verb>  חדשה.  <pronoun>היא</pronoun>  <verb>רוכבת</verb>  <preposition>על</preposition>  <noun>סוס</noun>  <verb>לחסל</verb>  <at-preposition>את</at-preposition>  <noun>הדרקון</noun>  המאיים.  הנסיך,  לעומתה,  <verb>יורד</verb>  לעמדת  המתנה.  זהו,  כמובן,  <noun>ביצוע</noun>  <noun>פמיניסטי</noun>  <shel-preposition>של</shel-preposition>  <properName>מערך</properName>  <adjective>ספרותי</adjective>  <participle>המשקף</participle>  <noun>תשתית</noun>  פטריארכלית,  שיהפוך  לאחד  מתווי  <noun>ההיכר</noun>  <shel-preposition>של</shel-preposition>  כתיבתה,  <adverb>לעתים</adverb>  באופן  <adjective>גלוי</adjective>  ולעתים  סמוי.  
  <properName>הרומןהסיפור</properName>  <date>האמיתי(1994)</date>  <verb>מתאר</verb>  <noun>עיתונאית</noun>  ופסיכולוג  <participle>המתמודדים</participle>  <noun>עם</noun>  <noun>הסיפור</noun>  <adjective>האמיתי</adjective>  והבדוי  <shel-preposition>של</shel-preposition>  חייהם,  <preposition>על</preposition>  <noun>רקע</noun>  <noun>שאלות</noun>  <adjective>מוסריות</adjective>  והגותיותקשות.  <noun>הרומן</noun>  מוזה  <date>(1995)</date>  <verb>עוקב</verb>  <preposition>אחר</preposition>  סיפורה  <shel-preposition>של</shel-preposition>  <numeral>אחת</numeral>  מאהובותיו,  כביכול,  <shel-preposition>של</shel-preposition>  <properName>פנחס</properName>  שדה,  <participle>הנקלעת</participle>  מעמדה  <shel-preposition>של</shel-preposition>  <noun>אהבה</noun>  והערצה  <preposition>עד</preposition>  להתאבדות.  בסיפור  <verb>משוקע</verb>  גורלן  <shel-preposition>של</shel-preposition>  <noun>דמויות</noun>  אמיתיות.הבוקר  <verb>הרגתי</verb>  <noun>איש</noun>  <date>(1997)</date>  <pronoun>הוא</pronoun>  <noun>קובץ</noun>  <noun>סיפורים</noun>  <preposition>על</preposition>  <noun>גיבורים</noun>  <adjective>תמימים</adjective>  שתמימותם  <verb>מתבררת</verb>  כמסווה  למסכת  שקריםוזיופים.ההיפוך  בדרך  <noun>ההצגה</noun>  וההערכה  <participle>המשתמעת</participle>  <shel-preposition>של</shel-preposition>  <adjective>הדמויותהוא</adjective>  <properName>תו</properName>  <noun>היכר</noun>  <adjective>נוסף</adjective>  <shel-preposition>של</shel-preposition>  כתיבתה.
  <noun>הדרך</noun>  לגן  <date>עדן(1999)</date>  <pronoun>הוא</pronoun>  <noun>קובץ</noun>  <shel-preposition>של</shel-preposition>  <noun>סיפורי</noun>  <noun>מדע</noun>  בדיוני  מקוריים.  ברומן  שאהבה  <adjective>נפשי</adjective>  <date>(2001)</date>    <verb>מציגה</verb>  <noun>המחברת</noun>  <noun>סיפורי</noun>  <noun>אהבה</noun>  טוטלית,  שבהם  <noun>האישה</noun>  <participle>המתאהבת</participle>  <pronoun>היא</pronoun>  <conjunction>גם</conjunction>  <noun>גיבורת</noun>  <noun>הסיפור</noun>  וגם  קורבנו.  <noun>חיי</noun>  <noun>מלאך</noun>  <date>(2003)</date>  <pronoun>הוא</pronoun>  <noun>רומן</noun>  <verb>שבו</verb>  הגיבור,  <noun>ספק</noun>  <noun>שליח</noun>  <adjective>משיחי</adjective>  <noun>ספק</noun>  <noun>שליח</noun>  שטני,  <verb>מעורר</verb>  <noun>מהומה</noun>  <adjective>תקשורתית</adjective>  <adjective>גדולה</adjective>  ומביא  לחשבון  <noun>נפש</noun>  ציבורי.  <noun>האיש</noun>  <adjective>הנכון</adjective>  <date>(2005)</date>  <pronoun>הוא</pronoun>  <noun>רומן</noun>  שעיקרו  מצבה  <adjective>הקשה</adjective>  <shel-preposition>של</shel-preposition>  <noun>המשפחה</noun>  <adjective>הישראלית</adjective>  במסגרת  <noun>החברה</noun>  <adjective>הישראלית</adjective>  האלימה.  ברומן  <noun>השקרים</noun>  <adjective>האחרונים</adjective>  <shel-preposition>של</shel-preposition>  <noun>הגוף</noun>  <date>(2008)</date>  <verb>חושפת</verb>  <participle>המספרת</participle>  <noun>סיפור</noun>  <shel-preposition>של</shel-preposition>  <noun>מעשה</noun>  <noun>אונס</noun>  <shel-preposition>של</shel-preposition>  <noun>בת</noun>  <preposition>בתוך</preposition>  המשפחה,  <participle>המוביל</participle>  לשיגעון  <shel-preposition>של</shel-preposition>  אחותה,  וסוד  <participle>הנחשף</participle>  <preposition>תוך</preposition>  <noun>העלאת</noun>  <noun>הזיכרונות</noun>  מימי  ילדותן  בירושלים.  <noun>ספרה</noun>  <noun>לב</noun>  <verb>מתעורר</verb>  <date>(2010)</date>  <verb>מתאר</verb>  <noun>תא</noun>  <adjective>משפחתי</adjective>  שחרב  <preposition>בעקבות</preposition>  <noun>מות</noun>  <noun>ההורים</noun>  בתאונת  דרכים.  <conjunction>גם</conjunction>  בספר  זה,  <conjunction>כמו</conjunction>  בקודמו,  <verb>מופיע</verb>  <noun>השיגעון</noun>  <preposition>בעקבות</preposition>  <noun>פצע</noun>  משפחתי,  ויש  בו  <noun>חזרה</noun>  <preposition>אל</preposition>  <noun>מחוזות</noun>  <noun>הילדות</noun>  <participle>המתארים</participle>  <at-preposition>את</at-preposition>  <noun>הגרעין</noun>  <adjective>המשפחתי</adjective>  <adjective>השלם</adjective>  <preposition>לפני</preposition>  האסון.  <noun>מוטיב</noun>  <noun>גן</noun>  <noun>העדן</noun>  <adjective>האבוד</adjective>  <verb>שב</verb>  ונבחן  בספריה.    
  <noun>התמטיקה</noun>  שלה  עוסקת,  <conjunction>אם</conjunction>  כן,  בהתפוררות  המציאות,  בשקרים  ובהדחקות  בחייו  <shel-preposition>של</shel-preposition>  אדם,  בחיי  <noun>משפחה</noun>  <adjective>סדוקים</adjective>  <participle>המובילים</participle>  למצבים  <adjective>נפשיים</adjective>  קיצוניים,  ביחסי  <noun>המשפחה</noun>  הגרעינית,  <noun>אהבת</noun>  <noun>אחים</noun>  והזדהות  ביחסי  אחאות.  <noun>הזווית</noun>  <adjective>המגדרית</adjective>  <verb>בולטת</verb>  ביצירותיה,  <pronoun>הן</pronoun>  <preposition>מן</preposition>  <noun>העיסוק</noun>  <participle>המפורש</participle>  שלה  בחוויית  האימהות,  בקשרים  <conjunction>בין</conjunction>  <noun>אחיות</noun>  ובחייה  <shel-preposition>של</shel-preposition>  <verb>אישה</verb>  במרחב  <noun>עירוני</noun>  מנוכר,  והן  <preposition>מן</preposition>  <noun>הצד</noun>  המשתמע,  <pronoun>זה</pronoun>  שעיקרו  <noun>הדרישה</noun>  <verb>להמיר</verb>  <noun>סדרי</noun>  <noun>עולם</noun>  <adjective>קיימים</adjective>  <conjunction>בין</conjunction>  <noun>גברים</noun>  ונשים  (אגדה  חדשה)  והנותן  בידי  גיבורותיו  <at-preposition>את</at-preposition>  <noun>האפשרות</noun>  לפעולות  <adjective>נקמניות</adjective>  (השקרים  <adjective>האחרונים</adjective>  <shel-preposition>של</shel-preposition>  הגוף)  ומעשי  <noun>רצח</noun>  (למשל  בסיפור  "האיש  במגבעת")  <noun>החוצים</noun>  <at-preposition>את</at-preposition>  <noun>הגבולות</noun>  <adjective>המגדריים</adjective>  המקובלים.  בסיפוריה  <participle>המבוססים</participle>  <preposition>על</preposition>  <noun>יסודות</noun>  <adjective>פנטסטיים</adjective>  (הבוקר  <verb>הרגתי</verb>  איש,  שאהבה  נפשי,  <noun>הדרך</noun>  לגן  עדן)  <verb>נדרשת</verb>  <properName>הראבן</properName>  לטכניקות  <noun>מאגיות</noun>  <participle>המאפשרות</participle>  לדמויות  <verb>לשאת</verb>  <at-preposition>את</at-preposition>  <noun>הגורל</noun>  היומיומי.  <noun>הבריחה</noun>  <adverb>לעולם</adverb>  <adverb>המאגי</adverb>  <noun>והאשלייתי</noun>  <shel-preposition>של</shel-preposition>  <noun>גיבורי</noun>  <noun>הסיפורים</noun>  <pronoun>היא</pronoun>  <noun>מפלט</noun>  <preposition>מן</preposition>  <noun>הניכור</noun>  והזרות  <shel-preposition>של</shel-preposition>  <noun>העולם</noun>  הפוסט-מודרני.  
  מיצירותיה  לילדים:  <noun>מסע</noun>  <noun>הדוד</noun>  מקס,  מחזמר,  <noun>עיבוד</noun>  <noun>חופשי</noun>  לספרו  <shel-preposition>של</shel-preposition>  <properName>חנוך</properName>  לוין,  <verb>הוצג</verb>  <adverb>לראשונה</adverb>  <date>ב-1987;בארץ</date>  <participle>זוללי</participle>  הבגדים,  <noun>סיפורים</noun>  <date>(1997).</date>  <pronoun>היא</pronoun>  <verb>תירגמה</verb>  ועיבדה  <verb>מספרות</verb>  <noun>הילדים</noun>  העולמית,  <conjunction>למשל</conjunction>  כיפה  <adjective>אדומה</adjective>  וסיפורים  <adjective>אחרים</adjective>  <date>(1996);</date>  <noun>החתול</noun>  במגפיים  וסיפורים  <adjective>אחרים</adjective>  <date>(1996);</date>  <properName>מיטב</properName>  <noun>אגדות</noun>  <noun>העולם</noun>  <date>(1996);</date>  מנורת  <noun>הקסמים</noun>  <shel-preposition>של</shel-preposition>  <properName>אלדין</properName>  וסיפורים  <adjective>אחרים</adjective>  <date>(1996).
</date>  <properName>הראבן</properName>  <pronoun>היא</pronoun>  <conjunction>גם</conjunction>  <noun>עיתונאית</noun>  ומבקרת  ספרות.  <verb>כתבה</verb>  <noun>טורים</noun>  בעיתונים  חדשות,  מעריב,  <noun>ליידי</noun>  <properName>גלובס</properName>  וג'רוזלם  ריפורט.  <verb>פירסמה</verb>  <noun>ביקורות</noun>  <noun>ספרים</noun>  בכל  העיר,  במוסף  "ספרים"  <shel-preposition>של</shel-preposition>  <properName>הארץ</properName>  וב-ynet.    <verb>פירסמה</verb>  <noun>מסות</noun>  בכתבי  <noun>עת</noun>  בישראל  ובארצות  הברית,  בהם:  פנים,  <noun>מסע</noun>  אחר,  <noun>תיקון</noun>  ולילית.  
  <noun>ספרה</noun>  <adjective>התיעודי</adjective>  תקוה,  <conjunction>אם</conjunction>  נתעקש,  <noun>עם</noun>  <noun>עולים</noun>  ועם  עצמנו  <date>(1996)</date>  <verb>דן</verb>  בהוויית  <noun>ההגירה</noun>  והעלייה  מברית  המועצות.  <noun>הספר</noun>  <verb>נכתב</verb>  <preposition>בעקבות</preposition>  <noun>סדרת</noun>  <noun>כתבות</noun>  שפירסמה  בכתב  <noun>העת</noun>  היהודי-אמריקני  תיקון.  לימדה,  <conjunction>בין</conjunction>  השאר,  במכללת  "עלמא",  בבית  <noun>הספר</noun>  לקולנוע  "מעלה",  במשכנות  <adjective>שאננים</adjective>  וב"בית  שמואל".  <date>ב-2006</date>  <copula>היתה</copula>  <verb>מרצה</verb>  <noun>אורחת</noun>  באוניברסיטת  אילינוי,  <properName>ארצות</properName>  הברית.  <participle>זוכת</participle>  <noun>פרס</noun>  <properName>ספיר</properName>  לספרות  <date>ל-2002</date>  <preposition>על</preposition>  <noun>ספרה</noun>  שאהבה  נפשי.  <noun>הספר</noun>  <verb>תורגם</verb>  לאנגלית  <date>ב-2007</date>  וזכה  בפרס  <noun>הספר</noun>  <adjective>המתורגם</adjective>  <date>ל-2010</date>  <preposition>מטעם</preposition>  <noun>ארגון</noun>  "שלושה  אחוזים"  האמריקני,  ששייך  <verb>לחוג</verb>  ללימודי  <noun>תרגום</noun>  באוניברסיטת  רוצ'סטר.  <noun>סיפורים</noun>  <noun>פרי</noun>  עטה,  <noun>מקור</noun>  ותרגום,  <verb>נדפסו</verb>  <noun>באנתולוגיות</noun>  <adjective>ספרותיות</adjective>  בארץ  ומחוצה  לה.  
  References:  
  אדיבי-שושן,  אסתר.  "היה  <adjective>רע</adjective>  לתפארת".  <noun>עתון</noun>  77  264.  <properName>פברואר</properName>  <date>2002.</date>  32;  בלבן,  אברהם.  "רומנטיקה  אחרת:  <preposition>על</preposition>  זכייתה  <shel-preposition>של</shel-preposition>  <noun>גיל</noun>  <properName>הראבן</properName>  בפרס  <properName>ספיר</properName>  לספרות".  <noun>ידיעות</noun>  <adjective>אחרונות</adjective>  ספרות.  <date>14.6.2004.</date>  27;קרן,  רבקה.  "אחים  בלב".  <properName>הארץ</properName>  ספרים.  <date>2.6.2010;</date>  שץ,  אבנר.  "טרוריסט  יהודי?".  <noun>ידיעות</noun>  <adjective>אחרונות</adjective>  ספרות.  <date>25.6.2005.</date>  29-30.
 
		</body>
	</text>
</TEI>