<?xml version="1.0" encoding="UTF-8"?>
<?xml-model href="http://www.tei-c.org/release/xml/tei/custom/schema/relaxng/tei_all.rng" type="application/xml" schematypens="http://relaxng.org/ns/structure/1.0"?>
<?xml-model href="http://www.tei-c.org/release/xml/tei/custom/schema/relaxng/tei_all.rng" type="application/xml"
	schematypens="http://purl.oclc.org/dsdl/schematron"?>
<TEI xmlns="http://www.tei-c.org/ns/1.0">
   <teiHeader>
      <fileDesc>
         <publicationStmt>
            <p>Publication Information</p>
         </publicationStmt>
         <sourceDesc>
            <p>Information about the source</p>
         </sourceDesc>
      </fileDesc>
   </teiHeader>
   <text>
      <body>
 Name:  <properName>הראבן</properName>  (ריפתין),  שולמית
  <foreign>Birth</foreign>  Year:  <date>1930
</date>  <foreign>Death</foreign>  Year:  <date>2003
</date>  <foreign>Birth</foreign>  Place:  <properName>וורשה</properName>  למשפחה  ציונית
  Occupation:  סופרת,  <noun>משוררת</noun>  ומסאית
  <foreign>Entry</foreign>  writer:  <properName>יעל</properName>  בלבן
  <foreign>Entry</foreign>  Value:  
  <verb>נולדה</verb>  בוורשה  למשפחה  <adjective>ציונית</adjective>  <adjective>סוציאליסטית</adjective>  ולמדה  <properName>עברית</properName>  בילדותה.  שיריה  <numeral>הראשונים</numeral>  <verb>פורסמו</verb>  בפולנית  כשהיתה  <noun>בת</noun>  שש.  כילדה  <verb>חוותה</verb>  <at-preposition>את</at-preposition>  <participle>מוראות</participle>  המלחמה,  <conjunction>אך</conjunction>  <noun>המשפחה</noun>  <verb>הצליחה</verb>  <verb>להימלט</verb>  ולעלות  לישראל  <date>ב-1940.</date>  <adverb>מאז</adverb>  <adjective>חיה</adjective>  בירושלים,  והעיר  <verb>תפשה</verb>  <noun>מקום</noun>  <adjective>משמעותי</adjective>  ביצירתה.  במלחמת  <noun>השחרור</noun>  <verb>שירתה</verb>  ב"הגנה"  כחובשת  קרבית.  <conjunction>לאחר</conjunction>  <verb>מכן</verb>  <copula>היתה</copula>  <preposition>בין</preposition>  <noun>מייסדי</noun>  "גלי  צה"ל"  ושירתה  כ"קצינת  מעברות"  בפיקוד  דרום,  כאחראית  לשלומם  <shel-preposition>של</shel-preposition>  <numeral>אלפי</numeral>  עולים.  <noun>התנסות</noun>  <pronoun>זו</pronoun>  <verb>קיבלה</verb>  <noun>ביטוי</noun>  בשיר  "נח  במחוזות  הים"  (מקומות  נפרדים,  <date>1969).
</date>  סיפוריה  הראשונים,  בסגנון  <noun>הריאליזם</noun>  החברתי,  <verb>פורסמו</verb>  בבמחנה.  בשנות  <numeral>החמישים</numeral>  <verb>פירסמה</verb>  <noun>שירים</noun>  וסיפורים  במוספי  הספרות.  <noun>ספר</noun>  שיריה  <numeral>הראשון</numeral>  <copula>היה</copula>  <noun>שירים</noun>  מפינת  <noun>הרחוב</noun>  (חתום  בשם  <properName>שולמית</properName>  ריפתין,  <date>1949)</date>  שיצא  <preposition>לאור</preposition>  בהוצאת  ספרות.  <adverb>לימים</adverb>  <verb>מחקה</verb>  <noun>ספר</noun>  <pronoun>זה</pronoun>  מרשימת  יצירותיה.  <noun>ספר</noun>  <noun>שירים</noun>  שני,  <properName>ירושלים</properName>  דורסנית,  <verb>יצא</verb>  <date>ב-1962.</date>  <date>ב-1966</date>  <verb>נדפס</verb>  <noun>קובץ</noun>  סיפוריה  הראשון,  בחודש  האחרון.  <noun>הקובץ</noun>  <copula>אינו</copula>  <adjective>אחיד</adjective>  באיכותו  ובסגנונו  וניכרים  בו  <noun>ניסיונות</noun>  בכתיבה  סוריאליסטית,  <adjective>אקזיסטנציאליסטית</adjective>  וריאליסטית.  <verb>נכללים</verb>  בו  <conjunction>גם</conjunction>  <noun>סיפורים</noun>  <adjective>מעולים</adjective>  כ"חורף  <shel-preposition>של</shel-preposition>  <noun>מלך</noun>  הקלפים"  ו"הדודות  הגדולות".  <noun>מקומות</noun>  <adjective>נפרדים</adjective>  <date>(1969)</date>  <pronoun>הוא</pronoun>  <noun>ספר</noun>  שיריה  <adjective>האחרון</adjective>  והטוב  שבהם.  <noun>קובץ</noun>  <noun>הסיפורים</noun>  השני,  <noun>רשות</noun>  <adjective>נתונה</adjective>  <date>(1970),</date>  <adjective>מצטיין</adjective>  בעיסוק  <adjective>מורכב</adjective>  בשאלות  <shel-preposition>של</shel-preposition>  <noun>זהות</noun>  מגדרית,  <adjective>אתנית</adjective>  ולאומית.  "ימי  <noun>צינה</noun>  בראי  המוצק",  סיפורה  <shel-preposition>של</shel-preposition>  <noun>קורבן</noun>  לפגיעה  <adjective>מינית</adjective>  שהיא  <noun>בת</noun>  לניצולי  שואה,  <verb>נכתב</verb>  <noun>שנים</noun>  <preposition>לפני</preposition>  שהדיון  בבני  "הדור  השני"  <conjunction>או</conjunction>  בפגיעה  <adjective>מינית</adjective>  <verb>חדר</verb>  לשיח  הישראלי.  <noun>סיפורים</noun>  ושירים  <adjective>נוספים</adjective>  <verb>פורסמו</verb>  בעיתונות  ובכתבי  עת.  
  <noun>הרומן</noun>  <noun>עיר</noun>  <noun>ימים</noun>  <adjective>רבים</adjective>  <date>(1972)</date>  <verb>מספר</verb>  <preposition>על</preposition>  <numeral>שלוש</numeral>  <noun>משפחות</noun>  בירושלים  <adjective>המנדטורית</adjective>  <punctuation>–</punctuation>  ספרדית,  <adjective>אשכנזית</adjective>  וערבית.  לשונה  <adjective>הצלולה</adjective>  והעשירה  <shel-preposition>של</shel-preposition>  <properName>הראבן</properName>  <verb>זכתה</verb>  לשבחים,  וכן  <noun>תיאורי</noun>  <properName>ירושלים</properName>  שלה,  <conjunction>אך</conjunction>  הביקורת,  שתפשה  <at-preposition>את</at-preposition>  <noun>הרומן</noun>  כ"לירי"  ו"אימפרסיוניסטי",  <verb>החמיצה</verb>  <at-preposition>את</at-preposition>  <noun>הרעיונות</noun>  <adjective>הפוליטיים</adjective>  <participle>הטמונים</participle>  בו:  <noun>ערעור</noun>  <preposition>על</preposition>  <noun>ההיררכיה</noun>  <adjective>המקובלת</adjective>  <preposition>בין</preposition>  <noun>אשכנזים</noun>  וספרדים,  <noun>תפישת</noun>  <noun>הערבים</noun>  <adverb>כסובייקטים</adverb>  <adjective>עצמאיים</adjective>  ומתן  <noun>קול</noun>  <noun>דובר</noun>  ללאומן  פלסטיני.  <noun>הספר</noun>  <verb>יצא</verb>  בכמה  <noun>מהדורות</noun>  ותורגם  לכמה  <noun>שפות</noun>  אירופיות.  
  <date>ב-1979</date>  <verb>נבחרה</verb>  <properName>הראבן</properName>  לאקדמיה  ללשון  <adjective>העברית</adjective>  <punctuation>–</punctuation>  <noun>האישה</noun>  <numeral>הראשונה</numeral>  ובמשך  <noun>שנים</noun>  <conjunction>גם</conjunction>  היחידה.  
  <noun>קובץ</noun>  <noun>הסיפורים</noun>  <noun>בדידות</noun>  <date>(1980)</date>  <pronoun>הוא</pronoun>  <noun>קובץ</noun>  תמטי.  "העד"  ו"בדמדומים"  <verb>עוסקים</verb>  בבדידותם  <shel-preposition>של</shel-preposition>  <noun>ניצולי</noun>  <noun>השואה</noun>  ו"אהבה  בטלפון"  <verb>מפגיש</verb>  <noun>ניצול</noun>  <noun>שואה</noun>  ושתי  <noun>נשים</noun>  <adjective>מבוגרות</adjective>  בקשר  הרה-אסון.  <noun>הספר</noun>  <verb>זכה</verb>  להצלחה  ותורגם  לאנגלית  ולצרפתית.  
  <verb>עבדה</verb>  <noun>שנים</noun>  <adjective>רבות</adjective>  כעיתונאית  והיתה  <conjunction>גם</conjunction>  <noun>כתבת</noun>  <adjective>צבאית</adjective>  במלחמת  <noun>ההתשה</noun>  ובמלחמת  <noun>יום</noun>  הכיפורים.  <adverb>מאז</adverb>  <date>1967</date>  <verb>הרבתה</verb>  <verb>להיפגש</verb>  <preposition>עם</preposition>  <adjective>פלסטינים</adjective>  בגדה  <adjective>המערבית</adjective>  וברצועת  <properName>עזה</properName>  ולדווח  <preposition>על</preposition>  מצבם,  ולאחר  <date>1977</date>  <verb>ראיינה</verb>  <noun>שורה</noun>  <shel-preposition>של</shel-preposition>  <noun>אנשי</noun>  <noun>רוח</noun>  מצריים.  <verb>פירסמה</verb>  <noun>מסות</noun>  ומאמרים  רבים,  שחלקם  <verb>כונסו</verb>  בארבעה  קבצים:  <noun>תסמונת</noun>  <properName>דולסיניאה</properName>  <date>(1981);</date>  <noun>משיח</noun>  <conjunction>או</conjunction>  <properName>כנסת</properName>  <date>(1987);</date>  <adjective>עיוורים</adjective>  בעזה  <date>(1991);</date>  <noun>אוצר</noun>  <participle>המלים</participle>  <shel-preposition>של</shel-preposition>  <noun>השלום</noun>  <date>(1996).</date>  
  כתיבתה  <adjective>הפובליציסטית</adjective>  חריפה,  <adjective>מצטיינת</adjective>  ביושרה  <adjective>חסרת</adjective>  <noun>פשרות</noun>  ועוסקת  במגוון  <adjective>רחב</adjective>  <shel-preposition>של</shel-preposition>  נושאים,  <adverb>לרבות</adverb>  <noun>ספרות</noun>  ולשון.  <noun>המסה</noun>  "אני  לבנטינית",  <participle>המגדירה</participle>  <adverb>מחדש</adverb>  <at-preposition>את</at-preposition>  <adjective>הלבנטיניות</adjective>  כהשקפת  <noun>עולם</noun>  חיובית,  <verb>מאירה</verb>  <at-preposition>את</at-preposition>  <noun>הרקע</noun>  לציונות  <shel-preposition>של</shel-preposition>  הראבן.  <date>ב-1989</date>  <verb>זכתה</verb>  בפרס  למסאות  <preposition>על</preposition>  <noun>שם</noun>  אברך.  פעילותה  <adjective>הפוליטית</adjective>  <verb>חרגה</verb>  מתחום  הכתיבה:  <pronoun>היא</pronoun>  <verb>נמנתה</verb>  <preposition>עם</preposition>  <noun>מייסדי</noun>  <noun>תנועת</noun>  "שלום  עכשיו",  ולאחר  <noun>הטבח</noun>  בסברה  ושתילה  <copula>היתה</copula>  <numeral>הראשונה</numeral>  שמחתה  (עם  <properName>מיכאל</properName>  ברונו)  <preposition>מול</preposition>  ביתו  <shel-preposition>של</shel-preposition>  <noun>ראש</noun>  הממשלה.  
  <noun>יצירת</noun>  <noun>המופת</noun>  <shel-preposition>של</shel-preposition>  <properName>הראבן</properName>  <pronoun>היא</pronoun>  <numeral>שלוש</numeral>  <noun>נובלות</noun>  <preposition>על</preposition>  <noun>נושאים</noun>  מקראיים,  שפורסמו  <preposition>במשך</preposition>  כעשור  וכונסו  <conjunction>לאחר</conjunction>  <verb>מכן</verb>  בספר  <numeral>אחד</numeral>  ששמו  צמאון,  <noun>שלישיית</noun>  <noun>המדבר</noun>  <date>(1996).</date>  <noun>שונא</noun>  <noun>הנסים</noun>  <date>(1983)</date>  <pronoun>הוא</pronoun>  <noun>מדרש</noun>  חילוני,  <adjective>חתרני</adjective>  ומפוכח  <shel-preposition>של</shel-preposition>  <noun>סיפור</noun>  <noun>יציאת</noun>  מצרים,  שגיבורו  <noun>משקיף</noun>  משולי  <noun>המחנה</noun>  <preposition>על</preposition>  <noun>חברת</noun>  <noun>העברים</noun>  ועל  הנהגתה.  <noun>גיבור</noun>  <noun>נביא</noun>  <date>(1988)</date>  <pronoun>הוא</pronoun>  גבעוני,  <noun>המספר</noun>  <preposition>על</preposition>  <noun>כיבוש</noun>  כנען  מנקודת  <noun>המבט</noun>  <shel-preposition>של</shel-preposition>  הנכבשים.  <preposition>אחרי</preposition>  <noun>הילדות</noun>  <date>(1994)</date>  <verb>מתרחש</verb>  בתקופת  השופטים,  <conjunction>אך</conjunction>  <conjunction>כמו</conjunction>  בשני  קודמיו,  <verb>נמתחת</verb>  בו  <noun>ביקורת</noun>  <preposition>על</preposition>  <noun>ההנהגה</noun>  הגברית,  <adjective>הצבאית</adjective>  והדתית  שיש  בה  <noun>תוקף</noun>  אקטואלי.  <noun>הנובלות</noun>  <adjective>כתובות</adjective>  בלשון  ייחודית,  <participle>המזכירה</participle>  <at-preposition>את</at-preposition>  <noun>לשון</noun>  <noun>המקרא</noun>  <conjunction>אך</conjunction>  <verb>שומרת</verb>  <preposition>על</preposition>  עצמאותה  ועל  גמישותה.  <conjunction>הן</conjunction>  <verb>תורגמו</verb>  (לחוד  וכטרילוגיה)  לכמה  <noun>שפות</noun>  <adjective>אירופיות</adjective>  ולערבית  וקצרו  <noun>הצלחה</noun>  <preposition>בקרב</preposition>  <noun>מבקרים</noun>  וקוראים.  
  <adverb>במקביל</adverb>  לכתיבה  <verb>עסקה</verb>  <properName>הראבן</properName>  <quantifier>כל</quantifier>  חייה  <conjunction>גם</conjunction>  בתרגום  מפולנית  ומאנגלית.  <preposition>בין</preposition>  <noun>השאר</noun>  <verb>תירגמה</verb>  <at-preposition>את</at-preposition>  <noun>מוזיקה</noun>  ורעיונות  <preposition>מאת</preposition>  <properName>סידני</properName>  <properName>פינקלשטיין</properName>  <date>(1954);</date>  <properName>קונרד</properName>  ולנרוד  <preposition>מאת</preposition>  <properName>אדם</properName>  <properName>מיצקביץ'</properName>  <date>(1958);</date>  בישימון  וביער  <noun>עד</noun>  <preposition>מאת</preposition>  <noun>הנריק</noun>  <properName>סינקביץ'</properName>  <date>(1988).</date>  תרגומה  לתחת  <noun>חורש</noun>  חלב:  <noun>משחק</noun>  לקולות  (דילן  תומס,  <date>1986)</date>  <pronoun>הוא</pronoun>  <noun>מופת</noun>  <shel-preposition>של</shel-preposition>  <noun>תרגום</noun>  <noun>יצירה</noun>  מודרניסטית.  
  <noun>כתבה</noun>  <conjunction>גם</conjunction>  <numeral>שלושה</numeral>  <noun>ספרי</noun>  ילדים:  <pronoun>אני</pronoun>  <verb>אוהב</verb>  <verb>להריח</verb>  <date>(1976);הבלון</date>  שהלך  למקום  <adjective>אחר</adjective>  <date>(1994);מה</date>  <pronoun>אני</pronoun>  <adjective>אשם</adjective>  שאני  גדול?  <date>(1999)</date>  <punctuation>–</punctuation>  <noun>שני</noun>  <adjective>האחרונים</adjective>  <verb>מוקדשים</verb>  לחמשת  נכדיה.  <noun>ספר</noun>  <noun>המתח</noun>  <noun>החוליה</noun>  <date>(1986),</date>  שפורסם  בשם  <noun>העט</noun>  <properName>טל</properName>  יערי,  <verb>מבוסס</verb>  <preposition>על</preposition>  ניסיונו  <shel-preposition>של</shel-preposition>  אישהּ,  <noun>אלוף</noun>  הראבן.  לשניים  בן,  איתי,  ובת,  <noun>הסופרת</noun>  <properName>גיל</properName>  הראבן.  
  <date>ב-2002</date>  <verb>יצא</verb>  <preposition>לאור</preposition>  ספרה  האחרון,  <noun>ימים</noun>  רבים,  אוטוביוגרפיה,  <participle>המהווה</participle>  <noun>רטרוספקטיבה</noun>  <shel-preposition>של</shel-preposition>  חייה  <preposition>דרך</preposition>  יצירותיה:  שירים,  <noun>סיפורים</noun>  קצרים,  <noun>מסות</noun>  ורשימות  <adjective>עיתונאיות</adjective>  <participle>המסודרים</participle>  בסדר  כרונולוגי.  <adverb>יותר</adverb>  מסיפור  <noun>חיים</noun>  <verb>מציג</verb>  <noun>הקובץ</noun>  <noun>השקפת</noun>  <noun>עולם</noun>  ציונית,  <adjective>חברתית</adjective>  ואסתטית.  באותה  <noun>שנה</noun>  <verb>זכתה</verb>  בפרס  <properName>אקו"ם</properName>  <preposition>על</preposition>  <noun>מפעל</noun>  חיים.
  <at-preposition>את</at-preposition>  מקומה  <shel-preposition>של</shel-preposition>  <properName>הראבן</properName>  ברפובליקה  <adjective>הספרותית</adjective>  <adjective>הישראלית</adjective>  <modal>ניתן</modal>  לתאר,  בפרפרזה  <preposition>על</preposition>  <noun>ספר</noun>  שיריה,  כ"מקום  נפרד":  כתיבתה  <verb>זכתה</verb>  להערכה,  <conjunction>אך</conjunction>  <pronoun>היא</pronoun>  <verb>נותרה</verb>  בשולי  הקאנון.  ייתכן,  <conjunction>כפי</conjunction>  שמציעה  <properName>פלדמן</properName>  <date>(2002),</date>  שרעיונותיה  <verb>הקדימו</verb>  <at-preposition>את</at-preposition>  <noun>השיח</noun>  <adjective>הספרותי</adjective>  בישראל  וייתכן  שכתיבתה  המסאית,  שעוררה  <noun>הדים</noun>  רבים,  <verb>האפילה</verb>  <preposition>על</preposition>  כתיבתה  <adjective>הספרותית</adjective>  המשובחת.  
  ארכיונה  <adjective>האישי</adjective>  <shel-preposition>של</shel-preposition>  <properName>שולמית</properName>  <properName>הראבן</properName>  <verb>נתרם</verb>  <preposition>על</preposition>  <noun>ידי</noun>  משפחתה  למכון  "הקשרים"  לחקר  <noun>הספרות</noun>  והתרבות  <adjective>היהודית</adjective>  והישראלית  באוניברסיטת  בן-גוריון  בנגב.  
  References:  
  אברון,  זיוה.  "הלשון  במארג  <noun>המבדה</noun>  <punctuation>–</punctuation>  <noun>סגנון</noun>  ומשמעות  ב'צמאון  <noun>שלישיית</noun>  המדבר'לשולמית  הראבן".  <adjective>העברית</adjective>  שפה  <adjective>חיה</adjective>  ג'.  <properName>תל</properName>  אביב:  <noun>הקיבוץ</noun>  המאוחד.  <date>2003.</date>  29-9;  ברלוביץ,  יפה.  "לקרוא  <at-preposition>את</at-preposition>  <properName>ירושלים</properName>  כטקסט  נשי:  <noun>עיון</noun>  בנובלות  <adjective>הירושלמיות</adjective>  <shel-preposition>של</shel-preposition>  <noun>ש'</noun>  הראבן,  מ'שורץ  וא'  דים".  <noun>אשה</noun>  בירושלים:  מגדר,  <noun>חברה</noun>  ודת.  רמתגן:אוניברסיטת  בר-אילן.  <date>2002.</date>  158-191;  הולצמן,  אבנר.  "מקומות  נפרדים:  <preposition>בין</preposition>  <noun>סיפור</noun>  למסה  ביצירת  <properName>שולמית</properName>  הראבן".  <noun>אהבות</noun>  ציון:  <noun>פנים</noun>  בספרות  <adjective>העברית</adjective>  החדשה.  ירושלים:  כרמל.  <date>2006.</date>  580-575;  כהן,  טובה.  "העיר  <verb>רובצת</verb>  <preposition>על</preposition>  <noun>חיי</noun>  <punctuation>–</punctuation>  <properName>ירושלים</properName>  ומגדר  בשירה  העברית".  <noun>אשה</noun>  בירושלים:  מגדר  <noun>חברה</noun>  ודת.  <noun>רמת</noun>  גן:  <noun>אוניברסיטת</noun>  בר-אילן.  <date>2002.</date>  229-192;  פלדמן,  יעל.ללא  <verb>חדר</verb>  משלהן:  מגדר  ולאומיות  ביצירתן  <shel-preposition>של</shel-preposition>  <noun>סופרות</noun>  ישראליות.  תלאביב:  <noun>הקיבוץ</noun>  המאוחד.  <date>2002;</date>  שקד,  גרשון.  "תוכה  <adjective>רצוף</adjective>  <noun>אהבת</noun>  ירושלים".  <noun>גל</noun>  <adjective>אחר</adjective>  <noun>גל</noun>  בסיפורת  העברית.  ירושלים:  כתר.  <date>1985.</date>  23-15;
  Brenner,  <foreign>Rachel</foreign>  Feldhay.  “The  <foreign>Reception</foreign>  <foreign>of</foreign>  <foreign>Holocaust</foreign>  <foreign>Testimony</foreign>  <foreign>in</foreign>  <foreign>Israeli</foreign>  Literature:  <foreign>Shulamit</foreign>  Hareven's  'The  Witness'  <foreign>and</foreign>  'Twilight'”.  <foreign>Hebrew</foreign>  <foreign>Literature</foreign>  <foreign>in</foreign>  <foreign>the</foreign>  <foreign>Wake</foreign>  <foreign>of</foreign>  <foreign>the</foreign>  Holocaust.  London:  <foreign>Associated</foreign>  <foreign>University</foreign>  Press.  <date>1993.</date>  108-124;  Farhi,  Moris.  “Shulamith  Hareven:  <foreign>Voice</foreign>  <foreign>of</foreign>  <foreign>the</foreign>  Levant”.  <foreign>The</foreign>  <foreign>Jewish</foreign>  Quarterly.  <foreign>Winter</foreign>  <date>1991-1992.</date>  26-30;  Nash,  Stanley.  “Character  <foreign>Portrayal</foreign>  <foreign>and</foreign>  <foreign>Cultural</foreign>  <foreign>Critique</foreign>  <foreign>in</foreign>  <foreign>Shulamit</foreign>  Hareven’s  Work”.  <foreign>Modern</foreign>  <foreign>Judaism</foreign>  16:3.  <foreign>October</foreign>  <date>1996.</date>  215-228.  
 
		</body>
	</text>
</TEI>