<?xml version="1.0" encoding="UTF-8"?>
<?xml-model href="http://www.tei-c.org/release/xml/tei/custom/schema/relaxng/tei_all.rng" type="application/xml" schematypens="http://relaxng.org/ns/structure/1.0"?>
<?xml-model href="http://www.tei-c.org/release/xml/tei/custom/schema/relaxng/tei_all.rng" type="application/xml"
	schematypens="http://purl.oclc.org/dsdl/schematron"?>
<TEI xmlns="http://www.tei-c.org/ns/1.0">
   <teiHeader>
      <fileDesc>
         <publicationStmt>
            <p>Publication Information</p>
         </publicationStmt>
         <sourceDesc>
            <p>Information about the source</p>
         </sourceDesc>
      </fileDesc>
   </teiHeader>
   <text>
      <body>
 Name:  הרץ,  דליה
  <foreign>Birth</foreign>  Year:  <date>1942
</date>  <foreign>Birth</foreign>  Place:  
  Occupation:  <noun>משוררת</noun>  ומחזאית
  <foreign>Entry</foreign>  writer:  מי-טל  נדלר
  <foreign>Entry</foreign>  Value:  
  <verb>גדלה</verb>  והתחנכה  בתלאביב.  בגיל  שבע-עשרה  <verb>סיימה</verb>  <at-preposition>את</at-preposition>  לימודיה  בתיכון  "עירוני  א'"  והחלה  בלימודי  <noun>פילוסופיה</noun>  באוניברסיטת  <properName>תל</properName>  אביב.  בתקופה  <pronoun>זו</pronoun>  <verb>החלה</verb>  <verb>לפרסם</verb>  משיריה  בעיתונות  ובכתבי  עת.  <noun>שירה</noun>  <numeral>הראשון</numeral>  <verb>פורסם</verb>  <date>ב-1958</date>  במוסף  <noun>הספרות</noun>  <shel-preposition>של</shel-preposition>  <noun>ידיעות</noun>  אחרונות.  <properName>לאחרמכן</properName>  <verb>החלה</verb>  <verb>לפרסם</verb>  משיריה  בכתב  <noun>העת</noun>  <adverb>עכשיו</adverb>  בעריכתו  <shel-preposition>של</shel-preposition>  <properName>גבריאל</properName>  מוקד,  וראשוני  שיריה,"פלונתר",  "דברים"  ו"חוַרתי",  <verb>נדפסו</verb>  בבמה  <pronoun>זו</pronoun>  <date>ב-1960.</date>  <adjective>ניכרים</adjective>  בהם  <noun>אלמנטים</noun>  שיאפיינו  <at-preposition>את</at-preposition>  כתיבתה  <conjunction>גם</conjunction>  בהמשך:  <noun>לשון</noun>  יומיומית,  <noun>משחקי</noun>  מילים,  <noun>רטוריקה</noun>  <preposition>עם</preposition>  <noun>תכונות</noun>  <shel-preposition>של</shel-preposition>  <noun>וידוי</noun>  אישי,  וכן  נוכחותן  <shel-preposition>של</shel-preposition>  <noun>השפעות</noun>  <adjective>מודרניסטיות</adjective>  מיצירותיהם  <shel-preposition>של</shel-preposition>  <properName>נתן</properName>  <adjective>זך</adjective>  ודוד  אבידן.  
  <adverb>בסוף</adverb>  <date>1961,</date>  בהיותה  <noun>בת</noun>  תשע-עשרה,  <verb>הופיע</verb>  <noun>ספר</noun>  שיריה  הראשון,מרגוט(עכשיו).  <noun>הספר</noun>  הצנום,  שכלל  ארבעה-עשר  <noun>שירים</noun>  בלבד,  <verb>הסתמן</verb>  כאחד  מספרי  <noun>השירה</noun>  שלימים  <verb>השפיעו</verb>  <preposition>על</preposition>  <noun>משוררות</noun>  <adjective>מרכזיות</adjective>  <preposition>כמו</preposition>  <noun>רחל</noun>  <noun>חלפי</noun>  ובעיקר  <properName>יונה</properName>  וולך,  שסגנונה  וקולה  <adjective>הפואטי</adjective>  <verb>התגבשו</verb>  כהמשך  <adjective>ישיר</adjective>  לשירתה  <shel-preposition>של</shel-preposition>  הרץ.  
  בשפה  <adjective>יומיומית</adjective>  נמוכה,  <adjective>עשירה</adjective>  בחריזות  <adjective>פנימיות</adjective>  ובמבנים  <verb>פרוזודיים</verb>  חוזרים,  <verb>הציבו</verb>  <noun>שירי</noun>  <noun>הספר</noun>  <properName>מרגוט</properName>  במרכזם  <noun>דמות</noun>  <adjective>נשית</adjective>  <adjective>דמיונית</adjective>  ופרודית,  שקראה  <noun>תיגר</noun>  <preposition>על</preposition>  <noun>שירת</noun>  <noun>דור</noun>  <noun>המדינה</noun>  ופתחה  <noun>אופציה</noun>  <adjective>פואטית</adjective>  חדשה,  <participle>הכוללת</participle>  <noun>חוויות</noun>  <noun>יסוד</noun>  כמו:  <noun>תחושות</noun>  <adjective>אקזיסטנציאליסטיות</adjective>  <shel-preposition>של</shel-preposition>  בדידות,  <noun>מצור</noun>  ושבי;  <noun>צורך</noun>  <verb>להתגונן</verb>  ולהתקיף  <preposition>כנגד</preposition>  אלימותו  <shel-preposition>של</shel-preposition>  העולם;  וחוויות  <shel-preposition>של</shel-preposition>  <noun>גוף</noun>  <adjective>נשי</adjective>  מסוכסך,  <participle>המבטא</participle>  <at-preposition>את</at-preposition>  מיקומו  <adjective>האמביוולנטי</adjective>  <shel-preposition>של</shel-preposition>  <noun>הסובייקט</noun>  <adjective>הנשי</adjective>  באתוס  <adjective>הציוני</adjective>  ואף  <verb>חותר</verb>  תחתיו.  <noun>הספר</noun>  <verb>התקבל</verb>  בהתלהבות  <preposition>על</preposition>  <noun>ידי</noun>  הביקורות,  שהצביעו  <preposition>על</preposition>  <noun>ספר</noun>  <noun>ביכורים</noun>  בשל,  <adjective>פרובוקטיבי</adjective>  וחדשני  <participle>הממקם</participle>  <at-preposition>את</at-preposition>  <noun>הרץ</noun>  כמשוררת  <adjective>צעירה</adjective>  ומבטיחה.          
  באותם  <noun>הימים</noun>  <verb>המשיכה</verb>  בלימודי  <noun>פילוסופיה</noun>  באוניברסיטת  <properName>תל</properName>  <properName>אביב</properName>  והחלה  בכתיבת  מחזות,  ובמרס  <date>1963</date>  <verb>עלה</verb>  <preposition>על</preposition>  <noun>הבימה</noun>  <adjective>הניסיונית</adjective>  <shel-preposition>של</shel-preposition>  <properName>תיאטרון</properName>  "הבימה"  <noun>מחזה</noun>  <properName>ראשון</properName>  <properName>פרי</properName>  עטה,  <noun>קוורטט</noun>  בבימויו  <shel-preposition>של</shel-preposition>  <properName>אמנון</properName>  מסקין.  <noun>המחזה</noun>  <verb>זכה</verb>  לביקורות  אוהדות,  <conjunction>אך</conjunction>  <verb>הורד</verb>  <preposition>מן</preposition>  <noun>הבימה</noun>  <preposition>לאחר</preposition>  <quantifier>כמה</quantifier>  חודשים.  <noun>זמן</noun>  <adjective>קצר</adjective>  <properName>לאחרמכן</properName>  <verb>נסעה</verb>  לאנגליה  והמשיכה  בלימודים  באוניברסיטת  אוקספורד,  <conjunction>אולם</conjunction>  <preposition>לאחר</preposition>  כשנה  <date>(ב-1964)</date>  <verb>חזרה</verb>  לישראל  והחלה  בלימודי  <noun>תואר</noun>  <noun>שני</noun>  בפילוסופיה  באוניברסיטת  תלאביב,  <adverb>שם</adverb>  <verb>לימדה</verb>  וכתבה  <noun>עבודת</noun>  מאסטר,  שעסקה  בביקורת  <adjective>הסובייקטיביזם</adjective>  האתי.  
  באותן  <noun>השנים</noun>  <verb>המשיכה</verb>  <verb>לפרסם</verb>  <adverb>מדי</adverb>  <adverb>פעם</adverb>  <noun>שירים</noun>  בכתבי  <noun>עת</noun>  ובמוספי  הספרות,  וכן  <verb>כתבה</verb>  <noun>ביקורות</noun>  ספרות,  <verb>ערכה</verb>  <noun>תוכניות</noun>  ל"קול  ישראל"  ושימשה  <noun>תסריטאית</noun>  בטלוויזיה  הישראלית.  בספטמבר  <date>1969</date>  <verb>עלה</verb>  <preposition>על</preposition>  <noun>בימת</noun>  "הקאמרי"  <noun>מחזה</noun>  <noun>שני</noun>  שלה,  לואיז,  בבימויה  <shel-preposition>של</shel-preposition>  <properName>אהובה</properName>  ליאון,  והוא  <noun>סיפור</noun>  <adjective>קצר</adjective>  וסוריאליסטי  <preposition>על</preposition>  <noun>אישה</noun>  <participle>הנעזבת</participle>  <preposition>על</preposition>  <noun>ידי</noun>  <noun>בן</noun>  זוגה  <preposition>למען</preposition>  <noun>אישה</noun>  <adjective>אחרת</adjective>  וחיים  <adjective>אחרים</adjective>  בארץ  רחוקה.  <noun>המחזה</noun>  <verb>זכה</verb>  להצלחה  ואף  <verb>הולחן</verb>  כאופרה  <adjective>אקספרסיוניסטית</adjective>  <preposition>על</preposition>  <noun>ידי</noun>  <noun>המלחין</noun>  <properName>מנחם</properName>  אבידום.  
  בשנים  <date>1966-1987</date>  <verb>נעלמה</verb>  <properName>דליה</properName>  <noun>הרץ</noun>  <preposition>מן</preposition>  <noun>המפה</noun>  <adjective>הספרותית</adjective>  <adverb>כמעט</adverb>  לחלוטין.  <pronoun>היא</pronoun>  <verb>חדלה</verb>  <verb>לפרסם</verb>  <noun>שירים</noun>  ולא  <verb>פירסמה</verb>  <noun>ספרי</noun>  שירה.  <noun>חוקרים</noun>  ומבקרי  <noun>ספרות</noun>  <adjective>מסוימים</adjective>  <verb>קשרו</verb>  <noun>תופעה</noun>  <pronoun>זו</pronoun>  לעלייתה  <adjective>המטאורית</adjective>  והתבססותה  <adjective>הקנונית</adjective>  <shel-preposition>של</shel-preposition>  <properName>יונה</properName>  וולך,  וטענו  <conjunction>כי</conjunction>  <properName>וולך</properName>  <verb>כתבה</verb>  <adverb>יותר</adverb>  <noun>הרץ</noun>  מהרץ  ובכך  "בלעה  אותה".  
  <date>ב-1990,</date>  בגיל  <numeral>ארבעים</numeral>  ושמונה,  <preposition>לאחר</preposition>  <noun>שתיקה</noun>  <adjective>ספרותית</adjective>  <shel-preposition>של</shel-preposition>  <numeral>עשרים</numeral>  ותשע  שנים,  <verb>ראה</verb>  <noun>אור</noun>  <noun>ספר</noun>  שיריה  השני,עיר-ימים.  הספר,  ובו  <numeral>שלושים</numeral>  ושלושה  שירים,  <verb>רכש</verb>  <conjunction>גם</conjunction>  <pronoun>הוא</pronoun>  <noun>מקום</noun>  <shel-preposition>של</shel-preposition>  <noun>כבוד</noun>  <preposition>על</preposition>  <noun>מדף</noun>  <noun>השירה</noun>  העברית,  ונושאים  וחוויות  <noun>יסוד</noun>  שנכחו  <pronoun>זה</pronoun>  מכבר  במרגוט  <verb>התפתחו</verb>  בעיר-ימים  <verb>לכדי</verb>  <properName>פואטיקה</properName>  <adjective>עירונית</adjective>  <preposition>עם</preposition>  <noun>מוטיבים</noun>  <shel-preposition>של</shel-preposition>  <noun>געגועים</noun>  לנוף  <noun>הילדות</noun>  והנעורים,  וכן  <shel-preposition>של</shel-preposition>  <noun>נסיעה</noun>  ושיבה,  <noun>דוגמת</noun>  <noun>השירים</noun>  "רחוב",  "זמן  עירוני",  "נסיעה  לאורך  הטיילת",  <noun>המשקפים</noun>  <at-preposition>את</at-preposition>  <noun>החיים</noun>  במרחב  <adjective>האורבני</adjective>  באמצעות  <properName>מערך</properName>  <properName>פיגורטיבי</properName>  משוכלל.  <noun>דיוקן</noun>  <noun>הדוברת</noun>  <adjective>השירית</adjective>  בעיר-ימים  <negation>לא</negation>  <verb>השתנה</verb>  באופן  מהותי,  <conjunction>למרות</conjunction>  <noun>חלוף</noun>  השנים.  <conjunction>אולם</conjunction>  לספר  <verb>נוספו</verb>  <noun>שירי</noun>  <noun>פורטרטים</noun>  <participle>המבקשים</participle>  <verb>לכונן</verb>  <noun>יחס</noun>  <adjective>אתי</adjective>  <preposition>עם</preposition>  <noun>הזולת</noun>  <preposition>מתוך</preposition>  <noun>אימוץ</noun>  <shel-preposition>של</shel-preposition>  <noun>נקודת</noun>  <noun>תצפית</noun>  נבדלת.  <noun>הספר</noun>  <verb>זכה</verb>  לביקורות  <verb>נלהבות</verb>  וזיכה  <at-preposition>את</at-preposition>  <noun>הרץ</noun>  בפרס  <properName>ברנשטיין</properName>  לשירה  <shel-preposition>של</shel-preposition>  <noun>התאחדות</noun>  המו"לים  בישראל  <date>(1992).</date>  <date>מ-1990</date>  <verb>פירסמה</verb>  <noun>שירים</noun>  וסיפורים  <adjective>אחדים</adjective>  במוספי  הספרות,  <conjunction>אך</conjunction>  <negation>לא</negation>  <verb>שבה</verb>  <verb>לפרסם</verb>  ספרים.  
  <conjunction>אף</conjunction>  שזכתה  להערכה  <adjective>רבה</adjective>  <pronomial>הן</pronomial>  <preposition>מצד</preposition>  <noun>הממסד</noun>  <adjective>האקדמי</adjective>  והן  <preposition>מצד</preposition>  <noun>החוגים</noun>  <adjective>האינטלקטואליים</adjective>  בישראל,  <verb>שירתה</verb>  <verb>נותרה</verb>  <adjective>אנונימית</adjective>  וזרה  לציבור  הרחב,  ונדמה  <conjunction>כי</conjunction>  <noun>המהפכה</noun>  שיצרה  בשירת  <noun>הנשים</noun>  <adjective>הישראלית</adjective>  ובספרות  <adjective>הישראלית</adjective>  <adverb>בכלל</adverb>  <negation>לא</negation>  <verb>זכתה</verb>  למקום  הראוי.  <adverb>אמנם</adverb>  <pronoun>היא</pronoun>  <verb>פירסמה</verb>  <noun>שני</noun>  <noun>ספרי</noun>  <noun>שירה</noun>  <adjective>דקים</adjective>  בלבד,  <conjunction>אך</conjunction>  בשני  <noun>ספרים</noun>  <pronoun>אלה</pronoun>  <verb>הצליחה</verb>  <verb>להשפיע</verb>  באופן  <adjective>משמעותי</adjective>  <preposition>על</preposition>  <noun>מפת</noun>  <noun>השירה</noun>  <properName>העברית</properName>  המודרנית.  בשנים  <adjective>האחרונות</adjective>  <pronoun>היא</pronoun>  <verb>עוסקת</verb>  בהוראת  <noun>שירה</noun>  ובהנחיית  <noun>סדנאות</noun>  <noun>כתיבה</noun>  <verb>יוצרת</verb>  באוניברסיטאות  ובמכללות  בארץ  ובעולם.
  References:  
  דותן,  אייל.  "על  <noun>סערה</noun>  שלפני  השקט".  <noun>עתון</noun>  77  124-125.  <date>1990.</date>  13;  מזור,  יאיר.  "העזה,  הזועמת,  וזו  שהעזה,  שנתנה  <at-preposition>את</at-preposition>  האות:שירתן  <shel-preposition>של</shel-preposition>  <properName>דליה</properName>  <noun>הרץ</noun>  ויונה  <properName>וולך</properName>  בהקשר  <adjective>משווה</adjective>  <shel-preposition>של</shel-preposition>  <noun>שירת</noun>  <properName>דליה</properName>  רביקוביץ".אהבה  במושב  האחורי:  <noun>השירה</noun>  <properName>העברית</properName>  בשנות  השישים.  <properName>תל</properName>  אביב:  זמורה-ביתן.  <date>2005.</date>  168-176;  צמיר,  חמוטל.  "הדימוי  <verb>פותח</verb>  פה:  <noun>פארודיה</noun>  <adjective>רדיקאלית</adjective>  בשירי  <properName>מרגוט</properName>  <shel-preposition>של</shel-preposition>  <properName>דליה</properName>  הרץ".  בשםהנוף:  לאומיות,  מגדר  <noun>וסובייקטיביות</noun>  בשירה  <adjective>הישראלית</adjective>  בשנות  <numeral>החמישים</numeral>  והשישים.  ירושלים:  כתר.  <date>2006.</date>  209-234;  שניר,  לאה.  "היכולת  <verb>לראות</verb>  ולתקשר:  <noun>שיחה</noun>  <preposition>עם</preposition>  <properName>דליה</properName>  הרץ".  דבר.  <date>1990.</date>  19-20;  שרון,  יוסף.  "בנוגה  הסיפור,  בחיי  הזיכרון:  עיר-שירים  <shel-preposition>של</shel-preposition>  <properName>דליה</properName>  הרץ".  <properName>סימןקריאה</properName>  20.  <date>1990.</date>  300-307.
 
		</body>
	</text>
</TEI>