<?xml version="1.0" encoding="UTF-8"?>
<?xml-model href="http://www.tei-c.org/release/xml/tei/custom/schema/relaxng/tei_all.rng" type="application/xml" schematypens="http://relaxng.org/ns/structure/1.0"?>
<?xml-model href="http://www.tei-c.org/release/xml/tei/custom/schema/relaxng/tei_all.rng" type="application/xml"
	schematypens="http://purl.oclc.org/dsdl/schematron"?>
<TEI xmlns="http://www.tei-c.org/ns/1.0">
   <teiHeader>
      <fileDesc>
         <publicationStmt>
            <p>Publication Information</p>
         </publicationStmt>
         <sourceDesc>
            <p>Information about the source</p>
         </sourceDesc>
      </fileDesc>
   </teiHeader>
   <text>
      <body>
 <?xml  version="1.0"  encoding="UTF-8"?>
  <?xml-model  href="http://www.tei-c.org/release/xml/tei/custom/schema/relaxng/tei_all.rng"  type="application/xml"  schematypens="http://relaxng.org/ns/structure/1.0"?>
  <?xml-model  href="http://www.tei-c.org/release/xml/tei/custom/schema/relaxng/tei_all.rng"  type="application/xml"
  	schematypens="http://purl.oclc.org/dsdl/schematron"?>
  <TEI  xmlns="http://www.tei-c.org/ns/1.0">
        <teiHeader>
              <fileDesc>
                    <publicationStmt>
                          <p>Publication  Information</p>
                    </publicationStmt>
                    <sourceDesc>
                          <p>Information  <foreign>about</foreign>  <foreign>the</foreign>  source</p>
                    </sourceDesc>
              </fileDesc>
        </teiHeader>
        <text>
              <body>
    Name:    וולך,    יונה
      <foreign>Birth</foreign>    Year:    <date><date>1944
</date>  </date>    <foreign>Death</foreign>    Year:    <date><date>1985
</date>  </date>    <foreign>Birth</foreign>    Place:    <noun>כפר</noun>    <verb>אונו</verb>    (לימים
      Occupation:    משוררת
      <foreign>Entry</foreign>    writer:    
      <foreign>Entry</foreign>    Value:    
      <verb>נולדה</verb>    בכפר    <verb>אונו</verb>    (לימים    <noun>קריית</noun>    אונו)    לאסתר    (לבית    גופמן)    ולמיכאל    וולך,    <noun>אחות</noun>    <adjective>צעירה</adjective>    לנירה.    הוריה    <verb>עלו</verb>    <date><date>ב-1932</date></date>    מבסרביה,    <verb>הכירו</verb>    בארץ    והיו    ממייסדי    הכפר.    <noun>האב</noun>    <verb>נהרג</verb>    בקרב    <preposition>על</preposition>    <noun>גבעת</noun>    <noun>קולה</noun>    במלחמת    <noun>העצמאות</noun>    כשהיה    בן    <numeral>שלושים</numeral>    ושש.    <properName>אמה</properName>    <copula>היתה</copula>    <noun>שותפה</noun>    להקמת    <noun>בית</noun>    <noun>הקולנוע</noun>    בקריית    <verb>אונו</verb>    <date><date>ב-1953,</date></date>    <verb>שבו</verb>    <verb>בילתה</verb>    <properName>וולך</properName>    בילדותה    ובנעוריה    <noun>שעות</noun>    <adjective>רבות</adjective>    בצפייה    <adjective>בסרטים.את</adjective>    <noun>מרבית</noun>    <verb>חייה</verb>    <verb>חיה</verb>    בבית    <properName>אמה</properName>    ברחוב    <participle>הנקרא</participle>    <preposition>על</preposition>    <noun>שם</noun>    אביה.    במחצית    <numeral>השנייה</numeral>    <shel-preposition>של</shel-preposition>    <noun>שנות</noun>    <numeral>השישים</numeral>    <verb>התגוררה</verb>    לתקופות    <adjective>קצרות</adjective>    בתל    <properName>אביב</properName>    ובמלון    <properName>נוטרדם</properName>    בירושלים.    <adverb>מעולם</adverb>    <negation>לא</negation>    <verb>יצאה</verb>    <at-preposition>את</at-preposition>    <noun>גבולות</noun>    ישראל.            
      בסוף    <noun>כיתה</noun>    <properName>י'</properName>    <verb>סולקה</verb>    מבית    <noun>הספר</noun>    "תיכון    חדש",    ולמדה    לתקופה    <adjective>קצרה</adjective>    במסגרת    <shel-preposition>של</shel-preposition>    <noun>לימודי</noun>    ערב.    כשהיתה    <noun>בת</noun>    שבע-עשרה    <verb>נרשמה</verb>    ל"מכון    אבני"    לאמנות    <noun>הציור</noun>    והפיסול,    <conjunction>אך</conjunction>    <negation>לא</negation>    <verb>התמידה</verb>    בלימודיה.    <pronoun>אלה</pronoun>    <copula>היו</copula>    תחנותיה    <adjective>האחרונות</adjective>    במסגרת    <adjective>ממסדית</adjective>    כלשהי.    <noun>אורח</noun>    <verb>חייה</verb>    <copula>היה</copula>    <adjective>חריג</adjective>    <conjunction>גם</conjunction>    <preposition>על</preposition>    <noun>רקע</noun>    <noun>הסביבה</noun>    <adjective>הבוהמיינית</adjective>    <shel-preposition>של</shel-preposition>    תקופתה    בארץ.    קשריה    <adjective>הסוערים</adjective>    <preposition>עם</preposition>    <noun>נשים</noun>    וגברים,    התנסויותיה    בסמים    ואשפוזיה    בבתי    <adjective>חולים</adjective>    <adjective>פסיכיאטריים</adjective>    <verb>תוארו</verb>    בהרחבה    בביוגרפיה    שכתב    עליה    <properName>יגאל</properName>    סרנה    <date><date>(1993,</date></date>    <date><date>2009).</date></date>    <properName>מאיר</properName>    ויזלטיר,    בן    <properName>דורה</properName>    <adjective>הספרותי</adjective>    וידידה,    <verb>כתב</verb>    ברשימה    במלאות    <numeral>עשרים</numeral>    <noun>שנה</noun>    למותה:    "תמיד    <verb>הקפידה</verb>    <verb>לחיות</verb>    <noun>חיים</noun>    בלתי-מבוגרים,לא    <verb>עסקה</verb>    בשום    <noun>עבודה</noun>    <preposition>מעבר</preposition>    לכתיבת    <noun>השירים</noun>    וקריאה,    ומעולם    <negation>לא</negation>    'נטלה    <adjective>אחריות'</adjective>    <pronoun>כלשהי</pronoun>    <preposition>על</preposition>    <pronoun>מישהו</pronoun>    <conjunction>או</conjunction>    <preposition>על</preposition>    <pronoun>משהו</pronoun>    שמעבר    לזה,    <conjunction>גם</conjunction>    <negation>לא</negation>    <preposition>על</preposition>    עצמה,    <verb>לפחות</verb>    <negation>לא</negation>    במובנים    הרגילים,    <noun>המקובלים</noun>    בחברה    שבה    חייתה.    <preposition>כמו</preposition>    <noun>אמנית</noun>    <noun>קרקס</noun>    שמיום    שברחה    מהבית    והצטרפה    ללהקה    <verb>נודדת</verb>    <verb>התרגלה</verb>    <verb>לראות</verb>    <at-preposition>את</at-preposition>    <noun>המציאות</noun>    <preposition>מבעד</preposition>    <noun>לפריזמה</noun>    <shel-preposition>של</shel-preposition>    <noun>הטרפז</noun>    המרחף"    <date><date>(2005).
</date>  </date>    שיריה    <numeral>הראשונים</numeral>    <verb>נדפסו</verb>    <date><date>ב-1964</date></date>    במוספי    <noun>הספרות</noun>    <shel-preposition>של</shel-preposition>    <noun>ידיעות</noun>    <adjective>אחרונות</adjective>    והבוקר    ובשני    <noun>כתבי</noun>    <noun>העת</noun>    <adjective>האוונגרדיים</adjective>    <shel-preposition>של</shel-preposition>    התקופה,    <properName>קילטרטן</properName>    (בעריכת    <properName>מקסים</properName>    גילן)    ועכשיו(בעריכת    <properName>גבריאל</properName>    מוקד).    <noun>שירה</noun>    הראשון,    "בלבושן",    <verb>נדפס</verb>    בתיווכו    <shel-preposition>של</shel-preposition>    <properName>יאיר</properName>    <properName>הורביץ</properName>    בידיעות    <adjective>אחרונות</adjective>    <date><date>(3.1.1964)</date></date>    ונכלל    <preposition>ללא</preposition>    <noun>כותרת</noun>    בספרה    הראשון,    <noun>דברים</noun>    ("אֲבָנִים    מִשְׁתַּפְּלוֹת    לַנָּהָר/    <properName>נְעָרוֹת</properName>    נוֹהֲרוֹת/    מַשְׁפִּילוֹת    <noun>שְׁדֵיהֶן</noun>    <noun>אֶל</noun>    נְעָרִים").    
      <noun>דברים</noun>    <verb>ראה</verb>    <noun>אור</noun>    <date><date>ב-1966בהוצאתעכשיו.</date></date>    <noun>שם</noun>    <noun>הספר</noun>    <pronoun>הוא</pronoun>    ככותרתו    <shel-preposition>של</shel-preposition>    <noun>השיר</noun>    <adjective>האחרון</adjective>    בספרה    <shel-preposition>של</shel-preposition>    <properName>דליה</properName>    הרץ,    <properName>מרגוט</properName>    <date><date>(1961).</date></date>    <noun>השירים</noun>    בספר    <pronoun>זה</pronoun>    <verb>תוארו</verb>    במחקר    ובביקורת    כמהפכניים,    אלימים,    פראיים,    מיסטיים,    נועזים,    <adjective>צבעוניים</adjective>    וסוריאליסטיים.    <adverb>חלק</adverb>    <preposition>מן</preposition>    <noun>המבקרים</noun>    <verb>תיארו</verb>    <at-preposition>את</at-preposition>    <adjective>האימג'יזם</adjective>    <adjective>הפרוע</adjective>    <shel-preposition>של</shel-preposition>    <noun>השירים</noun>    כסתום    וכחידתי,    וקריאות    <adjective>שונות</adjective>    <verb>הדגישו</verb>    בו    <at-preposition>את</at-preposition>    <noun>הממד</noun>    הארוטי,    האקזיסטנציאלי,    המטפיזי,    הגנוסטי,    הפסיכולוגי,    הסימבוליסטי,    <adjective>הפמיניסטי</adjective>    <conjunction>או</conjunction>    <adjective>החברתי</adjective>    (בעיקר    בהקשר    המגדרי).    <noun>החזיונות</noun>    <adjective>האסתטיים</adjective>    והרגשיים    <shel-preposition>של</shel-preposition>    <noun>השירים</noun>    <verb>פוענחו</verb>    כסיטואציות    <adjective>קונקרטיות</adjective>    וכ"מצבי    הרגשה"    <adjective>חושפניים</adjective>    <noun>ווידויים</noun>    (למשל    <noun>השיר</noun>    "אבשלום"    <noun>העוסק</noun>    בהפלת    ולד:    "אֲנִי    מֻכְרָחָה    <properName>פַּעַם</properName>    נוֹסֶפֶת/    לְהִזָּכֵר    בִּבְנִי    אַבְשָׁלוֹם/    שֶׁשַׂעֲרוֹתָיו    נִתְפְּסוּ    בְּרַחְמִי/    <noun>וְלֹא</noun>    <noun>יָצָא</noun>    לִי/    לִגְמֹר    <properName>אֶת</properName>    <properName>אַבְשָׁלוֹם</properName>    בְּנִי").    
      <noun>קולה</noun>    <adjective>השירי</adjective>    <adjective>הייחודי</adjective>    משלב    <noun>לשון</noun>    דיבורית,    <adjective>ישירה</adjective>    ובוטה    בשפה    <adjective>פואטית</adjective>    עשירה,    <verb>מוצפנת</verb>    ורווית    <noun>עלילות</noun>    ורמיזות    תרבותיות.    <noun>התחביר</noun>    <noun>שובר</noun>    <noun>המוסכמות</noun>    <verb>משהה</verb>    <noun>אפשרויות</noun>    <shel-preposition>של</shel-preposition>    <noun>בהירות</noun>    וחד-משמעיות.    <noun>הרושם</noun>    <participle>הנוצר</participle>    <pronoun>הוא</pronoun>    <shel-preposition>של</shel-preposition>    רב-שכבתיות,    חידתיוּת,    <noun>מוזיקליות</noun>    <verb>מהפנטת</verb>    ואידיוסינקרטיות.    <preposition>בעקבות</preposition>    <noun>הפואטיקה</noun>    <shel-preposition>של</shel-preposition>    "דור    המדינה"    (נתן    זך,    <properName>יהודה</properName>    עמיחי,    ובעיקר    <properName>דוד</properName>    אבידן)    <verb>שיכללה</verb>    <properName>וולך</properName>    <at-preposition>את</at-preposition>    <noun>תחבולות</noun>    התחביר,    <preposition>כמו</preposition>    <conjunction>גם</conjunction>    <at-preposition>את</at-preposition>    <noun>השימוש</noun>    ברטוריקה    <shel-preposition>של</shel-preposition>    <noun>הדיבור</noun>    <adjective>הישראלי</adjective>    ובביטויים    <preposition>דאיקטיים</preposition>    (כגון    "זה"    בשיר    <participle>הפותח</participle>    במילים    "לֹא    <properName>יָכֹלְתִּי</properName>    <properName>לַעֲשׂוֹת</properName>    <verb>עִם</verb>    <properName>זֶה</properName>    כְּלוּם").    <noun>חטיבת</noun>    <noun>שירי</noun>    <noun>הדמויות</noun>    <participle>הפותחת</participle>    <at-preposition>את</at-preposition>    דברים,    "יונתן",    "קורנליה",    "תרזה",    "לוטה",    "סבסטיאן"    וכו',    <pronoun>היא</pronoun>    <adjective>המוכרת</adjective>    והנחקרת    <adverb>ביותר</adverb>    במכלול    שירתה.        
      <conjunction>גם</conjunction>    ספרה    השני,שני    <properName>גנים</properName>    <date><date>(1969),</date></date>    <verb>מתאפיין</verb>    בעירוב    <adjective>הייחודי</adjective>    <preposition>בין</preposition>    <noun>היסוד</noun>    <participle>המופשט</participle>    והאגדתי    ליסוד    <adjective>הקונקרטי</adjective>    והממשי,    <preposition>בין</preposition>    <noun>החספוס</noun>    <adjective>הלשוני</adjective>    והתמטי    לליריקה    המעודנת,    <preposition>בין</preposition>    <noun>הפסיכדליה</noun>    לריאליה,    <preposition>בין</preposition>    <noun>פגיעות</noun>    ושבריריות    לתעוזה,    <noun>מיניות</noun>    ואלימות.    <preposition>לצד</preposition>    <noun>השירים</noun>    <participle>המצטרפים</participle>    למהלך    <adjective>הפואטי</adjective>    <shel-preposition>של</shel-preposition>    דברים,    <properName>וולך</properName>    <verb>מפתחת</verb>    <noun>נוסחים</noun>    <adjective>שיריים</adjective>    <adjective>חדשים</adjective>    וקומפוזיציות    <adjective>חדשות</adjective>    וניסיוניות.    <noun>השיר</noun>    "שני    גנים",    למשל,    <properName>שעל</properName>    שמו    <verb>נקרא</verb>    הקובץ,    מבשר    <at-preposition>את</at-preposition>    <verb>השירה</verb>    החזרתית,    <adjective>התבניתית</adjective>    והאבסטרקטית    שנהפכת    לנוסח    <noun>רווח</noun>    <quantifier>יותר</quantifier>    בשירתה    בשנות    השמונים:    "וּלְגַן    <properName>אֶחָד</properName>    <properName>כֹּל</properName>    <properName>הַפֵּרוֹת</properName>    <preposition>צְהֻבִּים</preposition>    <properName>וּבְשֵׁלִים</properName>    וְכֻלּוֹ    עָגֹל/    וּלְגַן    <properName>אֶחָד</properName>    <properName>כָּל</properName>    <verb>עֲשָׂבִים</verb>    <noun>וְעֵצִים</noun>    דַּקִּים/    וּכְשֶׁגַּן    <properName>עָגֹל</properName>    מַרְגִּישׁ    <noun>גַּן</noun>    <noun>דַּק</noun>    מַרְגִּישׁ    עָגֹל/    וּכְשֶׁגַּן    <noun>דַּק</noun>    מַרְגִּישׁ    <noun>גַּן</noun>    <properName>עָגֹל</properName>    מַרְגִּישׁ    דַּק".
      <adjective>רבים</adjective>    <adjective>משירידברים</adjective>    ושני    <properName>גניםנהפכו</properName>    לנכסי    <noun>צאן</noun>    <noun>ברזל</noun>    <shel-preposition>של</shel-preposition>    <verb>השירה</verb>    העברית,    <conjunction>אך</conjunction>    <noun>תהליך</noun>    התקבלותה    <adjective>המלאה</adjective>    <shel-preposition>של</shel-preposition>    <verb>שירתה</verb>    <adjective>המוקדמת</adjective>    <shel-preposition>של</shel-preposition>    <properName>וולך</properName>    <verb>הושלם</verb>    <adverb>רק</adverb>    במחצית    <numeral>השנייה</numeral>    <shel-preposition>של</shel-preposition>    <noun>שנות</noun>    השבעים.    <date><date>ב-1976</date></date>    <verb>ראה</verb>    <noun>אור</noun>    <noun>הקובץ</noun>    <noun>שירה</noun>    <date><date>(1976)</date></date>    בהוצאת    <noun>סימן</noun>    קריאה.    <verb>הקובץכולל</verb>    <at-preposition>את</at-preposition>    <noun>שירי</noun>    <noun>שני</noun>    ספריה    <numeral>הראשונים</numeral>    וחטיבה    <shel-preposition>של</shel-preposition>    <noun>שירים</noun>    <adjective>חדשים</adjective>    שנקבצו    <preposition>תחת</preposition>    <noun>הכותרת</noun>    "למעלה    מזה".    <noun>במאי</noun>    <date><date>1977</date></date>    <verb>זכתה</verb>    בפרס    <noun>יצירה</noun>    <preposition>מטעם</preposition>    <noun>קרן</noun>    <properName>תל</properName>    <properName>אביב</properName>    לספרות    ואמנות,    <date><date>וב-1978</date></date>    <verb>הוענקו</verb>    לה    <noun>פרס</noun>    <noun>יצירה</noun>    <preposition>מטעם</preposition>    <noun>ראש</noun>    <noun>הממשלה</noun>    ופרס    <properName>עירייתחולוןלספרותיפהעל</properName>    <verb>שםקוגלעלספרהשירה</verb>    (עם    <noun>סמי</noun>    מיכאל).    
      בספריה    בשנות    השמונים,    <noun>אור</noun>    <noun>פרא</noun>    <date><date>(1983),</date></date>    <noun>צורות</noun>    <date><date>(1985)</date></date>    ומופע    <date><date>(1985),</date></date>    <noun>קובץ</noun>    שיריה    האחרון,    שיצא    <preposition>לאור</preposition>    <quantifier>כמה</quantifier>    <noun>חודשים</noun>    <preposition>אחרי</preposition>    מותה,    <verb>מתמעטים</verb>    <noun>השירים</noun>    הקצרים,    הגבישיים,    החלומיים-סיוטיים    <noun>בעלי</noun>    <noun>הממד</noun>    החזותי.    <noun>מגוון</noun>    <adjective>עצום</adjective>    <shel-preposition>של</shel-preposition>    <noun>צורות</noun>    <verb>מייחד</verb>    <at-preposition>את</at-preposition>    <verb>שירתה</verb>    בתקופה    זו:    <noun>פואמות</noun>    קצרות,    <noun>סדרות</noun>    <shel-preposition>של</shel-preposition>    <noun>שירים</noun>    תמטיים-תיאטרליים,    ושירים    <adjective>ארוכים</adjective>    ואסוציאטיביים    <participle>היוצרים</participle>    <adverb>לעתים</adverb>    <noun>רושם</noun>    <shel-preposition>של</shel-preposition>    <noun>כתיבה</noun>    כמו-אוטומטית    <conjunction>או</conjunction>    <shel-preposition>של</shel-preposition>    <noun>שרשור</noun>    <properName>אקסטטי</properName>    <wPrefix>בלתי</wPrefix>    <verb>מבוקר</verb>    <shel-preposition>של</shel-preposition>    רעיונות,    <noun>רגשות</noun>    ומילים.    <noun>הנוסח</noun>    <adjective>השירי</adjective>    <shel-preposition>של</shel-preposition>    <noun>אור</noun>    <properName>פראמתאפיין</properName>    במבנה    <adjective>הדוק</adjective>    <shel-preposition>של</shel-preposition>    חזרה,    ברטוריקה    <adjective>ישירה</adjective>    ובתחביר    <adjective>פשוט</adjective>    וקליט.    בצורות    ובמופעמרובים    <noun>השירים</noun>    <participle>משרשרי</participle>    התובנות,    החקירות,    <noun>המחשבות</noun>    והרגשות    <participle>העושים</participle>    <noun>שימוש</noun>    בלקסיקון    מדעי,    פילוסופי,    <adjective>פסיכולוגי</adjective>    ורליגיוזי    והיוצרים    <noun>רושם</noun>    כאוטי.    <modal>אפשר</modal>    <verb>לסכם</verb>    <at-preposition>את</at-preposition>    <noun>השינוי</noun>    <adjective>הפואטי</adjective>    בשירתה    <shel-preposition>של</shel-preposition>    <properName>וולך</properName>    בשנות    <numeral>השמונים</numeral>    כהמרת    <adjective>הדומיננטיות</adjective>    <shel-preposition>של</shel-preposition>    <noun>הממד</noun>    <adjective>האגדתי</adjective>    בממד    פרפורמטיבי.    <noun>הזיקה</noun>    <shel-preposition>של</shel-preposition>    יצירתה    לאמנות    <participle>המיצג</participle>    עולה    בקנה    <numeral>אחד</numeral>    <preposition>עם</preposition>    הגדרתה    <shel-preposition>של</shel-preposition>    <properName>וולך</properName>    כ"משוררת    מוחלטת"    (בלשונה    <shel-preposition>של</shel-preposition>    <noun>הלית</noun>    ישורון)    ועם    <noun>האופן</noun>    <verb>שבו</verb>    <verb>תיאר</verb>    <noun>המשורר</noun>    <properName>אהרן</properName>    <properName>שבתאי</properName>    <at-preposition>את</at-preposition>    <verb>שירתה</verb>    "מִכתיבה    במובן    המצומצם,    לכתיבה    בפעולות,    בעצמים,    <noun>כתיבה</noun>    במין,    <noun>כתיבה</noun>    בגוף,    ובמכלול    נפש-גוף"    (שבתאי,    <date><date>1985-6).</date></date>    
      <adjective>רבים</adjective>    <preposition>מן</preposition>    <noun>המבקרים</noun>    <adjective>ספקניים</adjective>    <preposition>כלפי</preposition>    ערכם    <adjective>האסתטי</adjective>    <shel-preposition>של</shel-preposition>    <noun>חלקים</noun>    <adjective>ניכרים</adjective>    משירתה    המאוחרת.    <existential>יש</existential>    <noun>הטוענים</noun>    <conjunction>כי</conjunction>    <pronoun>היא</pronoun>    <verb>נכשלת</verb>    ב"סובייקטיביות    <preposition>עד</preposition>    <verb>קצה</verb>    <noun>גבול</noun>    <noun>היכולת</noun>    <participle>המוחקת</participle>    <at-preposition>את</at-preposition>    עצמה"    (קלדרון,    <date><date>2009).לעומת</date></date>    זאת,    <properName>גבריאל</properName>    <date><date>מוקד(2006)תיאר</date></date>    <at-preposition>את</at-preposition>    <noun>הפואטיקה</noun>    <adjective>המאוחרת</adjective>    <shel-preposition>של</shel-preposition>    <properName>וולך</properName>    כ"מפנה    <noun>קונספטואליסטי...</noun>    <verb>בעל</verb>    <noun>ערך</noun>    <adjective>ניסיוני</adjective>    ושילוב    <adjective>חדש</adjective>    <preposition>בין</preposition>    <noun>הגות</noun>    לבין    <noun>יסודות</noun>    <adjective>שיריים</adjective>    <noun>מקובלים</noun>    <quantifier>יותר</quantifier>    בתוך    טקסט",    <conjunction>למשל</conjunction>    בשיר    "שוב    הנפש"    <preposition>מן</preposition>    <noun>הספר</noun>    <noun>צורות</noun>    <verb>שבו</verb>    <pronoun>היא</pronoun>    "מפתחת    <verb>משל</verb>    <verb>מורכב</verb>    <preposition>על</preposition>    <noun>חשיבות</noun>    <adjective>עליונה</adjective>    <shel-preposition>של</shel-preposition>    מצבי    <noun>רוח...</noun>    שעושים    אותנו    <interrogative>למה</interrogative>    שאנחנו    מבחינה    ממשית":    "שׁוּב    הַנֶּפֶשׁ    <noun>גְדוֹלָה</noun>    <noun>עָלַי</noun>    מִשְׁתַּלְשֶׁלֶת    <properName>כְּבֶגֶד</properName>    עֲנָק/    <noun>כִּבְגָדִים</noun>    הַנֶּפֶשׁ    מַגִּיעָה    לְרַגְלַי    <noun>עַד</noun>    <noun>נַעֲלַיִם</noun>    עֲנָק".    
      בשנותיה    <adjective>האחרונות</adjective>    <verb>נאבקה</verb>    <properName>וולך</properName>    <preposition>על</preposition>    <noun>הכרת</noun>    <noun>הממסד</noun>    <adjective>הספרותי</adjective>    בחטיבות    הניסיוניות,    <existential>יש</existential>    <verb>יאמרו</verb>    ה"שיגעוניות",    <shel-preposition>של</shel-preposition>    שירתה,    ובעיכוב    <shel-preposition>של</shel-preposition>    הוצאתם    <preposition>לאור</preposition>    <shel-preposition>של</shel-preposition>    <participle>קובצי</participle>    <verb>השירה</verb>    <adjective>האחרונים</adjective>    שלה.    <adverb>במקביל</adverb>    <pronoun>היא</pronoun>    <verb>נהפכה</verb>    <preposition>למעין</preposition>    <noun>גיבורת</noun>    תרבות,    שייצגה    <preposition>עבור</preposition>    <noun>הישראלים</noun>    <at-preposition>את</at-preposition>    "תרבות-הנגד"    <adjective>העולמית</adjective>    <shel-preposition>של</shel-preposition>    <noun>שנות</noun>    השישים;    <at-preposition>את</at-preposition>    <noun>החופש</noun>    מאיסורים    <preposition>על</preposition>    <noun>רגש</noun>    ועל    <quantifier>מין</quantifier>    ואת    <noun>השחרור</noun>    ממועקת    <noun>המוסכמות</noun>    וממגבלות    המציאות.    <noun>האנרגיה</noun>    האינטנסיבית,    <adjective>החושנית</adjective>    והאפלה    <shel-preposition>של</shel-preposition>    דמותה    ויצירתה    <verb>נקשרה</verb>    <conjunction>גם</conjunction>    לזיקה    <preposition>בין</preposition>    דמוניוּת,    <noun>יופי</noun>    <adjective>פיוטי</adjective>    ושיגעון.    <noun>השיר</noun>    "תפילין",    שנדפס    <adverb>לראשונה</adverb>    בעתון    77    (בעריכת    <properName>יעקב</properName>    בסר)    במרס    <date><date>1982</date></date>    ואחר    <pronoun>כך</pronoun>    בספרה    <noun>אור</noun>    <noun>פרא</noun>    <date><date>(1983),</date></date>    <verb>חולל</verb>    <noun>שערורייה</noun>    ציבורית,    <noun>גינוי</noun>    בכנסת    ופולמוס    רחב.    <noun>השיר</noun>    <verb>מסתיים</verb>    בטורים:    "אֶמְשֹׁךְ    וְאֶמְשֹׁךְ/    <noun>עַד</noun>    שֶׁתֵּצֵא    נִשְׁמָתְךָ/    <noun>עַד</noun>    <properName>שֶׁאֶחְנֹק</properName>    אוֹתְךָ/    לְגַמְרֵי    בַּתְּפִלִּין/    <noun>הַמִּתְמַשְּׁכִים</noun>    לְאֹרֶךְ    הַבָּמָה/    <properName>וּבֵין</properName>    <noun>הַקָּהָל</noun>    <noun>הַמֻּכֶּה</noun>    תַּדְהֵמָה".היא    <verb>הרבתה</verb>    <verb>להתראיין</verb>    לעיתונות    ולטלוויזיה,    <verb>הופיעה</verb>    <preposition>על</preposition>    <noun>במות</noun>    <adjective>שונות</adjective>    והשתתפה    בהופעות    <adjective>חיות</adjective>    <preposition>בעקבות</preposition>    <noun>אלבום</noun>    <shel-preposition>של</shel-preposition>    שיריה    <participle>המולחנים</participle>    <properName>בציר</properName>    <interjection>טוב</interjection>    <date><date>(1982).</date></date>    <at-preposition>את</at-preposition>    <noun>המופע</noun>    <verb>פתחה</verb>    במשפט:    "זה    <properName>אילן</properName>    <properName>וירצברג</properName>    והוא    <participle>כותב</participle>    <noun>מוזיקה</noun>    וזה    <properName>שמעון</properName>    <properName>גלבץ</properName>    והוא    <participle>כותב</participle>    מוזיקה...    ואני    <properName>יונה</properName>    וכתבתי    <at-preposition>את</at-preposition>    <quantifier>כל</quantifier>    המילים".    <pronoun>היא</pronoun>    <verb>הצטלמה</verb>    לסרט    <preposition>על</preposition>    <verb>חייה</verb>    בבימוי    <properName>רונית</properName>    ויס-ברקוביץ    והציגה    <noun>תערוכה</noun>    משותפת    <preposition>עם</preposition>    <properName>עופרה</properName>    <properName>צימבליסטה</properName>    <properName>ניר+כתב</properName>    (גלריה    <properName>שרה</properName>    לוי,    <date><date>1984).</date></date>    <properName>וולך</properName>    <verb>העניקה</verb>    <noun>ראיונות</noun>    לעיתונות    <conjunction>גם</conjunction>    ממיטת    חולייה,    ודיברה    בהם    <preposition>על</preposition>    <noun>מחלת</noun>    הסרטן,    שאובחנה    אצלה    <date><date>ב-1981.</date></date>    <pronoun>היא</pronoun>    <verb>נפטרה</verb>    <date><date>ב-26.9.1985,</date></date>    <noun>בת</noun>    <numeral>ארבעים</numeral>    ואחת.    
      בניגוד    לקשיי    <noun>ההתקבלות</noun>    <shel-preposition>של</shel-preposition>    <verb>שירתה</verb>    בחייה,    בשנים    <preposition>לאחר</preposition>    מותה    <verb>התעצם</verb>    <noun>העניין</noun>    בשירתה    והתבסס    מעמדה    כפורצת    <noun>דרך</noun>    בשירה    העברית.    <verb>נכתבו</verb>    עליה    <noun>ספרים</noun>    ומחקרים    רבים,    שהציבו    אותה    בשושלת    <noun>שירת</noun>    <noun>הנשים</noun>    <adjective>העברית</adjective>    (בעיקר    רחל,    <properName>דליה</properName>    <properName>רביקוביץ</properName>    וזלדה),    <verb>דנו</verb>    בחוויה    <adjective>האנדרוגינית</adjective>    בשירתה    ובפריעת    <noun>הסדר</noun>    המגדרי,    <verb>תיארו</verb>    אותה    כמבשרת    <noun>הנוסח</noun>    הפוסט-מודרני    ו"העידן    החדש"    בתרבות    הישראלית,    והציעו    <noun>הבחנות</noun>    <adjective>חדשות</adjective>    <preposition>לגבי</preposition>    מיקומה    ברצף    <adjective>ההיסטורי</adjective>    <shel-preposition>של</shel-preposition>    <verb>השירה</verb>    העברית.    <date><date>ב-1992</date></date>    <verb>ערכה</verb>    <noun>הלית</noun>    <properName>ישורון</properName>    <noun>אנתולוגיה</noun>    <shel-preposition>של</shel-preposition>    שיריה,תת    <noun>הכרה</noun>    <verb>נפתחת</verb>    <preposition>כמו</preposition>    מניפה:    <quantifier>מבחר</quantifier>    <date><date>שירים:1985-1963.</date></date>    <pronoun>היא</pronoun>    <verb>כוללת</verb>    <adverb>חלק</adverb>    <adjective>גדול</adjective>    <preposition>מן</preposition>    <noun>השירים</noun>    המוקדמים,    <quantifier>מבחר</quantifier>    <preposition>מן</preposition>    <noun>השירים</noun>    המאוחרים,    ומכנסת    <adverb>לראשונה</adverb>    <at-preposition>את</at-preposition>    שיריה    האחרונים.    <date><date>ב-2000</date></date>    <verb>יצא</verb>    <noun>הספר</noun>    <noun>הפנים</noun>    <copula>היו</copula>    הפשטה,מפגשבין    שיריה    <shel-preposition>של</shel-preposition>    <properName>וולך</properName>    וציוריה    <shel-preposition>של</shel-preposition>    <properName>אביבה</properName>    אורי,    בעריכתה    <shel-preposition>של</shel-preposition>    ישורון.
      <noun>שירים</noun>    <adjective>רבים</adjective>    שלה    הולחנו.    <noun>אלבום</noun>    <shel-preposition>של</shel-preposition>    שיריה    המולחנים,    אתה    <noun>חברה</noun>    שלי,המבוסס    <preposition>על</preposition>    <noun>מופע</noun>    שהועלה    <date><date>ב-1997,</date></date>    <noun>כולל</noun>    <noun>שירים</noun>    מכל    <noun>תקופות</noun>    יצירתה.    <properName>ערן</properName>    <properName>צור</properName>    <noun>ערך</noun>    <at-preposition>את</at-preposition>    המופע,    <verb>הלחין</verb>    ושר    <preposition>עם</preposition>    <noun>משתתפים</noun>    נוספים.    <noun>שני</noun>    <verb>מבחרים</verb>    משיריה    <verb>תורגמו</verb>    לאנגלית    <preposition>על</preposition>    <properName>ידילינדה</properName>    <preposition>סטרן</preposition>    זיסקוויט:Wild    Light:    <foreign>Selected</foreign>    <foreign>Poems</foreign>    <date><date>(1997)</date></date>    ו-Let    <foreign>the</foreign>    <date><date>Words(2006,</date></date>    <preposition>עם</preposition>    <noun>הקדמה</noun>    <preposition>מאת</preposition>    <properName>אהרן</properName>    שבתאי).    <foreign>Yona</foreign>    <foreign>Wallach</foreign>    (Author)    
      ›Visit    Amazon's    <foreign>Yona</foreign>    <foreign>Wallach</foreign>    Page
      <foreign>Find</foreign>    <foreign>all</foreign>    <foreign>the</foreign>    books,    <foreign>read</foreign>    <foreign>about</foreign>    <foreign>the</foreign>    author,    <foreign>and</foreign>    more.
      <foreign>See</foreign>    <foreign>search</foreign>    <foreign>results</foreign>    <foreign>for</foreign>    <foreign>this</foreign>    <foreign>author</foreign>    
      <foreign>Are</foreign>    <foreign>you</foreign>    <foreign>an</foreign>    author?    <foreign>Learn</foreign>    <foreign>about</foreign>    <foreign>Author</foreign>    Central
      <noun>שירים</noun>    <adjective>בודדים</adjective>    שלה    <verb>תורגמו</verb>    לכעשרים    <noun>שפות</noun>    נוספות.    <date><date>ב-2012</date></date>    <verb>יצא</verb>    <adverb>לאקרנים</adverb>    סרטו    <shel-preposition>של</shel-preposition>    <properName>יאיר</properName>    <properName>קידר</properName>    שבעת    <noun>הסלילים</noun>    <shel-preposition>של</shel-preposition>    <properName>יונה</properName>    <properName>וולך</properName>    <punctuation>–</punctuation>    <noun>אוטוביוגרפיה</noun>    תיעודית,המבוסס    <preposition>על</preposition>    <noun>סלילי</noun>    <noun>הקלטה</noun>    <shel-preposition>של</shel-preposition>    <noun>שיחות</noun>    <preposition>עם</preposition>    <noun>הלית</noun>    ישורון.
      השפעתה    <adjective>העצומה</adjective>    <preposition>על</preposition>    <verb>השירה</verb>    <adjective>העברית</adjective>    משנות    <numeral>השבעים</numeral>    <adverb>ואילך</adverb>    <verb>ניכרת</verb>    <adverb>בעיקר</adverb>    בשחרור    הלשוני,    <adjective>התחבירי</adjective>    והארגוני    <shel-preposition>של</shel-preposition>    השיר,    ובמיזוג    הבלתי-סדור    והרב-ממדי    <shel-preposition>של</shel-preposition>    <noun>חוויות</noun>    ותמונות.    <pronoun>היא</pronoun>    <adverb>אולי</adverb>    <noun>דוגמה</noun>    <adjective>יחידה</adjective>    בשירה    הישראלית,    שהיחס    <preposition>אל</preposition>    <noun>הפרסונה</noun>    שלה    ואל    <verb>שירתה</verb>    מתואר    במונחים    פולחניים.    
      <properName>ענת</properName>    ויסמן
      References:    
      גורביץ',    זלי.    "סיבוב    לכיוון    הלבן".    <noun>דבר</noun>    משא.    <date><date>14.8.1992.</date></date>    26;    הירש,    אלי.    "יונה    וולך,    <noun>דברים</noun>    ראשונים".    <noun>ידיעות</noun>    <adjective>אחרונות</adjective>    7    לילות.    <date><date>3.7.2009;</date></date>    ויזלטיר,    מאיר."איך    <verb>יכלו</verb>    <verb>להדפיס</verb>    <noun>דבר</noun>    כזה".    מעריב.nrg    <date><date>25.9.2005;</date></date>    ישורון,    הלית.    "יונה    <properName>וולך</properName>    <properName>אפריל</properName>    <date><date>1984"</date></date>    (ריאיון    <preposition>עם</preposition>    <properName>יונה</properName>    וולך).    <noun>חדרים</noun>    4.    <date><date>1984.</date></date>    117-105;    לידובסקי-כהן,    צפרירה.    "שחררי    <at-preposition>את</at-preposition>    <noun>חרצובות</noun>    לשונך    אישה":    <noun>כיסוי</noun>    וגילוי    בשירת    <properName>יונה</properName>    וולך.    <properName>בני</properName>    ברק:    <noun>הקיבוץ</noun>    המאוחד.    <date><date>2009;</date></date>    לחמן,    לילך.    "על    <noun>האני</noun>    בשירת    <properName>יונה</properName>    וולך".    <noun>חדרים</noun>    11.    <date><date>1994.</date></date>    154-142;    מוקד,    גבריאל.    <numeral>ארבעה</numeral>    משוררים:    <noun>דברים</noun>    <preposition>על</preposition>    <properName>יהודה</properName>    עמיחי,    <verb>נתן</verb>    זך,    <properName>דוד</properName>    <properName>אבידן</properName>    ויונה    וולך.    תלאביב:    <noun>משרד</noun>    <noun>הביטחון</noun>    <punctuation>–</punctuation>    <noun>ההוצאה</noun>    לאור.    <date><date>2006.</date></date>    140-114;    סרנה,    יגאל.    <properName>יונה</properName>    וולך:    ביוגרפיה.    ירושלים:    כתר,    <noun>ספריית</noun>    זגגי,    <date><date>1993;צמיר,</date></date>    חמוטל.    "בשם    האב,    <noun>הבן</noun>    ורוח    הקודש:    <properName>יונה</properName>    <properName>וולך</properName>    כקדושה    מעונה".    בשם    הנוף:    לאומיות,    מגדר    <noun>וסובייקטיביות</noun>    בשירה    <adjective>הישראלית</adjective>    בשנות    <numeral>החמישים</numeral>    והששים.    <properName>ירושלים</properName>    ובאר    שבע:    <noun>מסה</noun>    קריטית,    <noun>כתר</noun>    ומרכז    הקשרים.    <date><date>2006.</date></date>    274-235;    קלדרון,    נסים.    "החדר    <shel-preposition>של</shel-preposition>    <properName>יונה</properName>    וולך".    <noun>יום</noun>    שני:    <preposition>על</preposition>    <noun>שירה</noun>    ורוק    בישראל    <preposition>אחרי</preposition>    <properName>יונה</properName>    וולך.    <properName>באר</properName>    <numeral>שבע</numeral>    ואור    יהודה:    <noun>מכון</noun>    <noun>הקשרים</noun>    ודביר.    <date><date>2009.83-69;</date></date>    רנן,    יעל.    "בנייתן    <shel-preposition>של</shel-preposition>    <noun>אפשרויות</noun>    הרגשה:    <noun>אספקטים</noun>    בשיריה    <numeral>הראשונים</numeral>    <shel-preposition>של</shel-preposition>    <properName>יונה</properName>    וולך".    <noun>הספרות</noun>    22    א'.    <date><date>1976.</date></date>    54-46;    רתוק,    לילי.    <noun>מלאך</noun>    האש,    <preposition>על</preposition>    <noun>שירת</noun>    <properName>יונה</properName>    וולך.    תלאביב:    <noun>הקיבוץ</noun>    המאוחד.    <date><date>1997;</date></date>    שבתאי,    אהרן.    "יונה    וולך".    <noun>חדרים</noun>    5.    <date><date>1985-6.</date></date>    22-15.    
    
  		</body>
  	</text>
  </TEI> 
		</body>
	</text>
</TEI>