<?xml version="1.0" encoding="UTF-8"?>
<?xml-model href="http://www.tei-c.org/release/xml/tei/custom/schema/relaxng/tei_all.rng" type="application/xml" schematypens="http://relaxng.org/ns/structure/1.0"?>
<?xml-model href="http://www.tei-c.org/release/xml/tei/custom/schema/relaxng/tei_all.rng" type="application/xml"
	schematypens="http://purl.oclc.org/dsdl/schematron"?>
<TEI xmlns="http://www.tei-c.org/ns/1.0">
   <teiHeader>
      <fileDesc>
         <publicationStmt>
            <p>Publication Information</p>
         </publicationStmt>
         <sourceDesc>
            <p>Information about the source</p>
         </sourceDesc>
      </fileDesc>
   </teiHeader>
   <text>
      <body>
 Name:  ויז'בצקי-זיו,  אסתר
  <foreign>Birth</foreign>  Year:  <date>1947
</date>  <foreign>Birth</foreign>  Place:  לגניצה,  פולין,  בשם
  Occupation:  סופרת
  <foreign>Entry</foreign>  writer:  <noun>חן</noun>  בר-יצחק
  <foreign>Entry</foreign>  Value:  
  <verb>נולדה</verb>  בלגניצה,  פולין,  בשם  <properName>אלאונורה</properName>  <properName>גרינוורצל</properName>  ועלתה  לארץ  <preposition>עם</preposition>  משפחתה  <date>ב-1957.</date>  <adverb>תחילה</adverb>  <verb>התגוררה</verb>  במעברה  בטבריה  <adjective>עילית</adjective>  ובהמשך  <verb>עברה</verb>  <preposition>עם</preposition>  משפחתה  לחולון.  <verb>למדה</verb>  <noun>ספרות</noun>  כללית,  <noun>פילוסופיה</noun>  וחינוך  באוניברסיטת  <properName>תל</properName>  אביב.  במהלך  לימודיה  <verb>עבדה</verb>  <noun>כמורה</noun>  לספרות  בבתי  <noun>ספר</noun>  תיכוניים.  בשנים  <date>1979-1985</date>  <verb>עבדה</verb>  כעורכת  <noun>חדשות</noun>  במעריב.  <date>ב-1985</date>  <verb>עזבה</verb>  <at-preposition>את</at-preposition>  עבודתה  בעיתונות,  <verb>עברה</verb>  לירושלים  והחלה  <verb>לכתוב</verb>  פרוזה.  <adverb>כיום</adverb>  <noun>מנהלת</noun>  <noun>גלריה</noun>  לצורפות  בירושלים  ובעלת  <noun>בלוג</noun>  באתר  דהמרקר,  בו  <pronoun>היא</pronoun>  <verb>מפרסמת</verb>  <noun>רשימות</noun>  וסיפורים.  <noun>סיפורים</noun>  <adjective>קצרים</adjective>  <noun>פרי</noun>  עטה  <verb>התפרסמו</verb>  בשנים  <date>1992-1988</date>  בהארץ  ובמעריב,  וכן  בכתבי  <noun>העת</noun>  <numeral>אלפיים</numeral>  ופרוזה.  סיפוריה  "למה  <verb>התכוון</verb>  <properName>קהלת</properName>  (או  <preposition>על</preposition>  <noun>תפקיד</noun>  החלומות)"  ו"תסביך  סינדרלה"  <verb>תורגמו</verb>  לאנגלית  ולגרמנית,  בהתאמה.
  ספרה  הראשון,  <noun>שאון</noun>  מותו  <shel-preposition>של</shel-preposition>  שימק,  <verb>התפרסם</verb>  <date>ב-1989</date>  בהוצאת  <preposition>עם</preposition>  עובד.  <noun>הספר</noun>  <verb>כולל</verb>  <noun>סיפורים</noun>  <adjective>קצרים</adjective>  <noun>בעלי</noun>  <noun>גוון</noun>  סוריאליסטי,  שעלילתם  <verb>נעה</verb>  <preposition>בין</preposition>  <adjective>היומיומי</adjective>  לפנטסטי.  <noun>המצבים</noun>  הלא-מציאותיים  והאבסורדיים,  <noun>האפיזודות</noun>  שהקשר  ביניהן  <negation>לא</negation>  <verb>תואם</verb>  <adverb>תמיד</adverb>  <at-preposition>את</at-preposition>  <noun>כללי</noun>  ההיגיון,  <noun>המצבים</noun>  <adjective>הקיומיים</adjective>  והרגשיים  שאותם  <verb>מבטאים</verb>  <noun>הסיפורים</noun>  והתחושה  שטמונה  בדברים  <noun>משמעות</noun>  <adjective>סמלית</adjective>  כלשהי,  <conjunction>גם</conjunction>  <conjunction>אם</conjunction>  <copula>איננה</copula>  <adjective>גלויה</adjective>  <punctuation>–</punctuation>  <quantifier>כל</quantifier>  <pronoun>אלה</pronoun>  <verb>מקנים</verb>  לחלק  <adjective>ניכר</adjective>  <preposition>מן</preposition>  <noun>הסיפורים</noun>  <noun>אווירה</noun>  <shel-preposition>של</shel-preposition>  חלום.  לדוגמה,  <noun>העיר</noun>  <adjective>הדמיונית</adjective>  מאלאוורה,  <participle>החוזרת</participle>  בכמה  סיפורים,  <verb>מופיעה</verb>  <pronomial>הן</pronomial>  כזירת  <noun>התרחשות</noun>  <shel-preposition>של</shel-preposition>  <noun>אירועים</noun>  <adjective>דמיוניים</adjective>  מוזרים,  שכמו  <participle>לקוחים</participle>  <preposition>מתוך</preposition>  <noun>חלום</noun>  (בסיפור  "תום  <noun>עובר</noun>  ממאלאוורה  לאשדוד")  והן  כסמל  למצב  <adjective>תודעתי</adjective>  ורגשי  <adjective>מסוים</adjective>  (בסיפור  "איך  <copula>הייתי</copula>  לסופרת").  <noun>הסיפורים</noun>  בקובץ  <pronoun>זה</pronoun>  <verb>מעודדים</verb>  <at-preposition>את</at-preposition>  <noun>הקורא</noun>  <verb>לבצע</verb>  <noun>קריאה</noun>  <adjective>פרשנית</adjective>  ומעלים  <noun>אפשרויות</noun>  <adjective>פרשניות</adjective>  שונות,  שאינן  <verb>מתכנסות</verb>  <preposition>לכדי</preposition>  <noun>מסגרת</noun>  <adjective>פרשנית</adjective>  <adjective>ברורה</adjective>  ומהודקת.
  ספרה  השני,  באבא  <properName>יאגה</properName>  <date>(2001),</date>  <verb>מבוסס</verb>  <preposition>על</preposition>  <noun>הביוגרפיה</noun>  שלה,  והוא  <verb>מסופר</verb>  מנקודת  מבטה  <shel-preposition>של</shel-preposition>  <noun>ילדה</noun>  <participle>המבליעה</participle>  בתוכה  <conjunction>גם</conjunction>  <at-preposition>את</at-preposition>  <noun>זווית</noun>  <noun>הראייה</noun>  <shel-preposition>של</shel-preposition>  המבוגרת.  <noun>העלילה</noun>  <verb>מתמקדת</verb>  בחוויות  <noun>הילדות</noun>  בחיק  <noun>המשפחה</noun>  <properName>בלגניצה</properName>  שבפולין,  <conjunction>אך</conjunction>  דרכן  <verb>עולה</verb>  <conjunction>גם</conjunction>  <noun>התמודדות</noun>  <participle>הסובבים</participle>  אותה  <preposition>עם</preposition>  <noun>מלחמת</noun>  <noun>העולם</noun>  <numeral>השנייה</numeral>  ועם  <properName>שלטון</properName>  סטלין,  וכן  <noun>סוגיות</noun>  <participle>הקשורות</participle>  לזהות,  <pronomial>הן</pronomial>  <adverb>אישית</adverb>  והן  <adjective>תרבותית</adjective>  ולאומית.  חוויותיה  <shel-preposition>של</shel-preposition>  <noun>הילדה</noun>  והבנתה  <at-preposition>את</at-preposition>  <participle>המתרחש</participle>  סביבה  <verb>מתווכות</verb>  <preposition>על</preposition>  <noun>ידי</noun>  <noun>דמויות</noun>  מאגדות  <noun>הילדים</noun>  המקומיות,  ובראשן  <noun>המכשפה</noun>  באבא  יאגה,  שבדמותה  <verb>מתגלמות</verb>  חרדותיה  <shel-preposition>של</shel-preposition>  הילדה.
  References:  
  צור,  יגאל.  "מיותר  ומרגיז".  <preposition>על</preposition>  המשמר.  <date>25.8.1989.</date>  18;  המרמן,  אילנה.  "על  <noun>רשימה</noun>  <adjective>מיותרת</adjective>  ומרגיזה".  <preposition>על</preposition>  המשמר.  <date>22.9.1989.</date>  19;  גוטקינד,  נעמי.  "בסימן  <noun>חוסר</noun>  <noun>ודאות</noun>  קיומית".  הצופה.  <date>30.6.1989.</date>  6;  מטלון,  רונית.  "יצאתי  לחופשה  <preposition>ללא</preposition>  <noun>תשלום</noun>  <conjunction>כדי</conjunction>  <verb>לחשוב</verb>  <preposition>על</preposition>  המוות".  <noun>הארץ</noun>  מוסף.  <date>23.6.1989.</date>  36-34.
 
		</body>
	</text>
</TEI>