<?xml version="1.0" encoding="UTF-8"?>
<?xml-model href="http://www.tei-c.org/release/xml/tei/custom/schema/relaxng/tei_all.rng" type="application/xml" schematypens="http://relaxng.org/ns/structure/1.0"?>
<?xml-model href="http://www.tei-c.org/release/xml/tei/custom/schema/relaxng/tei_all.rng" type="application/xml"
	schematypens="http://purl.oclc.org/dsdl/schematron"?>
<TEI xmlns="http://www.tei-c.org/ns/1.0">
   <teiHeader>
      <fileDesc>
         <publicationStmt>
            <p>Publication Information</p>
         </publicationStmt>
         <sourceDesc>
            <p>Information about the source</p>
         </sourceDesc>
      </fileDesc>
   </teiHeader>
   <text>
      <body>
 Name:  זינגר,  גלי-דנה  
  <foreign>Birth</foreign>  Year:  <date>1962
</date>  <foreign>Birth</foreign>  Place:  <verb>התחנכה</verb>  בסנטפטרבורג,  רוסיה,
  Occupation:  משוררת,  <noun>מתרגמת</noun>  ועורכת
  <foreign>Entry</foreign>  writer:  מי-טל  נדלר
  <foreign>Entry</foreign>  Value:  
  <verb>נולדה</verb>  והתחנכה  בסנטפטרבורג,  רוסיה,  <adverb>שם</adverb>  <verb>למדה</verb>  במכון  לתיאטרון,  למוזיקה  ולקולנוע  ופירסמה  <numeral>ארבעה</numeral>  <noun>ספרי</noun>  שירה.  <date>ב-1985</date>  <verb>החליטה</verb>  <verb>לעלות</verb>  לישראל,  <conjunction>אך</conjunction>  באותה  <noun>העת</noun>  <negation>לא</negation>  <copula>היה</copula>  <modal>אפשר</modal>  <verb>לצאת</verb>  לישראל  מעיר  הולדתה,  והיא  <verb>עברה</verb>  <verb>להתגורר</verb>  בריגה,  לטביה,  <preposition>עם</preposition>  בעלה  <noun>הסופר</noun>  והצייר  <properName>נקודא</properName>  זינגר.  <conjunction>לאחר</conjunction>  כשלוש  <noun>שנים</noun>  <verb>הגיעה</verb>  <adverb>ארצה</adverb>  והתיישבה  בירושלים.  <adjective>סמוך</adjective>  לעלייתה  <verb>החלה</verb>  <verb>להיחשף</verb>  לספרות  <adjective>העברית</adjective>  ולכתוב  <noun>שירים</noun>  בעברית.  <adverb>במקביל</adverb>  <verb>המשיכה</verb>  בכתיבה  ברוסית  והחלה  לתרגם  <noun>שירה</noun>  <properName>עברית</properName>  <adjective>עכשווית</adjective>  לרוסית.  <verb>יזמה</verb>  <noun>שיתופי</noun>  <noun>פעולה</noun>  שהפגישו  <noun>משוררים</noun>  <adjective>רוסים</adjective>  ועבריים,  ובשיתוף  <preposition>עם</preposition>  <noun>המתרגם</noun>  <verb>פטר</verb>  <properName>קריקסונוב</properName>  והמשורר  <properName>אמיר</properName>  <properName>אור</properName>  <verb>הנחתה</verb>  <at-preposition>את</at-preposition>  <noun>סדנת</noun>  <noun>התרגום</noun>  "שיח  משוררים".  <conjunction>כמו</conjunction>  <conjunction>כן</conjunction>  <verb>ערכה</verb>  <at-preposition>את</at-preposition>  <noun>האנתולוגיה</noun>  הדו-לשונית  <noun>שיח</noun>  <noun>משוררים</noun>  <date>(1999).
</date>  <noun>ספר</noun>  שיריה  <numeral>הראשון</numeral>  בעברית,לחשוב:  <noun>נהר</noun>  (הקיבוץ  המאוחד,  <date>2000),</date>  <verb>מתאפיין</verb>  בשפה  ובמצלול  עשירים.  <pronoun>הוא</pronoun>  <verb>עוסק</verb>  בחוויות  <shel-preposition>של</shel-preposition>  בדידות,  <adjective>זרות</adjective>  וזהות.  <at-preposition>את</at-preposition>  הספר,  שנכתב  <adverb>תחילה</adverb>  ברוסית,  <verb>תירגמה</verb>  בעצמה,  בשיתוף  <preposition>עם</preposition>  <noun>המשוררים</noun>  <properName>אמיר</properName>  אור,  <properName>רות</properName>  בלומרט,  <properName>זלי</properName>  גורביץ',  <properName>מרדכי</properName>  גלדמן,  <properName>מרים</properName>  נייגר-פליישמן  ופטר  קריקסונוב.  <noun>הספר</noun>  <verb>התקבל</verb>  באהדה  וזיכה  <at-preposition>את</at-preposition>  <noun>המשוררת</noun>  בפרס  <noun>טבע</noun>  לשירה  בפסטיבל  <noun>השירה</noun>  במטולה  <date>(2001).</date>  
  תפישתה  <at-preposition>את</at-preposition>  <noun>התרבות</noun>  <adjective>הרוסית</adjective>  כחלק  <wPrefix>בלתי</wPrefix>  <adjective>נפרד</adjective>  מההווי  והנוף  הישראליים,  ופעולתה  לקידום  <noun>הקשרים</noun>  <preposition>בין</preposition>  <numeral>שתי</numeral>  התרבויות,  <verb>הביאו</verb>  אותה  <date>ב-2001</date>  <verb>לייסד</verb>  ולערוך,  בשיתוף  <preposition>עם</preposition>  <properName>נקודא</properName>  זינגר,  <at-preposition>את</at-preposition>  <noun>כתב</noun>  <noun>העת</noun>  הדו-לשוני  נקודתיים.  בכתב  העת,  שבלט  בעושרו  התרבותי,  <verb>פורסמו</verb>  <noun>שירה</noun>  <properName>עברית</properName>  <preposition>לצד</preposition>  <noun>שירה</noun>  <properName>רוסית</properName>  ותרגומים  <shel-preposition>של</shel-preposition>  <noun>משוררים</noun>  וסופרים  מערביים.  <pronoun>הוא</pronoun>  <verb>זכה</verb>  לפופולריות  <conjunction>אך</conjunction>  <verb>נסגר</verb>  <date>ב-2002</date>  <preposition>בשל</preposition>  <noun>חוסר</noun>  תקציב.  
  <date>ב-2002</date>  <verb>פירסמה</verb>  <at-preposition>את</at-preposition>  <noun>ספר</noun>  שיריה  השני,שירים  עיוורים.  <noun>הספר</noun>  <verb>ממשיך</verb>  מבחינה  <adjective>תמטית</adjective>  <at-preposition>את</at-preposition>  ספרה  <numeral>הראשון</numeral>  ומוסיף  עליו.  <adjective>ניכרים</adjective>  בו  <accusative-or-nominative>גם</accusative-or-nominative>  <noun>עיסוק</noun>  בחוויות  <shel-preposition>של</shel-preposition>  הגירה,  <noun>געגועים</noun>  למולדת  הישנה,  ועיסוק  ביחסים  <adjective>המורכבים</adjective>  שבין  <noun>התרבות</noun>  <adjective>העברית</adjective>  לרוסית.  <accusative-or-nominative>גם</accusative-or-nominative>  <noun>הספר</noun>  <pronoun>הזה</pronoun>  <verb>זכה</verb>  לתגובות  <adjective>אוהדות</adjective>  והקנה  לה  <noun>הכרה</noun>  <preposition>בקרב</preposition>  <noun>ציבור</noun>  <noun>קוראי</noun>  <noun>השירה</noun>  העברית.  <date>ב-2006</date>  <verb>ראה</verb>  <properName>אור</properName>  <noun>ספר</noun>  שיריה  <verb>צורף</verb>  מקרים.  <pronoun>הוא</pronoun>  <verb>מחולק</verb>  לארבעה  חלקים,  ועיקרו  <noun>שירה</noun>  <adjective>אינטרוספקטיבית</adjective>  וקיומית,  <participle>הכוללת</participle>  <noun>מוטיבים</noun>  <adjective>מנוגדים</adjective>  <shel-preposition>של</shel-preposition>  זיכרון,  שכחה,  <noun>שתיקה</noun>  ודיבור  ונבחנים  בו,  בלשון  <noun>פיגורטיבית</noun>  דשנה,  <noun>היחסים</noun>  שבין  <adjective>הריאליסטי</adjective>  <verb>לפנטסטי</verb>  ובין  <adjective>הקיים</adjective>  לאפשרי,  למקרי  ולאין.    
  בשירתה  <verb>מצליחה</verb>  <properName>זינגר</properName>  <verb>לשלב</verb>  <preposition>בין</preposition>  עיסוקה  בחוויות  העלייה,  בנטישת  <noun>המולדת</noun>  ובהסתגלות  למקום  ולשפה  חדשים,  <preposition>לבין</preposition>  התעקשותה  <preposition>על</preposition>  <noun>שפת</noun>  <noun>האם</noun>  והתרבות  הרוסית,  <participle>הנוכחת</participle>  בכל  מפעלה  <adjective>הספרותי</adjective>  <punctuation>–</punctuation>  <noun>ספרי</noun>  שיריה,  מסותיה  ושיתופי  <noun>הפעולה</noun>  הרוסיים-עבריים  שיצרה  <punctuation>–</punctuation>  כפרקי  <noun>זיכרון</noun>  <adjective>חיוניים</adjective>  וכהוויה  מכוננת.  
  <verb>השתתפה</verb>  בפסטיבלים  <adjective>רבים</adjective>  לשירה  בארץ  ובעולם,  שיריה  <verb>תורגמו</verb>  לשפות  שונות,  בהן  אנגלית,  <properName>יידיש</properName>  וגרוזינית.  <pronoun>היא</pronoun>  <verb>עוסקת</verb>  <accusative-or-nominative>גם</accusative-or-nominative>  בצילום  ובאיור,  ויצירותיה  <verb>הוצגו</verb>  בתערוכות  <adjective>אחדות</adjective>  בישראל.  <verb>זכתה</verb>  בפרס  <noun>שר</noun>  <noun>הקליטה</noun>  לכותבים  בשפות  <adjective>זרות</adjective>  <date>(1996)</date>  ובפרס  <noun>היצירה</noun>  <preposition>על</preposition>  <adverb>שם</adverb>  <noun>ראש</noun>  <noun>הממשלה</noun>  <properName>לוי</properName>  <properName>אשכול</properName>  <date>(2004).
</date>  References:  
  וייכרט,  רפי.  "פעימת  <noun>הלב</noun>  הרוסי".  <properName>מעריב</properName>  <noun>ספרות</noun>  וספרים.  <date>9.7.1999.</date>  29;  לאור,  יצחק.  "גדול  <adjective>דומה</adjective>  <adverb>יותר</adverb>  לאמת  <conjunction>מאשר</conjunction>  קטן".  <noun>הארץ</noun>  <noun>תרבות</noun>  וספרות.  <date>6.11.1998.</date>  ב'15;  שחל,  יובל.  "מוסקווה  <preposition>על</preposition>  ההדסון?  סנקט-פטרבורג  <preposition>על</preposition>  הירקון".  <noun>הארץ</noun>  ספרים.  <date>1.11.2000.</date>  11;  קלדרון,  נסים.  "להיתקל  בעברית,  <conjunction>אבל</conjunction>  ברכות".  <properName>מעריב</properName>  ספרות.  <date>14.3.2003.</date>  25.  
 
		</body>
	</text>
</TEI>