<?xml version="1.0" encoding="UTF-8"?>
<?xml-model href="http://www.tei-c.org/release/xml/tei/custom/schema/relaxng/tei_all.rng" type="application/xml" schematypens="http://relaxng.org/ns/structure/1.0"?>
<?xml-model href="http://www.tei-c.org/release/xml/tei/custom/schema/relaxng/tei_all.rng" type="application/xml"
	schematypens="http://purl.oclc.org/dsdl/schematron"?>
<TEI xmlns="http://www.tei-c.org/ns/1.0">
   <teiHeader>
      <fileDesc>
         <publicationStmt>
            <p>Publication Information</p>
         </publicationStmt>
         <sourceDesc>
            <p>Information about the source</p>
         </sourceDesc>
      </fileDesc>
   </teiHeader>
   <text>
      <body>
 Name:  זך,  נתן
  <foreign>Birth</foreign>  Year:  <date>1930
</date>  <foreign>Birth</foreign>  Place:  <properName>ברלין</properName>  בשם  הארי
  Occupation:  משורר,  סופר,  <noun>מתרגם</noun>  ומסאי
  <foreign>Entry</foreign>  writer:  <properName>נסים</properName>  קלדרון
  <foreign>Entry</foreign>  Value:  
  <verb>נולד</verb>  בברלין  בשם  <noun>הארי</noun>  <properName>זייטלבך</properName>  לאביו  נורברט-נוח,  <noun>מנהל</noun>  <adjective>אמיד</adjective>  <shel-preposition>של</shel-preposition>  <noun>חברה</noun>  <adjective>מסחרית</adjective>  משפחתית,  ולאמו  קלמנטינה,  שמוצאה  איטלקי.  <date>ב-1934,</date>  <noun>שנה</noun>  <preposition>אחרי</preposition>  <noun>עליית</noun>  <noun>הנאצים</noun>  לשלטון,  <verb>עזבה</verb>  <noun>המשפחה</noun>  <at-preposition>את</at-preposition>  <properName>גרמניה</properName>  והצליחה  <verb>לקחת</verb>  איתה  <at-preposition>את</at-preposition>  <noun>רוב</noun>  רכושה.  <pronoun>הם</pronoun>  <verb>שהו</verb>  <quantifier>כמה</quantifier>  <noun>חודשים</noun>  בדנמרק  ובצרפת.  <date>ב-1935</date>  <verb>עבר</verb>  <preposition>עם</preposition>  אמו  לאיטליה,  והאב  <verb>עלה</verb>  לארץ  <conjunction>כדי</conjunction>  <verb>לבנות</verb>  <noun>בסיס</noun>  <adjective>כלכלי</adjective>  לקיום  המשפחה.  <date>ב-1936</date>  <verb>התאחדה</verb>  <noun>המשפחה</noun>  בחיפה.  <noun>האב</noun>  <verb>איבד</verb>  <at-preposition>את</at-preposition>  רכושו  בעסקי  <noun>בנייה</noun>  <verb>כושלים</verb>  והמשפחה  <verb>נאלצה</verb>  <verb>לחיות</verb>  בתנאי  מחסור.
  <verb>למד</verb>  בחיפה  בבית  <noun>הספר</noun>  "גאולה"  ובתיכון  "חוגים".  <date>ב-1946</date>  <verb>עברה</verb>  <noun>המשפחה</noun>  לתל  <properName>אביב</properName>  והוא  <verb>סיים</verb>  <at-preposition>את</at-preposition>  לימודיו  בבית  <noun>הספר</noun>  <noun>התיכון</noun>  למסחר  (לימים  <properName>גימנסיה</properName>  "גאולה").  <verb>השתתף</verb>  במלחמת  <noun>העצמאות</noun>  כקצין  <properName>מודיעין</properName>  וכקצין  <noun>ביטחון</noun>  חטיבתי.  <preposition>אחרי</preposition>  <noun>המלחמה</noun>  <verb>שירת</verb>  <noun>שנה</noun>  בצבא  הקבע.  <date>ב-1951</date>  <verb>עבר</verb>  לירושלים  ולמד  באוניברסיטה  <adjective>העברית</adjective>  <noun>פילוסופיה</noun>  ומדעי  המדינה.  <preposition>בגלל</preposition>  <noun>קשיים</noun>  <adjective>כלכליים</adjective>  <verb>סיים</verb>  <at-preposition>את</at-preposition>  <noun>לימודי</noun>  <noun>התואר</noun>  <numeral>הראשון</numeral>  <conjunction>רק</conjunction>  <date>ב-1963</date>  באוניברסיטת  <properName>תל</properName>  אביב,  <conjunction>כאשר</conjunction>  <adverb>כבר</adverb>  <verb>לימד</verb>  בה  <noun>ספרות</noun>  עברית.
  בירושלים  <verb>פגש</verb>  <at-preposition>את</at-preposition>  <properName>יהודה</properName>  עמיחי,  <properName>בנימין</properName>  הרושובסקי,  <properName>משה</properName>  דור,  <properName>אריה</properName>  <properName>סיון</properName>  ואחרים.  <noun>מפגשים</noun>  <pronoun>אלה</pronoun>  <verb>יצרו</verb>  <noun>תסיסה</noun>  ספרותית,  שאותותיה  <verb>ניכרו</verb>  למשך  <noun>שנים</noun>  <adjective>ארוכות</adjective>  בכתבי  עת,  בספרים,  בפולמוסים  <adjective>ספרותיים</adjective>  ובעמדות  פוליטיות.  <pronoun>הם</pronoun>  <verb>הקימו</verb>  <at-preposition>את</at-preposition>  <noun>חבורת</noun>  "לקראת",  שפעלה  בירושלים  בשנים  <date>1954-1949.</date>  <adjective>זך</adjective>  <copula>היה</copula>  <noun>דמות</noun>  <verb>מובילה</verb>  בחבורה  וערך  <adjective>רבים</adjective>  מפרסומיה.  <pronoun>הם</pronoun>  <verb>הוציאו</verb>  <numeral>חמישה</numeral>  <noun>גיליונות</noun>  <shel-preposition>של</shel-preposition>  <noun>כתב</noun>  <noun>עת</noun>  וכמה  <noun>ספרי</noun>  שירה,  בהם  <noun>הקובץ</noun>  בשלושה  <date>(1953),</date>  <verb>שבו</verb>  <verb>פורסמו</verb>  שיריו  <shel-preposition>של</shel-preposition>  <adjective>זך</adjective>  <preposition>לצד</preposition>  <noun>שירים</noun>  <shel-preposition>של</shel-preposition>  <properName>משה</properName>  <properName>דור</properName>  ואריה  סיון.  <date>ב-1957</date>  <verb>החל</verb>  <verb>להופיע</verb>  <noun>כתב</noun>  <noun>העת</noun>  עכשיו,  שגבריאל  <noun>מוקד</noun>  <copula>היה</copula>  <noun>הרוח</noun>  <adjective>החיה</adjective>  בו,  <conjunction>אבל</conjunction>  לזך  <copula>היה</copula>  <noun>חלק</noun>  בעריכת  <noun>גיליון</noun>  <numeral>אחד</numeral>  (4-3,  <properName>אביב</properName>  <date>1959,</date>  <preposition>עם</preposition>  <noun>מוקד</noun>  ועמיחי)  ובהתוויית  <noun>הכיוון</noun>  <adjective>האסתטי</adjective>  <shel-preposition>של</shel-preposition>  <noun>כתב</noun>  העת.
  <date>ב-1952</date>  <verb>חזר</verb>  <adjective>זך</adjective>  לתל  <properName>אביב</properName>  ולקח  <noun>חלק</noun>  בחיים  <adjective>הספרותיים</adjective>  בעיר.  <pronoun>הוא</pronoun>  <verb>פגש</verb>  <at-preposition>את</at-preposition>  <verb>נתן</verb>  אלתרמן,  <noun>אבות</noun>  ישורון,  <properName>יונתן</properName>  <properName>רטוש</properName>  וא"ד  שפיר,  והשפעת  <noun>פגישות</noun>  <pronoun>אלה</pronoun>  <adjective>ניכרת</adjective>  ביצירתו.  לפרנסתו  <verb>עבד</verb>  <preposition>בין</preposition>  <noun>השאר</noun>  כעורך  <noun>לילה</noun>  בעיתונים  <noun>דבר</noun>  ואומר.  <date>ב-1960</date>  <verb>החל</verb>  <verb>ללמד</verb>  <noun>ספרות</noun>  ב"סמינר  הקיבוצים"  ובאוניברסיטת  <properName>תל</properName>  אביב.  <date>ב-1967</date>  <verb>השתתף</verb>  במלחמת  <properName>ששת</properName>  הימים,  ואחריה  <verb>נסע</verb>  לאנגליה  והשלים  <at-preposition>את</at-preposition>  <noun>עבודת</noun>  <noun>הדוקטור</noun>  בספרות  <adjective>השוואתית</adjective>  באוניברסיטת  אסקס.  <pronoun>הוא</pronoun>  <verb>נשאר</verb>  באנגליה  אחת-עשרה  <noun>שנים</noun>  וחזר  לישראל  <date>ב-1978.</date>  <verb>שימש</verb>  <noun>פרופסור</noun>  לספרות  <adjective>עברית</adjective>  והשוואתית  באוניברסיטת  <properName>חיפה</properName>  <preposition>עד</preposition>  פרישתו  <date>ב-1999.</date>  <verb>התגורר</verb>  בחיפה,  בעין  <properName>הוד</properName>  ובתל  אביב.  
  <noun>ספר</noun>  שיריו  <adjective>העצמאי</adjective>  <numeral>הראשון</numeral>  <copula>היה</copula>  <noun>שירים</noun>  <noun>ראשונים</noun>  (המס"ה,  <date>1959),</date>  <conjunction>אבל</conjunction>  ספרו  השני,  <noun>שירים</noun>  <date>שונים(1960),</date>  <pronoun>הוא</pronoun>  שהשאיר  <noun>חותם</noun>  <adjective>עמוק</adjective>  <preposition>על</preposition>  <noun>השירה</noun>  <adjective>העברית</adjective>  ועל  <noun>הדרך</noun>  <verb>שבה</verb>  <pronoun>היא</pronoun>  <verb>נקראת</verb>  <adverb>מאז</adverb>  הופעתו.  <noun>חותם</noun>  <adjective>עמוק</adjective>  <negation>לא</negation>  <adverb>פחות</adverb>  <verb>השאירה</verb>  מסתו  "הרהורים  <preposition>על</preposition>  <verb>שירת</verb>  אלתרמן",  שהתפרסמה  <date>ב-1959</date>  (עכשיו  4-3).  <noun>החידוש</noun>  <adjective>האסתטי</adjective>  <shel-preposition>של</shel-preposition>  שיריו,  ובמיוחד  <noun>החושניות</noun>  <adjective>המוזיקלית</adjective>  הבלתי-סדירה,  <verb>השפיעו</verb>  <adverb>עמוקות</adverb>  <preposition>על</preposition>  <noun>יוצרים</noun>  <adjective>מרכזיים</adjective>  בשירה  העברית,  וגם  <preposition>על</preposition>  <noun>יוצרים</noun>  <adjective>מרכזיים</adjective>  בפרוזה.  <conjunction>אבל</conjunction>  <negation>לא</negation>  <adverb>פחות</adverb>  מכך  <verb>השפיעו</verb>  <noun>הרעיונות</noun>  <adjective>האסתטיים</adjective>  והמבט  <adjective>הביקורתי</adjective>  <shel-preposition>של</shel-preposition>  <adjective>זך</adjective>  המסאי.  <preposition>לצד</preposition>  שיריו  <pronoun>הוא</pronoun>  <verb>המשיך</verb>  <verb>לפרסם</verb>  <quantifier>כל</quantifier>  <noun>השנים</noun>  <conjunction>גם</conjunction>  <noun>מסות</noun>  <adjective>ספרותיות</adjective>  ומאמרי  ביקורת,  והחל  בשנות  <numeral>השמונים</numeral>  <conjunction>גם</conjunction>  מאמרים  פוליטיים.  <pronoun>הוא</pronoun>  <copula>היה</copula>  <conjunction>גם</conjunction>  <noun>המשורר</noun>  שחולל  <noun>תמורה</noun>  <adjective>רבתי</adjective>  בשירה  העברית,  וגם  <noun>הוגה</noun>  <noun>הדעות</noun>  שהסביר  <at-preposition>את</at-preposition>  <noun>התמורה</noun>  הזאת.  
  "רֶגַע  <verb>אֶחָד</verb>  שֶׁקֶט  בְּבַקָּשָׁה.  אָנָּא.  אֲנִי/  <properName>רוֹצֶה</properName>  לוֹמַר  <adjective>דְּבַר</adjective>  מָה".  <noun>מילים</noun>  אלה,  <participle>הפותחות</participle>  <at-preposition>את</at-preposition>  <noun>השיר</noun>  "רגע  אחד",  <participle>המופיע</participle>  <numeral>ראשון</numeral>  בשירים  שונים,  <verb>נעשו</verb>  <noun>קוד</noun>  למרחבים  <adjective>תרבותיים</adjective>  <adjective>גדולים</adjective>  בעברית.  <conjunction>הן</conjunction>  <verb>נשאו</verb>  בתמצית  <at-preposition>את</at-preposition>  השפעתו  <shel-preposition>של</shel-preposition>  <adjective>זך</adjective>  <preposition>על</preposition>  טעמו  <adjective>הספרותי</adjective>  <shel-preposition>של</shel-preposition>  <properName>דור</properName>  שלם,  <preposition>על</preposition>  <noun>חוליות</noun>  <noun>החיבור</noun>  שבין  <noun>שירה</noun>  <preposition>לבין</preposition>  <noun>מחשבה</noun>  רוחנית,  <preposition>על</preposition>  <noun>הטקסטים</noun>  ועל  <noun>המקצב</noun>  <shel-preposition>של</shel-preposition>  <noun>המוזיקה</noun>  הפופולרית,  <preposition>על</preposition>  <noun>טון</noun>  <noun>הכתיבה</noun>  <shel-preposition>של</shel-preposition>  <noun>עיתונאים</noun>  ועל  <noun>תרבות</noun>  <noun>הזיכרון</noun>  וההנצחה  בישראל.  
  <adjective>זך</adjective>  <verb>תקף</verb>  <at-preposition>את</at-preposition>  <properName>אלתרמן</properName>  <preposition>על</preposition>  <noun>היעדר</noun>  <noun>תשומת</noun>  <noun>לב</noun>  למילה  <adjective>הבודדת</adjective>  ולאמירה  האישית,  <preposition>על</preposition>  <noun>התבנית</noun>  <adjective>המשקלית</adjective>  <adjective>האחידה</adjective>  והנוקשה  ועל  <noun>הטון</noun>  החגיגי.  <pronoun>הוא</pronoun>  <conjunction>גם</conjunction>  <verb>הוביל</verb>  <noun>מגמה</noun>  <shel-preposition>של</shel-preposition>  <noun>ניתוק</noun>  <noun>השירה</noun>  <adjective>העברית</adjective>  מהשפעות  <shel-preposition>של</shel-preposition>  <noun>סימבוליזם</noun>  <adjective>רוסי</adjective>  וצרפתי  והובלתה  <preposition>אל</preposition>  <noun>השפעות</noun>  <shel-preposition>של</shel-preposition>  <noun>מודרניזם</noun>  <properName>אנגלוסקסי</properName>  וגרמני.  רובם  <adjective>הגדול</adjective>  <shel-preposition>של</shel-preposition>  <noun>המשוררים</noun>  <adjective>העבריים</adjective>  <verb>הפנימו</verb>  <at-preposition>את</at-preposition>  <noun>הנטיות</noun>  <pronoun>האלה</pronoun>  וחשבו  שהרגישות  <adjective>השירית</adjective>  שמציע  <adjective>זך</adjective>  <verb>אינה</verb>  <conjunction>רק</conjunction>  <noun>ביטוי</noun>  לאופיו  שלו  ולדרך  כתיבתו  האישית,  <conjunction>אלא</conjunction>  <conjunction>גם</conjunction>  למצב  <adjective>הרוחני</adjective>  <verb>שבו</verb>  <pronoun>הם</pronoun>  חיים,  ולמצב  <adjective>העברית</adjective>  שהשתנה  בשנות  החמישים.  <preposition>בין</preposition>  שמדובר  בבני  דורו  <shel-preposition>של</shel-preposition>  זך,  <conjunction>כמו</conjunction>  <properName>דליה</properName>  רביקוביץ,  ובין  שמדובר  במבוגרים  ממנו,  <conjunction>כמו</conjunction>  <properName>אמיר</properName>  גלבע,  <conjunction>או</conjunction>  בצעירים  ממנו,  <conjunction>כמו</conjunction>  <properName>מאיר</properName>  ויזלטיר,  שירתו  <copula>היתה</copula>  בשבילם  <noun>אתגר</noun>  יצירתי.  <noun>הסירוב</noun>  לחגיגיות,  <noun>המוזיקליות</noun>  הבלתי-סדורה  והמחויבות  לקול  <adjective>אישי</adjective>  <verb>נעשו</verb>  <noun>עיקרים</noun>  <adjective>אסתטיים</adjective>  שעברו  ממשורר  למשורר.  <negation>לא</negation>  <adverb>תמיד</adverb>  <pronoun>הם</pronoun>  <verb>התקבלו</verb>  בהסכמה.  <preposition>אצל</preposition>  ויזלטיר,  למשל,  <pronoun>הם</pronoun>  <verb>עוררו</verb>  <conjunction>גם</conjunction>  <noun>הסכמה</noun>  <adjective>חלקית</adjective>  וגם  <noun>התנגדות</noun>  תקיפה.  <conjunction>אבל</conjunction>  <noun>ויכוח</noun>  <adjective>עז</adjective>  בשירה  <copula>אינו</copula>  <noun>ביטוי</noun>  להיעדר  השפעה;  להפך,  <pronoun>הוא</pronoun>  <numeral>אחד</numeral>  מביטויי  <noun>ההשפעה</noun>  <adjective>הבולטים</adjective>  ביותר.  <conjunction>אפילו</conjunction>  אלתרמן,  <noun>המשורר</noun>  <adjective>העיקרי</adjective>  שאותו  <verb>תקף</verb>  זך,  <verb>מצא</verb>  <noun>דרך</noun>  משלו  <punctuation>–</punctuation>  בספרו  <noun>חגיגת</noun>  <noun>קיץ</noun>  <date>(1965)</date>  <punctuation>–</punctuation>  <verb>להתפלמס</verb>  <preposition>עם</preposition>  <noun>עיקרי</noun>  האסתטיקה,  שעברו  <adverb>במהירות</adverb>  מזך  <preposition>אל</preposition>  <noun>עולם</noun>  <noun>הספרות</noun>  הישראלי,  <conjunction>אבל</conjunction>  <conjunction>גם</conjunction>  <verb>לקבל</verb>  <noun>משהו</noun>  מהם.  
  <quantifier>כל</quantifier>  <noun>החלב</noun>  והדבש  <date>(1966)</date>  <copula>היה</copula>  <noun>קובץ</noun>  <noun>שירים</noun>  <adjective>שונה</adjective>  <adverb>מאוד</adverb>  משירים  שונים.  המוזיקליות,  שסירבה  <adverb>במופגן</adverb>  לכל  נחמה,  <verb>התחלפה</verb>  בדיבור  שחיפש  <noun>חום</noun>  אנושי,  והבדידות  <adjective>המרה</adjective>  <shel-preposition>של</shel-preposition>  <adjective>היחיד</adjective>  <verb>פינתה</verb>  <noun>מקום</noun>  לחלב  ולדבש  <shel-preposition>של</shel-preposition>  <noun>חלום</noun>  <noun>הקרבה</noun>  <preposition>בין</preposition>  בודדים.  <conjunction>כפי</conjunction>  שנהג  <adjective>זך</adjective>  כאן,  <pronoun>כך</pronoun>  <verb>נהג</verb>  <conjunction>גם</conjunction>  בספריו  הבאים:  בכל  <noun>ספר</noun>  <verb>נטש</verb>  <noun>חלק</noun>  מהמאפיינים  <shel-preposition>של</shel-preposition>  סגנונו  הקודם,  ועיצב  <noun>קול</noun>  חדש.  <at-preposition>את</at-preposition>  <quantifier>כל</quantifier>  <noun>החלב</noun>  והדבש  <verb>קיבל</verb>  <noun>קהל</noun>  <noun>הקוראים</noun>  באהבה  מיוחדת.  <noun>הספר</noun>  <verb>הופיע</verb>  במהדורות  רבות,  <date>וב-2002</date>  <verb>הופיעה</verb>  <noun>מהדורה</noun>  <verb>מורחבת</verb>  <preposition>עם</preposition>  דיסק,  <verb>שבו</verb>  <verb>קורא</verb>  <noun>המשורר</noun>  משיריו.  <date>ב-1966</date>  <verb>הופיע</verb>  <conjunction>גם</conjunction>  <noun>הספר</noun>  במקום  חלום,  <noun>מחזור</noun>  <noun>שירים</noun>  <preposition>על</preposition>  איטליה,  <preposition>עם</preposition>  <noun>ציורים</noun>  <shel-preposition>של</shel-preposition>  <properName>יגאל</properName>  תומרקין.  
  <date>ב-1979,</date>  <adjective>שנתיים</adjective>  <preposition>אחרי</preposition>  שובו  <adverb>ארצה</adverb>  מלונדון  ושלוש-עשרה  <noun>שנים</noun>  <preposition>אחרי</preposition>  <noun>ספר</noun>  שיריו  הקודם,  <verb>הוציא</verb>  <at-preposition>את</at-preposition>  <noun>צפונית</noun>  מזרחית.  <noun>החידוש</noun>  <adjective>העיקרי</adjective>  <adverb>כאן</adverb>  <copula>היה</copula>  האידיליות.  <noun>הז'אנר</noun>  <adjective>הקלאסי</adjective>  <shel-preposition>של</shel-preposition>  <properName>האידיליה</properName>  <copula>היה</copula>  <adjective>מרוחק</adjective>  <adverb>מאוד</adverb>  מהמשורר  <adjective>המובהק</adjective>  <shel-preposition>של</shel-preposition>  <noun>הקיטוע</noun>  המודרני.  <adverb>אולי</adverb>  <adverb>דווקא</adverb>  <conjunction>משום</conjunction>  <pronoun>כך</pronoun>  <verb>נמשך</verb>  אליו  זך,  וחיבר  <preposition>בין</preposition>  <noun>הרגישות</noun>  <adjective>העתיקה</adjective>  <shel-preposition>של</shel-preposition>  <noun>השלווה</noun>  <adjective>הטוטלית</adjective>  <adjective>המדומה</adjective>  <preposition>לבין</preposition>  <noun>הרגישות</noun>  <adjective>המודרנית</adjective>  <shel-preposition>של</shel-preposition>  <noun>הניכור</noun>  <adjective>הטוטלי</adjective>  המדומה.  <date>ב-1984</date>  <verb>הופיע</verb>  <wPrefix>אנטי</wPrefix>  מחיקון.  <noun>מלחמת</noun>  <properName>לבנון</properName>  <copula>היתה</copula>  בעיצומה,  וכאן  <verb>הבשיל</verb>  <noun>תהליך</noun>  נוסף(שהחל  בצפונית  מזרחית):  <noun>פוליטיזציה</noun>  <shel-preposition>של</shel-preposition>  השיר.  <adjective>זך</adjective>  <adjective>המוקדם</adjective>  <copula>היה</copula>  משורר,  וגם  מבקר,  שהקפיד  <preposition>על</preposition>  <noun>ריחוק</noun>  <preposition>מן</preposition>  <noun>הצדדים</noun>  <adjective>הפוליטיים</adjective>  <shel-preposition>של</shel-preposition>  <noun>החיים</noun>  המודרניים.  <pronoun>הוא</pronoun>  <verb>הוביל</verb>  בבירור  <noun>מגמה</noun>  שהתפתחה  בספרות  <adjective>העברית</adjective>  <preposition>אחרי</preposition>  <noun>מלחמת</noun>  העצמאות:  <noun>חשד</noun>  בפוליטיקה  וזיהוי  <preposition>בין</preposition>  <adjective>הפוליטי</adjective>  בספרות  <preposition>לבין</preposition>  <adjective>השטחי</adjective>  והז'ורנליסטי.  <conjunction>אבל</conjunction>  באנטי  <properName>מחיקון</properName>  <pronoun>הוא</pronoun>  <copula>היה</copula>  מהמובילים  <shel-preposition>של</shel-preposition>  <noun>מגמה</noun>  מנוגדת,  שסופרים  <adjective>רבים</adjective>  <copula>היו</copula>  <noun>שותפים</noun>  לה  <punctuation>–</punctuation>  בהם  <properName>דליה</properName>  <properName>רביקוביץ</properName>  ודוד  <properName>אבידן</properName>  <punctuation>–</punctuation>  <shel-preposition>של</shel-preposition>  <verb>חזרה</verb>  <preposition>אל</preposition>  <noun>הממד</noun>  הפוליטי.  <noun>מלחמת</noun>  <properName>לבנון</properName>  <verb>גרמה</verb>  <conjunction>לו</conjunction>  <verb>להפוך</verb>  לדמות  <verb>מעוררת</verb>  <noun>מחלוקת</noun>  בשדה  <adjective>הפוליטי</adjective>  הישראלי.  <adverb>מכאן</adverb>  <verb>התפתחה</verb>  <noun>פעילות</noun>  <adjective>ציבורית</adjective>  שיטתית,  בשיתוף  <preposition>עם</preposition>  <properName>אמיל</properName>  <adjective>חביבי</adjective>  ואחרים;  <adverb>מכאן</adverb>  <verb>צמחו</verb>  <noun>שירי</noun>  <noun>מחאה</noun>  <noun>בעלי</noun>  <noun>אמירה</noun>  <adjective>פולמוסית</adjective>  חדה;  ומכאן  <verb>צמחו</verb>  <conjunction>גם</conjunction>  <noun>שירים</noun>  <conjunction>כמו</conjunction>  "יבשת  אבודה",  שבהם  <verb>עברו</verb>  <noun>החיים</noun>  <adjective>הפוליטיים</adjective>  <properName>טרנספורמציה</properName>  אישית,  והממד  <adjective>החווייתי</adjective>  <verb>גובר</verb>  בהם  <preposition>על</preposition>  <noun>ממד</noun>  המחאה.
  <verb>חלפו</verb>  <noun>תריסר</noun>  שנים,  <date>וב-1996</date>  <verb>פירסם</verb>  <adjective>זך</adjective>  <noun>ספר</noun>  <noun>שירים</noun>  <adjective>רחב</adjective>  <noun>היקף</noun>  בשם  <conjunction>כיוון</conjunction>  שאני  בסביבה.  בהקדמה  וגם  בעמודי  השער,  <adjective>החיצוני</adjective>  והפנימי,  <verb>מבהיר</verb>  <adjective>זך</adjective>  שהספר  <verb>כולל</verb>  <numeral>שלושה</numeral>  קבצים:  "בצד  <numeral>השני</numeral>  <shel-preposition>של</shel-preposition>  שינקין",  "שירים  לספר  חדש"  ו"בחרוזים  <adjective>ישנים</adjective>  וחדשים".  <pronoun>זהו</pronoun>  ספרו  <adjective>המגוון</adjective>  ביותר.  <existential>יש</existential>  בו  <noun>שירים</noun>  <adjective>סיפוריים</adjective>  ארוכים,  <participle>המתקרבים</participle>  <preposition>אל</preposition>  <noun>לשון</noun>  הפרוזה;  <existential>יש</existential>  בו  <noun>שירים</noun>  <adjective>קלים</adjective>  וקצרצרים,  <noun>בעלי</noun>  <noun>חריזה</noun>  <noun>אלתרמנית</noun>  מחויכת;  <existential>יש</existential>  בו  <noun>שירי</noun>  <noun>בעלי</noun>  <verb>חיים</verb>  ושירי  מסע;  ויש  בו  <noun>מחזור</noun>  <shel-preposition>של</shel-preposition>  <noun>שירים</noun>  <participle>גנוזים</participle>  <preposition>מן</preposition>  העבר,  ששמו,  "שירים  משכבר",  <pronoun>הוא</pronoun>  <noun>השם</noun>  שבחר  <properName>אלתרמן</properName>  למהדורה  <participle>המקובצת</participle>  <shel-preposition>של</shel-preposition>  שיריו  המוקדמים.  <noun>החידוש</noun>  <adjective>העיקרי</adjective>  בספר  <pronoun>הוא</pronoun>  <noun>העיסוק</noun>  <adjective>הרחב</adjective>  בקולות  <adjective>שונים</adjective>  ובז'אנרים  <adjective>שיריים</adjective>  שונים,  ובהשפעת  <noun>ההגירה</noun>  <preposition>על</preposition>  חייו  ועל  יצירתו.  <preposition>לאחר</preposition>  <noun>שנים</noun>  <adjective>רבות</adjective>  שבהן  <verb>עיצב</verb>  <noun>אסתטיקה</noun>  <participle>המבוססת</participle>  <preposition>על</preposition>  <noun>הפשטה</noun>  <shel-preposition>של</shel-preposition>  <noun>הניסיון</noun>  <adjective>הביוגרפי</adjective>  וההיסטורי,  מעצב  <adjective>זך</adjective>  בספר  <pronoun>הזה</pronoun>  <noun>קול</noun>  <shel-preposition>של</shel-preposition>  <noun>משורר</noun>  <adjective>השקוע</adjective>  בחוויה  <adjective>היסטורית</adjective>  טראומטית.  
  בספר  <noun>הזמיר</noun>  <adverb>כבר</adverb>  <negation>לא</negation>  <verb>גר</verb>  <adverb>פה</adverb>  <adverb>יותר</adverb>  <date>(2004)</date>  <existential>יש</existential>  <noun>מחזור</noun>  <numeral>אחד</numeral>  <shel-preposition>של</shel-preposition>  <numeral>חמישים</numeral>  ושלושה  <noun>שירים</noun>  ו"אחרית  דבר"  ובה  <numeral>עשרה</numeral>  שירים.  <conjunction>גם</conjunction>  <adverb>כאן</adverb>  <verb>באה</verb>  <preposition>לידי</preposition>  <noun>ביטוי</noun>  <noun>חוויית</noun>  הפליט,  <pronoun>זו</pronoun>  שזך  <verb>נושא</verb>  איתו  מעברו  האישי,  וזו  שהוא  <verb>קובע</verb>  כמאפיינת  <adjective>טרגית</adjective>  <adjective>מרכזית</adjective>  <shel-preposition>של</shel-preposition>  <numeral>המאה</numeral>  <numeral>העשרים</numeral>  ושל  שירתה,  <preposition>בין</preposition>  <properName>ברלין</properName>  לרמאללה.  שמו  <shel-preposition>של</shel-preposition>  <noun>הספר</noun>  <verb>נותן</verb>  <noun>ביטוי</noun>  לנושא  <adjective>מרכזי</adjective>  <adjective>נוסף</adjective>  <participle>המעסיק</participle>  <at-preposition>את</at-preposition>  <adjective>זך</adjective>  בשירים  אלה:  <noun>הצמצום</noun>  <participle>ההולך</participle>  וגובר  במידת  נוכחותה  ומרכזיותה  <shel-preposition>של</shel-preposition>  <noun>השירה</noun>  בעולם  המודרני.  שיריו  <verb>כונסו</verb>  <date>ב-2008</date>  בשלושת  כרכי  <quantifier>כל</quantifier>  <noun>השירים</noun>  ושירים  <adjective>חדשים</adjective>  (הקיבוץ  המאוחד).
  מסותיו  <punctuation>–</punctuation>  <preposition>על</preposition>  אלתרמן,  <preposition>על</preposition>  ברנר,  <preposition>על</preposition>  פוגל,  <preposition>על</preposition>  "הסופר  בחברת  ההמונים"  ו"לאקלימן  <adjective>הסגנוני</adjective>  <shel-preposition>של</shel-preposition>  <noun>שנות</noun>  <numeral>החמישים</numeral>  והששים  בשירתנו"  <punctuation>–</punctuation>  <verb>השפיעו</verb>  <adverb>עמוקות</adverb>  <preposition>על</preposition>  <noun>סדר</noun>  <noun>היום</noun>  <shel-preposition>של</shel-preposition>  <noun>המחשבה</noun>  <adjective>הספרותית</adjective>  בישראל,  <conjunction>אף</conjunction>  שהן  <verb>הופיעו</verb>  בשעתן  <conjunction>רק</conjunction>  בכתבי  <noun>עת</noun>  ובעיתונים.  <numeral>שני</numeral>  <noun>ספרי</noun>  <noun>הביקורת</noun>  שלו  <pronoun>הם</pronoun>  <noun>זמן</noun>  וריתמוס  <preposition>אצל</preposition>  <properName>ברגסון</properName>  ובשירה  <adjective>המודרנית</adjective>  <date>(1966)</date>  וקווי  <noun>אויר</noun>  <date>(1983),</date>  <participle>המבוסס</participle>  <preposition>על</preposition>  <noun>שיחות</noun>  רדיו.  <date>ב-2011</date>  <verb>ראה</verb>  <noun>אור</noun>  <noun>הקובץ</noun>  <noun>השירה</noun>  שמעבר  למילים:  <noun>תיאוריה</noun>  וביקורת  <date>1973-1954,</date>  בו  <verb>כינס</verb>  <quantifier>מבחר</quantifier>  ממאמריו  ומסותיו  <participle>העוסקים</participle>  בשירה  וכן  <at-preposition>את</at-preposition>  <noun>הספר</noun>  <noun>זמן</noun>  וריתמוס  <preposition>אצל</preposition>  <properName>ברגסון</properName>  ובשירה  המודרנית.  <adjective>זך</adjective>  <verb>ממשיך</verb>  <noun>מסורת</noun>  <shel-preposition>של</shel-preposition>  <noun>המשורר</noun>  <adjective>העברי</adjective>  שהוא  <conjunction>גם</conjunction>  <verb>מבקר</verb>  ספרותי,  <adjective>אמנותי</adjective>  ופוליטי,  וגם  מתרגם,  <conjunction>גם</conjunction>  עורך,  <conjunction>גם</conjunction>  <verb>כותב</verb>  פרוזה,  <conjunction>גם</conjunction>  מחזאי,  <conjunction>גם</conjunction>  <noun>סופר</noun>  ילדים.  <pronoun>כך</pronoun>  <verb>הציב</verb>  <at-preposition>את</at-preposition>  <noun>השירה</noun>  במרכזו  <shel-preposition>של</shel-preposition>  <noun>הקשר</noun>  <adjective>תרבותי</adjective>  <adjective>רחב</adjective>  מאוד.  <numeral>שני</numeral>  <noun>ספרי</noun>  <noun>הפרוזה</noun>  שלו  <pronoun>הם</pronoun>  <noun>מות</noun>  <properName>אמי</properName>  (כולל  <conjunction>גם</conjunction>  שירים,  <date>1997)</date>  וקוף  <date>המחט(2004).
</date>  ממעשי  <noun>העריכה</noun>  <participle>הרבים</participle>  שלו:  <properName>יעקב</properName>  <properName>שטיינברג</properName>  <punctuation>–</punctuation>  <quantifier>מבחר</quantifier>  <noun>ליריקה</noun>  ורשימות,  <verb>שערך</verb>  והוסיף  <conjunction>לו</conjunction>  <noun>הקדמה</noun>  <date>(1963);</date>  <noun>כתב</noun>  <noun>העת</noun>  <properName>יוכני</properName>  <verb>שערך</verb>  <preposition>עם</preposition>  <properName>אוֹרי</properName>  <properName>ברנשטיין</properName>  <date>(1961-1967);</date>  <noun>האלמנך</noun>  <noun>אגרא</noun>  <verb>שערך</verb>  <preposition>עם</preposition>  <properName>דן</properName>  מירון  בשניים  משלושת  <noun>הכרכים</noun>  <date>(1984-1990);</date>  מדור  <noun>הספרות</noun>  <shel-preposition>של</shel-preposition>  <noun>השבועון</noun>  <noun>העולם</noun>  <pronoun>הזה</pronoun>  <date>(1990-1988);</date>  וסדרת  <noun>הקונטרסים</noun>  לשירה  <noun>הִנֵּה</noun>  <date>(1995-1998).</date>  
  מתרגומיו  הרבים:  <noun>דקלים</noun>  ותמרים,  <noun>ספר</noun>  <noun>שירי</noun>  <preposition>עם</preposition>  <adjective>ערביים</adjective>  שתירגם  <preposition>עם</preposition>  <properName>ראשד</properName>  <properName>חוסיין</properName>  <date>(1967);</date>  <noun>מעגל</noun>  <verb>הגיר</verb>  <noun>הקווקזי</noun>  <preposition>מאת</preposition>  <properName>ברטולד</properName>  <properName>ברכט</properName>  <date>(1983,</date>  <numeral>אחד</numeral>  ממחזות  <adjective>רבים</adjective>  בתרגומו,  שהוצגו  <preposition>על</preposition>  הבמה);  <noun>קדיש</noun>  ושירים  <adjective>אחרים</adjective>  <preposition>מאת</preposition>  אלן  <properName>גינזברג</properName>  <date>(1988).</date>  מחזה  שלו,  <noun>בית</noun>  <noun>ספר</noun>  לריקודים,  <verb>הוצג</verb>  בתיאטרון  "הקאמרי"  <date>(1985).</date>  <noun>מספרי</noun>  <noun>הילדים</noun>  שלו:  <noun>שירים</noun>  <preposition>על</preposition>  <noun>כלב</noun>  וכלבה  <date>(1990).</date>  <noun>ההלחנות</noun>  <shel-preposition>של</shel-preposition>  שיריו,  שכונסו  בספר  <conjunction>כי</conjunction>  <noun>האדם</noun>  <noun>עץ</noun>  <noun>השדה</noun>  <date>(1999),</date>  <conjunction>הן</conjunction>  <adjective>רבות</adjective>  <adverb>מאוד</adverb>  <punctuation>–</punctuation>  <adverb>יותר</adverb>  ממאה  <punctuation>–</punctuation>  והן  <verb>יצרו</verb>  <at-preposition>את</at-preposition>  <noun>הנוכחות</noun>  שלו  <negation>לא</negation>  <conjunction>רק</conjunction>  בתרבות  <adjective>העברית</adjective>  הכתובה,  <conjunction>אלא</conjunction>  <conjunction>גם</conjunction>  בתרבות  <participle>המושרת</participle>  והמשודרת.
  שיריו  <verb>תורגמו</verb>  לשפות  רבות.  <pronoun>הוא</pronoun>  <verb>שימש</verb>  <noun>מנהל</noun>  <adjective>אמנותי</adjective>  ואוצר  <shel-preposition>של</shel-preposition>  <noun>המוזיאון</noun>  <adjective>הפתוח</adjective>  <adverb>בתפן</adverb>  <date>(1993-1990).</date>  <adjective>זכה</adjective>  בפרסים  <adjective>רבים</adjective>  בארץ,  שהחשובים  בהם  <pronoun>הם</pronoun>  <properName>פרס</properName>  <properName>ביאליק</properName>  <date>(1982)</date>  ופרס  <properName>ישראל</properName>  <date>(1995).</date>  מהפרסים  <adjective>הבינלאומיים</adjective>  <participle>הרבים</participle>  שזכה  בהם  <verb>יוזכר</verb>  <properName>פרס</properName>  <foreign>CAMAIORE</foreign>  באיטליה  <date>(2000).
</date>  <conjunction>כאשר</conjunction>  <adjective>זך</adjective>  <adjective>זכה</adjective>  בפרס  <properName>ישראל</properName>  <verb>כתבה</verb>  ועדת  <noun>השופטים</noun>  (שכללה  <at-preposition>את</at-preposition>  <properName>מנחם</properName>  ברינקר,  <properName>ארז</properName>  ביטון,  <properName>איריס</properName>  <verb>פרוש</verb>  ורות  קרטון-בלום):  "ההכרה  במעמדו  כמנהיג  בשירה  <adjective>הישראלית</adjective>  <copula>היתה</copula>  מכבר  לנחלת  <noun>רוב</noun>  <participle>יודעי</participle>  <noun>הספרות</noun>  העברית".  <participle>מעמד</participle>  <pronoun>זה</pronoun>  <adjective>ניכר</adjective>  בכך  שהטעם  <adjective>הספרותי</adjective>  בישראל  <verb>עוצב</verb>  <preposition>במשך</preposition>  <noun>שנים</noun>  <adjective>רבות</adjective>  <preposition>מתוך</preposition>  <noun>הקשבה</noun>  <adjective>דרוכה</adjective>  לקולו.  
  References:  
  אבידן,  דוד.  "משורה  לשורה  זה".  <adverb>עכשיו</adverb>  5-6.  <date>1960.</date>  149-153;  ויזלטיר,  מאיר.  "חתך  <noun>אורך</noun>  בשירתו  <shel-preposition>של</shel-preposition>  <verb>נתן</verb>  זך".  <noun>סימן</noun>  <noun>קריאה</noun>  10.  <date>1980.</date>  405-429;  זנדבנק,  שמעון.  "ת"ס  <properName>אליוט</properName>  והשירה  <adjective>העברית</adjective>  <punctuation>–</punctuation>  <numeral>שני</numeral>  אספקטים".  <numeral>שתי</numeral>  <noun>בריכות</noun>  ביער.  <properName>תל</properName>  אביב:  <noun>הקיבוץ</noun>  המאוחד.  <date>1976.</date>  151-172;  ברוך,  מירי.  <noun>הרומנטיקן</noun>  המר:  <noun>עיון</noun>  בשיריו  <shel-preposition>של</shel-preposition>  <verb>נתן</verb>  זך.  <properName>תל</properName>  אביב:  אל"ף.  <date>1979;</date>  לחמן,  לילך.  "כיהלום  <conjunction>אך</conjunction>  <conjunction>גם</conjunction>  כמיטה  רחבה:  <noun>תפיסת</noun>  <noun>השיר</noun>  והמשורר  ב'צפונית  מזרחית'".  <noun>סימן</noun>  <noun>קריאה</noun>  11.  <date>1980.</date>  130-134;  מילמן,  יוסף.  <noun>אש</noun>  <adjective>קרה</adjective>  זרה:  <noun>רומנטיקה</noun>  וניכור  בשירת  <verb>נתן</verb>  זך.  <properName>תל</properName>  אביב:  <noun>הקיבוץ</noun>  המאוחד.  <date>1995;</date>  קלדרון,  נסים.  <noun>פרק</noun>  קודם:  <preposition>על</preposition>  <verb>נתן</verb>  <adjective>זך</adjective>  בראשית  <noun>שנות</noun>  השישים.  <properName>תל</properName>  אביב:  <noun>הקיבוץ</noun>  המאוחד.  <date>1980;</date>  קרטון-בלום,  רות.  <noun>הרהורים</noun>  <preposition>על</preposition>  <verb>פסיכותיאולוגיה</verb>  בשירת  <verb>נתן</verb>  זך.  <noun>בני</noun>  ברק:  <noun>הקיבוץ</noun>  המאוחד.  <date>2009;</date>  שרון,  יוסף.  "הדיוקן  שנאבד".  <noun>פרוזה</noun>  94-93.  <date>1987.</date>  42-43.  
 
		</body>
	</text>
</TEI>