<?xml version="1.0" encoding="UTF-8"?>
<?xml-model href="http://www.tei-c.org/release/xml/tei/custom/schema/relaxng/tei_all.rng" type="application/xml" schematypens="http://relaxng.org/ns/structure/1.0"?>
<?xml-model href="http://www.tei-c.org/release/xml/tei/custom/schema/relaxng/tei_all.rng" type="application/xml"
	schematypens="http://purl.oclc.org/dsdl/schematron"?>
<TEI xmlns="http://www.tei-c.org/ns/1.0">
   <teiHeader>
      <fileDesc>
         <publicationStmt>
            <p>Publication Information</p>
         </publicationStmt>
         <sourceDesc>
            <p>Information about the source</p>
         </sourceDesc>
      </fileDesc>
   </teiHeader>
   <text>
      <body>
 Name:  זרחי,  <properName>נורית</properName>  
  <foreign>Birth</foreign>  Year:  <date>1941)</date>  
  <foreign>Birth</foreign>  Place:  <properName>ירושלים</properName>  לאביה,  הסופר
  Occupation:  <noun>סופרת</noun>  ומשוררת
  <foreign>Entry</foreign>  writer:  <properName>אילנה</properName>  אלקד-להמן
  <foreign>Entry</foreign>  Value:  
  <verb>נולדה</verb>  בירושלים  לאביה,  <noun>הסופר</noun>  <properName>ישראל</properName>  <verb>זרחי</verb>  <date>(1947-1909),</date>  ולאמה  <noun>המורה</noun>  <properName>אסתר</properName>  (לבית  חננית).  בגיל  <numeral>חמש</numeral>  <verb>נתייתמה</verb>  מאביה.  <preposition>בעקבות</preposition>  <noun>פטירת</noun>  <noun>האב</noun>  <verb>עברו</verb>  <noun>האם</noun>  ושתי  בנותיה  לקבוצת  גבע,  <adverb>שם</adverb>  <verb>התחנכה</verb>  כילדת  חוץ.  <verb>סיימה</verb>  <at-preposition>את</at-preposition>  <noun>בית</noun>  <noun>הספר</noun>  <adjective>התיכון</adjective>  בעיןחרוד,  ובתקופת  שירותה  <adjective>הצבאי</adjective>  <verb>למדה</verb>  בערבים.בעלת  <noun>תעודת</noun>  <noun>הוראה</noun>  מסמינר  <properName>לוינסקי</properName>  ותואר  <numeral>ראשון</numeral>  בפילוסופיה  מאוניברסיטת  תלאביב.  <verb>עוסקת</verb>  בעיתונאות  ובהוראת  ספרות,  <noun>ספרות</noun>  <noun>ילדים</noun>  וכתיבה  יוצרת.  <properName>חיה</properName>  <properName>בתלאביב</properName>  משנות  השבעים.  
  <verb>החלה</verb>  <verb>לחבר</verb>  <noun>שירים</noun>  <adverb>עוד</adverb>  <conjunction>בטרם</conjunction>  <verb>ידעה</verb>  <verb>לקרוא</verb>  ולכתוב,  ואמה  <copula>היתה</copula>  <verb>רושמת</verb>  <at-preposition>את</at-preposition>  שיריה.  כשהיתה  כבת  <numeral>תשע</numeral>  <verb>זכתה</verb>  בתחרות  <noun>כתיבת</noun>  <noun>סיפורים</noun>  בדבר  לילדים,  וזה  <copula>היה</copula>  <adverb>כנראה</adverb>  פרסומה  <numeral>הראשון</numeral>  בדפוס.  <noun>בעת</noun>  שירותה  <adjective>הצבאי</adjective>  ואחריו  <verb>פירסמה</verb>  <noun>שירים</noun>  לילדים  בעיתונות  לילדים  וסיפורים  בעיתון  למרחב.  <noun>ספר</noun>  שיריה  הראשון,יָרֹק  <properName>יָרֹק</properName>  (מחברות  לספרות),  <verb>ראה</verb>  <noun>אור</noun>  <date>ב-1966,</date>  בהיותה  <noun>בת</noun>  <numeral>עשרים</numeral>  וחמש  ואם  צעירה.  <preposition>עד</preposition>  <adverb>היום</adverb>  <verb>ראו</verb>  <noun>אור</noun>  כמאה  <noun>ספרים</noun>  שלה–לילדים,  למתבגרים  ולמבוגרים.  
  <verb>זרחי</verb>  <pronoun>היא</pronoun>  בראש  ובראשונה  משוררת.  בספר  שיריה  <numeral>הראשון</numeral>  <verb>נשמע</verb>  <adverb>רק</adverb>  <adverb>בקושי</adverb>  קולה  העתידי,  <conjunction>אף</conjunction>  שכבר  בו  <adjective>מצויים</adjective>  <noun>סמלים</noun>  ומטפורות  <adjective>אופייניים</adjective>  לה,  <conjunction>כמו</conjunction>  <conjunction>למשל</conjunction>  העכביש,  <noun>הטווייה</noun>  והאריגה  כסמל  לאמן.  בקובץ  שיריה  השלישי,  <noun>אשה</noun>  <verb>ילדה</verb>  <noun>אשה</noun>  <date>(1982),ניכרים</date>  <adverb>כבר</adverb>  <noun>מאפיינים</noun>  <adjective>פואטיים</adjective>  <adjective>מובהקים</adjective>  ליצירתה,כמו  <conjunction>למשל</conjunction>  <noun>שילוב</noun>  <adjective>הפנטסטי</adjective>  בריאלי,  <noun>עולם</noun>  <adjective>פיוטי</adjective>  <shel-preposition>של</shel-preposition>  <verb>ילדה</verb>  ואישה  ואם,  <noun>עיסוק</noun>  בדמויות  <adjective>ארכיטיפיות</adjective>  <conjunction>כמו</conjunction>  <noun>מלך</noun>  ומלכה,  וכתיבה  <adverb>מחדש</adverb>  <shel-preposition>של</shel-preposition>  <noun>סיפור</noun>  <adjective>מקראי</adjective>  מנקודת  <noun>מבט</noun>  מפתיעה.  בקובץ  <noun>השירים</noun>  <noun>גן</noun>  <noun>המוח</noun>  <date>(1988)</date>  <verb>זוכים</verb>  לפיתוח  <noun>נושאים</noun>  כמו:  <noun>מעשה</noun>  הכתיבה,  <noun>נשים</noun>  <verb>יוצרות</verb>  וגברים  <verb>יוצרים</verb>  ודמויות  <noun>נשים</noun>  מהמיתולוגיה  <adjective>היוונית</adjective>  ומהתרבות  <adjective>היהודית</adjective>  והנוצרית.  
  בקובץ  <noun>מלון</noun>  <noun>היפנודרום</noun>  <date>(1998)</date>  <noun>דרכי</noun>  <noun>ההבעה</noun>  שלה  <verb>הופכות</verb>  <adjective>מורכבות</adjective>  יותר,  והשפה  <adverb>כמעט</adverb>  אזוטרית.  זאת,  <preposition>בצד</preposition>  <noun>תכנים</noun>  <adjective>אוטוביוגרפיים</adjective>  <adjective>קשים</adjective>  <conjunction>כמו</conjunction>  <noun>אובדן</noun>  <noun>האהבה</noun>  ומאבק  במחלה  קשה.  בספר  שיריה  <noun>התקרה</noun>  <verb>עפה</verb>  <date>(2001)</date>  <noun>חוויית</noun>  <noun>הקיום</noun>  שלה  <verb>זוכה</verb>  בלבוש  סוריאליסטי,  שמשמש  אותה  בהתמודדות  <preposition>עם</preposition>  <noun>הפנימיות</noun>  <adjective>האפלה</adjective>  <shel-preposition>של</shel-preposition>  הנפש.  <noun>השירים</noun>  <adjective>מורכבים</adjective>  ובוחנים  <at-preposition>את</at-preposition>  <noun>גבולות</noun>  השפה.  בקובץ  <noun>הנפש</noun>  <pronoun>היא</pronoun>  <properName>אפריקה</properName>  <date>(2005)</date>  <verb>הגיעה</verb>  לשיא  יכולתה  <verb>לדבר</verb>  <preposition>באמצעות</preposition>  <noun>פנטזיה</noun>  <adjective>רחוקה</adjective>  <adverb>כביכול</adverb>  <preposition>על</preposition>  האישי,  <adjective>הקרוב</adjective>  והמרגש.  <pronoun>היא</pronoun>  <verb>כותבת</verb>  <preposition>על</preposition>  <noun>כמיהה</noun>  לאהבה,  <preposition>על</preposition>  אובדן,  כאב,  ילדות,  <noun>אימהות</noun>  ועל  <noun>יחסים</noun>  <preposition>בין</preposition>  <noun>בת</noun>  לאם,  <quantifier>כל</quantifier>  <pronoun>זאת</pronoun>  בתנועה  <preposition>בין</preposition>  <noun>הפנטזיה</noun>  <preposition>לבין</preposition>  המציאות.  
  בשירתה  <verb>יצרה</verb>  <noun>שפה</noun>  <adjective>פיוטית</adjective>  ייחודית:  <noun>מטפורות</noun>  <adjective>אישיות</adjective>  ורסיסי  <noun>פנטזיה</noun>  <participle>הנראים</participle>  כנובעים  מהלא-מודע  <conjunction>או</conjunction>  מהעולם  <shel-preposition>של</shel-preposition>  טרום-שפה.  <noun>התחביר</noun>  <negation>לא</negation>  שגרתי,  שפתם  <shel-preposition>של</shel-preposition>  <noun>השירים</noun>  <adjective>סתומה</adjective>  <adverb>כמעט</adverb>  ובה  <noun>בעת</noun>  <verb>מעוררת</verb>  <noun>השתאות</noun>  מיופייה.  <noun>חלק</noun>  <adjective>ניכר</adjective>  מהשירים  <verb>נבנה</verb>  <preposition>באמצעות</preposition>  <noun>פריצת</noun>  <noun>דרכי</noun>  <noun>חשיבה</noun>  מקובלות,  <conjunction>אם</conjunction>  <preposition>באמצעות</preposition>  <noun>פנטזיה</noun>  <conjunction>או</conjunction>  בפנייה  לטקסטים  מתרבות  המערב,  פירוקם  וכתיבתם  <adverb>מחדש</adverb>  מנקודת  <noun>מבט</noun>  <negation>לא</negation>  צפויה.  
  <adverb>במקביל</adverb>  לשירה  <verb>כתבה</verb>  מסות,  <noun>סיפורים</noun>  קצרים,  <noun>נובלות</noun>  וסיפור  <adjective>אוטוביוגרפי</adjective>  ארוך.  במחשבות  <adjective>מיותרות</adjective>  <shel-preposition>של</shel-preposition>  <noun>גברת</noun>  <date>(1982),</date>  <noun>קובץ</noun>  <noun>מסות</noun>  <preposition>על</preposition>  <noun>סוגיות</noun>  ארס-פואטיות,  <pronoun>היא</pronoun>  <verb>מתמקדת</verb>  בכתיבת  נשים,  בקשיים  שעמם  <pronoun>הן</pronoun>  <verb>מתמודדות</verb>  ובהתקבלותן  בקהילה  הספרותית.  כתיבתה  <adjective>העיונית</adjective>  <verb>צומחת</verb>  משילוב  <shel-preposition>של</shel-preposition>  <noun>ידע</noun>  <adjective>עשיר</adjective>  <preposition>עם</preposition>  <noun>מבט</noun>  <preposition>על</preposition>  חייה  כאישה  יוצרת.  ספרה  <verb>מהווה</verb>  <noun>פריצת</noun>  <noun>דרך</noun>  בחשיבה  <preposition>על</preposition>  <noun>פמיניזם</noun>  וכתיבה  בספרות  העברית.  
  <verb>תינו</verb>  <adjective>המופלאה</adjective>  <date>(1983),</date>  <noun>סיפור</noun>  <preposition>על</preposition>  <noun>מערכת</noun>  <noun>יחסים</noun>  <verb>סימביוטית</verb>  <preposition>בין</preposition>  <noun>סופרת</noun>  <noun>ילדים</noun>  לבתה  <noun>בת</noun>  <noun>העשרה</noun>  <noun>המכונה</noun>  תינו,  <verb>מציג</verb>  <noun>חיפוש</noun>  <noun>דרך</noun>  להתבגרות  ולעצמאות  <preposition>תוך</preposition>  <noun>קיום</noun>  <noun>קשרי</noun>  אם-בת  ומתן  <noun>מקום</noun>  ליצירה  בעולמן  <shel-preposition>של</shel-preposition>  נשים.  בספר  <properName>דפנה</properName>  <properName>ויולה</properName>  <date>(1987)</date>  <numeral>שתי</numeral>  נובלות,  <numeral>האחת</numeral>  <verb>מתארת</verb>  <at-preposition>את</at-preposition>  <adjective>מורכבות</adjective>  <noun>חיי</noun>  <noun>היומיום</noun>  <shel-preposition>של</shel-preposition>  אישה-אם-יוצרת  והשנייה  <at-preposition>את</at-preposition>  מבוכתה  <shel-preposition>של</shel-preposition>  <noun>נערה</noun>  <preposition>לנוכח</preposition>  <noun>הגילוי</noun>  <adjective>הראשוני</adjective>  <shel-preposition>של</shel-preposition>  מיניותה,  <preposition>מול</preposition>  <noun>תביעות</noun>  <adjective>סותרות</adjective>  שמציבים  <noun>העולם</noun>  <adjective>הגברי</adjective>  והחברה  הקיבוצית.    
  <noun>הסיפורים</noun>  <adjective>הקצרים</adjective>  בקובץ  <noun>אמן</noun>  <noun>המסכות</noun>  <date>(1993)</date>  <adjective>כתובים</adjective>  במתכונת  <adjective>הקלאסית</adjective>  <shel-preposition>של</shel-preposition>  <noun>הסיפור</noun>  הקצר,  <conjunction>אך</conjunction>  <pronomial>הם</pronomial>  <adjective>חדשניים</adjective>  בתכניהם  ומגלים  <noun>זיקה</noun>  לסגנון  הרומנטי-פנטסטי  <shel-preposition>של</shel-preposition>  <properName>את"א</properName>  <properName>הופמן</properName>  ושל  <noun>א'</noun>  דינסן.  בשנים  <adjective>האחרונות</adjective>  <verb>זוכה</verb>  <noun>הקובץ</noun>  לעניין  <preposition>בשל</preposition>  <noun>השימוש</noun>  <adjective>החתרני</adjective>  שנעשה  בו  בחומרי  <noun>המקרא</noun>  והמיתוס  לבחינת  <noun>מעמד</noun>  האישה,  <noun>הזיקה</noun>  שבין  <noun>מגדר</noun>  לזהות  מינית,  <noun>כוח</noun>  וחולשה,  <noun>אמת</noun>  ואמת  בדויה,  <adverb>בעיקר</adverb>  בסיפורים  "היא  יוסף"  ו"מעבר  לתהילים״.  <noun>הסיפור</noun>  <adjective>המקראי</adjective>  <verb>מסופר</verb>  מנקודת  <noun>מבט</noun>  נשית,  <preposition>תוך</preposition>  <noun>שינוי</noun>  <noun>אופן</noun>  <noun>הקריאה</noun>  המקובל,  <conjunction>כאשר</conjunction>  <verb>נבחנים</verb>  מקומה  <shel-preposition>של</shel-preposition>  <noun>האישה</noun>  בסיפור  כנשלטת  <conjunction>או</conjunction>  כשולטת,  כוחה  וחולשתה  ומקום  <noun>הסיפור</noun>  <adjective>המקראי</adjective>  בעיצוב  <noun>תודעה</noun>  <adjective>נשית</adjective>  ותודעה  היסטורית.
  <noun>הסיפורים</noun>  בקובץ  <noun>הרצפה</noun>  <verb>מתנדנדת</verb>  <date>(2003)הם</date>  <adjective>ריאליסטיים</adjective>  לכאורה.  <verb>זרחי</verb>  <verb>מתמקדת</verb>  בהוויה  <adjective>רגשית</adjective>  <shel-preposition>של</shel-preposition>  <noun>חיי</noun>  <noun>נשים</noun>  במצבי  משבר,  והעלילה  <verb>נבנית</verb>  משברי  <noun>אפיזודות</noun>  <conjunction>כמו</conjunction>  מציאותיות,  <conjunction>אך</conjunction>  <noun>חיי</noun>  <noun>הנפש</noun>  <verb>נבנים</verb>  מערבוב  שבין  <adjective>הריאלי</adjective>  לפנטסטי.  <noun>קובץ</noun>  <noun>הסיפורים</noun>  <noun>נערות</noun>  <noun>הפרובינציה</noun>  <adjective>העצובות</adjective>  והשאפתניות  <date>(2007)</date>  <verb>התקבל</verb>  <preposition>על</preposition>  <noun>ידי</noun>  <noun>המבקרים</noun>  באהדה  רבה.  <noun>ההתמקדות</noun>  בעולמן  <shel-preposition>של</shel-preposition>  נשים,  <noun>עירוב</noun>  <noun>המציאות</noun>  בפנטזיה  והסגנון  <adjective>הפיוטי</adjective>  וההרמטי  <verb>הובנו</verb>  בהקשר  <shel-preposition>של</shel-preposition>  <noun>השיח</noun>  <adjective>הפמיניסטי</adjective>  הפוסט-מודרני.  <noun>משחקי</noun>  <noun>בדידות</noun>  <date>(1999)</date>  <pronoun>הוא</pronoun>  <noun>מקבץ</noun>  <shel-preposition>של</shel-preposition>  ממוארים,  שבהם  <verb>זרחי</verb>  <verb>מקיימת</verb>  <noun>דיאלוגים</noun>  <preposition>עם</preposition>  <noun>האנשים</noun>  <adjective>המשמעותיים</adjective>  בשמונה-עשרה  <noun>השנים</noun>  <numeral>הראשונות</numeral>  בחייה,  <preposition>עם</preposition>  <noun>הקיבוץ</noun>  ועם  <noun>שאלת</noun>  <noun>הכתיבה</noun>  האוטוביוגרפית.  <noun>חילופי</noun>  <noun>נקודות</noun>  <noun>התצפית</noun>  בספר  <verb>מעלים</verb>  <noun>שאלות</noun>  <conjunction>באשר</conjunction>  לסיפור  <adjective>האמיתי</adjective>  והבדוי,  וכיצד  הילדות,  <noun>האובדן</noun>  ומיתוסים  <adjective>פרטיים</adjective>  <verb>בונים</verb>  <noun>חיים</noun>  וספרות.  
  <conjunction>בעוד</conjunction>  שהספרות  <adjective>העברית</adjective>  <verb>פנתה</verb>  ברובה  לברור,  ללאומי,  לכאן,  לעכשיו,  לאידיאולוגיה  ולחברה  הישראלית,  <preposition>תוך</preposition>  <noun>העדפת</noun>  <noun>הקול</noun>  הגברי–זרחי  <verb>משמיעה</verb>  <noun>קול</noun>  <adjective>נשי</adjective>  ייחודי,  בשפה  <adjective>הרמטית</adjective>  ומורכבת,  <participle>הפונה</participle>  להקשבה  פנימה.  <pronoun>היא</pronoun>  <verb>מתמקדת</verb>  בפרט  שאינו  <verb>משתלב</verb>  בחברה,  בנקודת  מבטו  <preposition>על</preposition>  החיים,  בבדידות,  ביחסים  במשפחה.  למקום,  <conjunction>אם</conjunction>  <pronoun>הוא</pronoun>  קיים,  <existential>יש</existential>  <noun>חשיבות</noun>  <adverb>רק</adverb>  בהבנת  הפרט,  ואם  <verb>נזכרת</verb>  אידיאולוגיה,  <pronoun>היא</pronoun>  <verb>מופיעה</verb>  באור  ביקורתי.  <noun>הפנייה</noun>  להקשבה  <adverb>פנימה</adverb>  <verb>מביאה</verb>  למעקב  <preposition>אחר</preposition>  <noun>ההיעדר</noun>  בעולמה:  יתמות,  אובדן,  <noun>חיפוש</noun>  <verb>מתמשך</verb>  <preposition>אחר</preposition>  <noun>אהבה</noun>  כתחליף  <conjunction>או</conjunction>  כתיקון  למות  האב,  ויצירה.      
  <verb>זרחי</verb>  <verb>כותבת</verb>  בשתי  <noun>מערכות</noun>  <participle>הנתפשות</participle>  כנפרדות,  <noun>ספרות</noun>  לילדים  וספרות  למבוגרים,  <conjunction>אך</conjunction>  <noun>ההבחנה</noun>  <pronoun>הזאת</pronoun>  ביחס  למכלול  יצירתה  <adjective>נכונה</adjective>  באורח  <adjective>חלקי</adjective>  בלבד.  בחלק  מיצירותיה  <noun>הילד</noun>  <verb>משמש</verb>  כנמען  מדומה,  <conjunction>בעוד</conjunction>  שהיצירה  <verb>מכוונת</verb>  <adverb>למעשה</adverb>  למבוגרים.  <adverb>כך</adverb>  <conjunction>למשל</conjunction>  בסיפורים  <noun>הילד</noun>  והדב,  <noun>סיפור</noun>  <noun>אגדה</noun>  לילדים  <noun>מבוגרים</noun>  <date>(1980),כפפות</date>  <date>(1995)</date>  והאיש  <preposition>עם</preposition>  <noun>הסולם</noun>  והערים  <noun>התאומות</noun>  <date>(1995).</date>  <noun>שילוב</noun>  <noun>הכתיבה</noun>  לילדים  ולמבוגרים  <verb>פעל</verb>  <preposition>על</preposition>  יצירתה  בשני  <noun>כיוונים</noun>  מנוגדים.  <preposition>מצד</preposition>  אחד,  <noun>הכתיבה</noun>  לילדים  <verb>קירבה</verb>  אותה  לקולה  האותנטי,  <verb>איפשרה</verb>  לה  <verb>להתמודד</verb>  <preposition>עם</preposition>  <noun>תכנים</noun>  <adjective>אוטוביוגרפיים</adjective>  ועם  <noun>שילוב</noun>  <adjective>הפנטסטי</adjective>  בריאלי  והיתה  <noun>מכשיר</noun>  לעיצוב  <noun>שפה</noun>  <adjective>פואטית</adjective>  ייחודית.  <preposition>מצד</preposition>  שני,  <preposition>בשל</preposition>  הגדרתה  כ"סופרת  לילדים"  <verb>התעכבה</verb>  התקבלותה  כמשוררת  וכסופרת  נחשבת.  
  <verb>זכתה</verb>  בפרס  <properName>ביאליק</properName>  לספרות  <adjective>יפה</adjective>  <date>(1999),</date>  <numeral>ארבע</numeral>  <noun>פעמים</noun>  בפרס  <properName>זאב</properName>  לספרות  ילדים,  <adverb>פעמיים</adverb>  בעיטור  <noun>אנדרסן</noun>  לספרות  ילדים,  בפרס  <noun>שרת</noun>  <noun>החינוך</noun>  <preposition>על</preposition>  <noun>מפעל</noun>  <noun>חיים</noun>  <date>(2005)</date>  ובפרס  <properName>עמיחי</properName>  לשירה  <date>(2006).</date>  יצירותיה  <verb>תורגמו</verb>  לכמה  <noun>שפות</noun>  <adjective>אירופיות</adjective>  ולערבית.
  References:  
  אלקד-להמן,  אילנה.  לבדה  <pronoun>היא</pronoun>  אורגת:  <noun>קריאה</noun>  ביצירת  <properName>נורית</properName>  זרחי.  ירושלים:כרמל.  <date>2006;</date>  ---.  "קריאה  ועוד  <properName>קריאהבסיפור</properName>  'בוטיק  <noun>סיגי</noun>  וחוט'  <preposition>מאת</preposition>  <properName>נורית</properName>  זרחי״.  <noun>הקסם</noun>  שבקשר:  אינטרטקסט,  <noun>קריאה</noun>  ופיתוח  חשיבה.  <properName>תל</properName>  אביב:מכוןמופ"ת.  <date>2006.</date>  177-95;  ליטוין,  רנה.  "בזכות  האין".  <noun>ידיעות</noun>  <adjective>אחרונות</adjective>  ספרות.  <date>5.8.1983;</date>  רגב,  מנחם.  "'הפרתההרמוניה'  בכמה  <noun>מספרי</noun>  <properName>נורית</properName>  זרחי".  תחושתו  <shel-preposition>של</shel-preposition>  <noun>האדם</noun>  <participle>המתגנב</participle>  <preposition>אל</preposition>  ילדותו:  <noun>אסופת</noun>  <noun>מאמרים</noun>  <preposition>על</preposition>  <noun>ספרות</noun>  ילדיםונוער.  ירושלים:כרמל.  <date>2002.</date>  442-403;  שחם,  חיה.  "'האודיסאה'  במבט  נשי:  <noun>מוטיבים</noun>  מתוך  ה'אודיסאה'  <adjective>בשירתהנשים</adjective>  <adjective>העברית</adjective>  כצייני  תרבות״.  <noun>מחקרי</noun>  <properName>ירושלים</properName>  בספרות  <properName>עברית</properName>  ט"ז.  <date>1997.</date>  156-131.  
 
		</body>
	</text>
</TEI>