<?xml version="1.0" encoding="UTF-8"?>
<?xml-model href="http://www.tei-c.org/release/xml/tei/custom/schema/relaxng/tei_all.rng" type="application/xml" schematypens="http://relaxng.org/ns/structure/1.0"?>
<?xml-model href="http://www.tei-c.org/release/xml/tei/custom/schema/relaxng/tei_all.rng" type="application/xml"
	schematypens="http://purl.oclc.org/dsdl/schematron"?>
<TEI xmlns="http://www.tei-c.org/ns/1.0">
   <teiHeader>
      <fileDesc>
         <publicationStmt>
            <p>Publication Information</p>
         </publicationStmt>
         <sourceDesc>
            <p>Information about the source</p>
         </sourceDesc>
      </fileDesc>
   </teiHeader>
   <text>
      <body>
 <?xml  version="1.0"  encoding="UTF-8"?>
  <?xml-model  href="http://www.tei-c.org/release/xml/tei/custom/schema/relaxng/tei_all.rng"  type="application/xml"  schematypens="http://relaxng.org/ns/structure/1.0"?>
  <?xml-model  href="http://www.tei-c.org/release/xml/tei/custom/schema/relaxng/tei_all.rng"  type="application/xml"
  	schematypens="http://purl.oclc.org/dsdl/schematron"?>
  <TEI  xmlns="http://www.tei-c.org/ns/1.0">
        <teiHeader>
              <fileDesc>
                    <publicationStmt>
                          <p>Publication  Information</p>
                    </publicationStmt>
                    <sourceDesc>
                          <p>Information  about  <foreign>the</foreign>  source</p>
                    </sourceDesc>
              </fileDesc>
        </teiHeader>
        <text>
              <body>
    Name:    חביבי,    אמיל
      <foreign>Birth</foreign>    Year:    <date><date>1921
</date>  </date>    <foreign>Death</foreign>    Year:    <date><date>1996
</date>  </date>    <foreign>Birth</foreign>    Place:    <properName>שפרעם</properName>    וגדל    בחיפה
      Occupation:    סופר,    <noun>מחזאי</noun>    ועורך
      <foreign>Entry</foreign>    writer:    ואריאל    <properName>שיטריתחנה</properName>    עמית-כוכבי
      <foreign>Entry</foreign>    Value:    
      <verb>נולד</verb>    בשפרעם    וגדל    בחיפה.    <verb>למד</verb>    במכללת    "מר    לוקא"    (חיפה).    <copula>היה</copula>    שדרן    ברדיו    <properName>פלסטין</properName>    המנדטורי,    פוליטיקאי,    <noun>חבר</noun>    <properName>כנסת</properName>    ועיתונאי.החל    <at-preposition>את</at-preposition>    דרכו    <adjective>הפוליטית</adjective>    במפלגה    <adjective>הקומוניסטית</adjective>    <adjective>הפלסטינית</adjective>    <date><date>(1941),</date></date>    <verb>נמנה</verb>    <preposition>עם</preposition>    <noun>אישי</noun>    <noun>הציבור</noun>    <adjective>הערבים</adjective>    <adjective>הבודדים</adjective>    שתמכו    בתוכנית    <noun>החלוקה</noun>    ועקב    <pronoun>כך</pronoun>    <verb>נאלץ</verb>    <verb>להימלט</verb>    מהארץ    <verb>מחשש</verb>    להתנקשות    בחייו.    מגיל    <adjective>צעיר</adjective>    <verb>מילא</verb>    <noun>תפקיד</noun>    <adjective>פעיל</adjective>    ככותב    וכעורך    בעיתונות    <adjective>הערבית</adjective>    (אל-ע'דד,    <date><date>1945-1943;</date></date>    אל-מהמאז,    <date><date>1946;</date></date>    אל-אתתחאד,    <date><date>1977-1972,</date></date>    <date><date>1989-1980;</date></date>    משארף,    <date><date>1996-1995).</date></date>    <preposition>עם</preposition>    <verb>קום</verb>    <noun>המדינה</noun>    <copula>היה</copula>    <adjective>פעיל</adjective>    במפלגה    <adjective>הקומוניסטית</adjective>    <adjective>הישראלית</adjective>    (מק"י)    ולאחר    <verb>מכן</verb>    ברשימה    <adjective>הקומוניסטית</adjective>    <adjective>החדשה</adjective>    (רק"ח).    <verb>כיהן</verb>    כחבר    <properName>כנסת</properName>    מטעמן    בכנסת    השנייה,    השלישית,    החמישית,    <numeral>השישית</numeral>    והשביעית,    ממנה    <verb>התפטר</verb>    <date><date>ב-1972</date></date>    <conjunction>כדי</conjunction>    <verb>להתמקד</verb>    בעריכה    ובכתיבה    ספרותית.
      פעילותו    <verb>התרכזה</verb>    בעיר    חיפה,    <verb>שבה</verb>    <verb>מילא</verb>    <noun>תפקידים</noun>    <adjective>מרכזיים</adjective>    בעיתונות    <adjective>הקומוניסטית</adjective>    <adjective>הערבית</adjective>    בישראל.    <verb>הקים</verb>    <at-preposition>את</at-preposition>    <noun>הוצאת</noun>    <noun>הספרים</noun>    <properName>ערבסק</properName>    <date><date>(1989)</date></date>    וייסד    <at-preposition>את</at-preposition>    <noun>כתב</noun>    <noun>העת</noun>    הספרותי-הגותי    משארף    <date><date>(1995),</date></date>    שניהם    בשיתוף    <preposition>עם</preposition>    <properName>סהאם</properName>    דאוד.    <verb>טיפח</verb>    <at-preposition>את</at-preposition>    <noun>הדור</noun>    <numeral>הראשון</numeral>    <shel-preposition>של</shel-preposition>    <noun>כותבים</noun>    <adjective>ערבים</adjective>    במדינת    <properName>ישראל</properName>    כדאוד    <noun>עצמה</noun>    וכמחמוד    <properName>דרוויש</properName>    <properName>וסמיח</properName>    אל-קאסם.    
      יצירותיו    <verb>כוללות</verb>    <noun>קובץ</noun>    סיפורים,    <numeral>שלושה</numeral>    <noun>רומנים</noun>    ושני    מחזות.    כמי    שנשאר    במדינת    ישראל,    <verb>ראה</verb>    <verb>עצמו</verb>    כשומר    <noun>הפיקדון</noun>    <shel-preposition>של</shel-preposition>    <noun>זכר</noun>    <noun>החיים</noun>    <adjective>הערביים</adjective>    שקדמו    להקמת    המדינה.    <pronoun>זהו</pronoun>    <noun>נושא</noun>    <noun>מפתח</noun>    <adverb>בכלל</adverb>    יצירתו.    <noun>נושא</noun>    <noun>מפתח</noun>    <adjective>נוסף</adjective>    <pronoun>הוא</pronoun>    <noun>תיאור</noun>    <noun>חיי</noun>    <adjective>הערבים</adjective>    בישראל    <preposition>תחת</preposition>    <noun>שלטון</noun>    <noun>הרוב</noun>    היהודי,לרוב    מזווית    סאטירית-טרגית.    כתיבתו    <verb>משלבת</verb>    <noun>דגמים</noun>    <adjective>ספרותיים</adjective>    <adjective>ערביים</adjective>    <adjective>קלאסיים</adjective>    <noun>בעלי</noun>    <noun>תבניות</noun>    סבוכות,    <adverb>כמקאמה</adverb>    וספרות    האיגרות–    <preposition>עם</preposition>    <noun>תבניות</noun>    <shel-preposition>של</shel-preposition>    <noun>הרומן</noun>    <adjective>המערבי</adjective>    המודרני,    <preposition>תוך</preposition>    <noun>שימוש</noun>    במשלבים    <adjective>גבוהים</adjective>    ונמוכים    <pronomial>הן</pronomial>    מהספרות    <adjective>הערבית</adjective>    <adjective>הקלאסית</adjective>    והניאו-קלאסית    והן    <noun>מערבית</noun>    מדוברת.    לשונו    <verb>משובצת</verb>    <noun>אלוזיות</noun>    <adjective>ספרותיות</adjective>    ופוליטיות,    שלהבנתן    <verb>נזקק</verb>    <conjunction>גם</conjunction>    <verb>קורא</verb>    <noun>המקור</noun>    להערות    <adjective>השוליים</adjective>    <shel-preposition>של</shel-preposition>    המחבר.    <noun>הערות</noun>    <adjective>שוליים</adjective>    <pronoun>אלה</pronoun>    <verb>מהוות</verb>    <noun>מין</noun>    <noun>טקסט</noun>    <adjective>משני</adjective>    שמבסס    <at-preposition>את</at-preposition>    <noun>הזיכרון</noun>    הפלסטיני,    שהוא    <noun>ההקשר</noun>    התרבותי,    <adjective>ההיסטורי</adjective>    והגיאוגרפי    שעליו    <verb>מושתת</verb>    <noun>הרומן</noun>    כולו.    <noun>נימת</noun>    דבריו    <adjective>אירונית</adjective>    וחריפה,    וביקורתו    <verb>מופנית</verb>    <pronomial>הן</pronomial>    <preposition>אל</preposition>    <noun>השלטון</noun>    <adjective>היהודי</adjective>    והן    <preposition>אל</preposition>    <noun>העם</noun>    הערבי,    ובכלל    <pronoun>זה</pronoun>    <punctuation>–</punctuation>    <adjective>הערבים</adjective>    בישראל.        
      <verb>החל</verb>    <verb>לפרסם</verb>    <noun>סיפורים</noun>    בשנות    <numeral>החמישים</numeral>    בכתבי    <noun>עת</noun>    לספרות.    סיפורו    הראשון,    "שער    מנדלבאום"    (כתב    <noun>העת</noun>    אל-ג'דיד,    <date><date>1954),הוא</date></date>    <noun>סיפור</noun>    <adjective>אוטוביוגרפי</adjective>    שבמרכזו    <noun>ילד</noun>    <adjective>הנפרד</adjective>    מסבתו,    <noun>העוברתלצד</noun>    <noun>השני</noun>    <shel-preposition>של</shel-preposition>    <noun>הגבול</noun>    <preposition>בין</preposition>    <properName>ישראל</properName>    לירדן.    <noun>הספר</noun>    <numeral>הראשון</numeral>    שפירסם,    <noun>שישיית</noun>    <numeral>ששת</numeral>    <noun>הימים</noun>    (מטבעת    אל-תעאווניה,    <date><date>1969),</date></date>    <pronoun>הוא</pronoun>    <noun>שישיית</noun>    <noun>סיפורים</noun>    שמהווה    <noun>ז'אנר</noun>    <noun>כלאיים</noun>    <participle>המשלב</participle>    <preposition>בין</preposition>    <noun>הרומן</noun>    <preposition>לבין</preposition>    <noun>הסיפור</noun>    הקצר,    בבחינת    "שרשרת    סיפורים"    שלהם    <noun>תמה</noun>    <adjective>משותפת</adjective>    <shel-preposition>של</shel-preposition>    <noun>ההתמודדות</noun>    <preposition>עם</preposition>    <noun>מלחמת</noun>    <numeral>ששת</numeral>    הימים.    <noun>מספר</noun>    <noun>הסיפורים</noun>    כמספר    <noun>ימי</noun>    המלחמה,    וכל    <noun>סיפור</noun>    <verb>ניגש</verb>    לנושא    מזווית    אחרת.    במרכזו    <shel-preposition>של</shel-preposition>    <numeral>אחד</numeral>    הסיפורים,    "אום    אל-רובביקה",עומדת    קשישה,    <verb>מלקטת</verb>    <noun>חפצים</noun>    משומשים,    שנותרה    בחיפה    <conjunction>לאחר</conjunction>    <noun>מנוסת</noun>    <adjective>הערבים</adjective>    וממנה    <noun>עצמה</noun>    לשומרת    חפציהם    וזיכרונותיהם,    וזאת    <conjunction>למרות</conjunction>    לעגם    <shel-preposition>של</shel-preposition>    השכנים.    <noun>הסיפור</noun>    <verb>משקף</verb>    <at-preposition>את</at-preposition>    מצוקתם    <adjective>הכפולה</adjective>    <shel-preposition>של</shel-preposition>    <adjective>הערבים</adjective>    בישראל,    <participle>המנותקים</participle>    מבני    משפחותיהם    ועמם,    שעזבו    <at-preposition>את</at-preposition>    הארץ,    ובנוסף    <verb>סובלים</verb>    מלעגם    <shel-preposition>של</shel-preposition>    <adjective>הערבים</adjective>    במדינות    ערב,    <participle>הרואים</participle>    בהישארותם    במולדת    <noun>מעשה</noun>    <shel-preposition>של</shel-preposition>    <noun>בגידה</noun>    ברעיון    הלאומי.    <noun>הגיבורה</noun>    <adverb>כאן</adverb>    היא,    בכוונת    מכוון,    <noun>דמות</noun>    <adjective>עלובה</adjective>    לכאורה,    <participle>המסמלת</participle>    <at-preposition>את</at-preposition>    <noun>האומץ</noun>    שבבחירה    <verb>להישאר</verb>    בארץ    מזה,    ואת    <noun>הניסיון</noun>    <verb>לשמר</verb>    <at-preposition>את</at-preposition>    <noun>המורשת</noun>    <adjective>הערבית</adjective>    הלאומית,    <adjective>הלשונית</adjective>    והספרותית,    מזה.    <noun>סיפור</noun>    <pronoun>זה</pronoun>    <verb>עובד</verb>    למחזה    בבימוי    <properName>יוסף</properName>    <properName>אבו</properName>    ורדה.    מתוך    השישייה,    <noun>הסיפור</noun>    "שעתו    <noun>הטובה</noun>    <shel-preposition>של</shel-preposition>    <properName>מסעוד</properName>    <preposition>עם</preposition>    <noun>בן</noun>    דודו"    (מערבית:    <properName>יונה</properName>    שילו),    שפורסם    בספר    <noun>מקום</noun>    <preposition>על</preposition>    <noun>פני</noun>    האדמה:    <noun>סיפורים</noun>    <adjective>ערביים</adjective>    <noun>בני</noun>    זמננו    (36-30),    <verb>מבליט</verb>    <at-preposition>את</at-preposition>    <noun>ההשלכה</noun>    <noun>הפרדוקסלית</noun>    <preposition>על</preposition>    <noun>העם</noun>    הפלסטיני:    <preposition>בשל</preposition>    <noun>כיבוש</noun>    <noun>הגדה</noun>    <verb>נפתח</verb>    הגבול,    <interrogative>מה</interrogative>    שמוביל    לאפשרות    <shel-preposition>של</shel-preposition>    <noun>איחוד</noun>    <noun>משפחות</noun>    שלא    <verb>התראו</verb>    <pronoun>זה</pronoun>    <noun>שנים</noun>    רבות.    כאן,    <properName>מסעוד</properName>    <verb>מחכה</verb>    לבואו    <shel-preposition>של</shel-preposition>    <noun>בן</noun>    דודו    מהגדה    שאותו    <negation>לא</negation>    <verb>ראה</verb>    מעולם,    והוא    חש,    <adverb>לראשונה</adverb>    בחייו,    בשייכות    משפחתית:    "אין    <pronoun>הוא</pronoun>    <quantifier>עוד</quantifier>    <adjective>חסר</adjective>    <noun>שורשים</noun>    וייחוס"    (35).    ואולם,    כמעט    <adverb>מיד</adverb>    <verb>ניכרים</verb>    <noun>הבדלים</noun>    <participle>המפרידים</participle>    ביניהם;    למשל,    המבטא:    <quantifier>כל</quantifier>    <numeral>אחד</numeral>    <noun>מבטא</noun>    <at-preposition>את</at-preposition>    <noun>האותיות</noun>    <adjective>הערביות</adjective>    בצורה    אחרת.
      בשלושת    <noun>הרומנים</noun>    שלו    <verb>מתאר</verb>    <adjective>חביבי</adjective>    <at-preposition>את</at-preposition>    <noun>הקרע</noun>    <adjective>הפנימי</adjective>    בחברה    <adjective>הפלסטינית</adjective>    <preposition>בין</preposition>    <noun>הפליטים</noun>    <adjective>הפלסטינים</adjective>    במדינות    <noun>ערב</noun>    <preposition>לבין</preposition>    <pronoun>אלה</pronoun>    שנותרו    בארץ.הרומן    <date><date>האופסימיסט(1974)נהיה</date></date>    לימים    לקלאסיקה    <adjective>ערבית</adjective>    <adjective>מודרנית</adjective>    ותורגם    לשש-עשרה    שפות.    <pronoun>הוא</pronoun>    <verb>עוקב</verb>    <preposition>אחר</preposition>    <properName>סעיד</properName>    <properName>אבו</properName>    אל-נחס,    <participle>המסתנן</participle>    לישראל,    שממנה    <verb>נמלט</verb>    במהלך    <noun>הקרבות</noun>    <date><date>ב-1948,</date></date>    ולומד    <verb>לחיות</verb>    בשילוב    <shel-preposition>של</shel-preposition>    <noun>כניעות</noun>    לשליטים    החדשים,    <noun>עורמה</noun>    לצורך    <noun>הישרדות</noun>    וגעגועים    למולדתו    האבודה.    <pronoun>זו</pronoun>    <verb>מתגלמת</verb>    באופן    <adjective>סמלי</adjective>    בדמות    <noun>אהובתו</noun>    <noun>השבה</noun>    ומופיעה,    <verb>שבה</verb>    ואובדת    לו,    בשמות    <adjective>שונים</adjective>    <punctuation>–</punctuation>    <properName>יועאד</properName>    (מי    שיוחזר)    ובאקִיה    (הנשארת),    כשתי    <noun>הברירות</noun>    הפלסטיניות,    שהן    <noun>הפליטות</noun>    <adjective>מחוץ</adjective>    למולדת    <conjunction>או</conjunction>    <noun>ההישארות</noun>    <adjective>העיקשת</adjective>    בה.    בסוף    <noun>הרומן</noun>    <negation>לא</negation>    <adjective>ברור</adjective>    <conjunction>אם</conjunction>    <properName>סעיד</properName>    <verb>נפגש</verb>    <preposition>עם</preposition>    <noun>דמויות</noun>    מהחלל    <adjective>החיצון</adjective>    שבאו    להושיעו,    <verb>יושב</verb>    <preposition>על</preposition>    <noun>כלונס</noun>    <participle>הנעוץ</participle>    כצלוב    גרוטסקי,    <conjunction>או</conjunction>    שהסיפור    <verb>מסופר</verb>    מפי    <noun>אדם</noun>    <participle>המאושפז</participle>    בבית    <noun>המשוגעים</noun>    בעכו.    <pronoun>זוהי</pronoun>    <noun>יצירה</noun>    <adjective>ביקורתית</adjective>    חריפה,    <adjective>רוויה</adjective>    באירוניה    ובאזכורים    <pronomial>הן</pronomial>    לספרות    <adjective>הערבית</adjective>    <adjective>הקלאסית</adjective>    והן    לספרות    <adjective>האירופית</adjective>    הקלאסית,    <preposition>כגון</preposition>    <noun>קנדיד</noun>    <preposition>מאת</preposition>    וולטר.    
      הרומןאח'טיה    <date><date>(1985)</date></date>    <verb>נקרא</verb>    <preposition>על</preposition>    <noun>שם</noun>    <noun>דמות</noun>    ביצירה,    שמשמעותו    <adjective>הסמלית</adjective>    <copula>היא</copula>    <noun>הבעת</noun>    חרטה.אח'טיה    <copula>היא</copula>    <noun>מושא</noun>    כמיהתו    <shel-preposition>של</shel-preposition>    <noun>הגיבור</noun>    וסמל    לפלסטין    האבודה.    דמותה    <adjective>משתנה</adjective>    מילדה    לנערה    ולזקנה,    <conjunction>אך</conjunction>    לזמן    <existential>אין</existential>    בה    <noun>שליטה</noun>    <shel-preposition>של</shel-preposition>    ממש,    וכוחו    <shel-preposition>של</shel-preposition>    <noun>העבר</noun>    <adverb>יפה</adverb>    לגביה    ככוחו    <shel-preposition>של</shel-preposition>    ההווה.    <noun>הרומן</noun>    <verb>מתמקד</verb>    בפקק    <noun>תנועה</noun>    בצהרי    <noun>יום</noun>    בשכונת    <properName>הדר</properName>    בחיפה,    <participle>המתפשט</participle>    באופן    <adjective>סוריאליסטי</adjective>    <preposition>עד</preposition>    למבואות    <properName>חיפה</properName>    ומגיע    <preposition>עד</preposition>    תלאביב.    <preposition>בתוך</preposition>    <noun>הפקק</noun>    <verb>מופיע</verb>    <noun>גבר</noun>    <adjective>ערבי</adjective>    שהמשטרה    <verb>מנסה</verb>    ללכדו    בחשד    שהוא    מחבל,    ומתברר    שהוא    <noun>פליט</noun>    ששב,    <conjunction>או</conjunction>    שזהו    אחיו    שמעולם    <negation>לא</negation>    <verb>עזב</verb>    <at-preposition>את</at-preposition>    חיפה.    <adjective>חביבי</adjective>    <verb>מקפיד</verb>    <verb>לערפל</verb>    <at-preposition>את</at-preposition>    <noun>ההבחנה</noun>    ביניהם,    במטרה    <verb>לציין</verb>    שהם    <pronoun>שניים</pronoun>    שהם    אחד.    <noun>הרומן</noun>    <adjective>האחרון</adjective>    שלו,סראיא    <noun>בת</noun>    <noun>השד</noun>    <adjective>הרע</adjective>    <date><date>(1991),</date></date>    <verb>נקרא</verb>    <conjunction>אף</conjunction>    <pronoun>הוא</pronoun>    <preposition>על</preposition>    <noun>שם</noun>    <noun>דמות</noun>    שהיא    <noun>ספק</noun>    <adjective>מציאותית</adjective>    <noun>ספק</noun>    דמיונית,    <participle>המסמלת</participle>    <at-preposition>את</at-preposition>    <adjective>האהובה</adjective>    האבודה,    <noun>אישה</noun>    ומולדת    כאחת.    <noun>הדמות</noun>    <pronoun>הזאת</pronoun>    <verb>מעוצבת</verb>    <adverb>כנימפה</adverb>    <properName>כרמלית</properName>    קסומה,    <adjective>החולפת</adjective>    <preposition>בין</preposition>    <noun>העצים</noun>    ומתעתעת    בגיבור    במה    שניתן    לפירוש    כמשחקי    <noun>ילדותאו</noun>    כמשחקי    <noun>פיתוי</noun>    נשיים.    
      <noun>המחזה</noun>    לכע    <noun>בן</noun>    לכע    <date><date>(1980)</date></date>    <verb>דן</verb>    באותם    <noun>נושאים</noun>    שהפרוזה    שלו    <verb>עוסקת</verb>    בהם.    <pronoun>זהו</pronoun>    <noun>רצף</noun>    <noun>תמונות</noun>    <participle>המוצגות</participle>    <preposition>באמצעות</preposition>    <noun>פנס</noun>    קסם,    כאמצעי    <noun>המחשה</noun>    ובידור,    <participle>המתקשר</participle>    <preposition>עם</preposition>    <noun>העבר</noun>    <adjective>האבוד</adjective>    ועם    <noun>הדמיון</noun>    <participle>המאפשר</participle>    להחיותו.    בשפה    <adjective>עשירה</adjective>    ונוקבת    <verb>מתאר</verb>    <adjective>חביבי</adjective>    <at-preposition>את</at-preposition>    <noun>הכמיהה</noun>    למה    שאבד    ואת    <noun>הציפייה</noun>    למשיח    גרוטסקי,    לכע    <noun>בן</noun>    לכע,שוטה    <adjective>עלוב</adjective>    <participle>המרבה</participle>    בדברי    הבל.    <conjunction>לאחר</conjunction>    <noun>קטעי</noun>    <noun>פרוזה</noun>    <participle>הממחישים</participle>    <at-preposition>את</at-preposition>    <noun>הסבל</noun>    שבמלחמה    <verb>מסתיים</verb>    <noun>המחזה</noun>    בהבטחה    <wPrefix>בלתי</wPrefix>    <adjective>מבוססת</adjective>    לעתיד    <adjective>טוב</adjective>    יותר.    
      <preposition>בעוד</preposition>    דבריו    כחבר    <properName>כנסת</properName>    <verb>עוררו</verb>    <negation>לא</negation>    <adverb>פעם</adverb>    <noun>התנגדות</noun>    בציבור    הישראלי,    יצירותיו    <verb>זכו</verb>    להערכה,    <pronomial>הן</pronomial>    <preposition>מטעם</preposition>    <noun>הרשות</noun>    הפלסטינית,    שהעניקה    <conjunction>לו</conjunction>    <at-preposition>את</at-preposition>    <properName>פרס</properName>    אל-קודס    <date><date>(1990),</date></date>    והן    מהחברה    <adjective>הישראלית</adjective>    <punctuation>–</punctuation>    ששיאה    בזכייתו    בפרס    <properName>ישראל</properName>    לספרות    <date><date>(1992),</date></date>    <preposition>על</preposition>    <noun>יסוד</noun>    <noun>תרגומי</noun>    יצירותיו    לעברית,    והוא    <noun>הסופר</noun>    <adjective>הערבי</adjective>    <adjective>היחיד</adjective>    שזכה    בו    <preposition>עד</preposition>    כה.    <noun>החלטה</noun>    <pronoun>זו</pronoun>    <verb>עוררה</verb>    <noun>ויכוחים</noun>    <preposition>בקרב</preposition>    <noun>הימין</noun>    הישראלי,    שהוקיע    <at-preposition>את</at-preposition>    ההחלטה.    <conjunction>כמו</conjunction>    <conjunction>כן</conjunction>    <verb>ספג</verb>    <adjective>חביבי</adjective>    <noun>ביקורת</noun>    מהעולם    <adjective>הערבי</adjective>    <preposition>על</preposition>    <pronoun>כך</pronoun>    שהסכים    <verb>לקבל</verb>    <at-preposition>את</at-preposition>    <noun>הפרס</noun>    <adjective>הישראלי</adjective>    המכובד.    <at-preposition>את</at-preposition>    <noun>הפרס</noun>    <adjective>הכספי</adjective>    <verb>תרם</verb>    לארגון    שטיפל    בילדים    <noun>נפגעי</noun>    <noun>האינתיפאדה</noun>    הראשונה.    
      <noun>תרגומי</noun>    ספריו    לעברית    <verb>התקדמו</verb>    <adverb>בהדרגה</adverb>    מהשוליים    <preposition>אל</preposition>    המרכז:האופסימיסט    <date><date>(1984)</date></date>    <verb>פורסם</verb>    <adverb>לראשונה</adverb>    בהוצאת    <noun>מפרש</noun>    <adjective>השולית</adjective>    והרדיקלית;    ואילו    אח'טיה    <date><date>(1988)</date></date>    <verb>ראה</verb>    <noun>אור</noun>    בהוצאת    <preposition>עם</preposition>    <verb>עובד;וסראיאבתהשדהרע</verb>    <date><date>(1993)</date></date>    <verb>ראה</verb>    <noun>אור</noun>    בהוצאת    <noun>הספריה</noun>    החדשה,    <noun>הוצאות</noun>    <adjective>ממסדיות</adjective>    לכל    דבר.    <at-preposition>את</at-preposition>    <numeral>שלושת</numeral>    <noun>הרומנים</noun>    <verb>תירגם</verb>    <properName>אנטון</properName>    שמאס,    שזכה    לשבחי    <noun>הביקורת</noun>    <preposition>על</preposition>    סגנונו    <adjective>העברי</adjective>    הווירטואוזי.    <properName>מוחמד</properName>    <verb>בכרי</verb>    <verb>הציג</verb>    (כשחקן    יחיד)    <noun>עיבוד</noun>    לבמה    <shel-preposition>של</shel-preposition>    האופסימיסט,    שהועלה    <adverb>במקביל</adverb>    בערבית    ובעברית    <date><date>(1996-1986)</date></date>    וזכה    לשבחים    בעיתונות    <properName>העברית</properName>    <adjective>הכתובה</adjective>    והמשודרת.
      <adjective>חביבי</adjective>    <verb>נפטר</verb>    ונקבר    בחיפה,    <preposition>על</preposition>    <noun>פי</noun>    בקשתו.    <preposition>על</preposition>    מצבתו    <verb>נחקקו</verb>    <noun>המילים</noun>    "נשאר    בחיפה",ביטוי    <participle>המסמל</participle>    <at-preposition>את</at-preposition>    דרכו    האישית,    <adjective>הפוליטית</adjective>    והספרותית.
      References:    
      بشارة-منصور,    ليليان.    <adjective>الذاكرة</adjective>    <adjective>الفلسطينية</adjective>    : في    <adjective>رواية</adjective>    "سرايا    <adjective>بنت</adjective>    الغول"    <properName>لإميل</properName>    حبيبي.رام    <adjective>الله</adjective>    : وزارة    الثقافةالفلسطينية،    <adjective>الهيئة</adjective>    <adjective>العامة</adjective>    <adjective>الفلسطينية</adjective>    <date><date>للكتاب. 2009;حجز,</date></date>    خضر.إميل    <properName>حبيبي</properName>    <adjective>الوهم</adjective>    والحقيقة: دراسة    <adjective>في</adjective>    <adjective>النقد</adjective>    الثقافي.دمشق: قدمس    <adjective>للنشر</adjective>    <date><date>والتوزيع. 2006;</date></date>    ‬‬‬‬‬‬‬‬‬‬‬‬‬
      אלעד-בוסקילה,    עמי.    "השתקפות    במראה    <punctuation>–</punctuation>    <noun>דמויות</noun>    <shel-preposition>של</shel-preposition>    יהודים/ציונים/ישראלים/עברים    בספרויות    <adjective>הערביות</adjective>    המודרניות".    <noun>האור</noun>    הקלוש:    <noun>ייצוגים</noun>    ותדמיות    <shel-preposition>של</shel-preposition>    <noun>דמות</noun>    <adjective>האחר</adjective>    בספרות    <adjective>הערבית</adjective>    המודרנית.    <properName>תל</properName>    אביב:    <noun>אוניברסיטת</noun>    <properName>תל</properName>    אביב.    <date><date>2005.</date></date>    72-29;    בהר,    אלמוג.    "חירות    <noun>הגעגועים</noun>    לחיפה    <preposition>בתוך</preposition>    חיפה".    <noun>עתון</noun>    77    339.    <date><date>2009.</date></date>    39-37;    חבר,    חנן."הפליטות    לפליטים:    <properName>אמיל</properName>    <adjective>חביבי</adjective>    וקנון    <noun>הספרות</noun>    העברית".המזרח    <adjective>החדש</adjective>    ל"ה.    <date><date>1993.114-102;</date></date>    נויורט,    אנגליקה.    "הרומן    אל-מתשאאל    (האופסימיסט)    <preposition>מאת</preposition>    <properName>אמיל</properName>    <adjective>חביבי</adjective>    כניסיון    לדה-מיתיזציה    <shel-preposition>של</shel-preposition>    ההיסטוריה".המזרח    <adjective>החדש</adjective>    ל"ה.    <date><date>1993.</date></date>    101-88;‬‬‬
      Boullata,    Issa.    "Symbol    <foreign>and</foreign>    <foreign>Reality</foreign>    <foreign>in</foreign>    <foreign>the</foreign>    <foreign>Writings</foreign>    <foreign>of</foreign>    <foreign>Emile</foreign>    Habibi".    <foreign>Islamic</foreign>    <foreign>Culture</foreign>    62.    <date><date>1988.</date></date>    9-21;    Brenner,    Rachel.    "The    <foreign>Search</foreign>    <foreign>for</foreign>    <foreign>Identity</foreign>    <foreign>in</foreign>    <foreign>Israeli</foreign>    Fiction:    <foreign>Atallah</foreign>    Mansour,    <foreign>Emile</foreign>    <foreign>Habiby</foreign>    <foreign>and</foreign>    <foreign>Anton</foreign>    Shammas".    <foreign>Israel</foreign>    <foreign>Studies</foreign>    6:3.    <date><date>2001.</date></date>    91-112;    Harb,    Ahmad.    "Invisibility,    Impossibility:    <foreign>The</foreign>    <foreign>Reuse</foreign>    <foreign>of</foreign>    Voltaire's    'Candide'    <foreign>in</foreign>    <foreign>Emile</foreign>    Habiby's    'Sa'eed    <foreign>the</foreign>    Pessoptimist'".    <foreign>Arab</foreign>    <foreign>Studies</foreign>    <foreign>Quarterly</foreign>    32:2.    <date><date>2010.</date></date>    92-106;    Heath,    Peter.    "Creativity    <foreign>in</foreign>    <foreign>the</foreign>    <foreign>Novels</foreign>    <foreign>of</foreign>    <foreign>Emile</foreign>    Habiby,    <foreign>with</foreign>    <foreign>Special</foreign>    <foreign>Reference</foreign>    <foreign>to</foreign>    'Sa'id    <foreign>the</foreign>    Pessoptimist'".    Tradition,    <foreign>Modernity</foreign>    <foreign>and</foreign>    <foreign>Postmodernity</foreign>    <foreign>in</foreign>    <foreign>Arabic</foreign>    Literature:    <foreign>Essays</foreign>    <foreign>in</foreign>    <foreign>Honour</foreign>    <foreign>of</foreign>    <foreign>Issa</foreign>    J.    Boullata.    Eds.    <foreign>Kamal</foreign>    Abdel-Malek,    <foreign>and</foreign>    <foreign>Wael</foreign>    B.Hallaq.    Koln:    Brill.    <date><date>2000.</date></date>    158-172;    Khater,    <foreign>Akram</foreign>    F.    "Emile    Habibi:    <foreign>The</foreign>    <foreign>Mirror</foreign>    <foreign>of</foreign>    <foreign>Irony</foreign>    <foreign>in</foreign>    <foreign>Palestinian</foreign>    Literature".    <foreign>Journal</foreign>    <foreign>of</foreign>    <foreign>Arabic</foreign>    <foreign>Literature</foreign>    24:1.    <date><date>1993.</date></date>    75-94;    Taha,    Ibrahim.    "The    <foreign>Author</foreign>    <foreign>as</foreign>    <foreign>Serious</foreign>    Comedian".    <foreign>The</foreign>    <foreign>Palestinian</foreign>    Novel:    <foreign>A</foreign>    <foreign>Communication</foreign>    Study.        London:    Curzon.    <date><date>2002.</date></date>    55-96.
    
  		</body>
  	</text>
  </TEI> 
		</body>
	</text>
</TEI>