<?xml version="1.0" encoding="UTF-8"?>
<?xml-model href="http://www.tei-c.org/release/xml/tei/custom/schema/relaxng/tei_all.rng" type="application/xml" schematypens="http://relaxng.org/ns/structure/1.0"?>
<?xml-model href="http://www.tei-c.org/release/xml/tei/custom/schema/relaxng/tei_all.rng" type="application/xml"
	schematypens="http://purl.oclc.org/dsdl/schematron"?>
<TEI xmlns="http://www.tei-c.org/ns/1.0">
   <teiHeader>
      <fileDesc>
         <publicationStmt>
            <p>Publication Information</p>
         </publicationStmt>
         <sourceDesc>
            <p>Information about the source</p>
         </sourceDesc>
      </fileDesc>
   </teiHeader>
   <text>
      <body>
 Name:  חליחל,  עלא
  <foreign>Birth</foreign>  Year:  <date>1974
</date>  <foreign>Birth</foreign>  Place:  <properName>ג'ש</properName>  שבגליל  ומתגורר
  Occupation:  סופר,  <noun>מחזאי</noun>  ומתרגם  בשפה  הערבית
  <foreign>Entry</foreign>  writer:  <properName>אריאל</properName>  שיטרית
  <foreign>Entry</foreign>  Value:  
  <verb>נולד</verb>  בג'ש  שבגליל  ומתגורר  בעכו.  <noun>בוגר</noun>  <noun>החוגים</noun>  לתקשורת  ואמנות  באוניברסיטת  <properName>חיפה</properName>  ובית  <noun>הספר</noun>  <properName>לתסריטאות</properName>  בתל  אביב.  <date>ב-2010</date>  <verb>ייסד</verb>  <at-preposition>את</at-preposition>  <noun>כתב</noun>  <participle>העתהמקוון</participle>  לתרבות  <participle>ופוליטיקהשיוצא</participle>  בשפה  <properName>הערביתונקרא</properName>  קדיתא,  <preposition>על</preposition>  שמו  <shel-preposition>של</shel-preposition>  <noun>הכפר</noun>  <shel-preposition>של</shel-preposition>  סבו  <shel-preposition>של</shel-preposition>  <properName>חליחל</properName>  שנחרב  <date>ב-1948.</date>  <verb>חיבר</verb>  <noun>מחזות</noun>  ותסריטים  לקולנוע  ולטלוויזיה.  <verb>זכה</verb>  בפרסים  ספרותיים,  בהם  <noun>פרס</noun>  <noun>ביכורים</noun>  <preposition>על</preposition>  <noun>שם</noun>  <properName>עבד</properName>  <properName>עומר</properName>  אל-קטאן  <preposition>על</preposition>  <noun>הרומן</noun>  <numeral>הראשון</numeral>  שלו  בערבית,  <noun>הקרקס</noun>  (מואססת  <properName>עבד</properName>  אל-מוחסן  אל-קטטאן,  <date>2001,</date>  <negation>לא</negation>  <verb>תורגם</verb>  לעברית),  והספיק  <verb>לזכות</verb>  בשני  <noun>פרסים</noun>  <adjective>נוספים</adjective>  <preposition>על</preposition>  כתיבתו  מאיגוד  אל-קטאן  <date>(2003,</date>  <date>2005).</date>  <date>ב-2010זכה</date>  בפרס  <adjective>ספרותי</adjective>  <preposition>מטעם</preposition>  <noun>ארגון</noun>  "ביירות  39",  שמאתר  <at-preposition>את</at-preposition>  <noun>הכותבים</noun>  <adjective>הערבים</adjective>  <adjective>הצעירים</adjective>    <adjective>המוכשרים</adjective>  ביותר,  והוא  <verb>הוזמן</verb>  <verb>לקבל</verb>  <at-preposition>את</at-preposition>  <noun>הפרס</noun>  בביירות.  <noun>משרד</noun>  <noun>הפנים</noun>  <verb>סירב</verb>  <verb>לאשר</verb>  <at-preposition>את</at-preposition>  נסיעתו  למדינה  שמוגדרת  כ"מדינת  אויב",  <interrogative>מה</interrogative>  שחייב  <quantifier>אותו</quantifier>  <verb>לעתור</verb>  לבג"ץ.  בג"ץקיבל  <at-preposition>את</at-preposition>  <noun>העתירה</noun>  ופסק  שחליחל  <modal>יכול</modal>  <verb>לנסוע</verb>  ללבנון.  <conjunction>אלא</conjunction>  שאז  <verb>נמנעה</verb>  <noun>הנסיעה</noun>  <preposition>בשל</preposition>  <noun>אטיות</noun>  פעולתן  <shel-preposition>של</shel-preposition>  <noun>הרשויות</noun>  <adjective>הלבנוניות</adjective>  והתפרצות  <properName>הר</properName>  <properName>געש</properName>  באיסלנד,  שגרמה  לענן  <noun>אפר</noun>  שמנע  <noun>טיסות</noun>  ברחבי  <noun>העולם</noun>  <punctuation>–</punctuation>  <noun>שרשרת</noun>  <noun>פעולות</noun>  <wPrefix>בלתי</wPrefix>  <adjective>אפשרית</adjective>  כמעט,  <participle>המזכירה</participle>  <at-preposition>את</at-preposition>  <noun>מבנה</noun>  <noun>העלילה</noun>  בכמה  מסיפוריו.    
  <noun>הרומן</noun>  <noun>הקרקס</noun>  <verb>מגולל</verb>  <at-preposition>את</at-preposition>  סיפורו  <shel-preposition>של</shel-preposition>  <noun>אמן</noun>  <adjective>חיפאי</adjective>  צעיר,  <verb>מצליח</verb>  ופופולרי,  שבמהלך  <noun>שבוע</noun>  <numeral>אחד</numeral>  <verb>מתפרקים</verb>  <noun>החיים</noun>  שבנה,  <conjunction>הן</conjunction>  מהבחינה  האישית-חברתית  והן  מהבחינה  המקצועית.חליחל  <verb>פירסם</verb>  <numeral>שלושה</numeral>  <noun>קובציסיפורים</noun>  <adjective>קצרים</adjective>  בערבית:סיפורים  לעת  <noun>הצורך</noun>  <date>(2003);האב,</date>  <noun>הבן</noun>  והרוח  <date>האבודה(2008),</date>  <noun>הכולל</noun>  <conjunction>גם</conjunction>  נובלה;  וקובץ  ושמוקרלה  ברוני,  <noun>המאהבת</noun>  <adjective>הסודית</adjective>  <date>שלי(2011).</date>  <noun>קובץ</noun>  <pronoun>זה</pronoun>  <verb>תורגם</verb>  לעברית  בכרך  שכולל  <conjunction>גם</conjunction>  <noun>סיפורים</noun>  <noun>משני</noun>  <participle>קובצי</participle>  <noun>הסיפורים</noun>  <numeral>הראשונים</numeral>  שלו,  וכותרתויחסי  <adjective>הסודיים</adjective>  <preposition>עם</preposition>  <properName>קרלה</properName>  ברוני(מערבית:  <properName>ברוריה</properName>  הורביץ,  עריכה:  <properName>יגאל</properName>  שוורץ,  <date>2012).</date>  <noun>הקובץ</noun>  <verb>זכה</verb>  בשבחים  בעיתוני  <noun>הספרות</noun>  בעברית.  <quantifier>כמה</quantifier>  מסיפוריו  <verb>תורגמו</verb>  לאנגלית.  <noun>המחזה</noun>  <adjective>הקצר</adjective>  <properName>פרי</properName>  <verb>עטו</verb>  <noun>החייל</noun>  <adjective>המסור</adjective>  <adverb>בהחלט</adverb>  <verb>הועלה</verb>  בתיאטרון  "צוותא"  בתל  אביב.
  <numeral>שלושת</numeral>  <noun>הקבצים</noun>  <verb>מאופיינים</verb>  ברבגוניות  בזירת  <noun>ההתרחשות</noun>  ובסגנון.  <pronomial>הם</pronomial>  <verb>כוללים</verb>  <noun>סיפורים</noun>  <adjective>ריאליסטיים</adjective>  ופנטסטיים,  <noun>סיפורים</noun>  <participle>המסופרים</participle>  מנקודת  מבטם  <shel-preposition>של</shel-preposition>  גברים,  <shel-preposition>של</shel-preposition>  <noun>נשים</noun>  ושל  ילדים;  <noun>סיפורים</noun>  <noun>בעלי</noun>  <noun>אופי</noun>  <adjective>פוליטי</adjective>  מובהק,  <noun>סיפורים</noun>  <participle>המתרחשים</participle>  בעתיד,  וכן  כאלה  <participle>המתרחשים</participle>  <preposition>על</preposition>  <noun>סף</noun>  <noun>התהפוכות</noun>  <date>ב-1948.</date>  <adverb>חלק</adverb>  מהסיפורים  <verb>מתרחשים</verb>  בכפרים  ערביים,  ואחרים  <verb>מתרחשים</verb>  בערים  <adjective>גדולות</adjective>  בישראל,  <adverb>במיוחד</adverb>  בחיפה,  וכן  <conjunction>גם</conjunction>  במרחבים  <negation>לא</negation>  <verb>מוגדרים</verb>  במפורש.  <noun>הנובלה</noun>  "האב,  <noun>הבן</noun>  והרוח  האבודה"  <verb>מגוללת</verb>  <noun>סיפור</noun>  שמתרחש  בכפר  <adjective>מקומי</adjective>  <noun>ערב</noun>  <noun>המלחמה</noun>  <date>ב-1948,</date>  ומתארת  <at-preposition>את</at-preposition>  <noun>הקשר</noun>  <adjective>ההדוק</adjective>  <preposition>בין</preposition>  השיח'  <adjective>המוסלמי</adjective>  והכומר  <adjective>הנוצרי</adjective>  באותו  כפר,  <preposition>לאור</preposition>  <noun>טרגדיות</noun>  <adjective>שונות</adjective>  <participle>הפוקדות</participle>  <at-preposition>את</at-preposition>  <noun>אנשי</noun>  הכפר,  רובן  בעלות  <noun>אופי</noun>  בין-אישי.  <noun>הסיפור</noun>  <verb>מסתיים</verb>  <noun>שעה</noun>  ששוטה  <noun>הכפר</noun>  <verb>צופה</verb>  מראש  <noun>הגבעה</noun>  <adjective>הסמוכה</adjective>  ומבשר  לבני  <noun>הכפר</noun>  <preposition>על</preposition>  בואם  <shel-preposition>של</shel-preposition>  היהודים.  <pronoun>זהו</pronoun>  <noun>האזכור</noun>  <adjective>היחיד</adjective>  <shel-preposition>של</shel-preposition>  "היהודים"  בנובלה  כולה.    
  סיפוריו  <adjective>כתובים</adjective>  במסגרת  <noun>המסורת</noun>  <adjective>הספרותית</adjective>  <adjective>הערבית</adjective>  והפלסטינית.  <noun>דוגמה</noun>  <adjective>מובהקת</adjective>  <modal>ניתן</modal>  <verb>למצוא</verb>  בסיפור  "דו-קיום"מתוךיחסי  <adjective>הסודיים</adjective>  <preposition>עם</preposition>  <properName>קרלה</properName>  ברוני.  בסיפור  <adjective>אירוני</adjective>  <pronoun>זה</pronoun>  הגיבור,  <noun>עיתונאי</noun>  במקצועו,  מחבר  <noun>מכתב</noun>  שנמענו  <noun>מפקד</noun>  בשורות  החמאס.  במכתב  זה,  שאינו  <verb>נשלח</verb>  בסופו  <shel-preposition>של</shel-preposition>  דבר,  <pronoun>הוא</pronoun>  <verb>מבקש</verb>  מהמפקד  שיפסיק  <verb>לקיים</verb>  <noun>פיגועים</noun>  בעיר  חיפה.  <noun>הסיבה</noun>  לבקשה  <pronoun>זו</pronoun>  <verb>אינה</verb>  <noun>הפחד</noun>  <preposition>מן</preposition>  <noun>המוות</noun>  <punctuation>–</punctuation>  <verb>מובן</verb>  שלא!  <punctuation>–</punctuation>  <conjunction>אלא</conjunction>  <noun>חלחלה</noun>  מהשיחות  בטלפון  <participle>המגיעות</participle>  <adverb>תמיד</adverb>  <preposition>אחרי</preposition>  <noun>פיגועים</noun>  ונושאן  הקבוע:  דו-קיום  בחיפה.  <noun>הסיפור</noun>  <verb>חושף</verb>  <at-preposition>את</at-preposition>  <noun>השטחיות</noun>  ואת  <noun>הריק</noun>  בדו-קיום  <preposition>בין</preposition>  <noun>ערבים</noun>  ליהודים  ובה  <noun>בעת</noun>  <verb>מפרק</verb>  <at-preposition>את</at-preposition>  <adjective>המונוליתיות</adjective>  בחברה  הערבית-פלסטינית,  שגם  בה  <negation>לא</negation>  <verb>מתקיים</verb>  <noun>שיח</noun>  <conjunction>כן</conjunction>  ואמיתי.  <modal>ראוי</modal>  <verb>לציין</verb>  <conjunction>כי</conjunction>  <noun>סיפור</noun>  <pronoun>זה</pronoun>  <verb>זיכה</verb>  <quantifier>אותו</quantifier>  במקום  <numeral>שני</numeral>  בתחרות  <noun>הסיפור</noun>  <adjective>הקצר</adjective>  <shel-preposition>של</shel-preposition>  <noun>העיתון</noun>  <adjective>הלבנוני</adjective>  אל-ספיר  <date>ב-2004.</date>  בסיפור  <pronoun>זה</pronoun>  ובאחרים  <verb>מרבה</verb>  <properName>חליחל</properName>  <verb>לעשות</verb>  <noun>שימוש</noun>  באינטרטקסטואליות  <punctuation>–</punctuation>  <preposition>בין</preposition>  <noun>השאר</noun>  <preposition>עם</preposition>  <noun>טקסטים</noun>  <adjective>ערביים</adjective>  <adjective>מודרניים</adjective>  <preposition>כגון</preposition>  <properName>שירי</properName>  <properName>מחמוד</properName>  <properName>דרוויש</properName>  ועם  <noun>טקסטים</noun>  <adjective>ערביים</adjective>  <adjective>קדומים</adjective>  <preposition>כגון</preposition>  <noun>שירה</noun>  פרה-אסלאמית  <punctuation>–</punctuation>  ובאמצעותה  <pronoun>הוא</pronoun>  <verb>מרחיב</verb>  <at-preposition>את</at-preposition>  <noun>השקף</noun>  <adjective>התיאורי</adjective>  וקורא  <noun>תיגר</noun>  <preposition>על</preposition>  <noun>עמדות</noun>  <adjective>אידיאולוגיות</adjective>  פשטניות.  <pronoun>הוא</pronoun>  <verb>ניגש</verb>  לסוגיה  <adjective>הפלסטינית</adjective>  כסוגיה  <adjective>אנושית</adjective>  <numeral>אחת</numeral>  <properName>מני</properName>  <adjective>רבות</adjective>  ואינו  <verb>מחויב</verb>  לשיח  <adjective>לאומי</adjective>  <verb>מוכתב</verb>  מראש.    
  <properName>חליחל</properName>  <verb>נוהג</verb>  <verb>להתמקד</verb>  בפרטים  שוליים,  <participle>המתאימים</participle>  <adverb>פחות</adverb>  לסיפוריםלאומייםויותר  לסיפורים  שעניינם  <adjective>העיקרי</adjective>  <pronoun>הוא</pronoun>  <noun>חוויית</noun>  <noun>היומיום</noun>  <shel-preposition>של</shel-preposition>  <adjective>היחיד</adjective>  בחברה.  <noun>ההתמקדות</noun>  בפרטים  <verb>עולה</verb>  בקנה  <numeral>אחד</numeral>  <preposition>עם</preposition>  <noun>מוטיבים</noun>  <shel-preposition>של</shel-preposition>  ניכורופירוק,  <participle>השזורים</participle>  לאורך  יצירותיו.  <pronoun>הוא</pronoun>  <verb>יוצא</verb>  <preposition>כנגד</preposition>  עוולותיה  <shel-preposition>של</shel-preposition>  <noun>מדינת</noun>  <properName>ישראל</properName>  <preposition>כלפי</preposition>  <noun>האוכלוסייה</noun>  הפלסטינית,  <conjunction>אך</conjunction>  <copula>אינו</copula>  <verb>חוסך</verb>  <at-preposition>את</at-preposition>  <noun>שבט</noun>  ביקורתו  <conjunction>גם</conjunction>  מהחברה  הערבית.  <conjunction>למשל</conjunction>  בסיפור  "בעלי  <noun>נהג</noun>  אוטובוס",  שמתאר  <at-preposition>את</at-preposition>  <noun>תחושות</noun>  <noun>הבדידות</noun>  והעלבון  <shel-preposition>של</shel-preposition>  <noun>אישה</noun>  <adjective>ערבייה</adjective>  <participle>הכבולה</participle>  לביתה  למשך  <noun>שנות</noun>  חייה,  ובסיפור  "אדמת  <noun>הקדוש</noun>  הטהור",  שמבקר  <at-preposition>את</at-preposition>  <noun>האמונות</noun>  <adjective>התפלות</adjective>  <adjective>הרווחות</adjective>  בחברה  <adjective>הפלסטינית</adjective>  הכפרית.  <noun>מאפיין</noun>  <adjective>מובהק</adjective>  <shel-preposition>של</shel-preposition>  סיפוריו  <pronoun>הוא</pronoun>  <noun>ההומור</noun>  <punctuation>–</punctuation>  <noun>הומור</noun>  <adjective>מר</adjective>  וכואב,  <participle>הגובל</participle>  <adverb>לעתים</adverb>  בסרקזם  עוקצני.  בסיפור  "יחסי  <adjective>הסודיים</adjective>  <preposition>עם</preposition>  <properName>קרלה</properName>  ברוני"  <noun>יסודות</noun>  פוסט-קולוניאליים  <adjective>מובהקים</adjective>  כאשר,  ברוח  האוריינטליזם,  אשתו  <shel-preposition>של</shel-preposition>  <noun>נשיא</noun>  <properName>צרפת</properName>  <verb>נמשכת</verb>  לסופר  <adjective>מתוסכל</adjective>  <participle>המתגורר</participle>  בעכו  ומנהלת  עמו  <noun>רומן</noun>  <preposition>תוך</preposition>  <conjunction>כדי</conjunction>  שהיא  <verb>נאלצת</verb>  <verb>להתלבש</verb>  בבורקה.  <noun>לבוש</noun>  <adjective>אסלאמי</adjective>  <adjective>קיצוני</adjective>  <pronoun>זה</pronoun>  <verb>משמש</verb>  <adverb>כאן</adverb>  כביטוי  <numeral>אחד</numeral>  <properName>מני</properName>  <adjective>רבים</adjective>  לאירוניה  ולהומור  <participle>השזורים</participle>  בסיפור  וכן  <conjunction>גם</conjunction>  לביקורת  הפוסט-קולוניאלית  <verb>שבה</verb>  <noun>המראה</noun>  החיצוני,  <noun>פנטזיות</noun>  <preposition>על</preposition>  <adjective>אקזוטיות</adjective>  והמבט  <participle>המתנשא</participle>  <verb>מכוננים</verb>  <at-preposition>את</at-preposition>  <noun>יחסי</noun>  <noun>הכוח</noun>  <preposition>בין</preposition>  הדמויות.
  References:  
  جابر,  عناية.  "علاء  حليخل:    <adjective>الأدب</adjective>  <adjective>في</adjective>  <adjective>حاجة</adjective>  <adjective>إلى</adjective>  <adjective>عناصر</adjective>  <adjective>جذب</adjective>  <adjective>وطرق</adjective>  جديدة".  السفير.  <date>18.8.2012;</date>  القاسم,  نبيه.  "علاء  <adjective>حليحل</adjective>  <adjective>وقصص</adjective>  <adjective>لأوقات</adjective>  الحاجة".  <adjective>ظلال</adjective>  الكلمات:    <adjective>دراسات</adjective>  <adjective>في</adjective>  <adjective>القصة</adjective>  القصيرة.  <adjective>كفر</adjective>  قرع:  <adjective>دار</adjective>  الهدى.  <date>2010.</date>  88-75;
  נאשף,  איסמעיל.  "'יחסי  <adjective>הסודיים</adjective>  <preposition>עם</preposition>  <properName>קרלה</properName>  ברוני':  <noun>טעם</noun>  החטא".  <noun>הארץ</noun>  ספרים.  <date>10.7.2012.
</date> 
		</body>
	</text>
</TEI>