<?xml version="1.0" encoding="UTF-8"?>
<?xml-model href="http://www.tei-c.org/release/xml/tei/custom/schema/relaxng/tei_all.rng" type="application/xml" schematypens="http://relaxng.org/ns/structure/1.0"?>
<?xml-model href="http://www.tei-c.org/release/xml/tei/custom/schema/relaxng/tei_all.rng" type="application/xml"
	schematypens="http://purl.oclc.org/dsdl/schematron"?>
<TEI xmlns="http://www.tei-c.org/ns/1.0">
   <teiHeader>
      <fileDesc>
         <publicationStmt>
            <p>Publication Information</p>
         </publicationStmt>
         <sourceDesc>
            <p>Information about the source</p>
         </sourceDesc>
      </fileDesc>
   </teiHeader>
   <text>
      <body>
 <?xml  version="1.0"  encoding="UTF-8"?>
  <?xml-model  href="http://www.tei-c.org/release/xml/tei/custom/schema/relaxng/tei_all.rng"  type="application/xml"  schematypens="http://relaxng.org/ns/structure/1.0"?>
  <?xml-model  href="http://www.tei-c.org/release/xml/tei/custom/schema/relaxng/tei_all.rng"  type="application/xml"
  	schematypens="http://purl.oclc.org/dsdl/schematron"?>
  <TEI  xmlns="http://www.tei-c.org/ns/1.0">
        <teiHeader>
              <fileDesc>
                    <publicationStmt>
                          <p>Publication  Information</p>
                    </publicationStmt>
                    <sourceDesc>
                          <p>Information  about  the  source</p>
                    </sourceDesc>
              </fileDesc>
        </teiHeader>
        <text>
              <body>
    Name:    חלפי,    רחל
      <foreign>Birth</foreign>    Year:    <date><date>1939
</date>  </date>    <foreign>Birth</foreign>    Place:    <properName>תל</properName>    <properName>אביב</properName>    למשפחת
      Occupation:    <noun>משוררת</noun>    וסופרת
      <foreign>Entry</foreign>    writer:    <properName>דן</properName>    מירון
      <foreign>Entry</foreign>    Value:    
      <verb>נולדה</verb>    בתל    <properName>אביב</properName>    למשפחת    אמנים.    אמה,    <properName>מרים</properName>    <properName>ברוך</properName>    חלפי,    <copula>היתה</copula>    <verb>פסלת</verb>    ומשוררת;    אביה,    <properName>שמשון</properName>    חלפי,    <noun>כתב</noun>    <noun>שירים</noun>    ורשם    <at-preposition>את</at-preposition>    <noun>זיכרונות</noun>    <noun>ותיקי</noun>    <properName>תל</properName>    אביב;    <noun>דודה</noun>    <copula>היה</copula>    <noun>המשורר</noun>    והשחקן    <properName>אברהם</properName>    חלפי.    <verb>גדלה</verb>    וקיבלה    <at-preposition>את</at-preposition>    חינוכה    בעיר    הולדתה.    בשנות    <numeral>השישים</numeral>    <verb>למדה</verb>    באוניברסיטה    <properName>העברית</properName>    בירושלים    <noun>ספרות</noun>    <properName>אנגלית</properName>    ופילוסופיה,    ולאחר    מכן    <verb>עבדה</verb>    ב"קול    ישראל"    כקריינית    וכעורכת    תוכניות,    ובטלוויזיה    <adjective>הישראלית</adjective>    כיוצרת    <noun>סרטים</noun>    <adjective>תיעודיים</adjective>    (הידוע    בהם,    שידוכין,    <verb>הוקרן</verb>    <date><date>ב-1971).</date></date>    <at-preposition>את</at-preposition>    <noun>השנים</noun>    <date><date>1973-1972,</date></date>    <date><date>1976-1975</date></date>    <verb>עשתה</verb>    בלימודי    <noun>השלמה</noun>    (תיאטרון    וקולנוע)    בארצות    הברית,    באוניברסיטת    ברקלי    ובמכון    <noun>הקולנוע</noun>    <noun>האמריקני</noun>    <properName>בלוס</properName>    אנג'לס.    <preposition>עם</preposition>    שובה    <verb>יצרה</verb>    <quantifier>כמה</quantifier>    <noun>סרטים</noun>    ליריים-ניסיוניים:    אפשרויות,    אוכחול-הזקןואני    <date><date>(1985);</date></date>    חלומה    <date><date>(1989).</date></date>    
      <at-preposition>את</at-preposition>    <noun>הקריירה</noun>    <adjective>הספרותית</adjective>    שלה    <verb>החלה</verb>    בשנות    <numeral>השישים</numeral>    בסיפורים    ליריים,    שאחדים    מהם    <verb>ראו</verb>    <noun>אור</noun>    (הארץ,    <date><date>1961;</date></date>    אמות,    <date><date>1964).</date></date>    באותה    <noun>תקופה</noun>    <verb>החלה</verb>    <conjunction>גם</conjunction>    <verb>לכתוב</verb>    <at-preposition>את</at-preposition>    שיריה,    <conjunction>אולם</conjunction>    <conjunction>רק</conjunction>    <noun>שירים</noun>    <adjective>ספורים</adjective>    <verb>ראו</verb>    <noun>אור</noun>    <preposition>לפני</preposition>    <noun>הופעת</noun>    <noun>הקובץ</noun>    הראשון,    תת-ימייםואחרים    <date><date>(1975),</date></date>    שהסב    אליה    <noun>תשומת</noun>    לב.    ספרה    השני,    <noun>נפילה</noun>    <adjective>חופשית</adjective>    <date><date>(1979),</date></date>    <verb>העמיד</verb>    אותה    כאחת    <participle>המובילות</participle>    <conjunction>כיוון</conjunction>    <noun>התפתחות</noun>    <adjective>חדש</adjective>    בשירה    הישראלית.    <adverb>מאז</adverb>    <verb>השקיעה</verb>    <at-preposition>את</at-preposition>    <noun>עיקר</noun>    כוחה    בפיתוח    <noun>הז'אנר</noun>    <adjective>השירי</adjective>    <adjective>המיוחד</adjective>    <participle>המזוהה</participle>    איתה.    <preposition>במשך</preposition>    <numeral>שלושת</numeral>    <noun>העשורים</noun>    <participle>הבאים</participle>    <verb>פירסמה</verb>    שנים-עשר    <participle>קובצי</participle>    שירה:    <noun>זיקית</noun>    <conjunction>או</conjunction>    <noun>עקרון</noun>    <adjective>אי-הוודאות</adjective>    <date><date>(1986);</date></date>    <noun>חמר</noun>    <date><date>(1990);</date></date>    <noun>אהבת</noun>    <properName>הדרקון</properName>    <date><date>(1995);</date></date>    <verb>נוסעת</verb>    <adjective>סמויה</adjective>    <date><date>(1999);</date></date>    <noun>מקלעת</noun>    <noun>השמש</noun>    (מבחר    <verb>שירתה</verb>    מתת-ימיים    ואחריםעד    <verb>נוסעת</verb>    סמויה,    <date><date>2002;</date></date>    מהדורה    <verb>מורחבת</verb>    <date><date>2005);</date></date>    <noun>תמונה</noun>    <shel-preposition>של</shel-preposition>    <properName>אבא</properName>    וילדה    <date><date>(2004);</date></date>    <noun>פרטים</noun>    <adjective>סודיים</adjective>    <preposition>מתוך</preposition>    <adjective>הקלסר</adjective>    <date><date>השקוף(2007);מכשפות(2009);</date></date>    <noun>תמונה</noun>    <shel-preposition>של</shel-preposition>    <noun>אמא</noun>    וילדה    <date><date>(2010);</date></date>        <noun>שירים</noun>    <date><date>לדניאל(2011);</date></date>    <noun>ספר</noun>    <date><date>היצורים(2011);</date></date>    <date><date>וסין(2013).</date></date>    <noun>ההכרה</noun>    <adverb>בייחוד</adverb>    <shel-preposition>של</shel-preposition>    <noun>קולה</noun>    <adjective>השירי</adjective>    <verb>גברה</verb>    והלכה    בהדרגה,    ובה    בעת    <verb>נוצר</verb>    <noun>קהל</noun>    <noun>קוראים</noun>    <noun>המאזין</noun>    לה    בדריכות.    
      <noun>נקודת</noun>    <noun>המוצא</noun>    שלה    <copula>היתה</copula>    <noun>מרד</noun>    במה    שהיא    <verb>ראתה</verb>    כמגבלות    <noun>הפואטיקה</noun>    <adjective>הישראלית</adjective>    השלטת:    אוטוביוגרפיזם,    <noun>עיסוק</noun>    במודע,    <noun>חתירה</noun>    לבהירות    <adjective>ולמינימליזם</adjective>    במבע,    אירוניה,    <noun>עמדה</noun>    שיפוטית-ערכית,    <noun>התרחקות</noun>    <preposition>מן</preposition>    הריגוש,    <adverb>בייחוד</adverb>    <preposition>מן</preposition>    <noun>הריגוש</noun>    ה"גדול".    <quantifier>כל</quantifier>    <pronoun>אלה</pronoun>    <verb>הרחיקו</verb>    <at-preposition>את</at-preposition>    <noun>השירה</noun>    מעיסוק    במה    שנראה    לה    עיקר:    <noun>הרצף</noun>    המסתורי,    <noun>הכמעט</noun>    <wPrefix>בלתי</wPrefix>    נתפש,    <shel-preposition>של</shel-preposition>    <noun>המציאות</noun>    כזרימה    <wPrefix>בלתי</wPrefix>    <participle>פוסקת</participle>    <shel-preposition>של</shel-preposition>    <noun>חלקיקי</noun>    <noun>תודעה</noun>    וחומר,    <shel-preposition>של</shel-preposition>    <noun>עולם</noun>    <adjective>נפשי</adjective>    <participle>הנמצא</participle>    בתנועה    <adjective>סוערת</adjective>    ושל    <noun>המרחב</noun>    <adjective>המקיף</adjective>    אותו.    <preposition>לעומת</preposition>    <noun>התרחשות</noun>    זו,    <participle>הנמצאת</participle>    <adverb>תמיד</adverb>    בתנועה    <shel-preposition>של</shel-preposition>    <noun>התרחבות</noun>    <adjective>גלית</adjective>    <preposition>לעבר</preposition>    האינסופי,    <noun>העמדה</noun>    <adjective>האירונית</adjective>    <pronoun>היא</pronoun>    נלעגת,    <adverb>כמעט</adverb>    <verb>מעוררת</verb>    רחמים.    <conjunction>אפילו</conjunction>    <noun>יללה</noun>    <shel-preposition>של</shel-preposition>    חתלתול,    <noun>קריאת</noun>    <noun>אוח</noun>    <adjective>פתאומית</adjective>    <conjunction>או</conjunction>    <noun>ציוץ</noun>    <shel-preposition>של</shel-preposition>    <properName>גוזל</properName>    <adjective>אבוד</adjective>    <pronomial>הם</pronomial>    בבחינת    <noun>אמירה</noun>    <noun>אדקווטית</noun>    <adverb>יותר</adverb>    מזו    <shel-preposition>של</shel-preposition>    <noun>המשורר</noun>    <adjective>האירוני</adjective>    <adjective>המתוחכם</adjective>    בעניין    מקומה    <shel-preposition>של</shel-preposition>    <noun>התודעה</noun>    <preposition>בתוך</preposition>    <noun>הסערה</noun>    הקוסמית.    הריגוש,    לרבות    <noun>הריגוש</noun>    הגדול,    <pronoun>הוא</pronoun>    <noun>התגובה</noun>    <adjective>הטבעית</adjective>    וההכרחית    <preposition>על</preposition>    ה"יש"    <adjective>המבעית</adjective>    והמלהיב    כאחד,    והשירה    <copula>אינה</copula>    <modal>יכולה</modal>    ואף    <copula>אינה</copula>    <modal>צריכה</modal>    <verb>להצניע</verb>    אותו.
      <noun>חלפי</noun>    <verb>מתנגדת</verb>    לשירה    <shel-preposition>של</shel-preposition>    "אימפוזיציות",    <participle>הכופה</participle>    <preposition>על</preposition>    <noun>המציאות</noun>    <adjective>החמקמקה</adjective>    <noun>קיבעונות</noun>    <shel-preposition>של</shel-preposition>    "מצב",    "דמות",    "משמעות",    "פשר";    <quantifier>כל</quantifier>    <quantifier>אותו</quantifier>    "כובד    <noun>ישבן</noun>    הרצון"    <participle>הממשמע</participle>    ומעיק    <preposition>על</preposition>    <noun>קליטת</noun>    <noun>האמת</noun>    <shel-preposition>של</shel-preposition>    "מאסות    מגששות",    <shel-preposition>של</shel-preposition>    "דגיגי    רגע"    <verb>חולפים</verb>    ביעף.    <noun>המשוררת</noun>    "חושבת    במהירות    החושך",    <verb>לומדת</verb>    <at-preposition>את</at-preposition>    <noun>טבע</noun>    <noun>המציאות</noun>    ה"מסוכסכת"    מעצמה.    <pronoun>היא</pronoun>    <noun>זיקית</noun>    משנה    צבעיה;    <pronoun>היא</pronoun>    <properName>עב"ם</properName>    מהבהב,    מתגלה-נעלם,    במרחב.    <verb>שולט</verb>    בה    "עקרון    אי-הוודאות".    אמנם,    בניגוד    למשוררת    <noun>בת</noun>    <noun>הדור</noun>    <adjective>הבולטת</adjective>    <properName>יונה</properName>    וולך,    <existential>אין</existential>    <noun>חלפי</noun>    <verb>מרחיקה</verb>    <verb>לחדור</verb>    <preposition>אל</preposition>    <noun>מחוזות</noun>    <adjective>המודע</adjective>    למחצה    ואין    <pronoun>היא</pronoun>    <verb>מעמידה</verb>    <at-preposition>את</at-preposition>    <noun>המבע</noun>    לרשותו    <shel-preposition>של</shel-preposition>    ה"סתם"    הליבידיאני.    <preposition>תחת</preposition>    <pronoun>זאת</pronoun>    <pronoun>היא</pronoun>    <verb>חוקרת</verb>    <preposition>ללא</preposition>    <noun>לאות</noun>    <at-preposition>את</at-preposition>    <adjective>המודע</adjective>    ה"זניח",    <at-preposition>את</at-preposition>    <adjective>המוחש</adjective>    <participle>החומק</participle>    <preposition>מן</preposition>    <noun>התודעה</noun>    <preposition>בעד</preposition>    <noun>חורי</noun>    <noun>רשת</noun>    <noun>הסלקציה</noun>    <adjective>התרבותית</adjective>    השגרתית.    <pronoun>היא</pronoun>    <verb>מחפשת</verb>    <at-preposition>את</at-preposition>    "החיים    בשולי    החיים",    <at-preposition>את</at-preposition>    "האוויר    <adjective>הכבד</adjective>    <participle>המחלחל</participle>    באוויר    הצלול".    <preposition>לשם</preposition>    <pronoun>כך</pronoun>    <pronoun>היא</pronoun>    <verb>הופכת</verb>    <at-preposition>את</at-preposition>    <noun>עצמה</noun>    למין    <noun>אקווריום</noun>    <conjunction>או</conjunction>    מבחנה,    ובה    בעת    <pronoun>היא</pronoun>    <verb>משתפת</verb>    <at-preposition>את</at-preposition>    <noun>עצמה</noun>    <noun>השתתפות</noun>    <adjective>פעילה</adjective>    בתהליך    <participle>הזרימתי</participle>    <preposition>באמצעות</preposition>    <noun>הקרנת</noun>    <adjective>העצמי</adjective>    <preposition>אל</preposition>    <wPrefix>תוך</wPrefix>    נמלה    <noun>עמלה</noun>    <participle>הנשקפת</participle>    באור    <adjective>חזק</adjective>    <noun>מעבר</noun>    ללוח    <noun>זכוכית</noun>    <shel-preposition>של</shel-preposition>    חלון,    <noun>תחושת</noun>    <noun>הגוף</noun>    <participle>המחבק</participle>    בכוח    <noun>עצים</noun>    בגן,    <noun>נשים</noun>    <verb>מזדקנות</verb>    <verb>מאופרות</verb>    באופן    <adjective>מוגזם</adjective>    <participle>המנהלות</participle>    <noun>שיחות</noun>    <noun>רכילות</noun>    <adjective>אינסופיות</adjective>    בבתי    קפה.    רצונה    <shel-preposition>של</shel-preposition>    <noun>חלפי</noun>    <pronoun>הוא</pronoun>    "לעוץ    מציאות,    <verb>ללוש</verb>    חושך,    <verb>לחוש</verb>    עצם,    לפסל    מים".
      <adverb>מכאן</adverb>    <verb>מתחייבת</verb>    <noun>הפניית</noun>    <noun>עורף</noun>    לכליה    <adjective>הסגנוניים</adjective>    <shel-preposition>של</shel-preposition>    השירה,    <participle>המאמינה</participle>    בכוחה    <shel-preposition>של</shel-preposition>    <noun>השפה</noun>    <adjective>השירית</adjective>    <verb>לעוט</verb>    <preposition>על</preposition>    <noun>עיקר</noun>    <noun>משמעות</noun>    מתחמק,    <verb>לצוד</verb>    <quantifier>אותו</quantifier>    ולהגישו    לקורא.    <noun>המילים</noun>    וצירופיהן    <verb>נראים</verb>    לה    <noun>כלי</noun>    <adjective>מגושם</adjective>    מאוד,    והיא    "הודפת"    <at-preposition>את</at-preposition>    המילים,    <verb>מזלזלת</verb>    בשפה,    שרק    מרוב    <noun>בהלה</noun>    מאי-היציבות    <shel-preposition>של</shel-preposition>    <noun>היש</noun>    <pronoun>אנו</pronoun>    <verb>נאחזים</verb>    בקרנותיה.
          <preposition>עם</preposition>    זאת,    <existential>אין</existential>    <preposition>בידי</preposition>    המשוררת,    <preposition>בידי</preposition>    <quantifier>כל</quantifier>    משורר,    <conjunction>אלא</conjunction>    <noun>המילים</noun>    וצירופיהן.    <preposition>מתוך</preposition>    <noun>הפרדוקס</noun>    <pronoun>הזה</pronoun>    <verb>פיתחה</verb>    <noun>חלפי</noun>    <properName>פואטיקה</properName>    <adjective>מיוחדת</adjective>    <shel-preposition>של</shel-preposition>    <noun>בריחה</noun>    <preposition>מן</preposition>    <noun>האמירה</noun>    <adjective>השירית</adjective>    ה"כבדה",    הטעונה,    <adjective>עמוסת</adjective>    המשמעות;    <shel-preposition>של</shel-preposition>    <noun>סיכול</noun>    <noun>האמירה</noun>    <pronoun>הזאת</pronoun>    והמרתה    באמירה    "רופפת"    במתכוון,    <wPrefix>בלתי</wPrefix>    <adjective>מוגמרת</adjective>    ולעתים    <adjective>חסרת</adjective>    ליטוש.    <pronoun>היא</pronoun>    <verb>מסתייעת</verb>    במרכיבים    הבלתי-רציונליים    <shel-preposition>של</shel-preposition>    השפה,    בלשון    דיבור,    בחזרות    <participle>המדגישות</participle>    <adverb>דווקא</adverb>    <at-preposition>את</at-preposition>    <noun>החלק</noun>    הבלתי-תבוני    והבלתי-"מעניין"    שבאמירה,    בלשון    ילדים,    ואפילו    באי-גיון    (נונסנס).    בה    בעת    <pronoun>היא</pronoun>    <verb>פונה</verb>    <preposition>לעבר</preposition>    <noun>הלשון</noun>    <shel-preposition>של</shel-preposition>    <noun>המדעים</noun>    המדויקים,    <adverb>בייחוד</adverb>    <shel-preposition>של</shel-preposition>    הפיזיקה,    <conjunction>או</conjunction>    ללשון    <noun>הדיון</noun>    המופשט,    היובשני.    זאת,    <negation>לא</negation>    <conjunction>משום</conjunction>    שהיא    <verb>מבינה</verb>    <at-preposition>את</at-preposition>    <noun>המציאות</noun>    <noun>הבנה</noun>    "מדעית",    <conjunction>אלא</conjunction>    <conjunction>משום</conjunction>    שהיא    <verb>מוצאת</verb>    בלשון    <adjective>המדעית</adjective>    <at-preposition>את</at-preposition>    <noun>המטפורות</noun>    <participle>המגלמות</participle>    בדיוק    <adjective>מרבי</adjective>    <at-preposition>את</at-preposition>    <noun>תפישת</noun>    <noun>המציאות</noun>    שלה    כ"ניצוצות    <adjective>זריזים</adjective>    <shel-preposition>של</shel-preposition>    <noun>זרמי</noun>    המוח".    <noun>התוכן</noun>    <shel-preposition>של</shel-preposition>    <noun>המטפורות</noun>    <adjective>המדעיות</adjective>    שלה    <pronoun>הוא</pronoun>    <adjective>רגשי</adjective>    ואפילו    מוסרי.    <pronoun>היא</pronoun>    <verb>ממקדת</verb>    <at-preposition>את</at-preposition>    מבטה    ב"חומר",    <conjunction>מפני</conjunction>    שהוא    <verb>נראה</verb>    לה    <noun>הנציג</noun>    <properName>הסינקדוכי</properName>    <verb>האמין</verb>    <adverb>ביותר</adverb>    <shel-preposition>של</shel-preposition>    הרוח,    הנפש,    התודעה.    <conjunction>לכן</conjunction>    <noun>יש</noun>    בשירתה    הכמו-מדעית    <adverb>הרבה</adverb>    <noun>הומור</noun>    (אבל    <conjunction>אף</conjunction>    <adverb>פעם</adverb>    <negation>לא</negation>    <noun>סרקזם</noun>    וכמעט    <conjunction>גם</conjunction>    <negation>לא</negation>    אירוניה),    <noun>שעשוע</noun>    ומשחק    שכלי,    <conjunction>כשם</conjunction>    שיש    בה    <noun>ביטויים</noun>    <adjective>עזים</adjective>    <shel-preposition>של</shel-preposition>    <noun>פאתוס</noun>    וריגוש.
      <verb>זכתה</verb>    <adverb>פעמיים</adverb>    בפרס    <noun>היצירה</noun>    <preposition>על</preposition>    <noun>שם</noun>    <noun>ראש</noun>    <noun>הממשלה</noun>    <properName>לוי</properName>    <properName>אשכול</properName>    <date><date>(1989,</date></date>    <date><date>1998).</date></date>    <date><date>ב-2006</date></date>    <verb>זכתה</verb>    בפרס    <properName>ביאליק</properName>    לשירה.
      References:    
      בלבן,    אברהם.    "הערות    <noun>מבוא</noun>    לשירת    <noun>רחל</noun>    חלפי".    <adverb>עכשיו</adverb>    62.    <noun>חורף</noun>    <date><date>1995.</date></date>    63-49;    הירשפלד,    אריאל.    "אל    <noun>הקצה</noun>    <participle>המבהיל</participle>    <adverb>בעליל</adverb>    <shel-preposition>של</shel-preposition>    הספק".    <noun>הארץ</noun>    <noun>תרבות</noun>    וספרות.    <date><date>16.8.2002.</date></date>    ה'1;    טריינין,    אבנר.    <preposition>בין</preposition>    <noun>שירה</noun>    למדע.    ירושלים:    <properName>מוסד</properName>    ביאליק.    <date><date>2000.</date></date>    143-138;    מירון,    דן.    "לעוץ    מציאות,    <verb>ללוש</verb>    חושך,    <verb>לברוא</verb>    קול:    <preposition>על</preposition>    <verb>שירתה</verb>    <shel-preposition>של</shel-preposition>    <noun>רחל</noun>    חלפי".    <noun>מקלעת</noun>    השמש.    <properName>בני</properName>    ברק:    <noun>הקיבוץ</noun>    המאוחד.    <date><date>2005.</date></date>    574-453;    קרטון-בלום,    רות.    "השיר    הלולאתי:    <preposition>על</preposition>    <noun>תבניות</noun>    פוסט-מודרניות    בשירה".    <conjunction>אפס</conjunction>    <numeral>שתיים</numeral>    2.    <noun>חורף</noun>    <date><date>1993.</date></date>    87-77;    שחם,    חיה.    "עיון    במחזור    <noun>שירי</noun>    <noun>המכשפות</noun>    <shel-preposition>של</shel-preposition>    <noun>רחל</noun>    חלפי".נשים    ומסיכות:    מאשת    <noun>לוט</noun>    <preposition>עד</preposition>    סינדרלה.    <properName>בני</properName>    ברק:    <noun>הקיבוץ</noun>    המאוחד.    <date><date>2001.</date></date>    223-196;    שניר,    לאה.    "שתי    שיחות:    <noun>החומר</noun>    והרוח:    ראיון".    עלי    <noun>שיח</noun>    32-31.    <properName>סתיו</properName>    <date><date>1992.</date></date>    177-155.
    
  		</body>
  	</text>
  </TEI> 
		</body>
	</text>
</TEI>