<?xml version="1.0" encoding="UTF-8"?>
<?xml-model href="http://www.tei-c.org/release/xml/tei/custom/schema/relaxng/tei_all.rng" type="application/xml" schematypens="http://relaxng.org/ns/structure/1.0"?>
<?xml-model href="http://www.tei-c.org/release/xml/tei/custom/schema/relaxng/tei_all.rng" type="application/xml"
	schematypens="http://purl.oclc.org/dsdl/schematron"?>
<TEI xmlns="http://www.tei-c.org/ns/1.0">
   <teiHeader>
      <fileDesc>
         <publicationStmt>
            <p>Publication Information</p>
         </publicationStmt>
         <sourceDesc>
            <p>Information about the source</p>
         </sourceDesc>
      </fileDesc>
   </teiHeader>
   <text>
      <body>
 <?xml  version="1.0"  encoding="UTF-8"?>
  <?xml-model  href="http://www.tei-c.org/release/xml/tei/custom/schema/relaxng/tei_all.rng"  type="application/xml"  schematypens="http://relaxng.org/ns/structure/1.0"?>
  <?xml-model  href="http://www.tei-c.org/release/xml/tei/custom/schema/relaxng/tei_all.rng"  type="application/xml"
  	schematypens="http://purl.oclc.org/dsdl/schematron"?>
  <TEI  xmlns="http://www.tei-c.org/ns/1.0">
        <teiHeader>
              <fileDesc>
                    <publicationStmt>
                          <p>Publication  Information</p>
                    </publicationStmt>
                    <sourceDesc>
                          <p>Information  about  <foreign>the</foreign>  source</p>
                    </sourceDesc>
              </fileDesc>
        </teiHeader>
        <text>
              <body>
    Name:    יהושע,    <properName>אברהם</properName>    (בולי)    גבריאל
      <foreign>Birth</foreign>    Year:    <date><date>1936
</date>  </date>    <foreign>Birth</foreign>    Place:    ירושלים
      Occupation:    סופר,    <noun>מסאי</noun>    ומחזאי
      <foreign>Entry</foreign>    writer:    <properName>ניצה</properName>    בן-דב
      <foreign>Entry</foreign>    Value:    
      <verb>נולד</verb>    בירושלים.    <preposition>מצד</preposition>    אביו,    <properName>יעקב</properName>    יהושע,    <pronoun>הוא</pronoun>    <noun>דור</noun>    <numeral>חמישי</numeral>    בארץ:    בשליש    <numeral>הראשון</numeral>    <shel-preposition>של</shel-preposition>    <numeral>המאה</numeral>    התשע-עשרה    <verb>באו</verb>    <noun>אבות</noun>    אבותיו    מסלוניקי    ומפראג    והתיישבו    בירושלים.    אמו,    <properName>מלכה</properName>    רוזיליו,    <verb>עלתה</verb>    <adverb>ארצה</adverb>    <preposition>עם</preposition>    <properName>אביה</properName>    <date><date>ב-1932</date></date>    מהעיר    מוגדור,    מרוקו.    <pronoun>היא</pronoun>    <copula>היתה</copula>    <noun>בת</noun>    <noun>עשירית</noun>    מאחד-עשר    <noun>ילדים</noun>    לאב    אלמן,    שהחליט    לעת    זקנתו    <verb>לעזוב</verb>    <at-preposition>את</at-preposition>    משפחתו    ולעלות    ארצה.    <pronoun>הוא</pronoun>    <verb>נפטר</verb>    כארבע    <noun>שנים</noun>    <preposition>אחרי</preposition>    עלייתו,    <quantifier>כמה</quantifier>    <noun>חודשים</noun>    <preposition>לפני</preposition>    שנכדו,    אברהם,    <verb>יצא</verb>    לאוויר    <noun>העולם</noun>    ונקרא    <preposition>על</preposition>    שמו.
      משפחתו    <copula>היתה</copula>    <adjective>מסורתית</adjective>    "בנוסח    הספרדים".    <conjunction>אף</conjunction>    שסבו,    <noun>אבי</noun>    אביו,    <copula>היה</copula>    <properName>אב</properName>    <noun>בית</noun>    <noun>דין</noun>    לעדת    <noun>הספרדים</noun>    בירושלים,    אביו    <verb>התהלך</verb>    בגילוי    <noun>ראש</noun>    ופקד    <at-preposition>את</at-preposition>    <noun>בית</noun>    <properName>הכנסת</properName>    <conjunction>רק</conjunction>    בשבתות    ובחגים.    <conjunction>גם</conjunction>    בנו    <negation>לא</negation>    <verb>נשלח</verb>    לבית    <noun>ספר</noun>    <adjective>דתי</adjective>    <conjunction>אלא</conjunction>    לבית    <noun>ספר</noun>    <adjective>חילוני</adjective>    מובהק:    <noun>הגימנסיה</noun>    <adjective>העברית</adjective>    ברחביה.
      <copula>היה</copula>    <adjective>פעיל</adjective>    בתנועת    "הצופים",    <verb>שימש</verb>    מטעמה    מדריך-שליח    והתגייס    לנח"ל.    <preposition>לקראת</preposition>    <noun>סוף</noun>    שירותו    <adjective>הצבאי</adjective>    <verb>גויס</verb>    לגדוד    <noun>הצנחנים</noun>    <shel-preposition>של</shel-preposition>    הנח"ל,    <verb>נטל</verb>    <adverb>חלק</adverb>    בפעולות    <noun>התגמול</noun>    <date><date>וב-1956</date></date>    <verb>השתתף</verb>    במלחמת    סיני.    <preposition>לאחר</preposition>    <noun>שהות</noun>    <adjective>קצרה</adjective>    בקיבוץ    <properName>חצרים</properName>    <verb>חזר</verb>    לירושלים    ולמד    <noun>ספרות</noun>    <adjective>עברית</adjective>    ופילוסופיה    באוניברסיטה    <adjective>העברית</adjective>    בירושלים.    <date><date>ב-1960</date></date>    <verb>נשא</verb>    לאישה    <at-preposition>את</at-preposition>    <properName>רבקה</properName>    לבית    <properName>קרני</properName>    <date><date>וב-1963</date></date>    <verb>נסעו</verb>    שניהם    לפריז.    <properName>רבקה</properName>    <verb>השלימה</verb>    <noun>שם</noun>    <at-preposition>את</at-preposition>    <noun>עבודת</noun>    <noun>הדוקטור</noun>    בפסיכולוגיה    ויהושע    <copula>היה</copula>    <noun>מזכיר</noun>    <adjective>כללי</adjective>    <shel-preposition>של</shel-preposition>    <noun>ההתאחדות</noun>    <adjective>העולמית</adjective>    <shel-preposition>של</shel-preposition>    <noun>הסטודנטים</noun>    היהודים.    בפריז    <verb>נולדה</verb>    בתם    <noun>הבכורה</noun>    סיון.    <date><date>ב-1967</date></date>    <verb>שב</verb>    <properName>יהושע</properName>    <preposition>עם</preposition>    משפחתו    <adverb>ארצה</adverb>    והתיישב    בחיפה,    <verb>שבה</verb>    <pronoun>הוא</pronoun>    <verb>מתגורר</verb>    <preposition>עד</preposition>    היום.    בחיפה    <verb>נולדו</verb>    <numeral>שני</numeral>    בניו,    <properName>גדעון</properName>    <date><date>ב-1970</date></date>    ונחום    <date><date>ב-1974.</date></date>    
      באוניברסיטת    <properName>חיפה</properName>    <properName>עבד</properName>    <adverb>תחילה</adverb>    כדיקן    <noun>הסטודנטים</noun>    והיה    מייסדה    <shel-preposition>של</shel-preposition>    <noun>המכינה</noun>    הקדם-אקדמית,    שקלטה    <noun>מתנדבים</noun>    וסטודנטים    <adjective>יהודים</adjective>    שהגיעו    <adverb>ארצה</adverb>    <preposition>בעקבות</preposition>    <noun>מלחמת</noun>    <numeral>ששת</numeral>    הימים.    <preposition>עם</preposition>    <noun>הזמן</noun>    <verb>נטש</verb>    <properName>יהושע</properName>    <at-preposition>את</at-preposition>    פעילותו    <adjective>האדמיניסטרטיבית</adjective>    והחל    <verb>ללמד</verb>    בחוג    לספרות    <adjective>עברית</adjective>    והשוואתית.    <date><date>ב-1972</date></date>    <verb>התמנה</verb>    למרצה    <adjective>בכיר</adjective>    <noun>אמן</noun>    ומקץ    <noun>שנים</noun>    <verb>קיבל</verb>    <noun>תואר</noun>    פרופסור.    <noun>עבודת</noun>    <noun>ההוראה</noun>    <adjective>ארוכת</adjective>    <noun>השנים</noun>    <verb>הניבה</verb>    <noun>פרשנויות</noun>    <adjective>מקוריות</adjective>    ליצירות    <shel-preposition>של</shel-preposition>    עגנון,    <shel-preposition>של</shel-preposition>    <properName>קפקא</properName>    ואחרים,    ומסות    <preposition>על</preposition>    <noun>ענייני</noun>    <noun>ספרות</noun>    ומוסר.
      <adverb>מאז</adverb>    <noun>מלחמת</noun>    <numeral>ששת</numeral>    <noun>הימים</noun>    <verb>מתבטא</verb>    <properName>יהושע</properName>    בעניינים    <participle>הקשורים</participle>    לסכסוך    הישראלי-ערבי.    <pronoun>הוא</pronoun>    <adjective>ידוע</adjective>    כאיש    <noun>שמאל</noun>    <adjective>מובהק</adjective>    <participle>החותר</participle>    ליישוב    <noun>הסכסוך</noun>    <preposition>על</preposition>    <noun>ידי</noun>    <noun>ויתור</noun>    <preposition>על</preposition>    <noun>שטחים</noun>    <preposition>למען</preposition>    השלום.    בכתיבה    <adjective>הפובליציסטית</adjective>    שלו    <pronoun>הוא</pronoun>    <verb>מנסה</verb>    <verb>לרדת</verb>    לשורשי    <noun>הסכסוך</noun>    בדרכים    פסיכולוגיות,    <verb>להבין</verb>    <at-preposition>את</at-preposition>    <noun>נפש</noun>    <noun>האומה</noun>    <adjective>הישראלית</adjective>    ולבטא    <noun>דעות</noun>    <negation>לא</negation>    <adjective>שגרתיות</adjective>    <preposition>על</preposition>    <noun>הזהות</noun>    <adjective>היהודית</adjective>    החמקמקה.
      יצירתו    <adjective>הספרותית</adjective>    <adjective>הענפה</adjective>    <verb>כוללת</verb>    <participle>קובצי</participle>    סיפורים,    רומנים,    מחזות,    <noun>מסות</noun>    <adjective>פוליטיות</adjective>    ומסות    ספרותיות.    סיפוריו    <noun>הראשונים</noun>    <verb>התפרסמו</verb>    ב"משא"    ובקשת.    סיפורו    הראשון,    "מיתתו    <shel-preposition>של</shel-preposition>    <noun>הזקן</noun>    <preposition>מן</preposition>    <noun>הקומה</noun>    הראשונה"    (לימים    "מות    הזקן",    <date><date>1957),</date></date>    שנכתב    בקיבוץ    <properName>חצרים</properName>    <noun>חודשים</noun>    <adjective>אחדים</adjective>    <preposition>לאחר</preposition>    שחרורו    מהצבא    בתום    <noun>מלחמת</noun>    סיני,    <verb>משמש</verb>    <noun>ציון</noun>    <noun>דרך</noun>    <adjective>חשוב</adjective>    בספרות    הישראלית.    <pronoun>זהו</pronoun>    <noun>סיפור</noun>    <adjective>סוריאליסטי</adjective>    <adjective>רווי</adjective>    <noun>חידות</noun>    וסמלים,    <noun>סנונית</noun>    <numeral>ראשונה</numeral>    שבישרה    <at-preposition>את</at-preposition>    התנערותו    <shel-preposition>של</shel-preposition>    <properName>יהושע</properName>    ובני    דורו    מהספרות    <adjective>האידיאולוגית</adjective>    <adjective>הצלולה</adjective>    והנחושה    <shel-preposition>של</shel-preposition>    <noun>סופרי</noun>    <noun>דור</noun>    תש"ח.    כתחליף    לספרות    "דור    התקומה"    <verb>אימצו</verb>    להם    <noun>סופרי</noun>    "דור    המדינה",    ויהושע    בראשם,    <at-preposition>את</at-preposition>    <properName>ש"י</properName>    עגנון,    ובייחוד    <at-preposition>את</at-preposition>    <verb>ספרהמעשים</verb>    שלו,    <at-preposition>את</at-preposition>    <properName>קפקא</properName>    ואת    <properName>קאמי</properName>    כמודלים    <adjective>ספרותיים</adjective>    <adjective>הראויים</adjective>    לחיקוי.
      <preposition>אחרי</preposition>    "מות    הזקן"    <verb>המשיך</verb>    <properName>יהושע</properName>    <verb>לפרסם</verb>    <noun>שורה</noun>    <shel-preposition>של</shel-preposition>    סיפורים,    שהמוזרות,    <noun>ההגזמה</noun>    <noun>הקריקטוריסטית</noun>    ואווירת    <noun>האבסורד</noun>    <verb>שולטות</verb>    בהם.    <noun>יצירות</noun>    <pronoun>אלה</pronoun>    <verb>קובצו</verb>    בשני    ספרים:    הראשון,    <noun>מות</noun>    <noun>הזקן</noun>    (הקיבוץ    המאוחד,    <date><date>1962),</date></date>    ובו    <numeral>שבעה</numeral>    סיפורים;    והשני,    <preposition>מול</preposition>    <noun>היערות</noun>    <date><date>(1968),</date></date>    ובו    <numeral>ארבע</numeral>    נובלות.    <noun>הסיפורים</noun>    והנובלות    <verb>זכו</verb>    לעשרות    <noun>אינטרפרטציות</noun>    מרתקות,    לעיבודים    לקולנוע    ולתיאטרון    וריכזו    <punctuation>–</punctuation>    ועדיין    <noun>מרכזים</noun>    <punctuation>–</punctuation>    <noun>תשומת</noun>    <noun>לב</noun>    <adjective>רבה</adjective>    <shel-preposition>של</shel-preposition>    <noun>האקדמיה</noun>    מזה,    ושל    <noun>קהל</noun>    <noun>קוראים</noun>    <adjective>רחב</adjective>    מזה.    הסיפורים,    שמתרחשים    <adverb>תחילה</adverb>    בניתוק    <adjective>מוחלט</adjective>    מזמן    וממקום    <adjective>מזוהים</adjective>    וכמו    <verb>מרחפים</verb>    בחלל    <adjective>קיומי</adjective>    <adjective>נטול</adjective>    שורשים,    <verb>הלכו</verb>    והתמקמו    במציאות    הישראלית,    וזאת    <conjunction>מבלי</conjunction>    <verb>לאבד</verb>    <at-preposition>את</at-preposition>    אופיים    האנושי-האוניברסלי.    <noun>הנובלה</noun>    בתחילת    <noun>קיץ</noun>    <date><date>1970,</date></date>    שיצאה    לאור    כספר    <date><date>(1972),</date></date>    <verb>מסמנת</verb>    <adverb>כבר</adverb>    בשמה,    שכלכולו    <noun>ציון</noun>    <noun>זמן</noun>    מוגדר,    ובתוכנה,    <noun>עימות</noun>    <preposition>בין</preposition>    <properName>אב</properName>    <adjective>לבן</adjective>    <preposition>על</preposition>    <noun>רקע</noun>    <noun>מלחמת</noun>    ההתשה–    <at-preposition>את</at-preposition>    <noun>המחויבות</noun>    <adjective>המיידית</adjective>    <adjective>העמוקה</adjective>    שחש    <properName>יהושע</properName>    <preposition>כלפי</preposition>    <noun>המציאות</noun>    <adjective>הישראלית</adjective>    <participle>המורכבת</participle>    <preposition>אחרי</preposition>    <noun>עידן</noun>    <noun>המופשטוּת</noun>    שאפיין    <at-preposition>את</at-preposition>    כתיבתו    בראשיתה.    <conjunction>גם</conjunction>    <noun>הנובלה</noun>    "בסיס-טילים    612"    <date><date>(1974)</date></date>    <verb>ממוקמת</verb>    בזמן    ובמקום    <adjective>קונקרטיים</adjective>    ועוסקת    בנושא    <adjective>ישראלי</adjective>    מובהק.    <noun>רוב</noun>    <noun>היצירות</noun>    <numeral>הראשונות</numeral>    <adjective>הקצרות</adjective>    <shel-preposition>של</shel-preposition>    <properName>יהושע</properName>    <verb>קובצו</verb>    בקובץ    <quantifier>כל</quantifier>    <noun>הסיפורים</noun>    <date><date>(1993).
</date>  </date>    <noun>המעבר</noun>    <shel-preposition>של</shel-preposition>    <properName>יהושע</properName>    מהנובלה    <preposition>אל</preposition>    <noun>הרומן</noun>    <copula>היה</copula>    הדרגתי.    <numeral>ארבעת</numeral>    <noun>הרומנים</noun>    <noun>הראשונים</noun>    שלו    <adjective>כתובים</adjective>    חטיבות-חטיבות,    כשכל    <numeral>אחת</numeral>    מהן    <pronoun>היא</pronoun>    בבחינת    <noun>נובלה</noun>    <participle>העומדת</participle>    <preposition>בפני</preposition>    עצמה,    ובה    בעת    <pronoun>היא</pronoun>    <adverb>חלק</adverb>    מהמלאות    <adjective>האפית</adjective>    ומהרצף    <adjective>הכרונולוגי</adjective>    <shel-preposition>של</shel-preposition>    הרומן.    <noun>המאהב</noun>    (שוקן,    <date><date>1977),</date></date>    <noun>הרומן</noun>    הראשון,    וגירושים    <adjective>מאוחרים</adjective>    <date><date>(1982),</date></date>    <noun>הרומן</noun>    השני,    <adjective>כתובים</adjective>    בז'אנר    הרשומון,    כשכל    <noun>אירוע</noun>    <verb>מתואר</verb>    מכמה    <noun>נקודות</noun>    תצפית.    מולכו    <date><date>(1987)</date></date>    <verb>מחולק</verb>    לחמש    <noun>עונות</noun>    שנה,    ובכל    <noun>עונה</noun>    <adjective>חוֹוה</adjective>    <noun>הגיבור</noun>    <noun>חוויה</noun>    <adjective>רומנטית</adjective>    <adjective>שונה</adjective>    <preposition>עם</preposition>    <noun>אישה</noun>    <adjective>אחרת</adjective>    במרחב    <adjective>גיאוגרפי</adjective>    ואנושי    חדש.    <adverb>מר</adverb>    <verb>מאני</verb>    <date><date>(1990)</date></date>    <pronoun>הוא</pronoun>    <noun>רומן</noun>    שיחות.    בכל    <noun>שיחה</noun>    <verb>מתחלפים</verb>    הדוברים,    <verb>מתחלף</verb>    <properName>בן</properName>    <noun>משפחת</noun>    <verb>מאני</verb>    שעליו    <verb>נסבה</verb>    שיחתם,    ומתחלף    <noun>העידן</noun>    <verb>שבו</verb>    <noun>הדברים</noun>    מתרחשים.    <adjective>נוסף</adjective>    לכך,    <verb>נע</verb>    <noun>רומן</noun>    <pronoun>זה</pronoun>    <adverb>בסדר</adverb>    <adjective>כרונולוגי</adjective>    הפוך,    מההווה    <preposition>אל</preposition>    העבר.    <conjunction>רק</conjunction>    בהשיבה    מהודו    <date><date>(1994),</date></date>    <noun>הרומן</noun>    <numeral>החמישי</numeral>    <shel-preposition>של</shel-preposition>    יהושע,    <verb>עובר</verb>    <noun>חוט</noun>    <noun>עלילה</noun>    <adjective>מרכזי</adjective>    <numeral>אחד</numeral>    לכל    אורכו.
      <noun>הרומנים</noun>    הראשונים,    <preposition>בגלל</preposition>    <noun>הטכניקה</noun>    <adjective>הניסיונית</adjective>    שלהם    ובשל    תוכנם    השערורייתי,    שהוא    <noun>המשך</noun>    <adjective>טבעי</adjective>    לתוכן    <adjective>הסקנדליסטי</adjective>    <shel-preposition>של</shel-preposition>    סיפוריו    <noun>הראשונים</noun>    (מוטיב    העקדה,    <noun>גילוי</noun>    עריות,    לא-מודע    שמשתלט    <preposition>על</preposition>    פועלם    <shel-preposition>של</shel-preposition>    הגיבורים,    <noun>בעיית</noun>    <noun>זהות</noun>    <adjective>אישית</adjective>    וקולקטיבית),    <verb>עוררו</verb>    <preposition>אצל</preposition>    <noun>חוקרים</noun>    מתחומי    <noun>ידע</noun>    <adjective>שונים</adjective>    (פסיכולוגיה,    פילולוגיה,    היסטוריה,    וכמובן    ספרות)    <noun>רצון</noun>    <verb>להתמודד</verb>    <preposition>עם</preposition>    <noun>המסרים</noun>    <shel-preposition>של</shel-preposition>    יצירתו    המורכבת.    בכיוון    <adjective>הנגדי</adjective>    <date><date>(1995),</date></date>    <noun>קובץ</noun>    <shel-preposition>של</shel-preposition>    33    <noun>מחקרים</noun>    <preposition>על</preposition>    <noun>הרומן</noun>    <adverb>מר</adverb>    מאני,    ובהם    <conjunction>גם</conjunction>    <properName>יהושע</properName>    <pronoun>עצמו</pronoun>    <verb>מפרש</verb>    <at-preposition>את</at-preposition>    יצירתו,    ומבטים    מצטלבים:    <noun>עיונים</noun>    ביצירת    <properName>א"ב</properName>    <properName>יהושע</properName>    <date><date>(2010)</date></date>    <pronomial>הם</pronomial>    <noun>דוגמאות</noun>    <adjective>מייצגות</adjective>    לעניין    <adjective>העצום</adjective>    שיצירתו    <adjective>הספרותית</adjective>    <shel-preposition>של</shel-preposition>    <noun>סופר</noun>    <adjective>מרכזי</adjective>    <pronoun>זה</pronoun>    עוררה.
      <noun>השיבה</noun>    מהודו,    <noun>הרומן</noun>    שביסס    <at-preposition>את</at-preposition>    מעמדו    <shel-preposition>של</shel-preposition>    <properName>יהושע</properName>    כנובליסט,    <verb>עוסק</verb>    בהתאהבות    <shel-preposition>של</shel-preposition>    <noun>רופא</noun>    <adjective>צעיר</adjective>    באישה    מבוגרת,    <participle>הנשואה</participle>    בנישואים    <adjective>סימביוטיים</adjective>    לבעלה,    במסע    <adjective>משותף</adjective>    <shel-preposition>של</shel-preposition>    שלושתם    להודו.    <noun>המציאות</noun>    <adjective>הפוליטית</adjective>    והחברתית    <copula>אינה</copula>    <verb>תופשת</verb>    כאן,    <conjunction>כפי</conjunction>    שזה    <adverb>נכון</adverb>    <preposition>לגבי</preposition>    <noun>רוב</noun>    יצירותיו    <shel-preposition>של</shel-preposition>    יהושע,    <noun>מקום</noun>    מרכזי.    <adverb>כאן</adverb>    <noun>הסיפור</noun>    <adjective>חזק</adjective>    מהמסר.    <preposition>לעומת</preposition>    <pronoun>זאת</pronoun>    במסע    <preposition>אל</preposition>    <noun>תום</noun>    <properName>האלף</properName>    <date><date>(1997),</date></date>    <verb>שבו</verb>    מסופר    <preposition>על</preposition>    <noun>מפגש</noun>    <adjective>מרתק</adjective>    <preposition>בין</preposition>    <adjective>יהודים</adjective>    צפון-אפריקנים    ליהודים    אשכנזים,    <participle>המתרחש</participle>    <preposition>על</preposition>    <noun>סף</noun>    <properName>האלף</properName>    <numeral>השני</numeral>    לספירה,    <verb>שב</verb>    <noun>הסופר</noun>    <verb>לעסוק</verb>    בסוגיות    לאומיות,    <adjective>עדתיות</adjective>    ודתיות    בוערות.    <noun>רומן</noun>    <pronoun>זה</pronoun>    <verb>הניב</verb>    <noun>ספר</noun>    <noun>מחקרים</noun>    בשם    <noun>מסות</noun>    <preposition>על</preposition>    <noun>תום</noun>    <properName>האלף</properName>    <date><date>(1999)</date></date>    ועובד    לאופרה,    שיהושע    <verb>כתב</verb>    לה    <at-preposition>את</at-preposition>    הלִברית.
      <noun>הרומן</noun>    עב-הכרס    <verb>הכלההמשחררת</verb>    <date><date>(2001),</date></date>    <noun>הרומן</noun>    <adjective>הקצר</adjective>    שליחותו    <shel-preposition>של</shel-preposition>    <noun>הממונה</noun>    <preposition>על</preposition>    <noun>משאבי</noun>    <noun>אנוש</noun>    <date><date>(2004)</date></date>    והרומן    <noun>אש</noun>    ידידותית,    <noun>הכתוב</noun>    בצורת    <properName>דואט</properName>    <date><date>(2007)</date></date>    <punctuation>–</punctuation>    <verb>ממשיכים</verb>    <at-preposition>את</at-preposition>    <noun>המגמה</noun>    <adjective>האופיינית</adjective>    לכתיבתו    <shel-preposition>של</shel-preposition>    יהושע:    <properName>אקספרימנט</properName>    צורני,    שבא    <verb>לשרת</verb>    <noun>תוכן</noun>    <adjective>אישי</adjective>    ולאומי    <adjective>עמוק</adjective>    וכואב.    <conjunction>גם</conjunction>    ברומנים    <pronoun>אלה</pronoun>    <noun>הגיבורים</noun>    <verb>משוטטים</verb>    <preposition>על</preposition>    <noun>פני</noun>    <noun>ארצות</noun>    ויבשות    ובארץ    <properName>ישראל</properName>    עצמה.    <conjunction>כמו</conjunction>    שבמר    <verb>מאני</verb>    <verb>מגיעים</verb>    בסוף    <numeral>המאה</numeral>    התשע-עשרה    <adverb>חלק</adverb>    מהגיבורים    מפולין    לארץ    <properName>ישראל</properName>    ושבים    לפולין    <conjunction>כשם</conjunction>    שבאו    <punctuation>–</punctuation>    וזו    <conjunction>רק</conjunction>    <noun>דוגמה</noun>    <numeral>אחת</numeral>    משלל    <noun>המעברים</noun>    והשוטטויות    ברומן    <adjective>עשיר</adjective>    <pronoun>זה</pronoun>    <punctuation>–</punctuation>    וכמו    שבמסע    <preposition>אל</preposition>    <noun>תום</noun>    <properName>האלף</properName>    <verb>מגיעים</verb>    <noun>הגיבורים</noun>    לפריז    <adjective>הנחשלת</adjective>    <adverb>מהמגרב</adverb>    <participle>שטוף</participle>    <noun>האור</noun>    בסוף    <properName>האלף</properName>    <numeral>הראשון</numeral>    לספירה,    <pronoun>כך</pronoun>    <conjunction>גם</conjunction>    מרחביה    <adjective>העצומים</adjective>    <shel-preposition>של</shel-preposition>    <properName>ברית</properName>    <properName>המועצות</properName>    <adverb>לשעבר</adverb>    <pronomial>הם</pronomial>    <noun>רקע</noun>    למסע    <noun>הגיבורים</noun>    בשליחותו    <shel-preposition>של</shel-preposition>    <noun>הממונה</noun>    <preposition>על</preposition>    <noun>משאבי</noun>    אנוש,    ויבשת    <properName>אפריקה</properName>    <pronoun>היא</pronoun>    <noun>רקע</noun>    לדואט    שבין    <noun>בעל</noun>    לאשתו    באש    ידידותית.    <conjunction>אבל</conjunction>    <preposition>מבעד</preposition>    לכל    <noun>המרחבים</noun>    <adjective>הגיאוגרפיים</adjective>    שיצירתו    מקיפה,    <adjective>מנצנצת</adjective>    <adverb>כמעט</adverb>    בכל    ספריו    מרכזיותה    <shel-preposition>של</shel-preposition>    ירושלים.
      <properName>יהושע</properName>    <adjective>ידוע</adjective>    כחדשן    <participle>המתפתח</participle>    ומשתנה    <preposition>ללא</preposition>    הרף.    <preposition>עם</preposition>    <pronoun>זאת</pronoun>    <pronoun>הוא</pronoun>    <verb>כותב</verb>    יציב,    שאינו    <modal>יכול</modal>    <verb>להתנער</verb>    מיסודות    <adjective>קבועים</adjective>    <participle>המגדירים</participle>    <at-preposition>את</at-preposition>    כתיבתו.    כחדשן    <pronoun>הוא</pronoun>    <verb>עבר</verb>    מסוריאליזם    לריאליזם,    מסיפור    <adjective>קצר</adjective>    לנובלה    ולרומן,    מעיצוב    <noun>גיבור</noun>    <adjective>יחיד</adjective>    <participle>הפועל</participle>    לבדו    במרחב    <adjective>מנוכר</adjective>    לעיצוב    <noun>גיבורים</noun>    <participle>הפועלים</participle>    בהקשר    <adjective>משפחתי</adjective>    ולאומי,    מסגנון    <adjective>גבוה</adjective>    לסגנון    <adjective>מתון</adjective>    יותר.    כמי    שקשוב    לשינויים    <participle>המתחוללים</participle>    בחברה    <adjective>הישראלית</adjective>    ומנסה    <verb>לתת</verb>    להם    ייצוג,    <verb>החל</verb>    <noun>הנושא</noun>    <properName>המזרחי</properName>    <verb>להופיע</verb>    ביצירותיו    <noun>בד</noun>    בבד    <preposition>עם</preposition>    עלייתו    <shel-preposition>של</shel-preposition>    <noun>הנושא</noun>    <adjective>העדתי</adjective>    לבמת    <noun>הוויכוח</noun>    הלאומי.    <adverb>מאוחר</adverb>    <adverb>יותר</adverb>    <verb>שיקפה</verb>    יצירתו    <shel-preposition>של</shel-preposition>    <properName>יהושע</properName>    <noun>תופעות</noun>    <adjective>חברתיות</adjective>    ולאומיות    <adjective>שוליות</adjective>    ובוערות    אחרות:    <noun>תופעת</noun>    <noun>התרמילאים</noun>    <adjective>הישראלים</adjective>    <noun>הנוסעים</noun>    בהמוניהם    למזרח    הרחוק,    <noun>ההתמודדות</noun>    <preposition>עם</preposition>    האינתיפאדה,    <noun>היחס</noun>    <adjective>האמביוולנטי</adjective>    לערבי,    לכיבוש,    לעובדים    <adjective>הזרים</adjective>    ועוד.    אבל,    כאמור,    בצד    <noun>החדשנות</noun>    והשאיפה    <verb>לתת</verb>    <noun>ייצוג</noun>    <verb>עדכני</verb>    לתמורות    <participle>העוברות</participle>    <preposition>על</preposition>    <noun>הספרות</noun>    ועל    החיים,    <adjective>קל</adjective>    <verb>לזהות</verb>    בכתיבתו    <shel-preposition>של</shel-preposition>    <properName>יהושע</properName>    <noun>מרכיבים</noun>    <wPrefix>בלתי</wPrefix>    משתנים,    בהם:    <noun>הזיקה</noun>    <adjective>המובהקת</adjective>    <preposition>אל</preposition>    <noun>העיצוב</noun>    הגרוטסקי,    <noun>השימוש</noun>    <adjective>התכוף</adjective>    ביסודות    דרמטיים,    <noun>הנטייה</noun>    לאיכות    סמלית-אלגורית    <shel-preposition>של</shel-preposition>    <noun>חפצים</noun>    וסיטואציות,    <noun>ההומור</noun>    והשעשוע,    <noun>גיבורים</noun>    <noun>הנתונים</noun>    במצב    <shel-preposition>של</shel-preposition>    <noun>נסיעה</noun>    וכו'.        
      כתיבתו    <adjective>העיונית</adjective>    <verb>הניבה</verb>    <noun>ספרי</noun>    <noun>מסות</noun>    אחדים.    בזכות    <noun>הנורמליות</noun>    <date><date>(1980)</date></date>    והקיר        וההר,    מציאותו    <negation>הלא</negation>    <adjective>ספרותית</adjective>    <shel-preposition>של</shel-preposition>    <noun>הסופר</noun>    בישראל    <date><date>(1989)</date></date>    <pronomial>הם</pronomial>    <adjective>הידועים</adjective>    והמצוטטים    ביותר.    <pronoun>הוא</pronoun>    <verb>מנסה</verb>    <verb>להתמודד</verb>    בהם    <preposition>עם</preposition>    <noun>בליל</noun>    <noun>ההגדרות</noun>    <participle>המאפיין</participle>    <at-preposition>את</at-preposition>    <noun>הקיום</noun>    <adjective>היהודי</adjective>    בארץ    ומחוצה    לה    <punctuation>–</punctuation>    יהודי,    ישראלי,    <adjective>ציוני</adjective>    <punctuation>–</punctuation>    ועם    מעמדה    <shel-preposition>של</shel-preposition>    <noun>השואה</noun>    <preposition>בתוך</preposition>    <noun>סבך</noun>    הזהויות.    עמדתו    <adjective>הידועה</adjective>    <participle>השוללת</participle>    <at-preposition>את</at-preposition>    <noun>הגלות</noun>    <noun>שלילה</noun>    מוחלטת,    כשהוא    <verb>מצהיר</verb>    שרק    <adjective>ישראליות</adjective>    <pronoun>היא</pronoun>    <noun>יהדות</noun>    <properName>שלמה</properName>    (ואילו    <adjective>היהודי</adjective>    <adjective>החי</adjective>    בגולה    <pronoun>הוא</pronoun>    <adjective>יהודי</adjective>    <adjective>חלקי</adjective>    שלובש    <at-preposition>את</at-preposition>    יהדותו    <conjunction>כמו</conjunction>    <noun>חליפה</noun>    שניתן    להסירה),    <verb>הפכה</verb>    אותו    לדמות    <adjective>שנויה</adjective>    במחלוקת    בעולם    היהודי.    <noun>ספר</noun>    <noun>המסות</noun>    <noun>אחיזת</noun>    <properName>מולדת</properName>    <date><date>(2008)</date></date>    <verb>ממשיך</verb>    ומעמיק    <at-preposition>את</at-preposition>    רעיונותיו    <adjective>הייחודיים</adjective>    בענייני    זהות,    אנטישמיות,    <noun>גולה</noun>    וציונות,    ועוסק    <conjunction>גם</conjunction>    בענייני    ספרות.    ספרו    כוחה    <adjective>הנורא</adjective>    <shel-preposition>של</shel-preposition>    <noun>אשמה</noun>    <adjective>קטנה</adjective>    <date><date>(1998),</date></date>    <participle>העוסק</participle>    בהקשר    <adjective>המוסרי</adjective>    <shel-preposition>של</shel-preposition>    <noun>הטקסט</noun>    הספרותי,    <verb>מעיד</verb>    <pronomial>הן</pronomial>    <preposition>על</preposition>    כוחו    <adjective>הפרשני</adjective>    <adjective>הספרותי</adjective>    והן    <preposition>על</preposition>    <noun>החיפוש</noun>    <adjective>המתמיד</adjective>    שלו    <preposition>אחרי</preposition>    <noun>צופן</noun>    מוסרי,    <noun>אם</noun>    בספרות    ואם    בחיים.    
      <noun>הדיאלוֹגיוּת</noun>    <adjective>העמוקה</adjective>    <adjective>הטבועה</adjective>    בכתיבתו    <shel-preposition>של</shel-preposition>    יהושע,    <properName>הסנסציוֹניוּת</properName>    המבעיתה-מצחיקה    שלו    <participle>הנובעת</participle>    מדמיון    מפותח,    <noun>היכולת</noun>    <noun>הפסיכולוגית</noun>    <noun>הנדירה</noun>    <verb>לרדת</verb>    <preposition>אל</preposition>    <participle>צפונות</participle>    לב-אנוש    ולחשוף    <verb>מניעים</verb>    מודחקים,    ובעיקר    <noun>הכישרון</noun>    <participle>המוכח</participle>    שלו    ברקימת    <noun>עלילה</noun>    מרתקת,    שיש    בה    <noun>נקודות</noun>    <noun>תפנית</noun>    <adjective>דרמטיות</adjective>    וסיום    <noun>המוליך</noun>    לפורקן    רגשי,    <noun>מאפיינים</noun>    <conjunction>גם</conjunction>    <at-preposition>את</at-preposition>    כתיבתו    כמחזאי.    <properName>יהושע</properName>    <verb>כתב</verb>    <noun>מחזות</noun>    <adjective>אחדים</adjective>    שהועלו    <preposition>על</preposition>    <noun>ידי</noun>    <noun>התיאטרונים</noun>    <adjective>הגדולים</adjective>    בישראל,    <adverb>בעיקר</adverb>    <properName>תיאטרון</properName>    חיפה.    מחזותיו    <adjective>הידועים</adjective>    הם:    <noun>לילה</noun>    <properName>במאי</properName>    <date><date>(1969),</date></date>    <preposition>על</preposition>    <noun>תקופת</noun>    <noun>ההמתנה</noun>    שלפני    <noun>מלחמת</noun>    <numeral>ששת</numeral>    הימים;    <noun>חפצים</noun>    <date><date>(1986),</date></date>    שעניינו    אבל,    <noun>הזדהות</noun>    והינתקות    מאב    שמת;    ותינוקות    <noun>לילה</noun>    <date><date>(1992),</date></date>    <preposition>על</preposition>    <noun>זוגות</noun>    <adjective>עקרים</adjective>    <participle>הממתינים</participle>    לאימוץ    <noun>ילדים</noun>    מברזיל.    <quantifier>כל</quantifier>    <noun>הנושאים</noun>    <pronoun>האלה</pronoun>    <adjective>רלוונטיים</adjective>    לחברה    <adjective>הישראלית</adjective>    <adverb>בפרט</adverb>    ולחברה    <adjective>האנושית</adjective>    בכלל.
      <properName>יהושע</properName>    <verb>הוזמן</verb>    <verb>לשמש</verb>    <noun>פרופסור</noun>    <noun>אורח</noun>    באוניברסיטאות    <adjective>יוקרתיות</adjective>    <adjective>רבות</adjective>    בעולם.    יצירותיו    <verb>תורגמו</verb>    לעשרים    ושמונה    <noun>לשונות</noun>    ונכתבו    עליהן    <numeral>מאות</numeral>    מאמרים,    <noun>דוקטורטים</noun>    וספרים.    <preposition>על</preposition>    <quantifier>כל</quantifier>    <numeral>אחד</numeral>    מספריו    כפרט    ועל    יצירתו    ככלל    <verb>התקיימו</verb>    <noun>ימי</noun>    <noun>עיון</noun>    וכנסים    בארץ    ומחוצה    לה.    <pronoun>זה</pronoun>    <adverb>יותר</adverb>    מארבעים    <noun>שנה</noun>    שכל    <noun>ספר</noun>    <adjective>חדש</adjective>    שלו    <pronoun>הוא</pronoun>    בבחינת    <noun>אירוע</noun>    <adjective>ספרותי</adjective>    <adjective>חשוב</adjective>    והופך    <adverb>מיד</adverb>    לרב-מכר.    <pronoun>הוא</pronoun>    <verb>זכה</verb>    בעשרות    <noun>פרסים</noun>    בארץ    ובחוץ    לארץ,    שהנחשב    בהם    <pronoun>הוא</pronoun>    <noun>פרס</noun>    <properName>ישראל</properName>    <date><date>(1995).
</date>  </date>    References:    
      בלבן,    אברהם.    <adverb>מר</adverb>    מולכו:    <noun>עיון</noun>    ברומנים    <shel-preposition>של</shel-preposition>    א.    ב.    <properName>יהושע</properName>    'מולכו'    ו'מר    מאני'.    <properName>תל</properName>    אביב:    <noun>הקיבוץ</noun>    המאוחד.    <date><date>1993;</date></date>    בן-דב,    <properName>ניצה</properName>    (עורכת).    בכיוון    הנגדי:    <noun>קובץ</noun>    <noun>מחקרים</noun>    <preposition>על</preposition>    'מר    מאני'.תל    אביב:    <noun>הקיבוץ</noun>    <date><date>המאוחד.1995;</date></date>    ---.    והיא    תהילתך:    <noun>עיונים</noun>    ביצירות    <properName>ש"י</properName>    עגנון,    <properName>א"ב</properName>    <properName>יהושע</properName>    ועמוס    עוז.ירושלים:    שוקן.    <date><date>2006.</date></date>    9-43,    143-234;    בנבג'י,    אמיר,    <properName>ניצה</properName>    בן-דב    וזיוה    <properName>שמיר</properName>    (עורכים).    <noun>מבטים</noun>    מצטלבים:    <noun>עיונים</noun>    ביצירת    <properName>א"ב</properName>    יהושע.    <properName>תל</properName>    אביב:    <noun>הקיבוץ</noun>    המאוחד.    <date><date>2010;</date></date>    יצחקי,    ידידיה.    <noun>הפסוקים</noun>    <adjective>הסמויים</adjective>    <preposition>מן</preposition>    העין:    <preposition>על</preposition>    <noun>יצירת</noun>    <properName>א"ב</properName>    יהושע.רמת    גן:    <noun>אוניברסיטת</noun>    <date><date>בר-אילן.1992;</date></date>    ירושלמי,    יוסף.    א.    ב.    יהושע:    <noun>ביבליוגרפיה</noun>    <date><date>1953-1979.</date></date>    <properName>תל</properName>    אביב:    <noun>ספרית</noun>    פועלים.    <date><date>1980;</date></date>    סדן-לובנשטיין,    נילי.    א.    ב.    יהושע:    מונוגרפיה.    <properName>תל</properName>    אביב:    <noun>ספרית</noun>    פועלים.    <date><date>1981;</date></date>    ראובני,    יותם.    <noun>דיוקן</noun>    2:    <properName>אברהם</properName>    ב.    יהושע.    <properName>תל</properName>    אביב:    נמרוד.    <date><date>2003;</date></date>    שמיר,    <properName>זיוה</properName>    ואביבה    <properName>דורון</properName>    (עורכות).    <noun>מסות</noun>    <preposition>על</preposition>    <noun>תום</noun>    האלף:    <noun>עיונים</noun>    ברומן    <shel-preposition>של</shel-preposition>    <properName>א"ב</properName>    <properName>יהושע</properName>    'מסע    <preposition>אל</preposition>    <noun>תום</noun>    האלף'.    <properName>תל</properName>    אביב:    <noun>הקיבוץ</noun>    המאוחד.    <date><date>1999;</date></date>    
      Trevisan-Semi,    Emanuela.    <foreign>Leggere</foreign>    Yehoshua.    Torino:    Einaudi.    <date><date>2006;</date></date>    Horn,    Bernard.    <foreign>Facing</foreign>    <foreign>the</foreign>    Fires:    <foreign>Conversations</foreign>    <foreign>with</foreign>    A.    B.    Yehoshua.    <foreign>New</foreign>    York:    <foreign>Syracuse</foreign>    <foreign>University</foreign>    Press.    <date><date>1997.</date></date>    
    
  		</body>
  	</text>
  </TEI> 
		</body>
	</text>
</TEI>