<?xml version="1.0" encoding="UTF-8"?>
<?xml-model href="http://www.tei-c.org/release/xml/tei/custom/schema/relaxng/tei_all.rng" type="application/xml" schematypens="http://relaxng.org/ns/structure/1.0"?>
<?xml-model href="http://www.tei-c.org/release/xml/tei/custom/schema/relaxng/tei_all.rng" type="application/xml"
	schematypens="http://purl.oclc.org/dsdl/schematron"?>
<TEI xmlns="http://www.tei-c.org/ns/1.0">
   <teiHeader>
      <fileDesc>
         <publicationStmt>
            <p>Publication Information</p>
         </publicationStmt>
         <sourceDesc>
            <p>Information about the source</p>
         </sourceDesc>
      </fileDesc>
   </teiHeader>
   <text>
      <body>
 Name:  ינאי,  הגר
  <foreign>Birth</foreign>  Year:  <date>1972
</date>  <foreign>Birth</foreign>  Place:  <noun>קיבוץ</noun>  ברקאי
  Occupation:  <noun>סופרת</noun>  ומבקרת  ספרות
  <foreign>Entry</foreign>  writer:  <properName>אמנון</properName>  ז'קונט
  <foreign>Entry</foreign>  Value:  
  <verb>נולדה</verb>  בקיבוץ  ברקאי.  בילדותה  <verb>קראה</verb>  בלהיטות  <noun>ספרי</noun>  <noun>הרפתקאות</noun>  לנוער.  <noun>נערה</noun>  <noun>אורחת</noun>  שהגיעה  לקיבוץ  <noun>הכניסה</noun>  אותה  בסוד  <noun>ספרי</noun>  <noun>המדע</noun>  <adjective>הבדיוני</adjective>  והפנטזיה,  ומאז  <verb>התמקדה</verb>  בקריאתם  <shel-preposition>של</shel-preposition>  אלה.  בגיל  שש-עשרה  <verb>עברה</verb>  לקיבוץ  <noun>בית</noun>  זרע,  ובגיל  <numeral>עשרים</numeral>  <verb>עזבה</verb>  לקיבוץ  <properName>הרדוף</properName>  וחיה  בקהילה  אנתרופוסופית.  <preposition>כעבור</preposition>  <adjective>שנתיים</adjective>  <verb>החליטה</verb>  <verb>לנטוש</verb>  <noun>תורה</noun>  <pronoun>זו</pronoun>  ויצאה  ליפן,  <verb>ללמוד</verb>  <preposition>אצל</preposition>  <noun>מורה</noun>  זן.  לפרנסתה  <verb>עבדה</verb>  כמארחת  בברים  בטוקיו,  ומשם  <verb>עברה</verb>  לאי  קיושו,  <verb>להתבודד</verb>  במנזר  זן-בודהיסטי.  במנזר  <verb>התפתח</verb>  <noun>סיפור</noun>  <noun>אהבה</noun>  בינה  <preposition>לבין</preposition>  <noun>הנזיר</noun>  הראשי,  שהוביל  לחורבנו  <shel-preposition>של</shel-preposition>  המנזר.  <noun>הנזיר</noun>  <verb>נאלץ</verb>  <verb>לעזוב</verb>  <at-preposition>את</at-preposition>  <properName>יפן</properName>  וינאי  <verb>חזרה</verb>  לישראל.  
  <date>ב-1999</date>  <verb>החלה</verb>  <verb>לעבוד</verb>  ככתבת  במגזין  <noun>חיים</noun>  <adjective>אחרים</adjective>  ונרשמה  ללימודי  <noun>כתיבה</noun>  <verb>יוצרת</verb>  ותסריטאות  בבית  <noun>הספר</noun>  "קמרה  אובסקורה"  בתל  אביב.  <conjunction>לאחר</conjunction>  שסיימה  <at-preposition>את</at-preposition>  <noun>לימודי</noun>  <noun>התואר</noun>  <numeral>הראשון</numeral>  <adverb>שם</adverb>  <verb>למדה</verb>  <noun>ספרות</noun>  באוניברסיטת  בן-גוריון  וקיבלה  <noun>תואר</noun>  שני.  במהלך  לימודיה  <verb>החלה</verb>  <verb>לכתוב</verb>  רשימות,  רובן  ככולן  <verb>נסבו</verb>  <preposition>על</preposition>  <noun>פרשת</noun>  <noun>האהבה</noun>  במנזר  בקיושו.  <noun>הרשימות</noun>  <verb>הפכו</verb>  לספר  <noun>אשה</noun>  באור  (כתר,  <date>2001)</date>  שזכה  להכרה  ולהצלחה  מסחרית.  <pronoun>היא</pronoun>  <verb>החלה</verb>  <verb>לכתוב</verb>  <noun>ביקורות</noun>  <noun>ספרים</noun>  בהארץ  ובעיתון  גלובס,  ואחר  <pronoun>כך</pronoun>  <copula>היתה</copula>  <noun>מבקרת</noun>  <noun>ספרים</noun>  וקולנוע  בערוץ  2בטלוויזיה.  <adverb>במקביל</adverb>  <verb>ערכה</verb>  <noun>אנתולוגיה</noun>  <shel-preposition>של</shel-preposition>  <noun>סיפורים</noun>  <adjective>ארוטיים</adjective>  שכתבו  <noun>סופרות</noun>  <adjective>ישראליות</adjective>  <adjective>צעירות</adjective>  בשם  <adverb>שם</adverb>  <existential>יש</existential>  <noun>שושנים</noun>  <date>(2003).
</date>  <date>ב-2004</date>  <verb>ראה</verb>  <noun>אור</noun>  ספרה  השני,  <noun>מכונת</noun>  <noun>הנצח</noun>  <shel-preposition>של</shel-preposition>  אלכס,  <participle>המתאר</participle>  <at-preposition>את</at-preposition>  בריחתה  <shel-preposition>של</shel-preposition>  <noun>חיילת</noun>  <adjective>מרדנית</adjective>  <preposition>מפני</preposition>  <noun>קצין</noun>  <adjective>נמרץ</adjective>  שמנסה  <verb>לשקם</verb>  אותה,  ואת  חיפושיה  <preposition>אחר</preposition>  אלכס,  <properName>גאון</properName>  <noun>פיזיקה</noun>  שהיתה  <adjective>מאוהבת</adjective>  בו  בנעוריה.  <noun>הספר</noun>  <verb>זכה</verb>  להערכת  <noun>המבקרים</noun>  והיה  <noun>מועמד</noun>  לפרס  <properName>ספיר</properName>  <date>(2006).
</date>  <date>ב-2006</date>  <verb>ראה</verb>  <noun>אור</noun>  ספרה  <noun>הלווייתן</noun>  <date>מבבל(2006).</date>  <verb>זהו</verb>  <noun>סיפור</noun>  <participle>המגולל</participle>  <at-preposition>את</at-preposition>  הרפתקאותיהם  <shel-preposition>של</shel-preposition>  <noun>שני</noun>  <noun>אחים</noun>  שעוברים  לעולם  מקביל,  <noun>ממלכת</noun>  בבל.  <noun>הספר</noun>  <verb>שואב</verb>  <noun>השראה</noun>  ממיתולוגיה  יהודית,  <adjective>בבלית</adjective>  ומזרח-תיכונית.  <pronoun>הוא</pronoun>  <verb>זכה</verb>  בפרס  <noun>גפן</noun>  כספר  <noun>הפנטזיה</noun>  <adjective>הישראלי</adjective>  <adjective>המקורי</adjective>  <adjective>הטוב</adjective>  <adverb>ביותר</adverb>  <date>ב-2007.</date>  
  <noun>הצלחת</noun>  <noun>הלווייתן</noun>  מבבל  <verb>עוררה</verb>  <at-preposition>את</at-preposition>  <properName>ינאי</properName>  <verb>להפוך</verb>  <at-preposition>את</at-preposition>  <noun>הסיפור</noun>  לטרילוגיה  ולכתוב  לו  <noun>שני</noun>  <noun>ספרי</noun>  המשך.  <numeral>אחד</numeral>  מהם  <adverb>כבר</adverb>  <verb>ראה</verb>  אור:  <noun>המים</noun>  שבין  <noun>העולמות</noun>  <date>(2008).</date>  <date>ב-2011</date>  <verb>ראה</verb>  <noun>אור</noun>  ספרה  <noun>מקום</noun>  <adjective>בטוח</adjective>  ללב,  שנכתב  בהשראת  <noun>סיפורים</noun>  מחייה  <shel-preposition>של</shel-preposition>  <properName>אמה</properName>  ומגולל  <at-preposition>את</at-preposition>  סיפורה  <shel-preposition>של</shel-preposition>  לני,  <noun>נערה</noun>  <adjective>גרמנייה</adjective>  שמגיעה  לברלין  מהכפר  ומוצאת  <at-preposition>את</at-preposition>  פרנסתה  כרקדנית  וזמרת  בקברטים  <preposition>על</preposition>  <noun>רקע</noun>  <noun>מלחמת</noun>  <noun>העולם</noun>  השנייה.  
  References:  
  עלון,  קציעה.  "איך  <verb>גרמתי</verb>  לנזיר  <verb>להתאהב</verb>  בי".  <noun>הארץ</noun>  ספרים.  <date>10.10.2006.</date>  6;  צור-גלוזמן,  מאשה."כבר  <negation>לא</negation>  <noun>הגיישה</noun>  שלכם:  <noun>ראיון</noun>  <preposition>עם</preposition>  <properName>הגר</properName>  ינאי".טיים  <properName>אאוט</properName>  תלאביב.  <date>2006.</date>  48-50;  קניוק,  יורם.  "ויתור  <pronoun>הוא</pronoun>  כוח".  <noun>ידיעות</noun>  <adjective>אחרונות</adjective>  ספרים.  <date>28.1.2005.</date>  29.    
 
		</body>
	</text>
</TEI>