<?xml version="1.0" encoding="UTF-8"?>
<?xml-model href="http://www.tei-c.org/release/xml/tei/custom/schema/relaxng/tei_all.rng" type="application/xml" schematypens="http://relaxng.org/ns/structure/1.0"?>
<?xml-model href="http://www.tei-c.org/release/xml/tei/custom/schema/relaxng/tei_all.rng" type="application/xml"
	schematypens="http://purl.oclc.org/dsdl/schematron"?>
<TEI xmlns="http://www.tei-c.org/ns/1.0">
   <teiHeader>
      <fileDesc>
         <publicationStmt>
            <p>Publication Information</p>
         </publicationStmt>
         <sourceDesc>
            <p>Information about the source</p>
         </sourceDesc>
      </fileDesc>
   </teiHeader>
   <text>
      <body>
 Name:  יעוז-קסט,  איתמר
  <foreign>Birth</foreign>  Year:  <date>1934
</date>  <foreign>Birth</foreign>  Place:  סארוואש,  הונגריה
  Occupation:  משורר,  סופר,  <noun>מתרגם</noun>  ועורך
  <foreign>Entry</foreign>  writer:  <properName>אביב</properName>  עקרוני
  <foreign>Entry</foreign>  Value:  
  <verb>נולד</verb>  בסארוואש,  הונגריה.  במלחמת  <noun>העולם</noun>  <numeral>השנייה</numeral>  <verb>נלקח</verb>  <preposition>עם</preposition>  משפחתו  למחנות  <noun>ריכוז</noun>  בגרמניה.  שיריו  <noun>הראשונים</noun>  <verb>נכתבו</verb>  במחנה  ברגן-בלזן.  <date>ב-1951</date>  <verb>עלה</verb>  לארץ  <preposition>עם</preposition>  משפחתו,  <verb>שירת</verb>  בצה"ל,  <verb>סיים</verb>  <noun>תואר</noun>  <numeral>ראשון</numeral>  באוניברסיטת  <properName>תלאביב</properName>  ועסק  בהוראה  בתיכון  "עירוני  ה'"  בתל  אביב.  <preposition>במשך</preposition>  <numeral>עשרות</numeral>  <noun>שנים</noun>  <verb>פירסם</verb>  <noun>שורה</noun>  <adjective>ארוכה</adjective>  <shel-preposition>של</shel-preposition>  <noun>ספרי</noun>  שירה,  פרוזה,  <noun>עיון</noun>  ותרגום.  
  <noun>קובץ</noun>  <noun>השירים</noun>  <numeral>הראשון</numeral>  שלו  (מקור  ותרגום),  בשם  <noun>פסיפס</noun>  שירים,  <verb>ראה</verb>  <noun>אור</noun>  <date>ב-1955</date>  (שחור  <preposition>על</preposition>  <noun>גבי</noun>  לבן).  <date>ב-1958</date>  <copula>היה</copula>  ממייסדי  <noun>הוצאת</noun>  <verb>עקד</verb>  וביטאוניה  הספרותיים,  <noun>כולל</noun>  <verb>עקד</verb>  לשירה  <date>(1960-1973).</date>  <noun>ספר</noun>  שיריו  <numeral>הראשון</numeral>  <verb>שכלל</verb>  <conjunction>רק</conjunction>  <at-preposition>את</at-preposition>  <noun>פרי</noun>  יצירתו,מלאך  ללאכנפיים,  <verb>ראה</verb>  <noun>אור</noun>  <date>ב-1959,</date>  <conjunction>אולם</conjunction>  <verb>נראה</verb>  <conjunction>כי</conjunction>  ספרו  <numeral>הראשון</numeral>  שעורר  <noun>עניין</noun>  <pronoun>הוא</pronoun>  <noun>נוף</noun>  בעשן,  <noun>פרקי</noun>  ברגן-בלזן  <date>(1961).
</date>  <numeral>אחד</numeral>  ממאפייני  כתיבתו  <pronoun>הוא</pronoun>  <noun>הקשר</noun>  <adjective>ההדוק</adjective>  <conjunction>בין</conjunction>  <noun>חומרי</noun>  <noun>היצירה</noun>  <adjective>האמנותית</adjective>  בשירה  ובפרוזה  <preposition>לבין</preposition>  <verb>דברי</verb>  <noun>עיון</noun>  והגות.  באלה  <properName>כבאלה</properName>  <verb>מופיעים</verb>  <noun>מראות</noun>  <noun>השתייה</noun>  <adjective>המהותיים</adjective>  <conjunction>לו</conjunction>  והממוקדים  בשלושה  <noun>מעגלים</noun>  עיקריים:  <verb>מוראות</verb>  <noun>השואה</noun>  שחווה  כילד;  <noun>המפגש</noun>  <adjective>הטעון</adjective>  <preposition>עם</preposition>  <noun>ארץ</noun>  <properName>ישראל</properName>  ועם  <noun>החברה</noun>  <adjective>הישראלית</adjective>  <preposition>לאחר</preposition>  העלייה;  ומציאת  <noun>עולם</noun>  <noun>האמונה</noun>  <adjective>הדתית</adjective>  כדרך  <noun>חיים</noun>  מתחדשת,  <participle>הכרוכה</participle>  במאבקים  פנימיים.  <adjective>ייחודית</adjective>  לו,  <adverb>כבר</adverb>  מראשית  יצירתו,  <noun>התפישה</noun>  הניאו-יהודית;  כלומר,  <noun>מפגש</noun>  <adjective>מחודש</adjective>  <preposition>עם</preposition>  <noun>המורשת</noun>  היהודית.  <conjunction>אולם</conjunction>  <adjective>בולטת</adjective>  <adverb>יותר</adverb>  <noun>תפישת</noun>  ה"דו-שורשיות",  <participle>המתגלה</participle>  לדעתו  <preposition>אצל</preposition>  <noun>יוצרים</noun>  שנוף  ילדותם  <adjective>הראשוני</adjective>  <copula>היה</copula>  <adjective>מחוץ</adjective>  לישראל  וחרף  השתרשותם  בארץ  ובהוויה  הישראלית,  <pronoun>הם</pronoun>  <adverb>עדיין</adverb>  <verb>חשים</verb>  בדואליזם  <adjective>המהותי</adjective>  <pronoun>הזה</pronoun>  (בחוברת  להוויית  הדו-שורשיות  בספרות  הישראלית,  <date>1979).</date>  <date>ב-1977</date>  <verb>השתתף</verb>  בקובץ  <noun>ממשות</noun>  <adjective>כפולה</adjective>  (עם  <properName>יעקב</properName>  בסר,  <properName>שמעון</properName>  <properName>בלס</properName>  וראובן  בן-יוסף),  ובו  <verb>הובעו</verb>  <noun>רעיונות</noun>  <verb>מקדימים</verb>  לחוברת,  שעוררה  <noun>תגובות</noun>  רבות,  בהן  <conjunction>גם</conjunction>  <noun>תגובות</noun>  <negation>לא</negation>  <adjective>חיוביות</adjective>  <preposition>מצד</preposition>  <noun>יוצרים</noun>  <noun>בעלי</noun>  <noun>רקע</noun>  דו-שורשי  דומה.
  <noun>ממד</noun>  <adjective>ייחודי</adjective>  <shel-preposition>של</shel-preposition>  <noun>התבוננות</noun>  בימי  <noun>הילדות</noun>  <adjective>נוסף</adjective>  בספר  <noun>השירים</noun>  <participle>הנזכר</participle>  <noun>נוף</noun>  בעשן,  <noun>פרקי</noun>  ברגן-בלזן.  <noun>שנת</noun>  <date>1944,</date>  <conjunction>אז</conjunction>  <verb>נלקח</verb>  <noun>הילד</noun>  <properName>איתמר</properName>  למחנה  הריכוז,  <verb>משמשת</verb>  <noun>רקע</noun>  למחזור  <noun>השירים</noun>  הזה,  <verb>שבו</verb>  <verb>סמל</verb>  <noun>הגן</noun>  <punctuation>–</punctuation>  במשמעות  <noun>גן</noun>  העדן,  <noun>גן</noun>  <noun>האושר</noun>  <punctuation>–</punctuation>  <verb>מתעמת</verb>  <preposition>עם</preposition>  <noun>המציאות</noun>  <adjective>האיומה</adjective>  <preposition>תוך</preposition>  <conjunction>כדי</conjunction>  <noun>מטמורפוזה</noun>  <shel-preposition>של</shel-preposition>  הנוף:  "בשבעים  <noun>לשונות</noun>  <noun>אש</noun>  <verb>יצעק</verb>  הנוף".  <noun>עימות</noun>  <adjective>מאוחר</adjective>  <adverb>יותר</adverb>  <shel-preposition>של</shel-preposition>  <noun>המשורר</noun>  <adjective>המבוגר</adjective>  <preposition>עם</preposition>  <noun>עולם</noun>  ילדותו  במחנה  <noun>הריכוז</noun>  <modal>אפשר</modal>  <verb>למצוא</verb>  בספר  <noun>דלתות</noun>  <noun>צריפים</noun>  <adverb>עוד</adverb>  <verb>נפתחות</verb>  בי  <date>(1997).</date>  
  <noun>שנים</noun>  <adjective>אחדות</adjective>  <preposition>לאחר</preposition>  <noun>נוף</noun>  בעשן  <verb>מתגלים</verb>  <noun>מראות</noun>  <adjective>שונים</adjective>  <adverb>לחלוטין</adverb>  <punctuation>–</punctuation>  <noun>היאחזות</noun>  בארץ,  במשפחה,  ברעיה  ובילדים,  והמוטיב  <adjective>החשוב</adjective>  <adverb>ביותר</adverb>  בספר  <noun>ירושת</noun>  <noun>עיניים</noun>  <date>(1965)</date>  <pronoun>הוא</pronoun>  <noun>חיפוש</noun>  <noun>השורש</noun>  וההמשכיות.  <noun>תיאורים</noun>  <shel-preposition>של</shel-preposition>  <adverb>כאן</adverb>  ושם  <verb>משולבים</verb>  בלמורד  ביתה  <date>(1969),</date>  וחותמם  <adjective>העיקרי</adjective>  <pronoun>הוא</pronoun>  <noun>מות</noun>  <noun>האב</noun>  ואלמנות  האם.  <adjective>דומה</adjective>  מבחינה  <adjective>אידיאית</adjective>  <pronoun>הוא</pronoun>  <noun>קיץ</noun>  <shel-preposition>של</shel-preposition>  <properName>ויולה</properName>  <date>(1973),</date>  שחלקו  <numeral>הראשון</numeral>  <noun>נופי</noun>  <noun>קיץ</noun>  בארץ  וחלקו  <numeral>השני</numeral>  <noun>זיכרונות</noun>  מימים  <adjective>רחוקים</adjective>  <shel-preposition>של</shel-preposition>  <adverb>טרם</adverb>  פורענות.  <noun>זיקה</noun>  <adjective>מיוחדת</adjective>  <conjunction>בין</conjunction>  <noun>העבר</noun>  <preposition>לבין</preposition>  <noun>החיים</noun>  במדינת  <properName>ישראל</properName>  <verb>נרקמת</verb>  ב-13  <noun>שירים</noun>  <preposition>מן</preposition>  <noun>העורף</noun>  <date>(1974).</date>  <adverb>כאן</adverb>  <verb>מועלות</verb>  תחושותיו  <shel-preposition>של</shel-preposition>  <noun>אדם</noun>  <participle>השוהה</participle>  בתל  <properName>אביב</properName>  בימי  <noun>מלחמת</noun>  <noun>יום</noun>  <noun>הכיפורים</noun>  וחוזר  שוב,  <preposition>בשל</preposition>  <noun>אווירת</noun>  <noun>החרדה</noun>  ששררה  בארץ  בראשית  המלחמה,  <preposition>אל</preposition>  <noun>נבכי</noun>  זיכרונותיו  מתקופת  <noun>מלחמת</noun>  <noun>העולם</noun>  השנייה.    
  <conjunction>גם</conjunction>  בפרוזה  שלו,  שהיא  <noun>בעלת</noun>  <noun>אופי</noun>  אוטוביוגרפי,  <verb>מופיעות</verb>  <noun>תמונות</noun>  <noun>עבר</noun>  <adjective>פיוטיות</adjective>  כאלה,  שאותן  <modal>אפשר</modal>  <verb>למצוא</verb>  <adverb>במרוכז</adverb>  במבחר  <noun>הסיפורת</noun>  <participle>המהגר</participle>  <adverb>הביתה</adverb>  <date>(1970-2005).</date>  <negation>לא</negation>  <noun>מקרה</noun>  <pronoun>הוא</pronoun>  ששמות  <noun>ספרי</noun>  <noun>הפרוזה</noun>  <verb>משקפים</verb>  <at-preposition>את</at-preposition>  <noun>תחושת</noun>  <noun>המעבר</noun>  מעולם  <adjective>תרבותי</adjective>  <numeral>אחד</numeral>  לאחר,  ועם  <pronoun>זאת</pronoun>  <conjunction>גם</conjunction>  <at-preposition>את</at-preposition>  הארעיות,  <noun>המורא</noun>  ואי-היציבות:  בחלון  <noun>הבית</noun>  <noun>הנוסע</noun>  <date>(1970),אחיזה</date>  <shel-preposition>של</shel-preposition>  <noun>חול</noun>  <date>(1977)</date>  ועוד.
  מאמצע  <noun>שנות</noun>  <numeral>השמונים</numeral>  <verb>חל</verb>  <noun>שינוי</noun>  <adjective>מהותי</adjective>  בתוכני  כתיבתו.  <noun>החזרה</noun>  בתשובה,  <preposition>על</preposition>  <quantifier>כל</quantifier>  נפתוליה,  <verb>מוצאת</verb>  <at-preposition>את</at-preposition>  ביטויה  בכמה  <participle>קובצי</participle>  שירה,  ובהם  <noun>צינורות</noun>  <noun>מוליכי</noun>  <noun>אש</noun>  <date>(1986)</date>  וייחודים  עלי  <noun>אדמות</noun>  <punctuation>–</punctuation>  <noun>שירים</noun>  בשולי  <noun>הסידור</noun>  <date>(1990).</date>  בעולה  בהר,  <noun>שירי</noun>  <properName>אמונה</properName>  ותשובה  <date>(1998)</date>  <verb>מובאים</verb>  <noun>שירים</noun>  <adjective>ישנים</adjective>  וחדשים  שנושאיהם,  <preposition>מלבד</preposition>  <noun>החזרה</noun>  בתשובה,  <pronoun>הם</pronoun>  <noun>המפגש</noun>  <preposition>עם</preposition>  <noun>עולם</noun>  <noun>האבות</noun>  והשואה.
  יעוז-קסט  <pronoun>הוא</pronoun>  <conjunction>גם</conjunction>  <noun>מתרגם</noun>  פורה.  <pronoun>הוא</pronoun>  <verb>פירסם</verb>  <numeral>מאות</numeral>  <noun>תרגומי</noun>  שירה,  <adverb>בעיקר</adverb>  מהונגרית  ומלטינית.  <noun>חלק</noun>  מתרגומיו  <verb>כונס</verb>  בספרים:  <verb>כתב</verb>  בגביש  (תרגומים  משירת  העולם,  <date>1968);</date>  <properName>צבי</properName>  <noun>הפלאות</noun>  (שלושה  <noun>כרכים</noun>  <shel-preposition>של</shel-preposition>  <noun>שירה</noun>  הונגרית,  <date>1984-1989);</date>  <verb>כתב</verb>  <noun>ראי</noun>  (מבחר  <noun>תרגומים</noun>  משירת  העולם,  <date>2004).</date>  <noun>ערך</noun>  <noun>ספרי</noun>  <noun>שירה</noun>  רבים.  <noun>ספר</noun>  <adjective>ייחודי</adjective>  בעריכתו  <pronoun>הוא</pronoun>  <quantifier>מבחר</quantifier>  <shel-preposition>של</shel-preposition>  <numeral>מאה</numeral>  <noun>משוררים</noun>  <adjective>יהודים</adjective>  בספרות  <noun>העולם</noun>  בשם  בסימן  כוכב,  שראה  <noun>אור</noun>  <date>ב-2003.</date>  שיריו  <verb>תורגמו</verb>  לרוב  <noun>לשונות</noun>  אירופה,  ובארץ  <pronoun>הם</pronoun>  <verb>נכללים</verb>  בחומר  לבחינות  הבגרות.  <noun>אוטוביוגרפיה</noun>  <adjective>ספרותית</adjective>  שלו  בשם  <noun>שני</noun>  צידי  <noun>הסף</noun>  <verb>ראתה</verb>  <noun>אור</noun>  <date>ב-2000.</date>  
  בשנים  <date>1999-2002</date>  <copula>היה</copula>  <noun>נשיא</noun>  <noun>אגודת</noun>  <noun>הסופרים</noun>  העבריים.  <verb>זכה</verb>  בפרסים  רבים,  בהם:  <properName>פרס</properName>  <properName>הרצל</properName>  <date>(1972),</date>  <properName>פרס</properName>  <noun>אוניברסיטת</noun>  בר-אילן    (פרס  ורטהיים,  <date>1984),</date>  <properName>פרס</properName>  <properName>לאה</properName>  <properName>גולדברג</properName>  <date>(1990),</date>  <properName>פרס</properName>  <noun>ראש</noun>  <noun>הממשלה</noun>  <date>(1992),</date>  <noun>עיטור</noun>  <noun>כבוד</noun>  <shel-preposition>של</shel-preposition>  <noun>נשיא</noun>  <properName>הונגריה</properName>  <preposition>על</preposition>  <noun>תרגום</noun>  <noun>שירה</noun>  <properName>הונגרית</properName>  לעברית  <date>(1992),</date>  <properName>פרס</properName>  <noun>שר</noun>  <noun>החינוך</noun>  והתרבות  לתרגום  <date>(1998),</date>  <properName>פרס</properName>  <noun>הנשיא</noun>  <date>(2002)</date>  ועוד.
  <adverb>עוד</adverb>  מספריו:  <noun>שירה</noun>  –מתיך  <noun>הזהויות</noun>  <date>(1980);</date>  <numeral>שבעה</numeral>  <noun>סימני</noun>  <noun>קשירה</noun>  <date>(1994);</date>  <preposition>על</preposition>  <noun>כף</noun>  ידו  <shel-preposition>של</shel-preposition>  חורף,  <noun>שירי</noun>  <noun>הילד</noun>  <verb>פטר</verb>  <properName>קסט</properName>  <date>1944-1945</date>  (מתורגמים  <preposition>על</preposition>  <noun>ידי</noun>  המחבר,  <date>2006).</date>  <noun>פרוזה</noun>  –צל  <noun>הציפור</noun>  <date>(1971);</date>  <noun>הקו</noun>  <adjective>הזרחני</adjective>  <date>(1972);</date>  <noun>מרכבה</noun>  <adjective>לילית</adjective>  <date>(1973).</date>  <noun>עיון</noun>  –לאומיות  וטרנס-חילוניות  בספרות  <adjective>הישראלית</adjective>  <date>(1986);</date>  <noun>אוטופיה</noun>  ובית  <noun>המקדש</noun>  <preposition>לאור</preposition>  <noun>השירה</noun>  <adjective>העברית</adjective>  ומציאות  ימינו  <date>(1995).
</date>  References:  
  ברזל,  הלל.  "איתמר  יעוז-קסט:  דרכו  <preposition>אל</preposition>  <noun>הפרוזה</noun>  הפיוטית".  <noun>מאזניים</noun>  <preposition>פ'</preposition>  (3-4).  <properName>יוני</properName>  <date>2006.</date>  2-4;  וייכרט,  רפי.  "עומד  בלב  <noun>הרובע</noun>  היהודי".  <properName>מעריב</properName>  <noun>ספרות</noun>  וספרים.  <date>26.7.2001.</date>  27;  <properName>איתמר</properName>  יעוז-קסט  וחנה  יעוז.שני  צידי  הסף,  <adjective>אוטביוגרפיה</adjective>  ספרותית.  תלאביב:  עקד.  <date>2000;</date>  עקרוני,  אביב.  "מאה  כוכבים".  <noun>מאזניים</noun>  <preposition>ע"ח</preposition>  (1).  <properName>פברואר</properName>  <date>2004.</date>  32-33;  <noun>ש'</noun>  שלום.  "מחזור  <noun>שירים</noun>  מברגן-בלזן".  דבר.  <properName>אוגוסט</properName>  <date>1961;</date>  שמיר,  משה.  "החפץ  והקיום".  <noun>עניין</noun>  אישי.  <properName>תל</properName>  אביב:  <preposition>עם</preposition>  עובד.  <date>1987.
</date> 
		</body>
	</text>
</TEI>