<?xml version="1.0" encoding="UTF-8"?>
<?xml-model href="http://www.tei-c.org/release/xml/tei/custom/schema/relaxng/tei_all.rng" type="application/xml" schematypens="http://relaxng.org/ns/structure/1.0"?>
<?xml-model href="http://www.tei-c.org/release/xml/tei/custom/schema/relaxng/tei_all.rng" type="application/xml"
	schematypens="http://purl.oclc.org/dsdl/schematron"?>
<TEI xmlns="http://www.tei-c.org/ns/1.0">
   <teiHeader>
      <fileDesc>
         <publicationStmt>
            <p>Publication Information</p>
         </publicationStmt>
         <sourceDesc>
            <p>Information about the source</p>
         </sourceDesc>
      </fileDesc>
   </teiHeader>
   <text>
      <body>
 Name:  ישורון,  <noun>אבות</noun>  (פרלמוטר,  יחיאל)
  <foreign>Birth</foreign>  Year:  <date>1904
</date>  <foreign>Death</foreign>  Year:  <date>1992
</date>  <foreign>Birth</foreign>  Place:  <noun>כפר</noun>  <verb>נסכיז'</verb>  במערב-אוקראינה
  Occupation:  משורר
  <foreign>Entry</foreign>  writer:  <properName>יוחאי</properName>  אופנהיימר
  <foreign>Entry</foreign>  Value:  
  <verb>נולד</verb>  בכפר  <verb>נסכיז'</verb>  במערב-אוקראינה  להוריו  <properName>ברוך</properName>  וריקל  פרלמוטר.  <verb>גדל</verb>  בעיירה  <properName>קרסניסטאוו</properName>  בפולין.  <verb>קיבל</verb>  <noun>חינוך</noun>  <adjective>יהודי</adjective>  מסורתי.  באוקטובר  <date>1925</date>  <verb>עלה</verb>  ארצה,  <copula>היה</copula>  <verb>שומר</verb>  בכרמי  <numeral>ראשון</numeral>  לציון,  <verb>עבד</verb>  בפרדסים  ובעבודות  מזדמנות,  <verb>התגורר</verb>  <quantifier>כל</quantifier>  שנותיו  בתלאביב.  <date>ב-1934</date>  <verb>פורסם</verb>  <noun>מחזור</noun>  שיריו  <numeral>הראשון</numeral>  בטורים  בעריכת  <properName>אברהם</properName>  שלונסקי.  באותה  <noun>שנה</noun>  <verb>נשא</verb>  לאישה  <at-preposition>את</at-preposition>  פסיה  יוסטמן.  <date>ב-1942</date>  <verb>הופיע</verb>  ספרו  <numeral>הראשון</numeral>  בשמו  <adjective>המקורי</adjective>  <properName>יחיאל</properName>  פרלמוטר,  <preposition>על</preposition>  <noun>חכמות</noun>  <noun>דרכים</noun>  (מחברות  לספרות).  באותה  <noun>שנה</noun>  <verb>נולדה</verb>  בתו,  הלית,  <verb>מתרגמת</verb>  ועורכת.  <verb>הצטרף</verb>  ל"הגנה"  והשתתף  במלחמת  העצמאות.  <date>ב-1948</date>  <verb>החליף</verb>  <at-preposition>את</at-preposition>  שמו  לאבות  ישורון.  בעשרים  <noun>השנים</noun>  <adjective>האחרונות</adjective>  לחייו  <verb>פירסם</verb>  <at-preposition>את</at-preposition>  שיריו  בעיתונים  <noun>דבר</noun>  וידיעות  אחרונות,  <adverb>בעיקר</adverb>  בערבי  חגים,  והיה  <adjective>ידוע</adjective>  בקפדנותו  בהגהות  השירים,  <preposition>עד</preposition>  <conjunction>כדי</conjunction>  <noun>כתיבה</noun>  <adverb>מחדש</adverb>  <shel-preposition>של</shel-preposition>  <noun>שורות</noun>  ובתים  שלמים.
  שיריו  המוקדמים,  משנות  <numeral>הארבעים</numeral>  והחמישים,  <verb>ביטאו</verb>  <noun>מאמץ</noun>  <verb>להתקיים</verb>  <preposition>בתוך</preposition>  <noun>סביבה</noun>  <adjective>תרבותית</adjective>  וספרותית  שבמידה  <adjective>רבה</adjective>  <negation>לא</negation>  <verb>התאימה</verb>  לו.  <pronoun>הוא</pronoun>  <adverb>אמנם</adverb>  <verb>כתב</verb>  בחריזה  <negation>לא</negation>  <adverb>פחות</adverb>  <adjective>וירטואוזית</adjective>  מזו  <shel-preposition>של</shel-preposition>  שלונסקי,  בבתים  <adjective>סדורים</adjective>  <negation>לא</negation>  <adverb>פחות</adverb>  <preposition>משל</preposition>  אלתרמן,  ואפילו  <adverb>לעתים</adverb>  בפזילה  <preposition>לעבר</preposition>  <noun>תמטיקה</noun>  <adjective>כנענית</adjective>  <noun>כשל</noun>  רטוש,  <conjunction>אולם</conjunction>  <conjunction>גם</conjunction>  <preposition>בתוך</preposition>  <noun>התבנית</noun>  <pronoun>הזאת</pronoun>  <pronoun>הוא</pronoun>  <copula>היה</copula>  שונה.  <adverb>כבר</adverb>  <conjunction>אז</conjunction>  <verb>כתב</verb>  <noun>שירה</noun>  אישית-וידויית-אוטוביוגרפית,  שהיתה  <adjective>זרה</adjective>  <adverb>לחלוטין</adverb>  לכתיבה  ההגותית-סימבוליסטית  <shel-preposition>של</shel-preposition>  <noun>בני</noun>  תקופתו.
  <pronoun>הוא</pronoun>  <copula>היה</copula>  <adjective>מיוחד</adjective>  <adverb>כבר</adverb>  בראשית  דרכו  <conjunction>גם</conjunction>  בלשונו  והחל  <adverb>כבר</adverb>  <conjunction>אז</conjunction>  <verb>לעקם</verb>  ולשבור  <at-preposition>את</at-preposition>  העברית,  <noun>דבר</noun>  שלא  <copula>היה</copula>  <adjective>קיים</adjective>  <preposition>אצל</preposition>  <quantifier>אף</quantifier>  <numeral>אחד</numeral>  ממשוררי  דורו.  <noun>מילים</noun>  <adjective>חדשות</adjective>  שיצר,  שלעתים  <verb>גבלו</verb>  במוזרות  <conjunction>או</conjunction>  בחוסר  שקיפות,  <verb>הופיעו</verb>  אצלו  <preposition>בתוך</preposition>  <noun>מבנה</noun>  <adjective>מוזיקלי</adjective>  שהעניק  להן  גיבוי.  <noun>דוגמה</noun>  <numeral>אחת</numeral>  מרבות:  "לֹא  <adjective>קַל</adjective>  <properName>עִם</properName>  <properName>תַּרְמִיל</properName>  <verb>הַגְּרוֹרִים...</verb>  בְּרַם/  הוּא  כְּתֹנֶת-סֵתֶר  לִצְרוֹרָם./  <properName>כִּי</properName>  <properName>אִם</properName>  בְּתַרְעֵמָה,–/אָז  מָה?!"  (רעם,  "הוּנַא  מַחַטְטַתְּ").כבר  בשנות  <numeral>החמישים</numeral>  <verb>גילה</verb>  <at-preposition>את</at-preposition>  <noun>הקסם</noun>  <shel-preposition>של</shel-preposition>  <noun>לשון</noun>  <noun>הדיבור</noun>  כאמצעי  ליצירת  <noun>הבעה</noun>  <adjective>ראשונית</adjective>  ובלתי  מסוגננת.  <noun>פרט</noun>  לדיבור  <adjective>הישראלי</adjective>  <adjective>החי</adjective>  <properName>חילחלולשירתו</properName>  <conjunction>גם</conjunction>  <noun>ביטויים</noun>  <participle>הלקוחים</participle>  מיידיש.  <noun>קיתונות</noun>  <shel-preposition>של</shel-preposition>  <noun>לעג</noun>  <pronoun>הוא</pronoun>  <verb>ספג</verb>  <preposition>בשל</preposition>  העדפתו  <at-preposition>את</at-preposition>  <noun>המילה</noun>  "יהנדס"  <preposition>על</preposition>  <noun>פני</noun>  "יהדות",  כשרצה  <verb>לזקק</verb>  ולהמחיש  <at-preposition>את</at-preposition>  <noun>היהודיות</noun>  שביהדות,  <noun>מילה</noun>  ששמע  מפי  אמו,  בעגת  <noun>מחוז</noun>  ילדותו.  <copula>היתה</copula>  <pronoun>זו</pronoun>  <noun>עמדה</noun>  <adjective>תרבותית</adjective>  שלא  <verb>עלתה</verb>  בקנה  <numeral>אחד</numeral>  <preposition>עם</preposition>  <noun>ההתנכרות</noun>  להוויה  <adjective>היהודית</adjective>  במזרח-אירופה:  "...מוּתר–ומוטב–לומר  יַהְנְדֶס,  שׁהיא  <noun>מילת</noun>  <adjective>המצפוניות</adjective>  <adjective>היהודית</adjective>  והחמלה  בקרב  <adjective>יהודי</adjective>  <adjective>פּוילין.[...]היא</adjective>  <noun>השארת</noun>  <noun>הנפש</noun>  והשארת  <noun>הלב</noun>  שלה[...]"  (רעם,  117).
  <at-preposition>את</at-preposition>  קולו  <adjective>הייחודי</adjective>  <verb>גילה</verb>  בחריגות  מהפואטיקה  <adjective>ההגמונית</adjective>  שקשרה  <preposition>בין</preposition>  אלתרמן,  <properName>שלונסקי</properName>  ורטוש.  <conjunction>אולם</conjunction>  חריגותאלה,שלא  <verb>הובחנו</verb>  באותם  <noun>ימים</noun>  <preposition>בידי</preposition>  <noun>מבקרים</noun>  ומשוררים,  <copula>היו</copula>  כעין  <noun>הכנה</noun>  לכתיבתו  <adjective>המאוחרת</adjective>  המתפרעת,  <participle>החוגגת</participle>  <noun>חירות</noun>  שדומה  <conjunction>כי</conjunction>  <negation>לא</negation>  <verb>נפלה</verb>  בחלקו  <shel-preposition>של</shel-preposition>  <quantifier>אף</quantifier>  <noun>משורר</noun>  <noun>בן</noun>  זמנו.  <pronoun>זו</pronoun>  <verb>הולידה</verb>  <at-preposition>את</at-preposition>  <noun>השפה</noun>  הישורונית,  <verb>שבה</verb>  <verb>נכתב</verb>  <noun>החלק</noun>  <adjective>החשוב</adjective>  והפורה  ביצירתו,  <verb>החל</verb>  בראשית  <noun>שנות</noun>  השבעים,  <conjunction>גם</conjunction>  בזכות  <noun>העניין</noun>  שגילו  בו  <verb>כתב</verb>  <noun>העת</noun>  <verb>סימן</verb>  <noun>קריאה</noun>  והוצאת  <noun>הקיבוץ</noun>  המאוחד,  שפירסמה  <adverb>מאז</adverb>  <at-preposition>את</at-preposition>  <quantifier>כל</quantifier>  ספריו.  
  <noun>תשומת</noun>  <noun>הלב</noun>  <adjective>הציבורית</adjective>  <verb>הופנתה</verb>  <properName>קודםכול</properName>  <preposition>אל</preposition>  <verb>שירתו</verb>  הפוליטית.  <properName>ישורון</properName>  <negation>לא</negation>  <copula>היה</copula>  <noun>משורר</noun>  <adjective>פוליטי</adjective>  <preposition>לפני</preposition>  <noun>הקמת</noun>  המדינה.  <noun>קונטרס</noun>  <noun>השירים</noun>  <adjective>היחיד</adjective>  שפירסם,על  <noun>חכמות</noun>  <noun>דרכים</noun>  <date>(1942),הביע</date>  <noun>עמדה</noun>  <adjective>נאיבית</adjective>  <shel-preposition>של</shel-preposition>  <noun>עולה</noun>  <adjective>חדש</adjective>  ממזרח-אירופה  <participle>המתפעל</participle>  מהנוף  הארץ-ישראלי  ומתושביו  הבדווים,  שהעלו  בזיכרונו  <at-preposition>את</at-preposition>  <noun>האבות</noun>  המקראיים.  <noun>הפוליטיזציה</noun>  <shel-preposition>של</shel-preposition>  <verb>שירתו</verb>  <verb>הסתמנה</verb>  <preposition>אחרי</preposition>  <noun>מלחמת</noun>  העצמאות,  ונבעה  מתוצאותיה  <adjective>הרות</adjective>  <noun>האסון</noun>  <preposition>לגבי</preposition>  <noun>האוכלוסייה</noun>  <adjective>הערבית</adjective>  בארץ  ישראל.  <noun>מחזור</noun>  שיריו  "צְוָת  וּצְוָת"  <date>(1949),</date>  ובמיוחד  שירו  <adjective>הארוך</adjective>  "פֶּסַח  <preposition>על</preposition>  כּוּכִים"  <date>(1952),</date>  <verb>הציגו</verb>  <noun>עמדה</noun>  <properName>אופוזיציונית</properName>  והעלו  <preposition>על</preposition>  <noun>סדר</noun>  <noun>היום</noun>  <at-preposition>את</at-preposition>  <noun>גורל</noun>  <noun>ערביי</noun>  <noun>הארץ</noun>  שגורשו  וכפריהם  נמחקו.  <pronoun>הוא</pronoun>  <negation>לא</negation>  <verb>המעיט</verb>  במשקלו  <shel-preposition>של</shel-preposition>  <noun>הכאב</noun>  <preposition>על</preposition>  <participle>הנופלים</participle>  במלחמה,  <conjunction>אך</conjunction>  <verb>נמנע</verb>  בעקביות  מהתפקיד  שנטלו  <preposition>על</preposition>  עצמם  <noun>רוב</noun>  <noun>משוררי</noun>  התקופה:  <verb>לכונן</verb>  <noun>זהות</noun>  <adjective>ישראלית</adjective>  <preposition>באמצעות</preposition>  <noun>חוויית</noun>  <noun>הרעוּת</noun>  <adjective>הצבאית</adjective>  והשכול.  <verb>שירתו</verb>  <verb>בחרה</verb>  <verb>להצביע</verb>  <preposition>על</preposition>  <noun>הזיכרון</noun>  האחר,  הלא-רשמי,  שקשור  באשמת  <noun>המנצחים</noun>  <preposition>כלפי</preposition>  <participle>המנוצחים</participle>  ובאחריות  לגורלם.  <noun>יתרה</noun>  מזאת,הוא  <verb>טרח</verb>  <verb>לקשור</verb>  <at-preposition>את</at-preposition>  <noun>גורל</noun>  <adjective>יהודי</adjective>  <properName>אירופה</properName>  <preposition>עם</preposition>  <noun>גורל</noun>  <noun>ערביי</noun>  <noun>ארץ</noun>  ישראל,  <conjunction>כפי</conjunction>  שקשר  <preposition>בין</preposition>  <adjective>הערבי</adjective>  שפגש  <preposition>עם</preposition>  עלייתו  <adverb>ארצה</adverb>  <preposition>לבין</preposition>  אביו  שעזב  באירופה;  <conjunction>או</conjunction>  <preposition>בין</preposition>  אמו  שגורשה  מביתה  בפולין  <preposition>לבין</preposition>  <noun>הערבייה</noun>  <participle>המגורשת</participle>  מכפרה  <preposition>בידי</preposition>  צה"ל.  <noun>הזיקה</noun>  שנוצרה  בשירתו  <preposition>בין</preposition>  <noun>זהות</noun>  יהודית-ישראלית  <preposition>לבין</preposition>  אי-התעלמות  מהנוכחות  <adjective>הערבית</adjective>  בארץ  <verb>הציבה</verb>  <noun>דילמה</noun>  <adjective>מוסרית</adjective>  ממדרגה  <numeral>ראשונה</numeral>  <adverb>כבר</adverb>  <preposition>עם</preposition>  <noun>תום</noun>  המלחמה.  <noun>התגובות</noun>  <adjective>הנזעמות</adjective>  <preposition>על</preposition>  "פסח  <preposition>על</preposition>  כוכים"  <verb>העידו</verb>  <preposition>על</preposition>  <pronoun>כך</pronoun>  שדעת  <noun>הקהל</noun>  <adverb>עדיין</adverb>  <negation>לא</negation>  <copula>היתה</copula>  <modal>מוכנה</modal>  <verb>להתמודד</verb>  <preposition>עם</preposition>  <noun>סוגיות</noun>  <participle>מסוג</participle>  <pronoun>זה</pronoun>  שישורון  <verb>הציב</verb>  מולה.
  <conjunction>גם</conjunction>  בנושא  <adjective>מרכזי</adjective>  <negation>לא</negation>  פחות,  <noun>היחס</noun>  לשואה,  <verb>עירערה</verb>  <verb>שירתו</verb>  <preposition>על</preposition>  <noun>מוסכמות</noun>  בתרבות  הישראלית.  <noun>השואה</noun>  <verb>יוצגה</verb>  בשירתם  <shel-preposition>של</shel-preposition>  אלתרמן,  <properName>אבא</properName>  <properName>קובנר</properName>  ואורי  <properName>צבי</properName>  <properName>גרינברג</properName>  כבית  <noun>היוצר</noun>  <shel-preposition>של</shel-preposition>  <noun>זהות</noun>  <adjective>ישראלית</adjective>  <adjective>ציונית</adjective>  אחידה.  <conjunction>כמו</conjunction>  שהשואה  <verb>נתפשה</verb>  כנובעת  מהקיום  <adjective>היהודי</adjective>  בגלות,  <pronoun>כך</pronoun>  <noun>הקמת</noun>  <noun>המדינה</noun>  <verb>נתפשה</verb>  כמסקנתה  הבלעדית.  <preposition>מול</preposition>  <noun>תפישה</noun>  <pronoun>זו</pronoun>  <verb>הציע</verb>  <properName>ישורון</properName>  <noun>דגם</noun>  אחר,  <adjective>פרטי</adjective>  ונטול  <noun>כוונה</noun>  <verb>לנצל</verb>  <at-preposition>את</at-preposition>  <noun>השואה</noun>  <preposition>לשם</preposition>  <noun>הפקת</noun>  <noun>לקחים</noun>  לאומיים.  <pronoun>הוא</pronoun>  <verb>העמיד</verb>  במוקד  <verb>שירתו</verb>  <at-preposition>את</at-preposition>  <noun>תחושת</noun>  <noun>האשמה</noun>  <shel-preposition>של</shel-preposition>  <interrogative>מי</interrogative>  שהקדים  ועלה  <adverb>ארצה</adverb>  ורק  <verb>חווה</verb>  מרחוק  <at-preposition>את</at-preposition>  אסונם  <shel-preposition>של</shel-preposition>  קרוביו.  <noun>נקודת</noun>  <noun>המבט</noun>  <adjective>האישית</adjective>  <pronoun>הזאת</pronoun>  <verb>איפשרה</verb>  <verb>להתמודד</verb>  <preposition>עם</preposition>  <noun>העבר</noun>  <adjective>היהודי</adjective>  בפולין  <negation>לא</negation>  <preposition>מתוך</preposition>  <noun>הרגשת</noun>  עליונות,  <conjunction>אלא</conjunction>  כמושא  <adjective>אבוד</adjective>  <noun>היוצר</noun>  <noun>פיצול</noun>  <adjective>מתמיד</adjective>  <preposition>בין</preposition>  <noun>שם</noun>  לכאן,  <preposition>בין</preposition>  <noun>עבר</noun>  להווה,  <noun>דבר</noun>  שהרתיע  <at-preposition>את</at-preposition>  <participle>נותני</participle>  <noun>הטון</noun>  בתרבות  <adjective>הישראלית</adjective>  <shel-preposition>של</shel-preposition>  <noun>ראשית</noun>  <noun>שנות</noun>  המדינה.  <numeral>מאות</numeral>  <noun>השירים</noun>  שבהם  <verb>מופיעים</verb>  <noun>בני</noun>  משפחתו  <shel-preposition>של</shel-preposition>  ישורון,  <noun>אם</noun>  כתובעים  וכמאשימים  ואם  כמאזינים  <adjective>אילמים</adjective>  להסתבכויותיו  הרגשיות;  <noun>אם</noun>  ברגע  <noun>הפרֵדה</noun>  <verb>ממנו</verb>  <preposition>על</preposition>  <noun>הגשר</noun>  ואם  באינספור  <noun>פנטזיות</noun>  <preposition>על</preposition>  <noun>איחוד</noun>  <adjective>מחודש</adjective>  עמם–  <quantifier>כל</quantifier>  <pronoun>אלה</pronoun>  <verb>מציבים</verb>  <at-preposition>את</at-preposition>  <verb>שירתו</verb>  בתחום  <noun>הביניים</noun>  שבו,  כדבריו,"מאז  <verb>באתי</verb>  לתל  <properName>אביב</properName>  <pronoun>אני</pronoun>  <verb>נודד</verb>  לקרסניסטאוו".  <noun>השירים</noun>  <adjective>נקיים</adjective>  מנוסטלגיה  ואינם  <verb>מתמקדים</verb>  בשחזור  <interrogative>מה</interrogative>  שאבד,  <conjunction>אלא</conjunction>  <adverb>דווקא</adverb>  בחקירה  <verb>מתמשכת</verb>  <shel-preposition>של</shel-preposition>  <properName>הארץשהמשורר</properName>  <verb>כינה</verb>  אותה"גלוּת  <shel-preposition>של</shel-preposition>  זיכרונות".  <noun>הכפילות</noun>  הזאת,  <shel-preposition>של</shel-preposition>  <interrogative>מי</interrogative>  שרואה  <at-preposition>את</at-preposition>  <noun>הארץ</noun>  כמולדת,  <preposition>עם</preposition>  <quantifier>כל</quantifier>  <noun>התמימות</noun>  <adjective>הראשונית</adjective>  שהיא  <verb>מעוררת</verb>  בו,  ושל  <interrogative>מי</interrogative>  שרואה  <at-preposition>את</at-preposition>  <pronoun>עצמו</pronoun>  כגולה,  <pronoun>היא</pronoun>  שהעניקה  לשירתו  <at-preposition>את</at-preposition>  <noun>המורכבות</noun>  <adjective>הרגשית</adjective>  <adjective>המיוחדת</adjective>  לה  ואת  <noun>המפתח</noun>  לסגנונו  <adjective>השעטנזי</adjective>  במהותו.
  בניגוד  לשירתו  <shel-preposition>של</shel-preposition>  <properName>אלתרמן</properName>  (כוכבים  בחוץ,  <date>1938),</date>  שהעמידה  <noun>כרך</noun>  מופשט,  <verb>כתב</verb>  <properName>ישורון</properName>  <verb>החל</verb>  בסוף  <noun>שנות</noun>  <numeral>השישים</numeral>  <preposition>על</preposition>  <noun>תלאביב</noun>  הממשית,  <preposition>על</preposition>  רחובותיה  ועציה,  טיפוסיה  וחצרותיה.  ייחודו  <adjective>טמון</adjective>  <pronoun>הן</pronoun>  בקיצוניות  <verb>שבה</verb>  <verb>התמסר</verb>  <adverb>לכאן</adverb>  ולעכשיו  המקומיים,  והן  ביכולתו  <verb>להציג</verb>  <at-preposition>את</at-preposition>  <noun>הגיאוגרפיה</noun>  <adjective>הנפשית</adjective>  <verb>שבה</verb>  <adjective>משולבות</adjective>  <noun>תלאביב</noun>  <adjective>הישנה</adjective>  ועיר  מגוריו  בפולין.  <interrogative>מה</interrogative>  שעלול  <verb>להיראות</verb>  כעיסוק  בזוטות  <adjective>מקומיות</adjective>  <verb>מתגלה</verb>  כהתמודדות  <adjective>מקיפה</adjective>  <preposition>עם</preposition>  <noun>חוויית</noun>  <noun>השבר</noun>  הביוגרפי,  <participle>החוזרת</participle>  בצורה  <adjective>אובססיבית</adjective>  בשיריו.
  בתחום  <adjective>הלשוני</adjective>  <verb>בולט</verb>  אופייה  <adjective>החדשני</adjective>  <shel-preposition>של</shel-preposition>  <verb>שירתו</verb>  <adjective>המאוחרת</adjective>  <adverb>יותר</adverb>  <preposition>מבכל</preposition>  <noun>תחום</noun>  אחר.  בסוף  <noun>שנות</noun>  <numeral>השישים</numeral>  <verb>חל</verb>  אצלו  <noun>מעבר</noun>  לסגנון  דיבורי,  שהושפע  מצורות  <noun>הכתיבה</noun>  <adjective>המשוחררות</adjective>  <adverb>יותר</adverb>  <shel-preposition>של</shel-preposition>  <adjective>זך</adjective>  ועמיחי  <preposition>מצד</preposition>  אחד,  וויזלטיר  ויונה  <properName>וולך</properName>  <preposition>מצד</preposition>  אחר.  <conjunction>אולם</conjunction>  <noun>השינוי</noun>  <preposition>אצל</preposition>  <properName>ישורון</properName>  <copula>היה</copula>  <adjective>קיצוני</adjective>  לאין  ערוך;  <pronoun>הוא</pronoun>  <verb>שבר</verb>  <adverb>כמעט</adverb>  <quantifier>כל</quantifier>  <noun>נורמה</noun>  <adjective>לשונית</adjective>  מקובלת,  <pronoun>הן</pronoun>  ברמה  <adjective>הדקדוקית</adjective>  והתחבירית  והן  ברמת  <noun>המשלב</noun>  הלשוני,  שהתבטא  בשימוש  <adjective>נרחב</adjective>  ביידיש,  בפולנית,  בערבית  ובביטויי  סלנג.  <noun>העילגות</noun>  <adjective>הלשונית</adjective>  <adjective>המכוונת</adjective>  <verb>נועדה</verb>  <verb>להעמיד</verb>  <noun>טון</noun>  <noun>דיבור</noun>  <wPrefix>בלתי</wPrefix>  אמצעי,  <participle>החורג</participle>  מסייגים  שמטילות  עליו  <noun>השפה</noun>  <adjective>התקנית</adjective>  והנורמה  הספרותית.  <pronoun>הוא</pronoun>  כתב:  "פעם  <copula>היה</copula>  לי  <noun>עסק</noun>  <preposition>עם</preposition>  שעון",  "אני  <negation>לא</negation>  <verb>יודע</verb>  ממה  <pronoun>זה</pronoun>  בא",  "בלי  <noun>גרוש</noun>  בנשמה",  "היא  <verb>באה</verb>  <verb>לבלף</verb>  אותי"וכיו"ב,  כאשר  <noun>השיבושים</noun>  <adjective>הלשוניים</adjective>  שלו  <negation>לא</negation>  <verb>נובעים</verb>  <adverb>רק</adverb>  <participle>מסוג</participle>  <shel-preposition>של</shel-preposition>  ריאליזם,  <adjective>אותנטיות</adjective>  <conjunction>או</conjunction>  <noun>פניִיה</noun>  לרובדי  <noun>שפה</noun>  שנחשבו  <wPrefix>בלתי</wPrefix>  <adjective>פואטיים</adjective>  (כמו  <preposition>אצל</preposition>  <properName>יונה</properName>  וולך),  <conjunction>אלא</conjunction>  מעמדה  <adjective>אתית</adjective>  ואסתטית,  שאינה  <verb>מבקשת</verb>  <verb>לעשות</verb>  <noun>שימוש</noun>  במציאות  (לשונית)  <participle>נתונה</participle>  <conjunction>אלא</conjunction>  <verb>מייצגת</verb>  <at-preposition>את</at-preposition>  <noun>השבירה</noun>  <adjective>האישית</adjective>  <adjective>היצירתית</adjective>  <shel-preposition>של</shel-preposition>  השפה:  "כשאני  <verb>עושה</verb>  <properName>חראקירי</properName>  לשפה,  <pronoun>אני</pronoun>  <verb>שמח</verb>  וגם  <noun>השפה</noun>  שמחה.  <pronoun>היא</pronoun>  <verb>צועקת</verb>  <verb>געוואלד</verb>  <conjunction>אבל</conjunction>  <pronoun>היא</pronoun>  שמחה.  <pronoun>היא</pronoun>  <copula>תהיה</copula>  <noun>שפה</noun>  <adjective>חיה</adjective>  <shel-preposition>של</shel-preposition>  <noun>בני</noun>  אדם.  <pronoun>אני</pronoun>  <verb>עושה</verb>  לה  <noun>טובה</noun>  שאני  <verb>הורס</verb>  אותה"  (בריאיון  <preposition>עם</preposition>  <noun>ש'</noun>  שפרה,  דבר,  <date>1.4.1975).</date>  <noun>הכתיב</noun>  <adjective>החסר</adjective>  שישורון  <verb>התחיל</verb>  <verb>להכניס</verb>  <verb>לשיריובהדרגה</verb>  בעשור  <adjective>האחרון</adjective>  <adjective>לחייוקשור</adjective>  <conjunction>גם</conjunction>  <pronoun>הוא</pronoun>  לניסיון  <verb>להטביע</verb>  <noun>חותם</noun>  <adjective>אישי</adjective>  <preposition>על</preposition>  <noun>השפה</noun>  <preposition>באמצעות</preposition>  הפיכתה  לחריגה  ולמוזרה.  
  <verb>שירתו</verb>  <adjective>המאוחרת</adjective>  <verb>ויתרה</verb>  <conjunction>גם</conjunction>  <preposition>על</preposition>  <noun>המבנה</noun>  <adjective>השלם</adjective>  והתמקדה  במחזורי  <noun>שירים</noun>  <noun>בעלי</noun>  <noun>מוקד</noun>  נושאי.  <noun>השיר</noun>  <adjective>הבודד</adjective>  וכן  <noun>מחזור</noun>  <noun>השירים</noun>  <copula>אינם</copula>  <adjective>הומוגניים</adjective>  ובמהלכם  <verb>מתאפשרות</verb>  <noun>סטיות</noun>  <adjective>מופלגות</adjective>  מהנושא,  <participle>הגובלות</participle>  <adverb>לפעמים</adverb>  בטשטוש  <noun>קו</noun>  <noun>המחשבה</noun>  ובכתיבה  <noun>בעלת</noun>  <noun>אופי</noun>  חידתי.  <modal>ניתן</modal>  <verb>לומר</verb>  <conjunction>כי</conjunction>  <verb>שירתו</verb>  <verb>מימשה</verb>  <at-preposition>את</at-preposition>  <noun>המרד</noun>  בשירה  <adjective>האלתרמנית</adjective>  בצורה  <adjective>הרדיקלית</adjective>  והמעניינת  ביותר.  <noun>יתרה</noun>  מזאת,  <noun>אם</noun>  <noun>המשוררים</noun>  שבחוגם  <verb>צמח</verb>  בשנות  <numeral>הארבעים</numeral>  <verb>נאלצו</verb>  <verb>לשנות</verb>  <at-preposition>את</at-preposition>  כתיבתם  <verb>החל</verb>  בשנות  השישים,  <preposition>בעקבות</preposition>  <noun>האקלים</noun>  <adjective>הספרותי</adjective>  והתרבותי  <adjective>החדש</adjective>  שהשתרר  בשירה  <adjective>הישראלית</adjective>  (בעיקר  <properName>אלתרמן</properName>  ורטוש),  <conjunction>הרי</conjunction>  <noun>תקופה</noun>  <pronoun>זו</pronoun>  בכתיבתו  <noun>עמדה</noun>  בסימן  <noun>פריחה</noun>  <wPrefix>בלתי</wPrefix>  מאולצת.  מספרם  <adjective>הרב</adjective>  <shel-preposition>של</shel-preposition>  שיריו  בתקופה  <pronoun>זו</pronoun>  <verb>נובע</verb>  מהפנייה  <preposition>אל</preposition>  <noun>הביוגרפיה</noun>  <adjective>הרחוקה</adjective>  והקרובה  כנושא  <verb>חוזר</verb>  בגרסאות  <adjective>שונות</adjective>  ומגוונות,  <adjective>נטול</adjective>  <noun>מחויבות</noun>  <adjective>צורנית</adjective>  שחוסמת  <at-preposition>את</at-preposition>  זרימתו  הטבעית.
  <at-preposition>את</at-preposition>  <noun>הריתמוס</noun>  <adjective>החופשי</adjective>  <verb>יצק</verb>  <properName>ישורון</properName>  <preposition>לתוך</preposition>  <noun>מסגרת</noun>  שנשאר  <verb>מחויב</verb>  לה  <punctuation>–</punctuation>  <noun>הבית</noun>  <noun>בן</noun>  <numeral>ארבע</numeral>  השורות.  <noun>השורות</noun>  <adjective>עשויות</adjective>  להתארך,  <conjunction>אך</conjunction>  <conjunction>גם</conjunction>  <verb>להתקצר</verb>  <preposition>עד</preposition>  <conjunction>כדי</conjunction>  לקוניות,  שאף  <pronoun>היא</pronoun>  <adjective>אופיינית</adjective>  <adverb>מאוד</adverb>  לשירתו  (לדוגמה  "שיר  מתל  אביב"  שמתאר  <at-preposition>את</at-preposition>  <noun>המקומות</noun>  שגר  בהם,  בספרו  <noun>השבר</noun>  <adjective>הסורי</adjective>  אפריקני).
  בשני  <noun>ספרי</noun>  <properName>שיריוהאחרונים</properName>  (אדון  מנוחה,  <date>1990;אין</date>  לי  <date>עכשיו,1992)</date>  <noun>נמצאהן</noun>  <noun>בררנות</noun>  ביחס  לנושאי  <noun>הכתיבה</noun>  וצמצום  <noun>הפן</noun>  <adjective>האנקדוטי</adjective>  שלהם,  והן  <noun>זיכוך</noun>  סגנוני;  <preposition>במקום</preposition>  <noun>הפרגמנטריות</noun>  והאופי  <noun>ההטרוגני</noun>  <shel-preposition>של</shel-preposition>  <noun>חלקי</noun>  <noun>שיר</noun>  <verb>שונים</verb>  <conjunction>או</conjunction>  <noun>הנתק</noun>  <preposition>בין</preposition>  <noun>שירים</noun>  <shel-preposition>של</shel-preposition>  <quantifier>אותו</quantifier>  מחזור,  <verb>מסתמן</verb>  <noun>מעבר</noun>  לשירים  <adjective>שלמים</adjective>  <noun>בעלי</noun>  <noun>מהלך</noun>  ברור,  <participle>המגיע</participle>  למיצויו  בסיומם.  <verb>בולט</verb>  מיעוטם  <shel-preposition>של</shel-preposition>  <noun>שירי</noun>  <noun>מקום</noun>  <participle>המתארים</participle>  <at-preposition>את</at-preposition>  סביבתו  המיידית.  <noun>השירים</noun>  <verb>מוותרים</verb>  <preposition>על</preposition>  <noun>הממד</noun>  <adjective>הסיפורי</adjective>  ועל  <noun>ההתרחשויות</noun>  <adjective>היומיומיות</adjective>  ששימשו  <noun>רקע</noun>  <conjunction>או</conjunction>  <conjunction>אפילו</conjunction>  <noun>מרכז</noun>  לכתיבתו  בעבר.  <noun>אנקדוטות</noun>  שאותן  <copula>היה</copula>  <verb>הופך</verb>  לשיר,  <preposition>כגון</preposition>  <noun>שעון</noun>  <noun>הזהב</noun>  <adjective>המרובע</adjective>  שהובא  כמתנה,  <noun>העציץ</noun>  במרפסת,  <noun>השכנה</noun>  שהציצה,  <noun>תיבות</noun>  <noun>הדואר</noun>  שהוחלפו  <conjunction>ועוד</conjunction>  <noun>עניינים</noun>  <adjective>מקומיים</adjective>  שפירנסו  <at-preposition>את</at-preposition>  שירתו,  <verb>הופכות</verb>  בספריו  <adjective>האחרונים</adjective>  לשוליות.  <at-preposition>את</at-preposition>  עמידתו  <preposition>מול</preposition>  <noun>תחושת</noun>  <noun>הסוף</noun>  <pronoun>הוא</pronoun>  <verb>בחר</verb>  <verb>לעצב</verb>  <negation>לא</negation>  <preposition>באמצעות</preposition>  אותה  <noun>לשון</noun>  <adjective>מוכרת</adjective>  וחומרים  ידועים.  במחזור  <noun>השירים</noun>  <adjective>האחרון</adjective>  שכתב  <verb>מופיע</verb>  <title>סמל</title>  <properName>ישו</properName>  <preposition>על</preposition>  הצלב,  <noun>האדם</noun>  הסובל.  <properName>ישורון</properName>  <adverb>כמובן</adverb>  <negation>לא</negation>  <verb>משאיר</verb>  <at-preposition>את</at-preposition>  <noun>הסמל</noun>  <pronoun>הזה</pronoun>  במופשטותו,  <conjunction>אלא</conjunction>  <verb>מתעניין</verb>  בתמונת  <noun>הפצעים</noun>  והמסמרים,  <conjunction>כמו</conjunction>  בבדידותו  <shel-preposition>של</shel-preposition>  הצלוב.  בשירים  <adjective>מאוחרים</adjective>  <pronoun>אלה</pronoun>  <verb>מתרחשתפנייהלממד</verb>  <shel-preposition>של</shel-preposition>  סמליות,  <participle>המהווה</participle>  <noun>חוט</noun>  <noun>שדרה</noun>  <adjective>יציב</adjective>  שמארגן  סביבו  <at-preposition>את</at-preposition>  השיר.  <noun>הסגנון</noun>  <adjective>המאופק</adjective>  <adjective>האקספרסיבי</adjective>  הזה,  שישורון  <verb>גיבש</verb>  במהלך  <noun>שנים</noun>  ארוכות,  <verb>העניק</verb>  לשירה  <adjective>העברית</adjective>  <at-preposition>את</at-preposition>  <numeral>אחד</numeral>  <noun>השיאים</noun>  שלה.  <preposition>לאחר</preposition>  מותו  <verb>יצאו</verb>  <properName>שני</properName>  <noun>ספרים</noun>  <adjective>נוספים</adjective>  <participle>המאגדים</participle>  <at-preposition>את</at-preposition>  שיריו:  <noun>אבות</noun>  <properName>ישורון</properName>  <punctuation>–</punctuation>  <quantifier>כל</quantifier>  שיריו  <date>(2001)</date>  ומלבדאתה:  <quantifier>מבחר</quantifier>  <date>1934-1991</date>  <date>(2009).
</date>  <verb>זכה</verb>  בפרס  <properName>ברנר</properName>  <date>(1967),</date>  בפרס  <properName>ביאליק</properName>  <date>(1979)</date>  ובשנת  מותו,  <date>1992,</date>  <verb>קיבל</verb>  <at-preposition>את</at-preposition>  <properName>פרס</properName>  ישראל.
  References:  
  אופנהיימר,  יוחאי.  <verb>תנו</verb>  לי  <verb>לדבר</verb>  <conjunction>כמו</conjunction>  שאני:  <noun>שירת</noun>  <noun>אבות</noun>  ישורון.  <noun>תל</noun>  אביב:  <noun>הקיבוץ</noun>  המאוחד.  <date>1997;</date>  זנדבנק,  שמעון.  "דברים  שבשירה  ושירה  שבדברים".  <noun>הארץ</noun>  ספרים.  <date>14.10.2009.</date>  13;  לאור,  יצחק.  "חזיר  <adjective>גדול</adjective>  האדמה".  <noun>הארץ</noun>  <noun>תרבות</noun>  וספרות.  <date>16.5.1997.</date>  ד'1-ד'2;לחמן,  <noun>לילך</noun>  (עורכת).איך  <verb>נקרא</verb>  <noun>אבות</noun>  ישורון. בני  ברק:  <noun>הקיבוץ</noun>  המאוחד.  <date>2011;</date>  ---.  "כמערה  <adjective>חיה</adjective>  מסתורית".  <noun>הארץ</noun>  ספרים.  <date>26.11.1997.</date>  7,  12;  צורית,  אידה.  <noun>שירת</noun>  <noun>הפרא</noun>  האציל:  <noun>ביוגרפיה</noun>  <shel-preposition>של</shel-preposition>  <noun>אבות</noun>  ישורון.  <noun>תל</noun>  אביב:  <noun>הקיבוץ</noun>  המאוחד.  <date>1995;</date>  קלדרון,  נסים.  "לא  משיחי,  <preposition>על</preposition>  <noun>הלאומיות</noun>  <preposition>אצל</preposition>  <noun>אבות</noun>  ישורון".  בהקשר  פוליטי.  <noun>תל</noun>  אביב:  <noun>הקיבוץ</noun>  המאוחד.  <date>1980.</date>  9-25;  שפרה,  ש'.  "ראיון  <preposition>עם</preposition>  <noun>אבות</noun>  ישורון".  דבר.  <date>1.4.1975.
</date> 
		</body>
	</text>
</TEI>