<?xml version="1.0" encoding="UTF-8"?>
<?xml-model href="http://www.tei-c.org/release/xml/tei/custom/schema/relaxng/tei_all.rng" type="application/xml" schematypens="http://relaxng.org/ns/structure/1.0"?>
<?xml-model href="http://www.tei-c.org/release/xml/tei/custom/schema/relaxng/tei_all.rng" type="application/xml"
	schematypens="http://purl.oclc.org/dsdl/schematron"?>
<TEI xmlns="http://www.tei-c.org/ns/1.0">
   <teiHeader>
      <fileDesc>
         <publicationStmt>
            <p>Publication Information</p>
         </publicationStmt>
         <sourceDesc>
            <p>Information about the source</p>
         </sourceDesc>
      </fileDesc>
   </teiHeader>
   <text>
      <body>
 Name:  כהנא-כרמון,  עמליה
  <foreign>Birth</foreign>  Year:  <date>1926
</date>  <foreign>Birth</foreign>  Place:  <noun>קיבוץ</noun>  <properName>עין</properName>  חרוד,
  Occupation:  <noun>סופרת</noun>  ומסאית
  <foreign>Entry</foreign>  writer:  <properName>אבנר</properName>  הולצמן
  <foreign>Entry</foreign>  Value:  
  <verb>נולדה</verb>  בקיבוץ  <properName>עין</properName>  חרוד,  שהוריה  <copula>היו</copula>  ממייסדיו.  <properName>אביה</properName>  <verb>עלה</verb>  <adverb>ארצה</adverb>  מאוקראינה  <date>ב-1912</date>  ואמה  <verb>עלתה</verb>  מבולגריה  <date>ב-1921.</date>  <verb>גדלה</verb>  והתחנכה  בתל  <properName>אביב</properName>  וסיימה  <at-preposition>את</at-preposition>  לימודיה  <adjective>התיכוניים</adjective>  <properName>בגימנסיה</properName>  "הרצליה".  בנעוריה  <copula>היתה</copula>  <noun>חברה</noun>  בתנועת  "השומר  הצעיר"  ובארגון  "ההגנה".  <preposition>לפני</preposition>  <noun>מלחמת</noun>  <noun>העצמאות</noun>  ואחריה  <verb>למדה</verb>  באוניברסיטה  <adjective>העברית</adjective>  בירושלים  <noun>לשון</noun>  עברית,  מקרא,  <noun>ספרות</noun>  <properName>עברית</properName>  וספרנות,  ובשנות  <numeral>החמישים</numeral>  <verb>למדה</verb>  <noun>אמנות</noun>  בלונדון.  בתחילת  <noun>מלחמת</noun>  <noun>העצמאות</noun>  <verb>שירתה</verb>  בסביבות  ירושלים,  ולאחר  <verb>מכן</verb>  <verb>הצטרפה</verb>  לחטיבת  <properName>הנגב</properName>  <shel-preposition>של</shel-preposition>  <properName>הפלמ"ח</properName>  ונטלה  <adverb>חלק</adverb>  כקשרית  במבצעים  שונים,  <noun>כולל</noun>  <noun>כיבוש</noun>  <properName>באר</properName>  <properName>שבע</properName>  ואילת.  <date>מ-1950</date>  <preposition>עד</preposition>  <date>1958</date>  <verb>חיה</verb>  באנגליה  ובשווייץ,  ומאז  <noun>שובה</noun>  <adverb>ארצה</adverb>  <verb>התגוררה</verb>  בתל  אביב.  במהלך  <noun>השנים</noun>  <verb>עסקה</verb>  בהוראה  ובספרנות,  <date>ומ-1981</date>  <verb>הנחתה</verb>  <noun>סדנאות</noun>  כתיבה.
  סיפורה  הראשון,  "החרב  המתהפכת",  <verb>פורסם</verb>  ב"משא"  ביוני  <date>1956</date>  <date>(ב-1962</date>  <verb>נכתב</verb>  <adverb>מחדש</adverb>  בשם  "באר-שבע  <noun>בירת</noun>  הנגב").  <noun>הסיפור</noun>  <verb>מתרחש</verb>  בימי  <noun>כיבוש</noun>  <properName>באר</properName>  <properName>שבע</properName>  <date>ב-1948,</date>  ובמרכזו  <noun>פרשת</noun>  <noun>יחסים</noun>  <adjective>קצרה</adjective>  <preposition>בין</preposition>  <noun>אלחוטאית</noun>  <noun>צעירה</noun>  בשם  <properName>אילנה</properName>  ובין  <noun>לוחם</noun>  בשם  נֹח,  <preposition>עד</preposition>  נפילתו  במלחמה.  <conjunction>אף</conjunction>  שהסיפור  <verb>מעוגן</verb>  בעולם  <noun>הנושאים</noun>  <adjective>הטיפוסי</adjective>  <shel-preposition>של</shel-preposition>  <noun>סיפורת</noun>  <noun>דור</noun>  <properName>תש"ח</properName>  ורצוף  <noun>תיאורים</noun>  <adjective>ריאליסטיים</adjective>  <shel-preposition>של</shel-preposition>  <verb>הווי</verb>  <noun>החיילים</noun>  וסביבתם,  <adverb>כבר</adverb>  <verb>מסתמנים</verb>  בו  <noun>קווי</noun>  ייחודה  <shel-preposition>של</shel-preposition>  הסופרת,  <adjective>העתידים</adjective>  <verb>להבדיל</verb>  אותה  <adverb>יותר</adverb>  ויותר  מבני  <noun>הדור</noun>  הזה:  <noun>סגנון</noun>  לירי  מעודן,  <noun>רגישות</noun>  <adjective>דקה</adjective>  לפרטי  <noun>הנוף</noun>  והמרחב,  <noun>תיאורים</noun>  מטפוריים  מקוריים,  ובעיקר  <noun>הענקת</noun>  <noun>משמעויות</noun>  <adjective>עילאיות</adjective>  לפגישה  בת-החלוף  שאין  לה  תמורה.
  <noun>דגם</noun>  <noun>היסוד</noun>  שנטבע  בסיפור  <pronoun>זה</pronoun>  <verb>התפתח</verb>  בשנים  הבאות,  <conjunction>ככל</conjunction>  שהתארכו  <noun>הסיפורים</noun>  והשתכללו,  <preposition>עד</preposition>  שכונסו  בספרה  הראשון,בכפיפה  <numeral>אחת</numeral>  (ספרית  פועלים,  <date>1966).</date>  שמונה-עשר  <noun>סיפורי</noun>  <noun>הקובץ</noun>  <verb>מתרחשים</verb>  במעגלים  <adjective>פרטיים</adjective>  <shel-preposition>של</shel-preposition>  <noun>רשות</noun>  היחיד,  <adverb>כמעט</adverb>  <preposition>בלא</preposition>  <adjective>הדהודים</adjective>  <shel-preposition>של</shel-preposition>  <noun>המרחב</noun>  הציבורי.  <noun>הסיפורים</noun>  <adjective>מגוונים</adjective>  בזירות  <noun>ההתרחשות</noun>  שלהם  (אנגליה  ושווייץ,  <properName>ירושלים</properName>  ותל  אביב,  <noun>עיר</noun>  וכפר)  ובגיבוריהם  <adjective>הראשיים</adjective>  (גברים  ונשים,  <noun>מבוגרים</noun>  וילדים,  <noun>ישראלים</noun>  וזרים),  <conjunction>אולם</conjunction>  <noun>הגרעין</noun>  <adjective>הפנימי</adjective>  שלהם  דומה.  <quantifier>כל</quantifier>  <numeral>אחד</numeral>  מהם  <verb>מתאר</verb>  פגישה,  <participle>המזמנת</participle>  לגיבור  <noun>רגע</noun>  <adjective>נדיר</adjective>  <shel-preposition>של</shel-preposition>  <noun>הארה</noun>  והיקסמות,  <verb>שבו</verb>  <verb>נפרצת</verb>  <noun>חומת</noun>  <noun>הבדידות</noun>  שלו  והוא  <verb>זוכה</verb>  <verb>לקיים</verb>  <noun>מגע</noun>  <shel-preposition>של</shel-preposition>  <noun>אמת</noun>  <preposition>עם</preposition>  <noun>זולת</noun>  כלשהו.  <noun>הרגע</noun>  המופלא,  <noun>הספוג</noun>  <negation>לא</negation>  <adverb>פעם</adverb>  באיכויות  רליגיוזיות,  <verb>מניף</verb>  <at-preposition>את</at-preposition>  <noun>הגיבור</noun>  משגרת  <noun>החיים</noun>  <adjective>הסתמית</adjective>  ומציף  <quantifier>אותו</quantifier>  בתחושות  <adjective>אינטנסיביות</adjective>  <shel-preposition>של</shel-preposition>  שחרור,  <noun>הגשמת</noun>  ייעוד,  <noun>יצירתיות</noun>  והרמוניה;  <conjunction>אך</conjunction>  דינה  <shel-preposition>של</shel-preposition>  <noun>חוויה</noun>  <pronoun>זו</pronoun>  <verb>לחלוף</verb>  <adverb>במהרה</adverb>  <noun>כלעומת</noun>  שבאה  ולהותיר  בו  <conjunction>רק</conjunction>  <noun>הדים</noun>  וגעגועים  בחזרו  <preposition>אל</preposition>  <noun>חיי</noun>  <noun>החולין</noun>  הקהים,  <participle>הדומים</participle>  למוות.  <adverb>לחלופין</adverb>  <modal>ניתן</modal>  <verb>לתאר</verb>  <at-preposition>את</at-preposition>  <noun>מערך</noun>  <noun>היחסים</noun>  <participle>המסתמן</participle>  ברבים  מהסיפורים  (והעתיד  <verb>להתפתח</verb>  ולהסתעף  בספריה  הבאים)  כווריאציה  <adjective>שבורה</adjective>  <shel-preposition>של</shel-preposition>  <noun>דגם</noun>  הרומנסה,  ובה  <noun>נסיכה</noun>  <verb>משוועת</verb>  לגאולה  <verb>נקלעת</verb>  <preposition>בין</preposition>  <noun>מפלצת</noun>  <verb>מאיימת</verb>  לאביר  שידיו  <adjective>קצרות</adjective>  מלהושיע,  ואשר  במקרים  <adjective>קיצוניים</adjective>  <modal>עלול</modal>  <verb>להפוך</verb>  בעצמו  למפלצת.  <noun>הסיפור</noun>  <participle>החותם</participle>  <at-preposition>את</at-preposition>  הקובץ,  "מושכלות  ראשונים",  <verb>מכיל</verb>  <noun>וידוי</noun>  <verb>מפורט</verb>  <shel-preposition>של</shel-preposition>  <noun>סופר</noun>  <preposition>על</preposition>  <noun>עקרונות</noun>  יצירתו  ועל  חזונו  האמנותי,  <participle>הניתן</participle>  <verb>להיקרא</verb>  כהסבר  <shel-preposition>של</shel-preposition>  <noun>המחברת</noun>  <preposition>על</preposition>  <noun>הפואטיקה</noun>  שלה.  <noun>הופעה</noun>  <pronoun>זו</pronoun>  <shel-preposition>של</shel-preposition>  <noun>יוצר</noun>  כדמות  בסיפור  <participle>המפרשת</participle>  <at-preposition>את</at-preposition>  יצירתה,  <noun>חזרה</noun>  ונשנתה  בספריה  <adjective>הבאים</adjective>  <shel-preposition>של</shel-preposition>  כהנא-כרמון,  והיא  <adverb>חלק</adverb>  ממערך  <noun>מגוון</noun>  <shel-preposition>של</shel-preposition>  <noun>טקסטים</noun>  <adjective>פרשניים</adjective>  שבהם  <verb>ליוותה</verb>  <at-preposition>את</at-preposition>  ספריה  לאורך  השנים,  <preposition>מתוך</preposition>  <noun>נטייה</noun>  <adjective>דעתנית</adjective>  <verb>להדריך</verb>  <at-preposition>את</at-preposition>  קוראיה  ולכוונם  לדרך  <noun>הקריאה</noun>  וההבנה  <participle>הרצויה</participle>  לה.
  ספרה  הבא,  <noun>הרומן</noun>  וירח  בעמק  <properName>אילון</properName>  <date>(1971),</date>  <noun>צמח</noun>  <preposition>מתוך</preposition>  <noun>הסיפור</noun>  "אני  <adjective>צמא</adjective>  למימיך  ירושלם"  שנכלל  <adverb>תחילה</adverb>  <adjective>בבכפיפה</adjective>  אחת.  <noun>הרומן</noun>  <verb>נע</verb>  <adverb>לסירוגין</adverb>  <preposition>בין</preposition>  <noun>שני</noun>  <noun>צירי</noun>  <noun>עלילה</noun>  מקבילים,  שהם  <noun>שני</noun>  <noun>פרקים</noun>  בחייה  <shel-preposition>של</shel-preposition>  הגיבורה,  <properName>נועה</properName>  טלמור,  שעשרים  <noun>שנה</noun>  <verb>מפרידות</verb>  ביניהם.  בהווה  <adjective>הסיפורי</adjective>  <pronoun>היא</pronoun>  <noun>אישה</noun>  <adjective>שפופה</adjective>  ומושפלת,  שחיי  <noun>הנישואים</noun>  שלה  ושל  <noun>נשים</noun>  <adjective>אחרות</adjective>  בסביבתה  <verb>התרוקנו</verb>  מתוכן.  ואילו  <noun>הגיחות</noun>  <preposition>אל</preposition>  <noun>העבר</noun>  <verb>מציגות</verb>  <at-preposition>את</at-preposition>  <noun>שנות</noun>  נעוריה  בירושלים  <noun>ערב</noun>  <noun>מלחמת</noun>  <noun>השחרור</noun>  כתור  <noun>זהב</noun>  <adjective>רומנטי</adjective>  <adjective>אישי</adjective>  ולאומי  כאחד,  מלא  <noun>חוויות</noun>  <adjective>עזות</adjective>  ושלמות  <adjective>נפשית</adjective>  <preposition>מתוך</preposition>  <noun>הזדהות</noun>  <preposition>עם</preposition>  הכלל.  ניסיונה  <verb>לפרוץ</verb>  <at-preposition>את</at-preposition>  <noun>המבוי</noun>  <adjective>הסתום</adjective>  בהווה  <preposition>באמצעות</preposition>  <noun>התקשרות</noun>  <preposition>עם</preposition>  <noun>גבר</noun>  <adjective>זר</adjective>  <participle>הנקלע</participle>  לחייה  <copula>אינו</copula>  מתממש,  והרומן  <verb>מסתיים</verb>  בהשלמה  <adjective>מפוכחת</adjective>  <preposition>עם</preposition>  <noun>מגבלות</noun>  המציאות,  <preposition>תוך</preposition>  <conjunction>כדי</conjunction>  <noun>מציאת</noun>  טעם-מה  לחיים  ביצירה  האמנותית.  אופיו  הלירי-אימפרסיוניסטי  <shel-preposition>של</shel-preposition>  <noun>הרומן</noun>  <adjective>ניכר</adjective>  בריבוי  <noun>התקבולות</noun>  והסטיות,  <participle>המרופפות</participle>  <at-preposition>את</at-preposition>  <noun>קו</noun>  <noun>ההתפתחות</noun>  העלילתי,  ובאיכותם  <shel-preposition>של</shel-preposition>  <noun>התיאורים</noun>  הפיוטיים,  <participle>המעלים</participle>  <noun>בדקוּת</noun>  <adjective>רבה</adjective>  <noun>נופים</noun>  <adjective>חיצוניים</adjective>  ונופי  נפש.  <noun>בד</noun>  בבד  <verb>מסתמנת</verb>  בו  ראשיתה  <shel-preposition>של</shel-preposition>  <noun>תופעה</noun>  <adjective>העתידה</adjective>  <verb>להתעצם</verb>  בספריה  הבאים,  והיא  הכפפתם  <shel-preposition>של</shel-preposition>  <noun>מצבי</noun>  <noun>מצוקה</noun>  <properName>והיקסמות</properName>  <adjective>קונקרטיים</adjective>  להשקפת  <noun>עולם</noun>  <verb>מופשטת</verb>  <preposition>בדבר</preposition>  טיבו  <shel-preposition>של</shel-preposition>  <noun>המצב</noun>  האנושי,  ובמקרה  זה:  <noun>מצב</noun>  <noun>האומללות</noun>  <shel-preposition>של</shel-preposition>  <noun>האישה</noun>  <adjective>הנשואה</adjective>  <conjunction>באשר</conjunction>  היא.
  <noun>תופעה</noun>  <pronoun>זו</pronoun>  <adjective>ניכרת</adjective>  <adverb>במיוחד</adverb>  בספרה  השלישי,  <noun>שדות</noun>  <adjective>מגנטיים</adjective>  <date>(1977),</date>  <properName>טריפטיכון</properName>  ובו  <noun>סיפור</noun>  <adjective>ארוך</adjective>  ושני  <noun>סיפורים</noun>  קצרים.  <noun>הסיפור</noun>  העיקרי,  "שם  <noun>חדר</noun>  החדשות",  <verb>מסופר</verb>  מפיו  <shel-preposition>של</shel-preposition>  <noun>מחזאי</noun>  <adjective>ישראלי</adjective>  <adjective>מבוגר</adjective>  <participle>השוקד</participle>  בלונדון  <preposition>על</preposition>  <noun>מחזה</noun>  היסטורי.  פגישתו  <preposition>עם</preposition>  <noun>היסטוריונית</noun>  <adjective>אמריקנית</adjective>  <noun>צעירה</noun>  והידידות  <participle>המתפתחת</participle>  ביניהם  <verb>מחוללות</verb>  בו  <noun>התעוררות</noun>  <adjective>רוחנית</adjective>  וגופנית,  <preposition>עד</preposition>  <noun>הדעיכה</noun>  <participle>המתרחשת</participle>  <preposition>כעבור</preposition>  <noun>שבועות</noun>  אחדים,  <preposition>על</preposition>  <noun>פי</noun>  <noun>המהלך</noun>  <adjective>המוכר</adjective>  מסיפורי  <participle>ההיקסמות</participle>  <adjective>הקודמים</adjective>  <shel-preposition>של</shel-preposition>  המחברת.  <conjunction>אולם</conjunction>  בשונה  מהם,  <noun>הפעם</noun>  <verb>משמשת</verb>  <noun>עלילת</noun>  <noun>הפגישה</noun>  <adjective>המופלאה</adjective>  <noun>נקודת</noun>  <noun>מוצא</noun>  לעיקר  עניינה  <shel-preposition>של</shel-preposition>  היצירה,  והוא  <noun>דיון</noun>  <adjective>מורכב</adjective>  בסוגיית  <noun>ההתקדשות</noun>  <shel-preposition>של</shel-preposition>  <noun>אדם</noun>  לייעודו  הרוחני,  ומעמדה  ביחס  להיבטים  <adjective>אחרים</adjective>  <shel-preposition>של</shel-preposition>  חייו.  <adverb>מכאן</adverb>  <verb>משתלשלים</verb>  <noun>דיונים</noun>  <adjective>נוספים</adjective>  <preposition>על</preposition>  ניסיונותיו  <shel-preposition>של</shel-preposition>  <noun>האדם</noun>  <verb>להבין</verb>  <at-preposition>את</at-preposition>  <noun>החוקיות</noun>  <adjective>הנעלמה</adjective>  שעל  פיה  <verb>מתנהל</verb>  היקום.  אופיו  <adjective>האינטלקטואלי</adjective>  <shel-preposition>של</shel-preposition>  <noun>הספר</noun>  <adjective>ניכר</adjective>  <conjunction>גם</conjunction>  בעיצובו  <adjective>הלשוני</adjective>  הפרוזאי-יחסית,  <participle>הנוטה</participle>  <adverb>פחות</adverb>  מקודמיו  <preposition>אל</preposition>  <noun>הפיוט</noun>  ואל  <noun>ההגבהה</noun>  הלשונית.  בהקשר  <pronoun>זה</pronoun>  <existential>יש</existential>  <verb>להזכיר</verb>  <noun>יצירה</noun>  <adjective>נוספת</adjective>  מאותן  שנים,  "קטע  לבמה,  בטעם  <noun>הסגנון</noun>  הגדול"  (סימן  <noun>קריאה</noun>  5,  <date>1976),</date>  כעין  <noun>הרצאה</noun>  <adjective>סיפורית</adjective>  <noun>רחבת</noun>  <noun>יריעה</noun>  ("מונודרמה"  כהגדרת  המחברת)  <participle>העוסקת</participle>  בנושאים  דומים:  <noun>שאיפת</noun>  <noun>האדם</noun>  לשלמות,  והתגלמותה  <shel-preposition>של</shel-preposition>  <noun>השלמות</noun>  במבחר  <noun>יצירות</noun>  <noun>מופת</noun>  <shel-preposition>של</shel-preposition>  <noun>תרבות</noun>  <noun>המערב</noun>  בציור,  בספרות  ובקולנוע.
  <noun>מפנה</noun>  <adjective>נוסף</adjective>  בכתיבתה  <verb>התחולל</verb>  בספרה  הרביעי,  <adverb>למעלה</adverb>  במונטיפר  <date>(1984),</date>  <conjunction>אף</conjunction>  <pronoun>הוא</pronoun>  <properName>טריפטיכון</properName>  שבמרכזו  <noun>נובלה</noun>  ארוכה,  "ממראות  <properName>גשר</properName>  <noun>הברווז</noun>  הירוק",  <noun>בעלת</noun>  <noun>כותרת</noun>  <noun>המשנה</noun>  האירונית-פרודית:  "סיפור  <adjective>היסטורי</adjective>  לבני  הנעורים".  <noun>החידוש</noun>  בנובלה  <pronoun>זו</pronoun>  <copula>אינו</copula>  <adjective>נעוץ</adjective>  <conjunction>רק</conjunction>  בזירת  <noun>ההתרחשות</noun>  שלה  <punctuation>–</punctuation>  <properName>אירופה</properName>  <adjective>הצפונית</adjective>  <shel-preposition>של</shel-preposition>  <numeral>המאה</numeral>  השבע-עשרה  <participle>המשוחזרת</participle>  בצבעוניות  מסוגננת,  ואף  <negation>לא</negation>  בלשונה  הכמו-ארכאית,  <conjunction>אלא</conjunction>  במשמעותו  <shel-preposition>של</shel-preposition>  <noun>סיפור</noun>  המעשה.  <noun>הגיבורה</noun>  קלרה,  <noun>ילדה</noun>  <adjective>יהודייה</adjective>  שנחטפה  ונשבתה  <preposition>בידי</preposition>  <noun>פורעים</noun>  שרצחו  <at-preposition>את</at-preposition>  אביה,  <verb>גדלה</verb>  בטירתו  <shel-preposition>של</shel-preposition>  <noun>האביר</noun>  <adjective>הנוצרי</adjective>  ששבה  אותה  כבת  חסותו  וכאהובתו.  <preposition>כעבור</preposition>  <noun>שנים</noun>  <pronoun>היא</pronoun>  <verb>נמלטת</verb>  משם,  <verb>נפגשת</verb>  <preposition>עם</preposition>  <noun>בני</noun>  עמה  שהתנכרה  אליהם,  <verb>נעשית</verb>  לסוחרת  מצליחה,  ולאחר  <noun>פרשת</noun>  <noun>יחסים</noun>  <adjective>נוספת</adjective>  <preposition>עם</preposition>  <properName>עבד</properName>  משוחרר,  <participle>המלמד</participle>  אותה  <noun>פרק</noun>  בהלכות  <noun>היחלצות</noun>  <adjective>נפשית</adjective>  ממצב  <shel-preposition>של</shel-preposition>  שבי,  <pronoun>היא</pronoun>  <adjective>כשירה</adjective>  <verb>לעמוד</verb>  ברשות  <noun>עצמה</noun>  ולפתוח  בחיים  עצמאיים.  <pronoun>זו</pronoun>  יצירתה  <numeral>הראשונה</numeral>  <shel-preposition>של</shel-preposition>  <properName>כהנא-כרמון</properName>  <participle>המציבה</participle>  בחזיתה  <at-preposition>את</at-preposition>  <noun>סוגיית</noun>  <noun>התלות</noun>  והמרד  <shel-preposition>של</shel-preposition>  <noun>אישה</noun>  בעולם  <participle>הנשלט</participle>  <preposition>בידי</preposition>  גברים.  <adverb>במקביל</adverb>  <verb>פירסמה</verb>  <date>מ-1984</date>  <adverb>ואילך</adverb>  <noun>שורת</noun>  <noun>מסות</noun>  <adjective>פרוגרמטיות</adjective>  <noun>בעלות</noun>  <noun>מסר</noun>  <noun>פמיניסטי</noun>  מפורש,  וכתיבתה  <adjective>הספרותית</adjective>  והמסאית  <verb>העמידה</verb>  אותה  כדמות  <participle>המייסדת</participle>  <adjective>הבולטת</adjective>  <adverb>ביותר</adverb>  <shel-preposition>של</shel-preposition>  <noun>הדגם</noun>  <adjective>החדש</adjective>  בסיפורת  <noun>הנשים</noun>  העברית.
  <noun>השלב</noun>  <adjective>הבא</adjective>  במהלך  <pronoun>זה</pronoun>  <verb>מתגלם</verb>  בספרה  החמישי,  <verb>ליוויתי</verb>  אותה  בדרך  לביתה  <date>(1991).</date>  <preposition>מתוך</preposition>  <noun>המארג</noun>  <adjective>הסיפורי</adjective>  הרב-קולי  <adjective>העשיר</adjective>  והמתוחכם,  <adjective>המצטיין</adjective>  <adverb>במיוחד</adverb>  בשפע  <noun>רמיזות</noun>  <adjective>משמעותיות</adjective>  ליצירות  <noun>ספרות</noun>  ואמנות  פלסטית,  <verb>עולה</verb>  בפעם  <numeral>הראשונה</numeral>  ביצירתה  <noun>סיפור</noun>  <adjective>שוויוני</adjective>  מאוזן  <shel-preposition>של</shel-preposition>  אהבה,  <noun>אחווה</noun>  והערצה  <adjective>הדדית</adjective>  <preposition>בין</preposition>  <numeral>שתי</numeral>  <noun>דמויות</noun>  <adjective>עצמאיות</adjective>  <adjective>חזקות</adjective>  <shel-preposition>של</shel-preposition>  <noun>גבר</noun>  ואישה.  <noun>פרשת</noun>  <noun>היחסים</noun>  <preposition>בין</preposition>  <properName>מאירה</properName>  הלר,  <noun>שחקנית</noun>  <properName>תיאטרון</properName>  מהוללת,  למאהבה  מוסיק,  <noun>בן</noun>  <noun>עיירת</noun>  <noun>פיתוח</noun>  <adjective>הצעיר</adjective>  ממנה  בשנים  רבות,  <verb>נפרשת</verb>  <preposition>על</preposition>  <noun>פני</noun>  <numeral>עשרים</numeral>  <noun>שנה</noun>  ומקיפה  <noun>תחומי</noun>  <noun>חיים</noun>  רבים,  <verb>החל</verb>  בדיאלוגים  <preposition>על</preposition>  <noun>מהות</noun>  <noun>האמנות</noun>  וכלה  בייצוג  מפורש,  <verb>חסר</verb>  <noun>תקדים</noun>  ביצירת  כהנא-כרמון,  <shel-preposition>של</shel-preposition>  <noun>תשוקה</noun>  <adjective>מינית</adjective>  ומימושה.  <properName>מאירה</properName>  <properName>הלר</properName>  <verb>אינה</verb>  <conjunction>רק</conjunction>  <noun>אישה</noun>  <adjective>מרשימה</adjective>  שכוח  <noun>המשיכה</noun>  שלה  <negation>לא</negation>  <verb>פחת</verb>  <preposition>עם</preposition>  הזדקנותה,  <conjunction>אלא</conjunction>  <conjunction>גם</conjunction>  <noun>הגיבורה</noun>  <numeral>הראשונה</numeral>  <shel-preposition>של</shel-preposition>  <properName>כהנא-כרמון</properName>  שהיא  <verb>יוצרת</verb>  מצליחה,  <conjunction>בעוד</conjunction>  שבספריה  <adjective>הקודמים</adjective>  <verb>הוענקה</verb>  <noun>סגולת</noun>  <noun>ההישג</noun>  <adjective>האמנותי</adjective>  לגברים  בלבד.
  <preposition>אחרי</preposition>  <date>1991</date>  <negation>לא</negation>  <verb>פירסמה</verb>  <properName>כהנא-כרמון</properName>  <noun>יצירות</noun>  חדשות,  <preposition>למעט</preposition>  <noun>שני</noun>  <noun>ספרים</noun>  <participle>המכילים</participle>  <noun>צירופים</noun>  <shel-preposition>של</shel-preposition>  <noun>סיפורים</noun>  <preposition>מתוך</preposition>  ספריה  הקודמים.  <adverb>כאן</adverb>  <verb>נגור</verb>  <date>(1996)</date>  <pronoun>הוא</pronoun>  <noun>אוסף</noun>  <shel-preposition>של</shel-preposition>  אחד-עשר  מסיפוריה  שקובצו  במתכונת  <shel-preposition>של</shel-preposition>  <numeral>חמש</numeral>  נובלות.  <noun>הסידור</noun>  <adjective>החדש</adjective>  <shel-preposition>של</shel-preposition>  <noun>הסיפורים</noun>  <verb>מבליט</verb>  <adverb>בדיעבד</adverb>  <at-preposition>את</at-preposition>  נושא-העל  שלהם,  שטושטש  בהקשרם  המקורי:  מצבה  <adjective>הקיומי</adjective>  <shel-preposition>של</shel-preposition>  <noun>האישה</noun>  בשלבי  <noun>חיים</noun>  <adjective>שונים</adjective>  בעמידתה  <preposition>מול</preposition>  <noun>העולם</noun>  הגברי,  <preposition>תוך</preposition>  <conjunction>כדי</conjunction>  תנועתה  ממצב  <shel-preposition>של</shel-preposition>  <noun>תלות</noun>  <properName>ושִעבוד</properName>  <preposition>אל</preposition>  <noun>השתחררות</noun>  ועצמאות.  ואילו  פגישה,  <noun>חצי</noun>  <noun>פגישה</noun>  <date>(2006)</date>  <pronoun>הוא</pronoun>  <noun>אוסף</noun>  <shel-preposition>של</shel-preposition>  <numeral>חמישה</numeral>  <noun>סיפורי</noun>  התאהבות,  <participle>המייצגים</participle>  <at-preposition>את</at-preposition>  <noun>אמנות</noun>  <noun>הכתיבה</noun>  <adjective>הלירית</adjective>  <shel-preposition>של</shel-preposition>  <noun>המחברת</noun>  בשיאה.
  <properName>עמליה</properName>  <properName>כהנא-כרמון</properName>  <verb>זכתה</verb>  בפרסים  ובאותות  <noun>הוקרה</noun>  רבים,  בהם  <properName>פרס</properName>  <properName>ברנר</properName>  <date>(1985),</date>  <properName>פרס</properName>  <properName>ביאליק</properName>  <date>(1994)</date>  ופרס  <properName>ישראל</properName>  לספרות  <date>(2000).</date>  
  References:  
  בלבן,  אברהם.  <noun>הקדוש</noun>  והדרקון:  <noun>עיונים</noun>  ביצירתה  <shel-preposition>של</shel-preposition>  <properName>עמליה</properName>  כהנא-כרמון.  <properName>תל</properName>  אביב:  <noun>הקיבוץ</noun>  <date>המאוחד.1979;פלדמן,</date>  יעל.  "העצמת  האחר:  <properName>עמליה</properName>  כהנא-כרמון".  <preposition>ללא</preposition>  <noun>חדר</noun>  משלהן:  מגדר  ולאומיות  ביצירתן  <shel-preposition>של</shel-preposition>  סופרותישראליות.  <properName>תל</properName>  אביב:  <noun>הקיבוץ</noun>  המאוחד.  <date>2002.</date>  74-100;  קלדרון,  נסים.  "מעשה  חושב".  <noun>סימן</noun>  <noun>קריאה</noun>  1.  <date>ספטמבר1972.</date>  326-321;  רתוק,  לילי.  <properName>עמליה</properName>  כהנא-כרמון:  מונוגרפיה.  <properName>תל</properName>  אביב:  <noun>ספרית</noun>  <noun>פועלים</noun>  והקיבוץ  <adjective>הארצי</adjective>  השומרהצעיר.  <date>1986;</date>  שירב,  פנינה.  "עיון  ביצירתה  <shel-preposition>של</shel-preposition>  <properName>עמליה</properName>  כהנא-כרמון".  <noun>כתיבה</noun>  <negation>לא</negation>  תמה.  <properName>תל</properName>  אביב:  <noun>הקיבוץ</noun>  <date>המאוחד.1998.</date>  194-115;  שקד,  גרשון.  "תמציות  <pronoun>אני</pronoun>  <preposition>לעומת</preposition>  <noun>תמציות</noun>  אתה;  <noun>התוף</noun>  המוכה".  <noun>גל</noun>  <adjective>חדש</adjective>  בסיפורת  העברית.  תלאביב:  <noun>ספרית</noun>  פועלים.  <date>1974.</date>  168-179,  205-223;  שקד,  מלכה.  "חיי  אישה".  עלי  <noun>שיח</noun>  40.  <noun>קיץ</noun>  <date>1998.</date>  9-19.  
 
		</body>
	</text>
</TEI>