<?xml version="1.0" encoding="UTF-8"?>
<?xml-model href="http://www.tei-c.org/release/xml/tei/custom/schema/relaxng/tei_all.rng" type="application/xml" schematypens="http://relaxng.org/ns/structure/1.0"?>
<?xml-model href="http://www.tei-c.org/release/xml/tei/custom/schema/relaxng/tei_all.rng" type="application/xml"
	schematypens="http://purl.oclc.org/dsdl/schematron"?>
<TEI xmlns="http://www.tei-c.org/ns/1.0">
   <teiHeader>
      <fileDesc>
         <publicationStmt>
            <p>Publication Information</p>
         </publicationStmt>
         <sourceDesc>
            <p>Information about the source</p>
         </sourceDesc>
      </fileDesc>
   </teiHeader>
   <text>
      <body>
 Name:  לוין,  מנשה
  <foreign>Birth</foreign>  Year:  <date>1903
</date>  <foreign>Death</foreign>  Year:  <date>1981
</date>  <foreign>Birth</foreign>  Place:  <noun>עיר</noun>  <noun>גרוז'יסק</noun>  ליד
  Occupation:  <noun>סופר</noun>  ומתרגם
  <foreign>Entry</foreign>  writer:  <properName>אבנר</properName>  הולצמן
  <foreign>Entry</foreign>  Value:  
  <verb>נולד</verb>  בעיר  <noun>גרוז'יסק</noun>  ליד  ורשה.  <verb>קיבל</verb>  <noun>חינוך</noun>  <adjective>מסורתי</adjective>  <preposition>עם</preposition>  <noun>נופך</noun>  חסידי.  <preposition>עם</preposition>  <verb>פרוץ</verb>  <noun>מלחמת</noun>  <noun>העולם</noun>  <numeral>הראשונה</numeral>  <verb>עקר</verb>  <preposition>עם</preposition>  משפחתו  לוורשה,  ובה  <verb>רכש</verb>  בכוחות  <verb>עצמו</verb>  <noun>השכלה</noun>  כללית,  ובתוכה  <noun>שליטה</noun>  בפולנית,  בגרמנית  ובצרפתית.  <date>ב-1923</date>  <date>וב-1924</date>  <verb>הדפיס</verb>  <at-preposition>את</at-preposition>  <noun>ראשוני</noun>  סיפוריו  בכתב  <noun>העת</noun>  <adjective>הוורשאי</adjective>  <adjective>המודרניסטי</adjective>  <noun>קולות</noun>  בעריכת  <properName>אליעזר</properName>  שטיינמן.  <date>ב-1925</date>  <verb>עלה</verb>  לארץ  ישראל,  ואחרי  <noun>שהות</noun>  <adjective>קצרה</adjective>  בירושלים  <verb>עבר</verb>  לתל  אביב,  בה  <verb>התגורר</verb>  <preposition>עד</preposition>  יומו  האחרון.  <preposition>עד</preposition>  <adverb>מהרה</adverb>  <verb>התקרב</verb>  לחבורת  "כתובים"  בראשותם  <shel-preposition>של</shel-preposition>  <properName>שלונסקי</properName>  ושטיינמן,  <conjunction>אך</conjunction>  <negation>לא</negation>  <verb>מנע</verb>  <verb>עצמו</verb>  מלפרסם  <noun>סיפורים</noun>  ורשימות  במגוון  <shel-preposition>של</shel-preposition>  <noun>כתבי</noun>  <noun>עת</noun>  שלא  <copula>היו</copula>  <verb>מזוהים</verb>  <preposition>עם</preposition>  <noun>החבורה</noun>  ולעתים  <conjunction>אף</conjunction>  <verb>נערכו</verb>  <preposition>בידי</preposition>  יריביה  (הדים,  כנסת,  מאזניים,  הדאר).  יצירתו  <adjective>המשמעותית</adjective>  <adverb>ביותר</adverb>  באותן  <noun>שנים</noun>  <pronoun>היא</pronoun>  <noun>הרומן</noun>  <noun>חולות</noun>  <adjective>כחולים</adjective>  שנכתב  <date>ב-1929,</date>  <verb>נגנז</verb>  <preposition>בידי</preposition>  <noun>המחבר</noun>  וראה  <noun>אור</noun>  מעיזבונו  <conjunction>רק</conjunction>  <date>ב-1997</date>  (הקיבוץ  המאוחד).  <pronoun>זהו</pronoun>  רומן-מפתח  <participle>המבוסס</participle>  <preposition>על</preposition>  חייו  <shel-preposition>של</shel-preposition>  <properName>לוין</properName>  בשנים  <date>1928-1926,</date>  ומשקף  <at-preposition>את</at-preposition>  <noun>שנות</noun>  <noun>המצוקה</noun>  והמחסור  שפקדו  <at-preposition>את</at-preposition>  <properName>תל</properName>  <properName>אביב</properName>  <preposition>מחמת</preposition>  <noun>המשבר</noun>  <adjective>הכלכלי</adjective>  <adjective>החריף</adjective>  שהכה  <conjunction>אז</conjunction>  ביישוב  הארץ-ישראלי  כולו.  <conjunction>אולם</conjunction>  <noun>מעבר</noun>  לתיאורי  <noun>ההווי</noun>  <shel-preposition>של</shel-preposition>  <noun>החיים</noun>  בעיר  ומעבר  לסיפורי  אהבהביו  <shel-preposition>של</shel-preposition>  הגיבור,  אמן-בוהמיין  <adjective>צעיר</adjective>  בשם  <properName>דני</properName>  רסין,  <verb>עולה</verb>  <noun>הנושא</noun>  <adjective>העיקרי</adjective>  <shel-preposition>של</shel-preposition>  הרומן,  והוא  <noun>הזיקה</noun>  <adjective>הלוהטת</adjective>  לעולם  האמנות.  <properName>רסין</properName>  וחבריו  <verb>יוצרים</verb>  לעצמם  <preposition>כעין</preposition>  <noun>בועה</noun>  <adjective>אסתטית</adjective>  <verb>נבדלת</verb>  <participle>המגוננת</participle>  עליהם  <preposition>מפני</preposition>  קשיחותה  <adjective>המרה</adjective>  <shel-preposition>של</shel-preposition>  המציאות.  <preposition>בתוך</preposition>  <pronoun>כך</pronoun>  <verb>עולה</verb>  <noun>דיוקן</noun>  <adjective>מוזר</adjective>  ובלתי  <adjective>צפוי</adjective>  <shel-preposition>של</shel-preposition>  <properName>תל</properName>  <properName>אביב</properName>  כפקעת  <adjective>דחוסה</adjective>  <shel-preposition>של</shel-preposition>  <noun>עשייה</noun>  <adjective>אמנותית</adjective>  נלהבת,  מתערוכות  <noun>ציור</noun>  ועד  <noun>מופעי</noun>  ג'ז.  <noun>התכונה</noun>  <adjective>הבולטת</adjective>  בעיצובו  <shel-preposition>של</shel-preposition>  הרומן,  <adjective>העתידה</adjective>  <verb>לאפיין</verb>  <at-preposition>את</at-preposition>  כתיבתו  <shel-preposition>של</shel-preposition>  <properName>לוין</properName>  בכל  שלביה,  <pronoun>היא</pronoun>  <noun>הפיכת</noun>  <noun>המציאות</noun>  <adjective>המוחשית</adjective>  <verb>עצמה</verb>  לאובייקט  <adjective>אמנותי</adjective>  <adjective>מסוגנן</adjective>  <participle>העומד</participle>  <preposition>בפני</preposition>  עצמו,  ובמקרה  <pronoun>זה</pronoun>  <punctuation>–</punctuation>  למערך  <adjective>חזותי</adjective>  <adjective>ססגוני</adjective>  <participle>המחקה</participle>  <at-preposition>את</at-preposition>  <noun>אמנות</noun>  הציור.
  <conjunction>כאשר</conjunction>  <verb>התפצלה</verb>  <noun>חבורת</noun>  "כתובים"  <date>ב-1932</date>  <verb>הצטרף</verb>  לשלונסקי,  אלתרמן,  <properName>ישראל</properName>  <noun>זמורה</noun>  וחבריהם  בהקמת  <noun>קבוצת</noun>  <noun>הסופרים</noun>  "יחדיו",  והיה  <preposition>מן</preposition>  <noun>המשתתפים</noun>  <adjective>הקבועים</adjective>  בשבועונה  <noun>טורים</noun>  בשני  גלגוליו  <date>(1935-1933</date>  <date>ו-1939-1938).</date>  <preposition>על</preposition>  <noun>דפי</noun>  <noun>טורים</noun>  <verb>התגבש</verb>  <noun>נוסח</noun>  <noun>הסיפור</noun>  <adjective>המודרניסטי</adjective>  שלו,  שהביקורת  והמחקר  <verb>תייגו</verb>  <quantifier>אותו</quantifier>  כרומנטי,  פנטסטי,  <adjective>סוריאליסטי</adjective>  <conjunction>או</conjunction>  סימבוליסטי.  <conjunction>בין</conjunction>  <noun>מאפייני</noun>  <noun>התוכן</noun>  <shel-preposition>של</shel-preposition>  הסיפורים:  <noun>שאיפה</noun>  <verb>להמריא</verb>  <preposition>מן</preposition>  <noun>המציאות</noun>  <modal>אל</modal>  <noun>עולם</noun>  <noun>האמנות</noun>  והרוח;  <noun>עניין</noun>  <noun>עקבי</noun>  באמנים-מבצעים  למיניהם  <preposition>כגון</preposition>  <noun>לוליינים</noun>  ואקרובטים  בקרקס  <conjunction>או</conjunction>  <noun>רקדנים</noun>  ושחקנים,  וכן  בדמויות  מציתות-דמיון  ככוכבי  קולנוע,  <noun>טייסים</noun>  <conjunction>או</conjunction>  <noun>אנשי</noun>  <noun>העולם</noun>  התחתון;  <noun>עלילות</noun>  <participle>אחוזות</participle>  <noun>תזזית</noun>  <shel-preposition>של</shel-preposition>  תנועה,  <noun>מרדף</noun>  ומעוף;  <noun>ריבוי</noun>  <noun>אביזרים</noun>  אקזוטיים;  <noun>התכתבויות</noun>  <noun>פרודיות</noun>  <preposition>עם</preposition>  <noun>גיבורי</noun>  <noun>ספרות</noun>  <verb>נודעים</verb>  <preposition>מן</preposition>  העבר;  <noun>שילוב</noun>  <conjunction>בין</conjunction>  <noun>פיוט</noun>  ושנינה.  מבחינת  <noun>העיצוב</noun>  <verb>בולט</verb>  אופיים  <verb>הקולאז'י</verb>  <shel-preposition>של</shel-preposition>  הסיפורים,  <participle>המערערים</participle>  <at-preposition>את</at-preposition>  <noun>הרציפויות</noun>  <adjective>המסורתיות</adjective>  <shel-preposition>של</shel-preposition>  זמן,  <noun>מקום</noun>  ועלילה  וממירים  אותן  במעברים  <adjective>חדים</adjective>  <conjunction>בין</conjunction>  <noun>זירות</noun>  <noun>התרחשות</noun>  שונות,  בשבירת  <noun>הקישורים</noun>  <adjective>ההגיוניים</adjective>  <conjunction>בין</conjunction>  האירועים,  במיזוג  <shel-preposition>של</shel-preposition>  <noun>רשמים</noun>  <adjective>חושיים</adjective>  ובהצגת  <noun>המציאות</noun>  כצרור  <noun>קטלוגים</noun>  <adjective>פנטסטיים</adjective>  <shel-preposition>של</shel-preposition>  <noun>אביזרים</noun>  שאינם  <verb>תואמים</verb>  <pronoun>זה</pronoun>  לזה.  <noun>לשון</noun>  <noun>הסיפורים</noun>  צבעונית,  <adjective>מטפורית</adjective>  <adverb>לעילא</adverb>  ורבת-המצאות  מפתיעות.  <quantifier>כל</quantifier>  <noun>התכונות</noun>  <pronoun>האלה</pronoun>  <verb>מתממשות</verb>  ומתמצות  במאה  <noun>לילות</noun>  ביפו  <date>העתיקה(1938;</date>  <noun>מהדורה</noun>  <adjective>חדשה</adjective>  <date>ב-1983),</date>  <preposition>מעין</preposition>  <noun>רומן</noun>  קצר,  שהוא  <noun>הספר</noun>  <adjective>היחיד</adjective>  שפירסם  <properName>לוין</properName>  בחייו.  <noun>הטופוגרפיה</noun>  <adjective>היפואית</adjective>  האוריינטלית,  <preposition>על</preposition>  סמטאותיה  <participle>המפותלות</participle>  והדמויות  <participle>המשונות</participle>  <participle>הסובבות</participle>  בהן,  <verb>משמשת</verb>  <noun>נקודת</noun>  <noun>מוצא</noun>  להמראה  <adjective>רומנטית</adjective>  <verb>שוצפת</verb>  <noun>דמיון</noun>  ופורצת  גבולות,  <participle>המשלבת</participle>  בתוכה  <noun>פרודיות</noun>  <adjective>רציניות</adjective>  <preposition>על</preposition>  <noun>סיפורי</noun>  <numeral>אלף</numeral>  <noun>לילה</noun>  ולילה,  <properName>פאוסט</properName>  <shel-preposition>של</shel-preposition>  <properName>גתה</properName>  ודון  <properName>קיחוטה</properName>  <shel-preposition>של</shel-preposition>  סרוונטס.
  בתחילת  <noun>שנות</noun>  <numeral>הארבעים</numeral>  <verb>התמעטה</verb>  כתיבתו  <adjective>הסיפורית</adjective>  <shel-preposition>של</shel-preposition>  <properName>לוין</properName>  <preposition>עד</preposition>  שפסקה  <adverb>כמעט</adverb>  <adverb>לגמרי</adverb>  <punctuation>–</punctuation>  <conjunction>אם</conjunction>  <conjunction>משום</conjunction>  שהמציאות  <shel-preposition>של</shel-preposition>  <noun>מלחמת</noun>  <noun>העולם</noun>  <numeral>השנייה</numeral>  <negation>לא</negation>  <copula>היתה</copula>  <adjective>כשרה</adjective>  לסיפורת  ניסיונית-משחקית  כשלו,  <conjunction>אם</conjunction>  <preposition>מחמת</preposition>  התפרקותה  <shel-preposition>של</shel-preposition>  <noun>קבוצת</noun>  "יחדיו"  שסיפקה  ללוין  <noun>חממה</noun>  <adjective>אוהדת</adjective>  לכתיבתו  החדשנית.  <preposition>במקום</preposition>  <pronoun>זאת</pronoun>  <verb>ייחד</verb>  <at-preposition>את</at-preposition>  <noun>עיקר</noun>  מאמציו  לתחום  התרגום,  ובמשך  כעשרים  <verb>שנה</verb>  <verb>תירגם</verb>  <numeral>עשרות</numeral>  <noun>רומנים</noun>  ומחזות  מצרפתית,  וכן  מאנגלית  ומיידיש.  בתקופה  <pronoun>זו</pronoun>  <verb>קנה</verb>  <conjunction>לו</conjunction>  <noun>מוניטין</noun>  כאחד  <noun>מחשובי</noun>  <noun>המתרגמים</noun>  מצרפתית,  <conjunction>אם</conjunction>  <negation>לא</negation>  <participle>החשוב</participle>  שבהם,  ותירגם  לעברית  <adjective>עשירה</adjective>  וצלולה  ממיטב  <noun>הקלאסיקה</noun>  <properName>הצרפתית</properName>  <preposition>מן</preposition>  <numeral>המאה</numeral>  השבע-עשרה  ועד  <numeral>המאה</numeral>  <numeral>העשרים</numeral>  (מולייר,  וולטיר,  דידרו,  בלזק,  זולא,  פלובר,  הוגו,  <properName>ז'יל</properName>  רומן,  מאלרו,  סנט-אכזופרי,  <properName>סארטר</properName>  <conjunction>ועוד</conjunction>  רבים).  <conjunction>ככל</conjunction>  שהתבססה  זהותו  כמתרגם  <verb>הלכה</verb>  יצירתו  <adjective>המקורית</adjective>  ונשכחה.  <date>ב-1951</date>  <date>וב-1957</date>  <verb>זכה</verb>  בפרס  <properName>טשרניחובסקי</properName>  לתרגומי  מופת,  <date>וב-1990</date>  <verb>ייסדה</verb>  <noun>שגרירות</noun>  <properName>צרפת</properName>  בישראל  <noun>פרס</noun>  <preposition>על</preposition>  שמו  לתרגומים  מצרפתית  לעברית.
  בתחילת  <noun>שנות</noun>  <numeral>השישים</numeral>  <verb>חזר</verb>  <verb>לפרסם</verb>  <noun>סיפורת</noun>  מקורית,  בחלקה  <adjective>חדשה</adjective>  ובחלקה  ממה  שהיה  <adjective>שמור</adjective>  בידו  <adverb>מאז</adverb>  <noun>שנות</noun>  הארבעים,  והתמיד  <adverb>בכך</adverb>  כעשור,  <adverb>בעיקר</adverb>  <preposition>על</preposition>  <noun>דפי</noun>  <noun>המוסף</noun>  לספרות  <shel-preposition>של</shel-preposition>  דבר.  <noun>הסיפורים</noun>  <verb>שומרים</verb>  <preposition>על</preposition>  <noun>הנוסח</noun>  הבסיסי,  הדמיוני-אקזוטי,  <shel-preposition>של</shel-preposition>  <noun>יצירת</noun>  המחבר,  <conjunction>אף</conjunction>  <conjunction>כי</conjunction>  בגרסה  <adverb>פחות</adverb>  תזזיתית-נמרצת  ויותר  מאופקת-מהורהרת.  <verb>ניכרת</verb>  בהם  <noun>נהייה</noun>  <verb>גוברת</verb>  <modal>אל</modal>  <noun>חומרי</noun>  <noun>ההווי</noun>  היהודי,  ובמיוחד  <noun>התבוננות</noun>  בעולמה  <shel-preposition>של</shel-preposition>  <noun>העיירה</noun>  המזרח-אירופית,  <preposition>כגון</preposition>  בסיפורים  "שלושה  <noun>מלאכים</noun>  מושלגים"  <date>(1966)</date>  <conjunction>או</conjunction>  "גולם  <adjective>משיחי</adjective>  בעליית  <noun>הגג</noun>  <shel-preposition>של</shel-preposition>  <noun>בית</noun>  <properName>הכנסת</properName>  הישן"  שנותר  בעיזבונו.  <noun>עולם</noun>  <pronoun>זה</pronoun>  <verb>מוצג</verb>  מפרספקטיבה  <participle>המשלבת</participle>  <noun>התרפקות</noun>  <adjective>נוסטלגית</adjective>  רכה,  ספק-קיטשית,  <preposition>עם</preposition>  <noun>נימות</noun>  <shel-preposition>של</shel-preposition>  <noun>חורבן</noun>  אפוקליפטי.
  <preposition>אחרי</preposition>  מותו  <verb>הופיעה</verb>  <noun>שורה</noun>  <shel-preposition>של</shel-preposition>  <noun>ספרים</noun>  משלו,  <noun>פרי</noun>  יוזמתה  והתמסרותה  <shel-preposition>של</shel-preposition>  אלמנתו  <properName>מאשה</properName>  לוין.  <preposition>מלבד</preposition>  <noun>הרומנים</noun>  <numeral>מאה</numeral>  <noun>לילות</noun>  ביפו  <adjective>העתיקה</adjective>  <date>(1983)</date>  וחולות  <adjective>כחולים</adjective>  <date>(1998)</date>  שכבר  הוזכרו,  <verb>ראו</verb>  <noun>אור</noun>  <numeral>שלושה</numeral>  <participle>קובצי</participle>  סיפורים,  <participle>המכילים</participle>  <quantifier>מבחר</quantifier>  מתוך  כחמישים  <noun>סיפורים</noun>  ונובלות  שחיבר:  <numeral>שלושה</numeral>  <noun>מלאכים</noun>  <adjective>מושלגים</adjective>  <date>(1983);טחנת</date>  <noun>מים</noun>  באביב  <date>(1987);הרקדנית</date>  <participle>המעופפת</participle>  <date>(2000).</date>  <noun>השירים</noun>  שנותרו  בעיזבונו  <verb>קובצו</verb>  בספר  <noun>פתיחה</noun>  ללילה  <date>(2003),</date>  וכמו  <conjunction>כן</conjunction>  <verb>הופיע</verb>  בספר  <numeral>אחד</numeral>  ממחזותיו  המקראיים,  <properName>שמשון</properName>  ודלילה  <date>(1985).</date>  <noun>הפרסום</noun>  <participle>המקובץ</participle>  <shel-preposition>של</shel-preposition>  כתביו  <verb>עורר</verb>  <noun>עניין</noun>  מחודש  ביצירתו,  והיא  <participle>נתונה</participle>  בתהליך  <verb>מתמשך</verb>  <shel-preposition>של</shel-preposition>  הערכה-מחדש,  <participle>הקובע</participle>  למנשה  <properName>לוין</properName>  <noun>מקום</noun>  כאחד  <adjective>המקוריים</adjective>  <adverb>ביותר</adverb>  <preposition>בקרב</preposition>  <participle>יוצרי</participle>  <noun>המודרניזם</noun>  בפרוזה  העברית.
  References:  
  גרץ,  נורית.  "הסיפורת  <shel-preposition>של</shel-preposition>  טורים".  <noun>ספרות</noun>  ואידיאולוגיה  בארץ-ישראל  בשנות  השלושים.  <properName>תל</properName>  אביב:  <noun>האוניברסיטה</noun>  הפתוחה.  <date>1988.</date>  239-272;  הולצמן,  אבנר.  "מטרופולין  זעירה".  <noun>מפת</noun>  <noun>דרכים</noun>  <punctuation>–</punctuation>  <noun>סיפורת</noun>  <properName>עברית</properName>  כיום.  <properName>תל</properName>  אביב:  <noun>הקיבוץ</noun>  המאוחד.  <date>2005.</date>  303-300;  מירון,  דן.  "ריקוד  <preposition>על</preposition>  <noun>החבל</noun>  המתוח:  <preposition>על</preposition>  סיפוריו  <shel-preposition>של</shel-preposition>  <properName>מנשה</properName>  לוין".  <noun>הרקדנית</noun>  המעופפת:  <adjective>מבחרסיפורים</adjective>  <date>1981-1928.ירושלים:</date>  <properName>מוסד</properName>  ביאליק.  <date>2000.</date>  342-259;  פרנקל-מדן,  רחל.  "מזמרת  <noun>הארץ</noun>  <punctuation>–</punctuation>  <adjective>אלגיה</adjective>  אידילית:  <noun>עיון</noun>  ב'שלושה  <noun>מלאכים</noun>  מושלגים'  למנשה  לוין".  ממרכזים  למרכז  <punctuation>–</punctuation>  <noun>ספר</noun>  <properName>נורית</properName>  גוברין.  <properName>תל</properName>  אביב:  <noun>אוניברסיטת</noun>  <properName>תל</properName>  אביב.  <date>2005.</date>  337-324;  שקד,  גרשון.  "צוענים  <shel-preposition>של</shel-preposition>  <properName>יפו</properName>  ב'מאה  <noun>לילות</noun>  ביפו  העתיקה'.  <properName>מנשה</properName>  <properName>לוין</properName>  <punctuation>–</punctuation>  'תקדים'  לנסים  אלוני".  <noun>סימן</noun>  <noun>קריאה</noun>  17-16.  <properName>אפריל</properName>  <date>1983.</date>  628-626.
 
		</body>
	</text>
</TEI>