<?xml version="1.0" encoding="UTF-8"?>
<?xml-model href="http://www.tei-c.org/release/xml/tei/custom/schema/relaxng/tei_all.rng" type="application/xml" schematypens="http://relaxng.org/ns/structure/1.0"?>
<?xml-model href="http://www.tei-c.org/release/xml/tei/custom/schema/relaxng/tei_all.rng" type="application/xml"
	schematypens="http://purl.oclc.org/dsdl/schematron"?>
<TEI xmlns="http://www.tei-c.org/ns/1.0">
   <teiHeader>
      <fileDesc>
         <publicationStmt>
            <p>Publication Information</p>
         </publicationStmt>
         <sourceDesc>
            <p>Information about the source</p>
         </sourceDesc>
      </fileDesc>
   </teiHeader>
   <text>
      <body>
 Name:  ליברכט,  סביון
  <foreign>Birth</foreign>  Year:    <date>(1948
</date>  <foreign>Birth</foreign>  Place:  <properName>מינכן</properName>  <properName>כסבינה</properName>  סוסנובסקי
  Occupation:  סופרת,  מחזאית,  <verb>מתרגמת</verb>  ותסריטאית
  <foreign>Entry</foreign>  writer:  <noun>שי</noun>  רודין
  <foreign>Entry</foreign>  Value:  
  <verb>נולדה</verb>  במינכן  <properName>כסבינה</properName>  <properName>סוסנובסקי</properName>  להורים  <noun>יוצאי</noun>  לודז',  פולין,  שעברו  <at-preposition>את</at-preposition>  <noun>השואה</noun>  בגרמניה.  <properName>אביה</properName>  <copula>היה</copula>  <noun>אסיר</noun>  בבוכנוואלד,  אשתו  <numeral>הראשונה</numeral>  ובתו  <noun>התינוקת</noun>  לאשרדו  <at-preposition>את</at-preposition>  השואה.  <verb>עלתה</verb>  <preposition>עם</preposition>  <noun>הוריה</noun>  <adverb>ארצה</adverb>  <date>ב-1950.</date>  בשנות  ילדותה  <adjective>המוקדמות</adjective>  <verb>חיה</verb>  בבית  <properName>דגן</properName>  ומאוחר  <adverb>יותר</adverb>  <verb>עברה</verb>  <noun>המשפחה</noun>  לבתים,  <adverb>שם</adverb>  <verb>למדה</verb>  בבית  <noun>ספר</noun>  <adjective>יסודי</adjective>  ובתיכון.  בצבא  <verb>שירתה</verb>  בקיבוץ  <properName>ניר</properName>  <properName>אליהו</properName>  ואחר  <pronoun>כך</pronoun>  בלשכתו  <shel-preposition>של</shel-preposition>  <noun>קצין</noun>  <noun>קשר</noun>  <properName>גיסותהשריון</properName>  בקסטינה.  בתקופה  <pronoun>זו</pronoun>  <verb>החלה</verb>  <verb>לכתוב</verb>  <at-preposition>את</at-preposition>  <noun>הרומן</noun>  <numeral>הראשון</numeral>  שלה  <preposition>על</preposition>  <noun>בת</noun>  <noun>קיבוץ</noun>  שעוזבת  <preposition>אל</preposition>  העיר.  <preposition>לאחר</preposition>  שחרורה  <verb>נסעה</verb>  ללונדון  והחלה  בלימודי  עיתונות.  <adverb>במקביל</adverb>  <verb>למדה</verb>  <adjective>גרמנית</adjective>  <noun>וכתבהאת</noun>  <noun>הרומן</noun>  <noun>השני</noun>  שלה.  <preposition>אחרי</preposition>  <noun>שנה</noun>  וחצי  <noun>חזרה</noun>  לישראל,  <verb>שינתה</verb>  <at-preposition>את</at-preposition>  שמה  לסביוןוהחלה  ללמוד  <noun>ספרות</noun>  <properName>אנגליתופילוסופיה</properName>  באוניברסיטת  תלאביב.
  <verb>לימדה</verb>  <properName>אנגלית</properName>  בתיכון  ביפו  ובמסגרות  למבוגרים,  <verb>למדה</verb>  <noun>פיסול</noun>  בבית  <participle>ספרלאמנות</participle>  בבתים  <properName>והחלהבכתיבה</properName>  <noun>עיתונאית</noun>  בירחוןאת.בהמשך  <verb>נרשמה</verb>  לסדנת  <noun>כתיבה</noun>  בהנחייתה  <shel-preposition>של</shel-preposition>  <noun>הסופרת</noun>  <properName>עמליה</properName>  כהנא-כרמון,  שמסרה  <at-preposition>את</at-preposition>  סיפורה  "תפוחים  <preposition>מן</preposition>  המדבר"  ליעקב  בסר,  <properName>עורךעתון</properName>  77,  והוא  <verb>פירסם</verb>  <quantifier>אותו</quantifier>  בירחון  (גיליון  58,  <date>1984).</date>  <noun>קובץ</noun>  סיפוריה  הראשון,תפוחים  <preposition>מן</preposition>  המדבר,ראה  <noun>אור</noun>  <date>ב-1986</date>  בהוצאת  <noun>ספרית</noun>  <noun>פועלים</noun>  וזכה  להערכת  המבקרים,  שהצביעו  <preposition>על</preposition>  יניקתה  מעגנון  ומכהנא-כרמון,    וזיכה  אותה  בפרס  <properName>אלתרמן</properName>  <date>(1987).</date>  
  יצירתה  <verb>כוללת</verb>  <noun>סיפורים</noun>  קצרים,  נובלות,  <noun>רומנים</noun>  ומחזות.  <pronoun>היא</pronoun>  <verb>נחשבת</verb>  <noun>אמנית</noun>  <noun>הסיפור</noun>  הקצר,  וקובצי  סיפוריה  <pronoun>הם</pronoun>  <preposition>מן</preposition>  <noun>העדויות</noun>  <adjective>המובהקות</adjective>  לתחייתו  <adjective>המחודשת</adjective>  <shel-preposition>של</shel-preposition>  <noun>ז'אנר</noun>  <pronoun>זה</pronoun>  בספרות  הישראלית.  <noun>הסיפורים</noun>  שלה  <adjective>כתובים</adjective>  במתכונת  "הסיפור  <adjective>הקצר</adjective>  <participle>העשוי</participle>  היטב",  <adjective>בנויים</adjective>  משלל  <noun>פרטים</noun>  <adjective>תואמים</adjective>  <participle>המעוצבים</participle>  בקפידה.  יצירתה  <verb>משלבת</verb>  <at-preposition>את</at-preposition>  החברתי-אקטואלי  <preposition>עם</preposition>  האישי-פסיכולוגי,  וכן  <at-preposition>את</at-preposition>  <adjective>הריאליסטי</adjective>  <preposition>עם</preposition>  הסמלי,  <verb>מפיקה</verb>  ביד  <adjective>מיומנת</adjective>  <noun>משמעויות</noun>  <adjective>עמוקות</adjective>  ממציאות  שגרתית.  
  <noun>חטיבת</noun>  סיפוריה  <participle>העוסקים</participle>  בשואה  <verb>הקנו</verb>  לה  <at-preposition>את</at-preposition>  מעמדה  כאחת  מבכירי  <noun>סופרי</noun>  <noun>הדור</noun>  <noun>השני</noun>  לשואה.  <adjective>נוסף</adjective>  <preposition>על</preposition>  <noun>העיסוק</noun>  בשואה,  <noun>הנושאים</noun>  <adjective>המרכזיים</adjective>  ביצירתה  <pronoun>הם</pronoun>  <noun>יחסי</noun>  יהודים-ערבים,  <noun>הוויה</noun>  <shel-preposition>של</shel-preposition>  דתיים,  מקומן  <shel-preposition>של</shel-preposition>  <noun>נשים</noun>  בישראל,  <noun>המפגש</noun>  <preposition>עם</preposition>  ה"אחר"  כמפגש  מכונן,  וכן  קריסתה  <shel-preposition>של</shel-preposition>  <noun>מערכת</noun>  <noun>היחסים</noun>  <adjective>הזוגית</adjective>  הממוסדת.  <properName>ליברכט</properName>  <verb>בונה</verb>  <noun>עלילות</noun>  <adjective>קצביות</adjective>  ומותחות,  שרמזיהן  <verb>ניתנים</verb>  בפתיחה  ומתלכדים  <adverb>בהדרגה</adverb>  <noun>עד</noun>  לאקורד  הסופי,  באופן  <participle>המקנה</participle>  לסיפורים  <noun>אופי</noun>  תשבצי  ומגרה  לפענוח.  
  <preposition>בעקבות</preposition>  <noun>תפוחים</noun>  <preposition>מן</preposition>  <verb>המדברפירסמה</verb>  <numeral>שלושה</numeral>  <participle>קובצי</participle>  <noun>סיפורים</noun>  <adjective>מצליחים</adjective>  נוספים.  <date>ב-1998</date>  <verb>ראה</verb>  <noun>אור</noun>  <properName>רומן</properName>  <properName>ראשון</properName>  מפרי  עטה,איש  ואישה  ואיש.  <noun>הרומן</noun>  <verb>מגולל</verb>  <at-preposition>את</at-preposition>  <noun>סיפור</noun>  התאהבותם  <shel-preposition>של</shel-preposition>  חמוטל,  <noun>אישה</noun>  <adjective>ישראלית</adjective>  נשואה,  ושאול,  <noun>גבר</noun>  נשוי,  <adjective>ישראלי</adjective>  <adverb>לשעבר</adverb>  <participle>המתגורר</participle>  בארצות  הברית.  <noun>הזוג</noun>  <verb>נפגש</verb>  במחלקה  <adjective>הסיעודית</adjective>  <verb>שבה</verb>  <verb>מאושפזים</verb>  <noun>אמה</noun>  ואביו.  בעודם  <verb>חווים</verb>  <at-preposition>את</at-preposition>  <noun>השבר</noun>  <participle>הנובע</participle>  <preposition>מן</preposition>  <noun>ההתמודדות</noun>  <preposition>עם</preposition>  <noun>גוויעת</noun>  הוריהם,  <pronoun>הם</pronoun>  <verb>נאחזים</verb>  <pronoun>זה</pronoun>  בזה  <conjunction>כדי</conjunction>  <verb>להתגבר</verb>  <preposition>על</preposition>  הבדידות,  <noun>הייאוש</noun>  וחוסר  האונים.  <noun>ההתאהבות</noun>  <adjective>החדשה</adjective>  <verb>מחזקת</verb>  <at-preposition>את</at-preposition>  <properName>חמוטל</properName>  <conjunction>גם</conjunction>  במאבק  בינה  <preposition>לבין</preposition>  <noun>בעלה</noun>  ובנותיה,  שכלפיהם  <pronoun>היא</pronoun>  <verb>חשה</verb>  <noun>ניכור</noun>  וזרות.  <preposition>בין</preposition>  <noun>ההתאהבות</noun>  <preposition>לבין</preposition>  <noun>מות</noun>  <noun>אמה</noun>  <noun>עורכת</noun>  <properName>חמוטל</properName>  <noun>מסע</noun>  <shel-preposition>של</shel-preposition>  <noun>הבנה</noun>  והתפייסות  <preposition>עם</preposition>  <noun>עצמה</noun>  ועם  <participle>הסובבים</participle>  אותה,  שהופך  לטקס  <noun>חניכה</noun>  <adjective>נשי</adjective>  <participle>המאפשר</participle>  לה  <verb>לגבש</verb>  <at-preposition>את</at-preposition>  זהותה  העצמאית.  
  <date>ב-2000</date>  <verb>פירסמה</verb>  <at-preposition>את</at-preposition>  <verb>הקובץנשים</verb>  <preposition>מתוך</preposition>  קטלוג,  ובו  <numeral>שלוש</numeral>  <noun>נובלות</noun>  <participle>המתמקדות</participle>  בחייהן  <shel-preposition>של</shel-preposition>  <noun>נשים</noun>  ישראליות.  <noun>קובץ</noun>  <pronoun>זה</pronoun>  <verb>הדגיש</verb>  <at-preposition>את</at-preposition>  עמדותיה  הפמיניסטיות.  <pronoun>הוא</pronoun>  <verb>עוסק</verb>  בעובדת  <adjective>זרה</adjective>  <noun>החווה</noun>  <noun>התעללות</noun>  מינית,  באם  <adjective>שכולה</adjective>  <participle>המתאבלת</participle>  <preposition>על</preposition>  בנה  ובקשישה  <noun>ניצולת</noun>  שואה,  ומשלב  <noun>פוליטיקה</noun>  מגדרית,  <participle>העולה</participle>  <preposition>מתוך</preposition>  שוליותן  <shel-preposition>של</shel-preposition>  <noun>הנשים</noun>  <participle>המתוארות</participle>  בחברה,  <preposition>לצד</preposition>  <noun>פוליטיקה</noun>  חברתית-מדינית.  <preposition>על</preposition>  <noun>קובץ</noun>  <pronoun>זה</pronoun>  <verb>הוענק</verb>  לליברכט  באיטליה  <noun>הפרס</noun>  <preposition>על</preposition>  <adverb>שם</adverb>  <properName>עמליה</properName>  <properName>רוזלי</properName>  <date>(2002).
</date>  <noun>הרומן</noun>  <noun>השני</noun>  שלה,הנשים  <shel-preposition>של</shel-preposition>  <date>אבא(2005),</date>  <verb>מגולל</verb>  <at-preposition>את</at-preposition>  סיפורו  <shel-preposition>של</shel-preposition>  מאיר,  <noun>צעיר</noun>  שנולד  בישראל  וגדל  בארצות  <properName>הברית</properName>  <participle>המגלה</participle>  <adverb>לפתע</adverb>  <conjunction>כי</conjunction>  אביו,  שזה  <noun>שנים</noun>  <adjective>ארוכות</adjective>  <verb>חשב</verb>  <quantifier>אותו</quantifier>  למת,  <verb>חי</verb>  בתלאביב  ומאושפז  <preposition>עקב</preposition>  <noun>מחלה</noun>  סופנית.  <noun>הגילוי</noun>  <verb>מחזיר</verb>  <at-preposition>את</at-preposition>  מאיר,  <verb>סופר</verb>  בתחילת  דרכו  <participle>המתקשה</participle>  לכתוב,  <preposition>אל</preposition>  <noun>זיכרונות</noun>  ילדותו.  <pronoun>הוא</pronoun>  <verb>מתחיל</verb>  <verb>לשחזר</verb>  <at-preposition>את</at-preposition>  ילדותו  בתלאביב,  ובעיקר  <at-preposition>את</at-preposition>  <noun>אירועי</noun>  החורף,  כשהיה  <noun>בן</noun>  <adjective>שבע</adjective>  ובילה  <preposition>עם</preposition>  <noun>האב</noun>  <numeral>חמישה</numeral>  <noun>חודשים</noun>  ללא  בית,  <verb>נגרר</verb>  <preposition>אחרי</preposition>  כיבושיו  <adjective>המיניים</adjective>  וניסיונותיו  <verb>למצוא</verb>  לשניהם  <noun>מחסה</noun>  בביתן  <shel-preposition>של</shel-preposition>  <noun>נשים</noun>  זרות.  <pronoun>הוא</pronoun>  <verb>יוצא</verb>  למסע  לגילוי  <noun>האמת</noun>  <preposition>על</preposition>  אביו  ומשפחתו,  שבאמצעותו  <pronoun>הוא</pronoun>  <verb>מתמודד</verb>  <preposition>עם</preposition>  <noun>הטראומות</noun>  <shel-preposition>של</shel-preposition>  ילדותו,  <preposition>עם</preposition>  אביו  ועם  חייו  כאדם  בוגר.  
  מספריה  האחרים:סוסים  <preposition>על</preposition>  <noun>כביש</noun>  <noun>גהה</noun>  <date>(1988);</date>  <adjective>סינית</adjective>  <pronoun>אני</pronoun>  <verb>מדברת</verb>  אליך  <date>(1992);</date>  <modal>צריך</modal>  <interjection>סוף</interjection>  לסיפור  <noun>אהבה</noun>  <date>(1995);</date>  <properName>סואד</properName>  <date>(2000);מקום</date>  <interjection>טוב</interjection>  ללילה  <date>(2002).
</date>  <verb>עיבדה</verb>  <numeral>שלושה</numeral>  מסיפוריה  למחזות:  <properName>סוניה</properName>  <verb>מושקט</verb>  בבימויו  <shel-preposition>של</shel-preposition>  <properName>איציק</properName>  <properName>ויינגרטן</properName>  ("הבימה",  <date>1998);סינית</date>  <pronoun>אני</pronoun>  <verb>מדברת</verb>  אליך  בבימויו  <shel-preposition>של</shel-preposition>  <properName>עודד</properName>  <properName>קוטלר</properName>  ("בית  ליסין",  <date>2005),</date>  שזיכה  אותה  בפרס  מחזאית  <noun>השנה</noun>  <date>ל-2005;</date>  ותפוחים  <preposition>מן</preposition>  <noun>המדבר</noun>  בבימויו  <shel-preposition>של</shel-preposition>  <properName>עודד</properName>  <properName>קוטלר</properName>  ("בית  ליסין",  <date>2007).
</date>  <verb>תירגמה</verb>  לעברית  <at-preposition>את</at-preposition>  סיפוריה  <shel-preposition>של</shel-preposition>  <noun>הסופרת</noun>  <adjective>הפמיניסטית</adjective>  <adjective>הרדיקלית</adjective>  <properName>גרייס</properName>  פיילי,  שפורסמו  בקובץ  בערוב  <quantifier>אותו</quantifier>  <noun>יום</noun>  <date>(2001),</date>  ואת  <noun>המחזה</noun>  <noun>המים</noun>  <verb>זוכרים</verb>  לשילה  <properName>סטפנסון</properName>  (הועלה  בתיאטרון  "בית  ליסין"  בבימויו  <shel-preposition>של</shel-preposition>  <properName>הלל</properName>  מיטלפונקט,  <date>2000).</date>  כתבה  <numeral>שלושה</numeral>  <noun>תסריטים</noun>  שהופקו  לטלוויזיה:  <adverb>שם</adverb>  <verb>נרדף</verb>  (עם  <properName>עליזה</properName>  אולמרט,  <date>1989);כידונים</date>  <date>ואורכידיאות(1991);האסיסטנט</date>  <shel-preposition>של</shel-preposition>  <date>אלוהים(1992).
</date>  <noun>ספריה</noun>  <verb>תורגמו</verb>  לכמה  <noun>שפות</noun>  <adjective>אירופיות</adjective>  ולסינית.
  References:  
  אחירותם,  עמירם.  "השואה  כצל  <shel-preposition>של</shel-preposition>  <noun>המציאות</noun>  הישראלית".  <verb>לחיות</verb>  בארץ  ישראל:  <noun>הספרות</noun>  <adjective>הישראלית</adjective>  וזיקתה  למציאות,  דילמות,  <noun>ערכים</noun>  ושאלות  <shel-preposition>של</shel-preposition>  זהות.  עורכת:  <verb>חיה</verb>  תדמור.  ירושלים:  <noun>משרד</noun>  החינוך.  <date>2000.47-43;</date>  גרנות,  משה.  "סיפור  <verb>מאכלס</verb>  <at-preposition>את</at-preposition>  <noun>הדמיון</noun>  ומבקש  להיכתב:  <noun>שיחה</noun>  <preposition>עם</preposition>  <properName>סביון</properName>  ליברכט".  <noun>שיחות</noun>  <preposition>עם</preposition>  סופרים.  <properName>תל</properName>  אביב:  קווים.  <date>2007.</date>  251-239;  הרציג,  חנה.  "הדברים  <adjective>הפעוטים</adjective>  <verb>משמחים</verb>  יותר".  <noun>הארץ</noun>  <noun>תרבות</noun>  וספרות.  <date>12.8.1998.</date>  8-9;  רודין,  שי.  <noun>פוליטיקלי</noun>  <negation>לא</negation>  קורקט:  <noun>פוליטיקה</noun>  <shel-preposition>של</shel-preposition>  מין,  מגדר  ומדינה  בסיפורת  <shel-preposition>של</shel-preposition>  <properName>סביון</properName>  ליברכט,  <properName>אורלי</properName>  קסטל-בלום  ורונית  מטלון.חיבור  <preposition>לשם</preposition>  <noun>קבלת</noun>  <noun>תואר</noun>  דוקטור.  חיפה:  <noun>אוניברסיטת</noun>  חיפה.  <date>2010.
</date> 
		</body>
	</text>
</TEI>