<?xml version="1.0" encoding="UTF-8"?>
<?xml-model href="http://www.tei-c.org/release/xml/tei/custom/schema/relaxng/tei_all.rng" type="application/xml" schematypens="http://relaxng.org/ns/structure/1.0"?>
<?xml-model href="http://www.tei-c.org/release/xml/tei/custom/schema/relaxng/tei_all.rng" type="application/xml"
	schematypens="http://purl.oclc.org/dsdl/schematron"?>
<TEI xmlns="http://www.tei-c.org/ns/1.0">
   <teiHeader>
      <fileDesc>
         <publicationStmt>
            <p>Publication Information</p>
         </publicationStmt>
         <sourceDesc>
            <p>Information about the source</p>
         </sourceDesc>
      </fileDesc>
   </teiHeader>
   <text>
      <body>
 Name:  לפיד,  שולמית
  <foreign>Birth</foreign>  Year:  <date>1934
</date>  <foreign>Birth</foreign>  Place:  <properName>תל</properName>  <properName>אביב</properName>  כשולמית
  Occupation:  סופרת,  <noun>מתרגמת</noun>  ומחזאית
  <foreign>Entry</foreign>  writer:  <properName>אמנון</properName>  ז'קונט
  <foreign>Entry</foreign>  Value:  
  <verb>נולדה</verb>  בתל  <properName>אביב</properName>  כשולמית  גלעדי.  אביה,  <properName>דוד</properName>  גלעדי,היה  ממייסדי  <noun>העיתון</noun>  מעריב.  <conjunction>לאחר</conjunction>  שסיימה  <at-preposition>את</at-preposition>  שירותה  <adjective>הצבאי</adjective>  <verb>נסעה</verb>  <preposition>עם</preposition>  <noun>הוריה</noun>  לשליחות  בפריז,  <verb>עבדה</verb>  <adverb>שם</adverb>  בשגרירות  <properName>ישראל</properName>  ואחר  <pronoun>כך</pronoun>  בשגרירות  בלונדון.  כששבה  <adverb>ארצה</adverb>  <verb>למדה</verb>  <noun>מזרחנות</noun>  באוניברסיטה  <adjective>העברית</adjective>  בירושלים  וסיימה  <noun>תואר</noun>  ראשון.  <verb>נישאה</verb>  ליוסף  (טומי)  לפיד,  שהיה  <adjective>עיתונאי</adjective>  ואחר  <pronoun>כך</pronoun>  <verb>הפך</verb>  לפוליטיקאי,  והיא  אמם  <shel-preposition>של</shel-preposition>  <properName>מירב</properName>  ושל  הפוליטיקאי,  <noun>העיתונאי</noun>  ואיש  <noun>הטלוויזיה</noun>  <properName>יאיר</properName>  <properName>לפיד</properName>  (בתה  <noun>הבכורה</noun>  <properName>מיכל</properName>  <verb>נהרגה</verb>  בתאונת  <noun>דרכים</noun>  <date>ב-1984).
</date>  יצירתה  <numeral>הראשונה</numeral>  <shel-preposition>של</shel-preposition>  <properName>שולמית</properName>  <properName>לפיד</properName>  <pronoun>היא</pronoun>  <noun>ספר</noun>  סיפורים,מזל  דגים,שראה  <noun>אור</noun>  <date>ב-1969</date>  בהוצאת  עקד.  אחריו  <noun>כתבה</noun>  ופירסמה  <at-preposition>את</at-preposition>  <noun>ספר</noun>  <noun>הילדים</noun>  <noun>שפיץ</noun>  <date>(1971),</date>  וכן  <numeral>שני</numeral>  <noun>ספרי</noun>  <noun>סיפורים</noun>  נוספים:  שלוותשוטים  <date>(1974)</date>  <date>וקדחת(1979).</date>  <date>ב-1982</date>  <verb>יצא</verb>  <noun>הרומן</noun>  <numeral>הראשון</numeral>  <properName>פרי</properName>  <verb>עטה</verb>  –גיא  אוני.  <noun>הספר</noun>  <verb>מגולל</verb>  <at-preposition>את</at-preposition>  <noun>סיפור</noun>  חייה  <shel-preposition>של</shel-preposition>  <noun>נערה</noun>  <adjective>עצמאית</adjective>  <participle>הנמלטתמהפוגרומים</participle>  ברוסיה,  <verb>מגיעה</verb>  לישראל  <preposition>עם</preposition>  <noun>העלייה</noun>  <numeral>הראשונה</numeral>  ומתמקמת  בגליל  העליון.  <preposition>בתוך</preposition>  <pronoun>כך</pronoun>  <verb>נפרשים</verb>  <noun>קשיי</noun>  <noun>הקיום</noun>  <shel-preposition>של</shel-preposition>  <noun>המתיישבים</noun>  <noun>הראשונים</noun>  בראש  פינה,  שנקראה  "גיא  אוני".  <adjective>שנתיים</adjective>  <preposition>אחר</preposition>  <pronoun>כך</pronoun>  <verb>פירסמה</verb>  <properName>לפיד</properName>  <at-preposition>את</at-preposition>  ספרה  הבא,כחרס  <participle>הנשבר</participle>  <date>(1984),</date>  סיפורו  <shel-preposition>של</shel-preposition>  <properName>מוזס</properName>  <properName>וילהלם</properName>  שפירא,  <noun>יהודי</noun>  מומר,  <noun>חוקר</noun>  ונוכל,  <noun>אספן</noun>  וזייפן  <punctuation>–</punctuation>  <numeral>אחת</numeral>  <noun>הדמויות</noun>  <adjective>המרתקות</adjective>  בחיי  <properName>ירושלים</properName>  <shel-preposition>של</shel-preposition>  <noun>שלהי</noun>  <numeral>המאה</numeral>  התשע-עשרה,  שניסה  <verb>למכור</verb>  למוזיאון  <adjective>הבריטי</adjective>  <noun>מגילות</noun>  <noun>קלף</noun>  ועליהן  <numeral>עשרת</numeral>  <noun>הדיברות</noun>  שנתגלו,  לטענתו,  במערות  בעבר  הירדן.  באותה  <noun>שנה</noun>  <verb>נבחרה</verb>  <properName>לפיד</properName>  לתפקידיו"ר  <noun>אגודת</noun>  <noun>הסופרים</noun>  העבריים,  ואותו  <verb>מילאה</verb>  <preposition>עד</preposition>  <date>1987.</date>  <date>ב-1987</date>  <verb>הועלה</verb>  <preposition>על</preposition>  בימת  "הקאמרי"  מחזה  <numeral>ראשון</numeral>  <properName>פרי</properName>  עטה:רכוש  <verb>נטוש</verb>  (ראה  <noun>אור</noun>  <date>ב-1991).</date>  
  בשנים  <date>1988-1985</date>  <verb>ראו</verb>  <noun>אור</noun>  <pronoun>כמה</pronoun>  <noun>ספרי</noun>  <noun>ילדים</noun>  <properName>פרי</properName>  עטה:  <noun>נערת</noun>  <noun>החלומות</noun>  <date>(1985);התניןמצרים</date>  <date>(1987);אורח</date>  <date>(1988);עודד</date>  <date>המלוכלך(1988).</date>  <quantifier>עוד</quantifier>  <verb>הוציאה</verb>  <noun>ספר</noun>  שירים:חלון  <date>(1988).שנה</date>  <preposition>אחר</preposition>  <pronoun>כך</pronoun>  <verb>הפתיעה</verb>  בספר  בלשי:  <noun>מקומון</noun>  <date>(1989),שהציג</date>  בפני  <noun>ציבור</noun>  <noun>הקוראים</noun>  <noun>דמות</noun>  <adjective>חדשה</adjective>  ואותנטית  –ליזי  בדיחי,  <noun>כתבת</noun>  במקומון  בבאר  שבע,  <participle>המסתבכת</participle>  בחקירתו  <shel-preposition>של</shel-preposition>  <noun>מקרה</noun>  <noun>רצח</noun>  ובתוך  <pronoun>כך</pronoun>  <participle>חושפת</participle>  <at-preposition>את</at-preposition>  <noun>החיים</noun>  בפריפריה  <shel-preposition>של</shel-preposition>  ישראל.  <date>ב-1990</date>  <verb>ראה</verb>  <noun>אור</noun>  <noun>ספר</noun>  <noun>ילדים</noun>  <adjective>נוסף</adjective>  <verb>שלה:מה</verb>  משמח  <noun>עכבישים</noun>  <date>(1990),</date>  וכן  <verb>עלה</verb>  <preposition>על</preposition>  <noun>הבמות</noun>  מחזה  <adjective>חדש</adjective>  <properName>פרי</properName>  עטה:רחם  פונדקי.  
  <date>ב-1992</date>  <verb>הועלה</verb>  <preposition>על</preposition>  <noun>הבמה</noun>  <noun>המחזה</noun>  <noun>מפעל</noun>  חייו  <properName>פרי</properName>  עטה.  <conjunction>אז</conjunction>  <verb>פירסמה</verb>  <conjunction>גם</conjunction>  <at-preposition>את</at-preposition>  <noun>הספר</noun>  <noun>השני</noun>  בסדרת  <properName>ליזי</properName>  <date>בדיחי,פיתיון(1991),</date>  ואת  <noun>הספר</noun>  <numeral>השלישי</numeral>  באותה  סדרה,התכשיט  <date>(1992).</date>  <noun>הספר</noun>  הרביעי,חול  בעיניים,  <verb>ראה</verb>  <noun>אור</noun>  <date>ב-1997,</date>  <adjective>ולאחריו</adjective>  <noun>ספר</noun>  ילדים,  <noun>השמיכה</noun>  <properName>זהבה</properName>  <date>(1998).</date>  <date>ב-1997</date>  <verb>הוצג</verb>  מחזה  <adjective>נוסף</adjective>  <properName>פרי</properName>  עטה:הפלגות,  <date>וב-2000</date>  <verb>פורסם</verb>  <noun>הספר</noun>  <numeral>החמישי</numeral>  בסדרת  <properName>ליזי</properName>  בדיחי,  <noun>פילגש</noun>  בגבעה,  ובסמוך  <conjunction>לו</conjunction>  <conjunction>גם</conjunction>  <noun>נובלה</noun>  קצרה,הספסל.
  <properName>לפיד</properName>  <verb>הקדישה</verb>  מכישרונה  <adjective>הספרותי</adjective>  לתחום  נוסף,  <noun>כתיבה</noun>  סאטירית.  <noun>ספרהחיבוק</noun>  <date>דב(2002)בוחן</date>  באופן  <adjective>ביקורתי</adjective>  ועוקצני  <at-preposition>את</at-preposition>  <noun>הביצה</noun>  <adjective>הספרותית</adjective>  <shel-preposition>של</shel-preposition>  <properName>תל</properName>  אביב,  <preposition>באמצעות</preposition>  יחסיהם  <shel-preposition>של</shel-preposition>  <noun>משורר</noun>  <adjective>עלום</adjective>  ומעריצה  עיקשת.  <date>ב-2006</date>  <verb>פירסמה</verb>  <properName>לפיד</properName>  <noun>רומן</noun>  <noun>המשךלגיא</noun>  אוני,  <noun>חוות</noun>  העלמות,  ושנה  <preposition>אחר</preposition>  <pronoun>כך</pronoun>  <verb>שבה</verb>  <preposition>אל</preposition>  <noun>סדרת</noun>  <properName>ליזי</properName>  <properName>בדיחי</properName>  <adjective>בספרסוף</adjective>  <noun>עונת</noun>  הלימונים.  <conjunction>לאחר</conjunction>  <verb>מכן</verb>  <verb>הוציאה</verb>  <at-preposition>את</at-preposition>  <noun>הספרים</noun>  <noun>חול</noun>  בעיניים  <date>(2009),ואולי</date>  <negation>לא</negation>  <date>היו(2011)</date>  וטעות  <date>אנוש(2012).</date>  במהלך  <quantifier>כל</quantifier>  <noun>קריירת</noun>  <noun>הכתיבה</noun>  שלה  <verb>עסקה</verb>  <properName>לפיד</properName>  <conjunction>גם</conjunction>  בתרגום,  <adverb>בעיקר</adverb>  <shel-preposition>של</shel-preposition>  <noun>ספרוני</noun>  <noun>ילדים</noun>  מבית  <noun>היוצר</noun>  <shel-preposition>של</shel-preposition>  <properName>וולט</properName>  דיסני.  
  כתיבתה  <shel-preposition>של</shel-preposition>  <properName>שולמית</properName>  לפיד,  לסוגיה  השונים,  <verb>מבטאת</verb>  <noun>מודעות</noun>  ואחריות  <adjective>חברתית</adjective>  <noun>תוך</noun>  <noun>הפניית</noun>  <noun>המבט</noun>  <preposition>אל</preposition>  דמותו  <shel-preposition>של</shel-preposition>  <adjective>האחר</adjective>  בחברה  הישראלית,  <conjunction>או</conjunction>  <preposition>אל</preposition>  <noun>דמויות</noun>  מתקופות  <adjective>שונות</adjective>  שגורלן  <negation>לא</negation>  <verb>שפר</verb>  עליהן:  מהגרים,  <participle>מחוסרי</participle>  עבודה,  <noun>תושבי</noun>  פריפריה,  חלוצות,  <noun>ניצולי</noun>  <noun>שואה</noun>  ותלושים  למיניהם.  <quantifier>כל</quantifier>  יצירותיה,  בכל  <verb>הז'אנריםשבחרה</verb>  לכתוב–  ממחזות  ועד  <noun>ספרי</noun>  <noun>מתח</noun>  <punctuation>–</punctuation>  <verb>מהוות</verb>  <noun>פלטפורמה</noun>  להעברת  <noun>מסרים</noun>  <participle>המבוססים</participle>  <preposition>על</preposition>  <noun>אהבת</noun>  <noun>אדם</noun>  וחמלה  <preposition>על</preposition>  <noun>פי</noun>  <noun>מיטב</noun>  <noun>המסורת</noun>  ההומניסטית.    
  References:  
  הלפרין,  שרה.  "טרגדיה  והירואיקה:  <noun>היסטוריה</noun>  וספרות  ברומנים  <shel-preposition>של</shel-preposition>  <properName>שולמית</properName>  לפיד".נתיב53.  <date>1996.</date>  95-93;  טריגר,  צבי.  "רצח  בברנז'ה".  הארץספרים.  <date>26.12.2007.</date>  8;  מירון,  דן.  "חפותה  <shel-preposition>של</shel-preposition>  <properName>ליזי</properName>  בדיחי".  <noun>סימן</noun>  קריאה20.  <date>1990.</date>  185-166;  נגב,  אילת.  "מי  <noun>רצח</noun>  <at-preposition>את</at-preposition>  <properName>ג'ודי</properName>  ביסמוט".  <noun>שיחות</noun>  אינטימיות.  תלאביב:  <noun>ידיעות</noun>  אחרונות.  <date>1995.</date>  187-195;  פלדמן,  יעל.  "רומן  <adjective>היסטורי</adjective>  <conjunction>או</conjunction>  'אוטוביוגראפיה'  במסכה?–על  'גיא  אוני'  ובני  מינו  בסיפורת  העכשווית".  <noun>סימן</noun>  קריאה19.  <date>1986.</date>  213-208.  
 
		</body>
	</text>
</TEI>