<?xml version="1.0" encoding="UTF-8"?>
<?xml-model href="http://www.tei-c.org/release/xml/tei/custom/schema/relaxng/tei_all.rng" type="application/xml" schematypens="http://relaxng.org/ns/structure/1.0"?>
<?xml-model href="http://www.tei-c.org/release/xml/tei/custom/schema/relaxng/tei_all.rng" type="application/xml"
	schematypens="http://purl.oclc.org/dsdl/schematron"?>
<TEI xmlns="http://www.tei-c.org/ns/1.0">
   <teiHeader>
      <fileDesc>
         <publicationStmt>
            <p>Publication Information</p>
         </publicationStmt>
         <sourceDesc>
            <p>Information about the source</p>
         </sourceDesc>
      </fileDesc>
   </teiHeader>
   <text>
      <body>
 Name:  מגד,  אהרן
  <foreign>Birth</foreign>  Year:  <date>1920
</date>  <foreign>Birth</foreign>  Place:  וולוצלאבק,  פולין
  Occupation:  סופר,  <noun>מחזאי</noun>  ומסאי
  <foreign>Entry</foreign>  writer:  <properName>נורית</properName>  גוברין
  <foreign>Entry</foreign>  Value:  
  <noun>נולד</noun>  בוולוצלאבק,  פולין.  <date>ב-1926</date>  <verb>עלה</verb>  <adverb>ארצה</adverb>  <preposition>עם</preposition>  הוריו,  שהתיישבו  ברעננה,  <adverb>שם</adverb>  <verb>עסק</verb>  אביו  בהוראה.  <noun>שפת</noun>  <noun>הדיבור</noun>  בבית  <copula>היתה</copula>  עברית.  <verb>למד</verb>  בגימנסיה  "הרצליה"  בתלאביב,  <copula>היה</copula>  בהכשרה  בקיבוץ  <properName>גבעתברנר</properName>  כחבר  "המחנות  העולים"  <date>(1938-1937)</date>  וחבר  <noun>קיבוץ</noun>  <noun>שדות</noun>  <noun>ים</noun>  <preposition>במשך</preposition>  שתים-עשרה  <noun>שנים</noun>  <date>(1950-1939).</date>  בתקופה  <pronoun>זו</pronoun>  <verb>עבד</verb>  בנמל  <properName>חיפה</properName>  בסבָּלוּת  ובסוורוּת.  סיפורו  הראשון,"מטען  <shel-preposition>של</shel-preposition>  שוורים",  <participle>מהווי</participle>  הנמל,  <verb>נכתב</verb>  <preposition>על</preposition>  <noun>רקע</noun>  <noun>התקופה</noun>  ומאבקיה  <date>(1939)</date>  ופורסם  במבפנים  באביב  <date>1940.</date>  בקיבוץ  <pronoun>עצמו</pronoun>  <verb>עבד</verb>  בדיג  ובחקלאות  והכיר  <adverb>מקרוב</adverb>  <at-preposition>את</at-preposition>  <properName>חנה</properName>  סנש,  שעליה  <verb>כתב</verb>  <noun>מחזה</noun>  <date>(1958).</date>  בשנים  <date>1948-1946</date>  <copula>היה</copula>  בשליחות  "החלוץ  הצעיר"  בארצות  <properName>הברית</properName>  ובקנדה,  וכשחזר  <verb>התגייס</verb>  לצה"ל.
  <date>מ-1950</date>  <verb>חי</verb>  בתל  אביב.  ממייסדי  <noun>משא</noun>  ועורכו  <preposition>במשך</preposition>  חמש-עשרה  שנה.  בשנים  <date>1971-1969</date>  <verb>כיהן</verb>  כנספח  <noun>תרבות</noun>  בשגרירות  <properName>ישראל</properName>  בלונדון.  <date>ב-1971</date>  <verb>הצטרף</verb>  למערכת  דבר,  <adverb>תחילה</adverb>  כעורך  ספרותי  <properName>ולאחרמכן</properName>  כבעל  <noun>טור</noun>  קבוע,  <preposition>עד</preposition>  פרישתו  <date>ב-1985.</date>  <verb>כיהן</verb>  כנשיא  <noun>פא"ן</noun>  <adjective>הישראלי</adjective>  <date>(1987-1980)</date>  וכחבר  <noun>האקדמיה</noun>  ללשון  העברית.  <verb>שימש</verb>  סופר-אורח  ומרצה  באוניברסיטאות  בעולם.  <adjective>נשוי</adjective>  לסופרת  <verb>אידה</verb>  צורית.  ילדיהם  <possessive>הם</possessive>  <noun>הסופר</noun>  <properName>איל</properName>  <noun>מגד</noun>  וההיסטוריון  <title>ד"ר</title>  <properName>עמוס</properName>  מגד.  אחיו  <pronoun>הוא</pronoun>  <noun>הסופר</noun>  <adverb>מתי</adverb>  מגד.  
  ספרו  <numeral>הראשון</numeral>  לילדים  <pronoun>הוא</pronoun>  <preposition>אל</preposition>  <noun>הילדים</noun>  בתימן  (ניו  יורק,  <date>1946),</date>  והראשון  למבוגרים:  <noun>רוח</noun>  <noun>ימים</noun>  (הקיבוץ  המאוחד,  <date>1950).</date>  <preposition>במשך</preposition>  <numeral>עשרות</numeral>  <noun>שנות</noun>  פעילותו  <adjective>הספרותית</adjective>  <verb>פירסם</verb>  כארבעים  ספרים,  רובם  <adjective>רומנים</adjective>  וסיפורים  וחלקם  <noun>ספרי</noun>  ילדים,  מסות,  <noun>מאמרים</noun>  ומחזות.  מחזותיו  <verb>הוצגו</verb>  ב"הבימה",  ב"אהל"  ובתיאטרונים  אחרים.  ספריו  <verb>תורגמו</verb>  ללשונות  רבות.  <adjective>רבים</adjective>  מסיפוריו  <verb>פורסמו</verb>  <noun>באנתולוגיות</noun>  ברחבי  העולם.  <properName>פרס</properName>  <properName>אוסישקין</properName>  <preposition>על</preposition>  <properName>חדוה</properName>  ואני  <date>(1955)</date>  <copula>היה</copula>  <numeral>הראשון</numeral>  שזכה  בו.  <adverb>מאז</adverb>  <verb>הוענקו</verb>  <conjunction>לו</conjunction>  <noun>פרסים</noun>  רבים,  בהם:  <properName>פרס</properName>  <properName>ברנר</properName>  <date>(1957),</date>  <properName>פרס</properName>  <properName>ביאליק</properName>  <date>(1974),</date>  <properName>פרס</properName>  <properName>עגנון</properName>  <date>(1996),</date>  <properName>פרס</properName>  <noun>הנשיא</noun>  <date>(2001),</date>  <properName>פרס</properName>  <properName>ישראל</properName>  <date>(2003)</date>  ופרסים  ברחבי  העולם.  
  כסופר  <adjective>מעורב</adjective>  בענייני  <noun>חברה</noun>  ופוליטיקה  <verb>כתב</verb>  <quantifier>כל</quantifier>  ימיו  <noun>מסות</noun>  ומאמרים  בעיתונות  <adjective>היומית</adjective>  ובכתבי  <noun>העת</noun>  לספרות.  בדבריו  <verb>נתן</verb>  <noun>ביטוי</noun>  <adjective>ישיר</adjective>  ואמיץ  לעמדותיו,  ולא  <adverb>פעם</adverb>  <verb>זכה</verb>  לביקורת  <verb>זועמת</verb>  מימין  ומשמאל.  <pronoun>הוא</pronoun>  <verb>הקפיד</verb>  <verb>להפריד</verb>  <preposition>בין</preposition>  דעותיו  <adjective>הפוליטיות</adjective>  <preposition>לבין</preposition>  <noun>גיבורי</noun>  יצירותיו  הבדויים,  וטען  שכל  <numeral>אחד</numeral>  מהם  <copula>אינו</copula>  <verb>מייצג</verb>  <noun>דור</noun>  <conjunction>או</conjunction>  <noun>מציאות</noun>  <adjective>חברתית</adjective>  <conjunction>אלא</conjunction>  <at-preposition>את</at-preposition>  <pronoun>עצמו</pronoun>  ואת  חייו.  יצירתו  <adjective>נטועה</adjective>  בביוגרפיה  שלו  ומייצגת  <at-preposition>את</at-preposition>  <noun>השקפת</noun>  עולמו,  ובה  בשעה  <pronoun>היא</pronoun>  <verb>מציינת</verb>  <conjunction>גם</conjunction>  <at-preposition>את</at-preposition>  <noun>התמורות</noun>  שחלו  במציאות  <adjective>הישראלית</adjective>  בשישים  <noun>השנה</noun>  האחרונות.  במרכזה  <verb>עומדת</verb>  דמותו  <shel-preposition>של</shel-preposition>  האנטי-גיבור,  <participle>החש</participle>  <pronoun>עצמו</pronoun>  כמי  ש"אינו  שַייך",  ועם  <pronoun>זאת</pronoun>  <pronoun>הוא</pronoun>  <verb>כמֵה</verb>  <copula>להיות</copula>  "שַייך".  
  יצירתו  <verb>צעדה</verb>  בכמה  מסלולים,  שבראשם  <noun>המסלול</noun>  הריאליסטי,  ומיעוטה  במסלול  הסמלני.  כתיבתו  <adjective>הריאליסטית</adjective>  <verb>מתאפיינת</verb>  בעלילה  מרתקת,  בהעמקה  <adjective>פסיכולוגית</adjective>  ובשילוב  <shel-preposition>של</shel-preposition>  <noun>בעיות</noun>  <adjective>היחיד</adjective>  <preposition>עם</preposition>  <noun>אלה</noun>  <shel-preposition>של</shel-preposition>  <noun>החברה</noun>  <adverb>בכלל</adverb>  והיהודית  והישראלית  בפרט.  <noun>הטכניקות</noun>  <adjective>המורכבות</adjective>  <shel-preposition>של</shel-preposition>  דמותהמספר  <verb>מתאפיינות</verb>  בזוויות  <noun>ראייה</noun>  <shel-preposition>של</shel-preposition>  <noun>מספרים</noun>  <wPrefix>בלתי</wPrefix>  שגרתיים,  <noun>סיפור</noun>  <preposition>בתוך</preposition>  סיפור,  <noun>רומן</noun>  מכתבים,  וידויים,  <noun>קטעי</noun>  יומנים,  ובשילוביהן  המגוונים.  גיבוריו  <verb>נאבקים</verb>  לתיקונן  <shel-preposition>של</shel-preposition>  <noun>עוולות</noun>  <adjective>ממשיות</adjective>  ומדומות  שאירעו  להם,  <conjunction>למשל</conjunction>  בספריו  <properName>היינץ</properName>  ובנו  והרוח  <adjective>הרעה</adjective>  <date>(1977),</date>  <noun>עוול</noun>  <date>(1996)</date>  ונקמת  <properName>יותם</properName>  <date>(2003).</date>  יצירותיו  <verb>משקפות</verb>  ברגישות  <at-preposition>את</at-preposition>  <noun>בעיות</noun>  זמנן.  <quantifier>כמה</quantifier>  מהן  <conjunction>אף</conjunction>  <verb>הקדימו</verb>  <at-preposition>את</at-preposition>  זמנן  ושיקפו  <at-preposition>את</at-preposition>  <interrogative>מה</interrogative>  שעתיד  <verb>לעלות</verb>  <preposition>על</preposition>  <noun>סדר</noun>  <noun>היום</noun>  הציבורי.  
  <numeral>שני</numeral>  <participle>קובצי</participle>  סיפוריו  הראשונים,  <noun>רוח</noun>  <noun>ימים</noun>  (הקיבוץ  המאוחד,  <date>1950)</date>  וישראל  <noun>חברים</noun>  <date>(1956),</date>  <verb>נכתבו</verb>  <adverb>בעיקר</adverb>  <preposition>על</preposition>  <noun>רקע</noun>  <noun>החיים</noun>  בקיבוץ.  <possessive>הם</possessive>  <verb>מעצבים</verb>  <at-preposition>את</at-preposition>  <noun>המתחים</noun>  <preposition>בין</preposition>  <adjective>היחיד</adjective>  <adjective>הנידח</adjective>  והשולי  <preposition>לבין</preposition>  <noun>עריצות</noun>  החברה;  <preposition>בין</preposition>  <noun>ילידי</noun>  <noun>הארץ</noun>  למי  שלא  <verb>נולדו</verb>  בה;  <preposition>בין</preposition>  <noun>עולם</noun>  <noun>הקיבוץ</noun>  לעולם  שמחוצה  לו.  <noun>הרומן</noun>  <properName>חדוה</properName>  ואני  <date>(1954),</date>  שעוּבּד  לתיאטרון  ולקולנוע,  <verb>פירסם</verb>  <at-preposition>את</at-preposition>  שמו  ברבים  כמי  שנתן  <noun>ביטוי</noun>  נוקב,  <preposition>על</preposition>  <noun>דרך</noun>  ההומור,  <noun>האירוניה</noun>  והסאטירה,  למעבר  מהקיבוץ  <preposition>אל</preposition>  העיר,  לאכזבה  בדרך  מיישוב  למדינה,  להווי  <adjective>החדש</adjective>  והנהנתני  ולקלקלות  <adjective>החברתיות</adjective>  שבעקבותיהם.  <noun>המשך</noun>  לביקורת  <pronoun>זו</pronoun>  <verb>נמצא</verb>  במקרה  <noun>הכסיל</noun>  <date>(1960)</date>  <preposition>על</preposition>  <noun>דרך</noun>  האלגוריה,  ובעקבותיו  במסעות  <noun>סיפורי</noun>  <noun>הבריחה</noun>  <date>(1962).</date>  <noun>הגיבור</noun>  בסיפורים  <noun>אלה</noun>  <verb>מנסה</verb>  <verb>לנסוע</verb>  <adjective>רחוק</adjective>  ככל  <noun>האפשר</noun>  במקום  ואף  בזמן,  ומגלה  שהדבר  <wPrefix>בלתי</wPrefix>  אפשרי,  וכי  זהותו  <adjective>היהודית</adjective>  <verb>מתחזקת</verb>  <adverb>דווקא</adverb>  במרחקים.
  <noun>דמויות</noun>  <noun>הנשים</noun>  ביצירותיו  <possessive>הן</possessive>  <negation>לא</negation>  <adverb>פעם</adverb>  <noun>הקורבן</noun>  <adjective>העיקרי</adjective>  בשולי  "הסיפור  הגדול",  <preposition>כגון</preposition>  בהחי  <preposition>על</preposition>  <noun>המת</noun>  <date>(1965);</date>  <conjunction>או</conjunction>  שהן  <verb>עומדות</verb>  במרכז  העלילה,  <conjunction>למשל</conjunction>  ביום  <noun>האור</noun>  <shel-preposition>של</shel-preposition>  <properName>ענת</properName>  <date>(1992),געגועים</date>  לאולגה  <date>(1994),דודאים</date>  <preposition>מן</preposition>  <noun>הארץ</noun>  <adjective>הקדושה</adjective>  <date>(1998)</date>  <properName>ופרספונה</properName>  <verb>זוכרת</verb>  <date>(2000).</date>    
  <noun>הרומן</noun>  <adjective>החי</adjective>  <preposition>על</preposition>  <noun>המת</noun>  <date>(1965)</date>  <pronoun>הוא</pronoun>  <noun>ספר</noun>  <noun>מפתח</noun>  ביצירתו.  <existential>יש</existential>  בו  <noun>שילוב</noun>  <shel-preposition>של</shel-preposition>  <noun>המתח</noun>  <preposition>בין</preposition>  <noun>העולם</noun>  <adjective>החברתי</adjective>  והספרותי  ה"ישן"  <preposition>לבין</preposition>  ה"חדש",  <preposition>באמצעות</preposition>  <noun>התמודדות</noun>  <preposition>בין</preposition>  תדמיתו  <adjective>ההרואית</adjective>  <shel-preposition>של</shel-preposition>  <properName>גיבור</properName>  <noun>הדור</noun>  <adjective>הקודם</adjective>  <preposition>לבין</preposition>  דמותו  רבת-הפגמים  במציאות.  <adverb>אולי</adverb>  <adverb>לראשונה</adverb>  <existential>יש</existential>  <adverb>כאן</adverb>  <noun>העזה</noun>  <verb>למתוח</verb>  <noun>ביקורת</noun>  <preposition>על</preposition>  <noun>מוסכמות</noun>  <noun>העבר</noun>  ולבדוק  <at-preposition>את</at-preposition>  תוקפן  מחדש,  <noun>בד</noun>  בבד  <preposition>עם</preposition>  <noun>ביקורת</noun>  <preposition>על</preposition>  <noun>קלקלות</noun>  ההווה.  <noun>המשך</noun>  לספר  זה,  <participle>העוסק</participle>  בנושא  <noun>החיים</noun>  הספרותיים,  <verb>נמצא</verb>  ביצירותיהם  <shel-preposition>של</shel-preposition>  <noun>סופרים</noun>  שבאו  אחריו,  <adverb>בעיקר</adverb>  בשאלת  <noun>היחס</noun>  <preposition>בין</preposition>  <noun>המציאות</noun>  לספרות.  לנושאים  אלה,  <conjunction>כמו</conjunction>  <conjunction>גם</conjunction>  לקודמיהם  (מסעות  הבריחה),  <existential>יש</existential>  המשך,  בדרכים  <verb>שונות</verb>  ומגוונות,  בספרים  <adjective>רבים</adjective>  <shel-preposition>של</shel-preposition>  מגד,  בהם  <noun>החיים</noun>  <noun>הקצרים</noun>  <date>(1972),מחברות</date>  <properName>אביתר</properName>  <date>(1973),</date>  <noun>הגמל</noun>  <participle>המעופף</participle>  ודבשת  <noun>הזהב</noun>  <date>(1982),עוול(1996),ירחי</date>  <noun>הדבש</noun>  <shel-preposition>של</shel-preposition>  <title>פרופסור</title>  לונץ  <date>(2004).</date>  <preposition>בין</preposition>  <quantifier>השאר</quantifier>  <existential>יש</existential>  בהם  <noun>ביקורת</noun>  לעגנית  <preposition>על</preposition>  <noun>האינטלקטואלים</noun>  בעיני  עצמם  <adverb>בכלל</adverb>  ועל  מבקרי  <noun>הספרות</noun>  בפרט.  <adverb>בנוסף</adverb>  למתח  <adjective>הקבוע</adjective>  שבין  <noun>הסופר</noun>  למבקר,  <existential>יש</existential>  בהם  <noun>הד</noun>  לעלבונם  <shel-preposition>של</shel-preposition>  <noun>מגד</noun>  ובני  דורו  מהמבקרים  ה"חדשים"  שפגעו  בהם.זבובים  <date>(2008)</date>  <verb>נכתב</verb>  <preposition>על</preposition>  <noun>רקע</noun>  <noun>שנות</noun>  <numeral>השישים</numeral>  <shel-preposition>של</shel-preposition>  <numeral>המאה</numeral>  העשרים.  במרכזו  <noun>הגיבור</noun>  ה"סורר",  <adjective>סרבן</adjective>  <noun>ההשתלבות</noun>  בחברה,  <participle>המבקש</participle>  <verb>להפיק</verb>  <noun>אנרגיה</noun>  מזבובים.  <noun>הרומן</noun>  <verb>ממשיך</verb>  <at-preposition>את</at-preposition>  <noun>הטון</noun>  <participle>המשלב</participle>  <noun>אירוניה</noun>  והזדהות,  <noun>הומור</noun>  וביקורת.  
  יחסו  <participle>המיוחד</participle>  <shel-preposition>של</shel-preposition>  <noun>מגד</noun>  לגולה  <verb>בא</verb>  לידי  <noun>ביטוי</noun>  ברבות  מיצירותיו,  <verb>החל</verb>  באחד  מסיפוריו  הראשונים,"יָד  וָשם"  <date>(1955),</date>  שפתח  <at-preposition>את</at-preposition>  <noun>הוויכוח</noun>  בנושא  <noun>הטעון</noun>  <shel-preposition>של</shel-preposition>  <noun>זיכרון</noun>  ושִכחה  והיחס  <verb>לעבר</verb>  ולניצולי  השואה,  ועד  לרומן  <properName>פויגלמן</properName>  <date>(1987),</date>  שגם  <noun>עוּבּד</noun>  למחזה,  <verb>תורגם</verb>  ליידיש  והוצג  בתיאטרון  <properName>יידיש</properName>  <date>(1991).</date>  ברומן  <pronoun>זה</pronoun>  <verb>בודק</verb>  הסופר,  כסופרים  <adjective>אחרים</adjective>  <noun>בני</noun>  דורו,  <at-preposition>את</at-preposition>  <verb>יחסה</verb>  <shel-preposition>של</shel-preposition>  <noun>ההוויה</noun>  <adjective>הישראלית</adjective>  למורשת  היהודית,  <conjunction>כדי</conjunction>  <verb>לחזור</verb>  ולחבר  ביניהן.  <existential>יש</existential>  ברומן  <pronoun>זה</pronoun>  <noun>שיבה</noun>  לזהות  <adjective>היהודית</adjective>  <preposition>באמצעות</preposition>  ניסיונו  <shel-preposition>של</shel-preposition>  <noun>המשורר</noun>  <adjective>היידי</adjective>  <noun>ניצול</noun>  השואה,  <numeral>אחד</numeral>  מחבורת  <noun>סופרי</noun>  יידיש,  נציגו  <shel-preposition>של</shel-preposition>  <noun>העם</noun>  <adjective>היהודי</adjective>  לדורותיו,  <verb>להיקלט</verb>  בארץ  וליצור  <noun>קשר</noun>  <preposition>עם</preposition>  <noun>הפרופסור</noun>  <adjective>הישראלי</adjective>  להיסטוריה  יהודית.  <verb>נוסף</verb>  לאלה  ולאחרים,  <modal>אפשר</modal>  <verb>להזכיר</verb>  בהקשר  <pronoun>זה</pronoun>  <conjunction>גם</conjunction>  <at-preposition>את</at-preposition>  <noun>הספר</noun>  <adjective>התיעודי</adjective>  <noun>מסע</noun>  <noun>הילדים</noun>  <preposition>אל</preposition>  <noun>הארץ</noun>  המובטחת,  <noun>פרשת</noun>  <noun>ילדי</noun>  סלבינו,  שהוא  סיפורם  <shel-preposition>של</shel-preposition>  <noun>ילדים</noun>  <noun>ניצולי</noun>  <noun>שואה</noun>  <date>(1984).
</date>  <noun>העלילה</noun>  <participle>המרתקת</participle>  <adjective>דרמטית</adjective>  ברבים  מספריו  <verb>גובלת</verb>  <negation>לא</negation>  <adverb>פעם</adverb>  בעלילה  בלשית,  <conjunction>למשל</conjunction>  בהעטלף  <date>(1975)</date>  ובנקמת  <properName>יותם</properName>  <date>(2003).</date>  <preposition>בין</preposition>  <noun>הספרים</noun>  שבהם  <verb>נתן</verb>  <noun>ביטוי</noun>  לעצבים  <participle>החשופים</participle>  <shel-preposition>של</shel-preposition>  <noun>החברה</noun>  הישראלית,  ושהיה  לנושאיהם  <noun>המשך</noun>  בספריהם  <shel-preposition>של</shel-preposition>  <noun>אלה</noun>  שבאו  אחריו,  <noun>הרומן</noun>  <noun>מסע</noun>  באב  <date>(1980),</date>  שנכתב  <preposition>על</preposition>  <noun>רקע</noun>  <noun>שיחות</noun>  קמפ-דיוויד.  במרכז  <noun>הרומן</noun>  <properName>אב</properName>  <participle>המחפש</participle>  <at-preposition>את</at-preposition>  בנו  שנעלם,  <conjunction>לאחר</conjunction>  שבנו  <noun>הבכור</noun>  <verb>נפל</verb>  בסיני  במלחמת  <noun>יום</noun>  הכיפורים.  <pronoun>הוא</pronoun>  <verb>מיטלטל</verb>  <preposition>בין</preposition>  שניהם  ומשחזר  <at-preposition>את</at-preposition>  עברו.  <date>ב-2010</date>  <verb>ראה</verb>  <noun>אור</noun>  <noun>הרומן</noun>  <properName>עשרת</properName>  <noun>הימים</noun>  הנוראים,  <date>וב-2011</date>  <verb>הופיע</verb>  <noun>קובץ</noun>  <noun>המאמרים</noun>  <noun>ארץ</noun>  אבנים:  בשבילי  <noun>הזמן</noun>  הישראלי.
  References:  
  אורן,  יוסף.  "הצבר  <verb>חוזר</verb>  <preposition>אל</preposition>  <noun>הזהות</noun>  היהודית".  <noun>ציונות</noun>  וצבריות  ברומאן  הישראלי.  <numeral>ראשון</numeral>  לציון:  יחד.  <date>1990.</date>  118-125;  ---.  "החי  <preposition>על</preposition>  המת".  <noun>זהויות</noun>  בסיפורת  הישראלית.  <numeral>ראשון</numeral>  לציון:  יחד.  <date>1994.</date>  82-91;  בצלאל,  יצחק.  "מולדת  הסופר".  <quantifier>הכל</quantifier>  <adjective>כתוב</adjective>  בספר:  <preposition>עם</preposition>  <noun>סופרים</noun>  בישראל  כיום.  <properName>תל</properName>  אביב:  הקיבוץהמאוחד.  <date>1969.</date>  192-200;  ברזל,  הלל.  "מבוא  לסיפורי  <properName>אהרן</properName>  מגד".  <numeral>שבעה</numeral>  מספרים.  ירושלים:  <noun>משרד</noun>  <noun>החינוך</noun>  והתרבות.  <date>1973.</date>  111-121;  גוברין,  נורית.אהרן  מגד:חסד  <noun>החיים</noun>  –דיוקנו  <shel-preposition>של</shel-preposition>  בן-הארץ  כסופר  עברי.  ירושלים:  כרמל.  <date>2011;</date>  הולצמן,  אבנר.  <noun>מפת</noun>  דרכים:  <noun>סיפורת</noun>  <adjective>עברית</adjective>  כיום.  <properName>תל</properName>  אביב:  <noun>הקיבוץ</noun>  המאוחד.  <date>2005;</date>  כהן,  ישראל.  <noun>פרקי</noun>  <properName>אהרן</properName>  מגד.  <properName>תל</properName>  אביב:  עקד.  <date>1976;</date>  מיכלי,  <properName>בנימין</properName>  יצחק.  "אהרן  מגד".  <properName>פרי</properName>  הארץ,  <noun>הוויות</noun>  ויוצרים  בספרותנו  הצעירה.  <properName>תל</properName>  אביב:  <noun>אגודת</noun>  <noun>הסופרים</noun>  בישראל  <preposition>ליד</preposition>  מסדה.  <date>1966.</date>  165-187;  פורת,  צפירה.  "הכסיל  והזר".  הארץ.  <date>12.2.1960;</date>  שקד,  גרשון.  "החכם  <preposition>על</preposition>  <noun>הכסיל</noun>  (אהרן  מגד)".  <noun>הסיפורת</noun>  <adjective>העברית</adjective>  <date>1980-1880</date>  ד'.  <properName>תל</properName>  אביב:  <noun>הקיבוץ</noun>  המאוחד.  <date>1993.</date>  290-316.  
 
		</body>
	</text>
</TEI>