<?xml version="1.0" encoding="UTF-8"?>
<?xml-model href="http://www.tei-c.org/release/xml/tei/custom/schema/relaxng/tei_all.rng" type="application/xml" schematypens="http://relaxng.org/ns/structure/1.0"?>
<?xml-model href="http://www.tei-c.org/release/xml/tei/custom/schema/relaxng/tei_all.rng" type="application/xml"
	schematypens="http://purl.oclc.org/dsdl/schematron"?>
<TEI xmlns="http://www.tei-c.org/ns/1.0">
   <teiHeader>
      <fileDesc>
         <publicationStmt>
            <p>Publication Information</p>
         </publicationStmt>
         <sourceDesc>
            <p>Information about the source</p>
         </sourceDesc>
      </fileDesc>
   </teiHeader>
   <text>
      <body>
 Name:  מגד,  איל
  <foreign>Birth</foreign>  Year:  <date>1948
</date>  <foreign>Birth</foreign>  Place:  <properName>ניויורק</properName>  וגדל  בתלאביב
  Occupation:  סופר,  <noun>משורר</noun>  ומתרגם
  <foreign>Entry</foreign>  writer:  <properName>יובל</properName>  פז
  <foreign>Entry</foreign>  Value:  
  <verb>נולד</verb>  <properName>בניויורק</properName>  וגדל  בתלאביב.  <verb>למד</verb>  בבית  <noun>חינוך</noun>  <preposition>ע"ש</preposition>  <properName>א"ד</properName>  <properName>גורדון</properName>  וב"תיכון  חדש".  <preposition>עם</preposition>  <noun>סיום</noun>  לימודיו  <date>(1966)</date>  <verb>התגייס</verb>  ושירת  ככתב  <adjective>צבאי</adjective>  ב"גלי  צה"ל".  <conjunction>לאחר</conjunction>  <noun>השחרור</noun>  <verb>למד</verb>  <noun>פילוסופיה</noun>  ותולדות  <noun>האמנות</noun>  לתואר  <numeral>ראשון</numeral>  באוניברסיטת  תלאביב.  בשנים  <date>1988-1972</date>  <verb>עבד</verb>  כעיתונאי  בדבר  ובעל  <noun>המשמר</noun>  ופירסם  <noun>מאמרים</noun>  בענייני  <noun>ספרות</noun>  וספורט  בעיתונים  <noun>ידיעות</noun>  אחרונות,  מעריב,  הארץ,  <verb>כותרתראשית</verb>  ומקור  ראשון.  <adjective>נשוי</adjective>  לסופרת  <adjective>צרויה</adjective>  שלו.  <verb>מתגורר</verb>  בירושלים.
  פרסומו  <numeral>הראשון</numeral>  <copula>היה</copula>  <noun>השיר</noun>  "חיפה"  במשמר  לילדים  <date>(1958).</date>  שיריו  <noun>הראשונים</noun>  <verb>קובצו</verb>  בספר  <properName>הביכוריםפארק</properName>  <properName>עדן</properName>  (עקד,  <date>1972),</date>  <participle>המשרטט</participle>  <at-preposition>את</at-preposition>  <noun>התחושה</noun>  <adjective>העגמומית</adjective>  שמקורה  בהבנה  שאת  <participle>הנעשה</participle>  <negation>אין</negation>  להשיב.  <pronoun>זהו</pronoun>  <noun>תיעוד</noun>  <shel-preposition>של</shel-preposition>  <noun>רגעי</noun>  <noun>היטלטלות</noun>  <preposition>בין</preposition>  <noun>המציאות</noun>  <preposition>לבין</preposition>  החלום,  <participle>המתגלה</participle>  כמפלט  <shel-preposition>של</shel-preposition>  חסד.
  בספרו  בחזרה  לאושר  <date>(1989)</date>  <verb>מוזמן</verb>  <noun>הקורא</noun>  לטיול  במחוזות  <noun>האושר</noun>  <shel-preposition>של</shel-preposition>  <noun>עולמות</noun>  קסומים.  <noun>שירי</noun>  <noun>הקובץ</noun>  <verb>ממזגים</verb>  <noun>מראות</noun>  ממשיים,  <participle>השאובים</participle>  מזיכרונות  <noun>ילדות</noun>  ומקריאת  ספרים,  <preposition>עם</preposition>  <noun>תמונות</noun>  <adjective>צבעוניות</adjective>  שמקורן  בדמיון  ובחלומות.
  <verb>ספרו</verb>  <properName>קְרַפָּה</properName>  <date>(1990)</date>  <pronoun>הוא</pronoun>  <adverb>למעשה</adverb>  <noun>פואמה</noun>  <participle>העוקבת</participle>  <preposition>אחר</preposition>  <noun>מסע</noun>  אודיסיאי,  <adjective>נפשי</adjective>  וגיאוגרפי,  <shel-preposition>של</shel-preposition>  <noun>המשורר</noun>  <preposition>אל</preposition>  עצמו.  <adjective>דומה</adjective>  <conjunction>כי</conjunction>  <conjunction>רק</conjunction>  <noun>התרחקות</noun>  מביתו  <verb>מאפשרת</verb>  <conjunction>לו</conjunction>  <verb>לגלות</verb>  <at-preposition>את</at-preposition>  <participle>צפונות</participle>  נפשו.  באחוזה  <adjective>נידחת</adjective>  באירלנד  <pronoun>הוא</pronoun>  <noun>מיישיר</noun>  <noun>מבט</noun>  <preposition>אל</preposition>  חולשותיו,  <verb>מעניש</verb>  <at-preposition>את</at-preposition>  <pronoun>עצמו</pronoun>  <preposition>על</preposition>  מחדליו:  "סידרתי  לי  <noun>ריצוי</noun>  <noun>תקופה</noun>  בארץ  גזרה".  בלשון  <adjective>פרוזאית</adjective>  <verb>מוצעת</verb>  <adverb>כאן</adverb>  <noun>התעמקות</noun>  <preposition>מתוך</preposition>  <noun>בשלות</noun>  והשלמה,  <participle>המובילה</participle>  להתוודעות  מפוכחת:  "אבל  במציאות  הנוכחית,  כשהזמן  <verb>מחולק</verb>  לטבלות  ייאוש,  <negation>לא</negation>  <verb>תועיל</verb>  <noun>הכאה</noun>  <preposition>על</preposition>  חטא,  <conjunction>או</conjunction>  חרטה".  <noun>נקודת</noun>  <noun>האור</noun>  <adjective>היחידה</adjective>  <adverb>כמעט</adverb>  <copula>היא</copula>  בהשראה  <participle>המאפשרת</participle>  <noun>יצירה</noun>  <punctuation>–</punctuation>  <noun>ההתחברות</noun>  <adjective>החופשית</adjective>  לטבע,  שאותה  <modal>אפשר</modal>  <verb>להשיג</verb>  <preposition>מתוך</preposition>  <noun>התבוננות</noun>  בקרפה,  הכלב.
  <noun>ספר</noun>  <noun>הפרוזה</noun>  <numeral>הראשון</numeral>  שכתב  <pronoun>הוא</pronoun>  <properName>ברברוסה</properName>  (כתר,  "צד  התפר",  <date>1993),</date>  <noun>רומן</noun>  בשני  קולות:  <noun>גבר</noun>  ואישה  <verb>מנסים</verb>  <verb>לשחזר</verb>  <noun>סיפור</noun>  אהבה,  כשברקע  <numeral>שתיים</numeral>  מהרפתקאות  <noun>המלחמה</noun>  <adjective>השאפתניות</adjective>  <adverb>ביותר</adverb>  בהיסטוריה:  ניסיונו  <shel-preposition>של</shel-preposition>  <properName>היטלר</properName>  <verb>לכבוש</verb>  <at-preposition>את</at-preposition>  <properName>רוסיה</properName>  ומסע  <noun>הצלב</noun>  <shel-preposition>של</shel-preposition>  <properName>פרידריך</properName>  <properName>ברברוסה</properName>  לכיבוש  ירושלים.  במרכז  <noun>הספר</noun>  <verb>נדון</verb>  <noun>הקשר</noun>  <adjective>הטעון</adjective>  <preposition>בין</preposition>  <noun>אהבה</noun>  למלחמה.  <noun>הרומן</noun>  <noun>חסד</noun>  נעורייך  <date>(1999,</date>  <verb>תורגם</verb>  <conjunction>גם</conjunction>  לגרמנית  <date>ב-2005)</date>  <verb>מתאר</verb>  <noun>מהפך</noun>  בחיי  <noun>מורה</noun>  מרדן,  <participle>המסיים</participle>  <noun>פרשה</noun>  <adjective>ארוכה</adjective>  <shel-preposition>של</shel-preposition>  <noun>נישואים</noun>  אומללים,  <verb>נכנס</verb>  <verb>לקשררומנטי</verb>  <preposition>עם</preposition>  <noun>תלמידה</noun>  ובורח  איתה  לאי  אקזוטי.  <conjunction>אלא</conjunction>  ששם,  <adverb>הרחק</adverb>  מהעולם  המוכר,  <verb>מתנגשות</verb>  <participle>זובזו</participle>  <noun>הציפיות</noun>  <shel-preposition>של</shel-preposition>  <noun>הגבר</noun>  <adjective>המבוגר</adjective>  והספקן  ואלה  <shel-preposition>של</shel-preposition>  <noun>הנערה</noun>  <adjective>הנועזת</adjective>  ותאבת  החיים.  <adverb>שם</adverb>  <properName>אמנםהיצרים</properName>  משתחררים,  <conjunction>אך</conjunction>  <adverb>קשה</adverb>  <verb>להבדיל</verb>  <preposition>בין</preposition>  <noun>יצר</noun>  <noun>המין</noun>  ליצר  ההרס,  <preposition>בין</preposition>  <noun>פחדים</noun>  <preposition>מן</preposition>  <noun>העתיד</noun>  לזיכרונות  העבר,  <preposition>בין</preposition>  <noun>סכנה</noun>  <participle>העולה</participle>  <adverb>מבפנים</adverb>  לזו  <participle>האורבת</participle>  בחוץ.  במרכז  <verb>ספרו</verb>  <noun>חיי</noun>  <noun>עולם</noun>  <date>(2001)</date>  <verb>ניצבת</verb>  דמותו  <shel-preposition>של</shel-preposition>  <noun>מהנדס</noun>  <noun>תשתיות</noun>  <adjective>ישראלי</adjective>  <participle>המסתבך</participle>  בפרשת  <noun>שוחד</noun>  ומוצא  <noun>מפלט</noun>  בנסיעה  לקובה.  <noun>העלילה</noun>  <verb>מגוללת</verb>  <at-preposition>את</at-preposition>  <noun>ההתעוררות</noun>  הנוצרית-משיחית  שאוחזת  בו,  <preposition>על</preposition>  <noun>חיבוטי</noun>  <noun>הנפש</noun>  <adjective>הכרוכים</adjective>  בה.    
  <noun>האור</noun>  <properName>השחור</properName>  <date>(2002)</date>  <pronoun>הוא</pronoun>  <noun>רומן</noun>  <preposition>על</preposition>  <noun>גיבור</noun>  <participle>המחפש</participle>  <noun>מפלט</noun>  מעברו  ומעצמו  בחיקן  <shel-preposition>של</shel-preposition>  <numeral>שלוש</numeral>  נשים;  <verb>מחפש</verb>  <at-preposition>את</at-preposition>  <noun>שרידי</noun>  <noun>היהודים</noun>  בארצות  <participle>המנסות</participle>  <verb>לטשטש</verb>  <at-preposition>את</at-preposition>  קיומם.  <pronoun>זהו</pronoun>  <noun>מסע</noun>  <preposition>אל</preposition>  <noun>עולם</noun>  שהזיכרון,  <noun>הערגה</noun>  והסיוט  <verb>נפגשים</verb>  בו  <adverb>שוב</adverb>  ושוב.
  ברומן  <noun>סודות</noun>  ובגידות  <date>(2003,</date>  <noun>הוצאה</noun>  <adjective>חדשה</adjective>  <shel-preposition>של</shel-preposition>  <noun>סודות</noun>  מונגוליה),  <verb>מוצגת</verb>  דמותו  <shel-preposition>של</shel-preposition>  <noun>מהגר</noun>  <adjective>עשיר</adjective>  והרפתקן  שהגיע  לישראל  מרוסיה  <preposition>אחרי</preposition>  <noun>המהפכה</noun>  וירד  מנכסיו.  <pronoun>הוא</pronoun>  <copula>אינו</copula>  <noun>מוצא</noun>  <at-preposition>את</at-preposition>  מקומו,  <negation>לא</negation>  במשפחתו  ולא  בארץ  החדשה.  <noun>ארץ</noun>  <noun>אשה</noun>  <date>(2006)</date>  <pronoun>הוא</pronoun>  <noun>רומן</noun>  <participle>המשלב</participle>  <preposition>בין</preposition>  <noun>ההיסטוריה</noun>  <shel-preposition>של</shel-preposition>  <noun>המחבר</noun>  להיסטוריה  <shel-preposition>של</shel-preposition>  המדינה.  <noun>הקיום</noun>  האישי,  <conjunction>כמו</conjunction>  <conjunction>גם</conjunction>  הלאומי,  <verb>מצריכים</verb>  <noun>התמודדות</noun>  <preposition>עם</preposition>  <noun>ההדחקות</noun>  <shel-preposition>של</shel-preposition>  הילדות.הרומן  <verb>שוזר</verb>  <at-preposition>את</at-preposition>  <noun>הארץ</noun>  ואת  <noun>האישה</noun>  כמשקפים  <at-preposition>את</at-preposition>  <noun>נופי</noun>  נפשו  <shel-preposition>של</shel-preposition>  המחבר.  
  <noun>זוג</noun>  <date>(2008)</date>  <copula>היא</copula>  <noun>יצירה</noun>  <adjective>הגותית</adjective>  <participle>המורכבת</participle>  מ-286  <noun>קטעי</noun>  <noun>וידוי</noun>  קצרים.  <noun>מושג</noun>  האהבה,  <participle>הזוכה</participle>  למגוון  <adjective>עשיר</adjective>  <shel-preposition>של</shel-preposition>  דימויים,  <verb>נפרש</verb>  <adverb>כאן</adverb>  כמפה  אוניברסלית.  <noun>הספר</noun>  <verb>עוקב</verb>  <preposition>אחר</preposition>  <noun>הגבר</noun>  <adjective>הנתון</adjective>  בתלות  <adjective>אובססיבית</adjective>  באישה,  <participle>המועצמת</participle>  לממד  <noun>דיקטטורה</noun>  כובשת.  <pronoun>הוא</pronoun>  <verb>מתייסר</verb>  בפחד  <noun>נטישה</noun>  קמאי,  <participle>הדוחק</participle>  אותו  להרהורים  מיסטיים.
  מיצירתו  <shel-preposition>של</shel-preposition>  <noun>מגד</noun>  <verb>עולה</verb>  <adverb>לפעמים</adverb>  <conjunction>כי</conjunction>  <noun>הדרך</noun>  <adjective>היחידה</adjective>  <participle>המאפשרת</participle>  <noun>התבוננות</noun>  <adjective>מפוכחת</adjective>  במציאות  <adjective>הקיומית</adjective>  <copula>היא</copula>  <preposition>באמצעות</preposition>  הסתלקות.  <pronoun>כך</pronoun>  <verb>הופך</verb>  <noun>מושג</noun>  ה"נסיעה"  לכלי  <adjective>תיעודי</adjective>  <shel-preposition>של</shel-preposition>  <noun>מצבים</noun>  <adjective>קונקרטיים</adjective>  מנקודת  <noun>מבט</noun>  מרוחקת,  <participle>המיטיבה</participle>  <verb>לחשוף</verb>  <noun>לבטים</noun>  <shel-preposition>של</shel-preposition>  <noun>דמויות</noun>  <participle>המקלפות</participle>  מעליהן  <at-preposition>את</at-preposition>  <noun>מנגנוני</noun>  ההגנה.  <adjective>דומה</adjective>  <conjunction>כי</conjunction>  <conjunction>רק</conjunction>  <noun>התמודדות</noun>  <adjective>אמיצה</adjective>  <preposition>עם</preposition>  <noun>ההדחקה</noun>  <modal>עשויה</modal>  <verb>לספק</verb>  <noun>פתרון</noun>  למצוקות  הנפש.  <pronoun>זו</pronoun>  <adjective>כרוכה</adjective>  <adverb>לרוב</adverb>  בנושא  <noun>מלחמת</noun>  המינים.  <adjective>מדובר</adjective>  במתיחות  <properName>עזה</properName>  <participle>הנובעת</participle>  מהאופי  <adjective>הטוטלי</adjective>  <shel-preposition>של</shel-preposition>  <noun>תפישת</noun>  הזוגיות.  בסגנון  <noun>כתיבה</noun>  <adjective>ישיר</adjective>  וחושפני  <verb>משורטטות</verb>  <noun>פרשות</noun>  יחסיהם  <shel-preposition>של</shel-preposition>  <noun>הגיבורים</noun>  <preposition>עם</preposition>  <noun>הנשים</noun>  בחייהם,  ולצדן  מובעים,  בלשון  <adjective>מדודה</adjective>  ומדויקת,  <noun>הרהורים</noun>  <participle>הגותיים</participle>  <preposition>מתוך</preposition>  <noun>עיסוק</noun>  ביהדות  ובנצרות.  <preposition>בתוך</preposition>  <pronoun>כך</pronoun>  <participle>נשזרות</participle>  מחשבותיו  <shel-preposition>של</shel-preposition>  <noun>הסופר</noun>  <preposition>על</preposition>  <noun>מלאכת</noun>  <noun>הכתיבה</noun>  ועל  מקומה  בחייו,  <participle>המתנהלים</participle>  <preposition>מתוך</preposition>  <noun>נטייה</noun>  להיבדלות  ולמרדנות.  
  ספריו  <participle>הנוספים</participle>  –קצה,  <noun>שירים</noun>  <date>(1975);</date>  <interjection>סוף</interjection>  הזיכרון,  <noun>שירים</noun>  <date>(1976);</date>  חצרות,  <noun>שירים</noun>  <date>(1979);</date>  שלוששנים,  <noun>שירים</noun>  <date>(1983);</date>  <preposition>מתחת</preposition>  לשטיח  הכחול,  <noun>שירים</noun>  <date>(1985);סערת</date>  אסתר,  <noun>שירים</noun>  <date>(1986);</date>  <noun>גמר</noun>  הגביע,  <noun>סיפורים</noun>  <date>(1988);</date>  <noun>אשת</noun>  הקמיקזה,  <noun>רומן</noun>  <date>(1995);</date>  <noun>סודות</noun>  מונגוליה,  <noun>רומן</noun>  <date>(1997);</date>  <interrogative>איך</interrogative>  לחיות,  <noun>רומן</noun>  <date>(2010);</date>  <interjection>סוף</interjection>  הגוף,  <noun>רומן</noun>  <date>(2012).
</date>  <verb>תירגםמשירתם</verb>  <shel-preposition>של</shel-preposition>  <properName>רוברט</properName>  לואל,  <properName>תאודור</properName>  רותקה,  <properName>צ'רלס</properName>  <properName>סימיק</properName>  ואחרים.  <verb>זכה</verb>  <adverb>פעמיים</adverb>  בפרס  <noun>היצירה</noun>  <preposition>על</preposition>  <adverb>שם</adverb>  <noun>ראש</noun>  <noun>הממשלה</noun>  <properName>לוי</properName>  <properName>אשכול</properName>  <date>(1989,</date>  <date>2004).
</date>  References:  
  אביטוב,  ירון.  "אלוהים  בפרטים  הקטנים,  <conjunction>גם</conjunction>  בסקס".  <noun>עתון</noun>  77  255.  <properName>מאי</properName>  <date>2001.</date>  10;  גלסנר,  אריק.  "געגועים,  <negation>לא</negation>  נוסטלגיה".מעריב  ספרות.  <date>9.6.2006.</date>  26;  שוורץ,  יגאל.  "רצח  <adjective>זדוני</adjective>  <shel-preposition>של</shel-preposition>  <noun>מיתוס</noun>  הנעורים".  <noun>הארץ</noun>  ספרים.  <date>30.3.1999.</date>  1,  27;  שלו,  צרויה.  "שמירת  <noun>האני</noun>  <conjunction>מפני</conjunction>  <date>הזרע".הארץ.4.1.1991.</date>  ב'8;  שץ,  אבנר.  "אהבה,  <noun>אובססיה</noun>  ותודעה  היסטורית".  <noun>מאזניים</noun>  ע"ב(4).  <date>1998.</date>  59-61.
 
		</body>
	</text>
</TEI>