<?xml version="1.0" encoding="UTF-8"?>
<?xml-model href="http://www.tei-c.org/release/xml/tei/custom/schema/relaxng/tei_all.rng" type="application/xml" schematypens="http://relaxng.org/ns/structure/1.0"?>
<?xml-model href="http://www.tei-c.org/release/xml/tei/custom/schema/relaxng/tei_all.rng" type="application/xml"
	schematypens="http://purl.oclc.org/dsdl/schematron"?>
<TEI xmlns="http://www.tei-c.org/ns/1.0">
   <teiHeader>
      <fileDesc>
         <publicationStmt>
            <p>Publication Information</p>
         </publicationStmt>
         <sourceDesc>
            <p>Information about the source</p>
         </sourceDesc>
      </fileDesc>
   </teiHeader>
   <text>
      <body>
 Name:  מגן,  מירה
  <foreign>Birth</foreign>  Year:  <date>1950
</date>  <foreign>Birth</foreign>  Place:  <properName>כפרסבא</properName>  להורים  יוצאי
  Occupation:  סופרת
  <foreign>Entry</foreign>  writer:  <noun>שי</noun>  <properName>רודין</properName>  ויגאל  שוורץ
  <foreign>Entry</foreign>  Value:  
  <verb>נולדה</verb>  <adverb>בכפרסבא</adverb>  להורים  <noun>יוצאי</noun>  <noun>הקיבוץ</noun>  <adjective>הדתי</adjective>  עלומים-סעד.  <verb>אמהגדלה</verb>  בבית  <adjective>חרדי</adjective>  בשכונת  <numeral>מאה</numeral>  <noun>שערים</noun>  בירושלים,  ואביה  בכפרסבא.  <verb>למדה</verb>  בתיכון  "מורשת"  בכפר  סבא.  <verb>שירתה</verb>  בנח"לבקיבוץ  <properName>טירת</properName>  צבי,  <adverb>שם</adverb>  <verb>הכירה</verb>  <at-preposition>את</at-preposition>  בעלה,ישעיהו  מגן.  <noun>עסקה</noun>  כשנתיים  בהוראה  בכפר  <noun>מימון</noun>  בנגב,  בהמשך  <verb>עברה</verb>  לבאר  שבע,  <verb>עבדה</verb>  <quantifier>כמה</quantifier>  <noun>שנים</noun>  בביטוח  <adjective>הלאומי</adjective>  ולמדה  <adverb>במקביל</adverb>  <noun>מדעי</noun>  <noun>ההתנהגות</noun>  באוניברסיטת  בן-גוריון.  <conjunction>לאחר</conjunction>  שהזוג  <verb>עבר</verb>  <verb>להתגורר</verb>  בשכונה  <adjective>דתית</adjective>  בגילה  שבירושלים,  <verb>ביצעה</verb>  <noun>הסבה</noun>  <adjective>מקצועית</adjective>  ולמדהסיעוד  בבית  <noun>הספר</noun>  לאחיות  <shel-preposition>של</shel-preposition>  <noun>בית</noun>  <adjective>החולים</adjective>  <properName>הדסה</properName>  עין-כרם  בהרהצופים,  והשתלבה  בו  כאחות.  בתקופה  <pronoun>זו</pronoun>  <verb>החלה</verb>  <verb>לכתוב</verb>  <at-preposition>את</at-preposition>  סיפוריה  הראשונים,  שבהם  <verb>קיים</verb>  <noun>הדהוד</noun>  <shel-preposition>של</shel-preposition>  <noun>הוויית</noun>  <noun>בית</noun>  החולים.  רצונה  <verb>להקדיש</verb>  <noun>זמן</noun>  <adjective>רב</adjective>  <adverb>יותר</adverb>  לכתיבה  <verb>עודד</verb>  אותה  <verb>לקבל</verb>  <at-preposition>את</at-preposition>  <noun>משרת</noun>  <noun>מזכירת</noun>  "בית  הסופר"  בעיר  <adjective>העתיקה</adjective>  <date>(1990).</date>  <conjunction>כאשר</conjunction>  <verb>אירגנה</verb>  <noun>סדנה</noun>  לכתיבה  <verb>יוצרת</verb>  בהנחיית  <noun>הסופר</noun>  <properName>יוסל</properName>  בירשטיין,  <verb>העבירה</verb>  <conjunction>לו</conjunction>  <numeral>שניים</numeral>  מסיפוריה  בעילום  שם.  <properName>בירשטיין</properName>  <verb>הפציר</verb>  בה  <verb>להמשיך</verb>  ולכתוב.  
  <noun>קובץ</noun>  סיפוריה  הראשון,  <noun>כפתורים</noun>  <participle>רכוסים</participle>  היטב,  <verb>ראה</verb>  <noun>אור</noun>  בסדרת  "צד  התפר"  בהוצאת  <noun>כתר</noun>  <date>(1994).</date>  הקובץ,  שזכה  לביקורות  אוהדות,  <verb>שייך</verb>  אותה  לשורה  <shel-preposition>של</shel-preposition>  <noun>סופרות</noun>  <participle>המזוהות</participle>  <preposition>עם</preposition>  <noun>העולם</noun>  הדתי-לאומי  <conjunction>או</conjunction>  החרדי,  <conjunction>הן</conjunction>  מתוקף  רקען  <adjective>הביוגרפי</adjective>  והן  <preposition>לאור</preposition>  הדהודו  ביצירתן,  <noun>דוגמת</noun>  <properName>חנה</properName>  <noun>בת</noun>  <properName>שחר</properName>    ויהודית  <noun>רותם</noun>  <punctuation>–</punctuation>  <conjunction>אם</conjunction>  <conjunction>כי</conjunction>  <adverb>כבר</adverb>  <participle>מקובץ</participle>  <pronoun>זה</pronoun>  <verb>ניכרים</verb>  <noun>מאפיינים</noun>  <adjective>סגנוניים</adjective>  <adjective>ייחודיים</adjective>  לה.    
  יצירתה  <verb>כוללת</verb>  <noun>סיפורים</noun>  <adjective>קצרים</adjective>  ורומנים.  <noun>קובץ</noun>  <noun>הביכורים</noun>  <noun>כלל</noun>  <noun>תריסר</noun>  <noun>סיפורים</noun>  וסימן  אותה  ככותבת  <noun>בעלת</noun>  <noun>דמיון</noun>  יוצר,  <properName>עין</properName>  רגישה,  <noun>יכולת</noun>  <adjective>נרטיבית</adjective>  ושפה  עשירה.  <noun>הסיפורים</noun>  <adjective>כתובים</adjective>  בסגנון  <shel-preposition>של</shel-preposition>  <noun>ריאליזם</noun>  לירי  ונמסרים  <preposition>על</preposition>  <noun>ידי</noun>  <noun>מספר</noun>  בגוף  ראשון,  ברצף  לא-כרונולוגי.  <noun>הסיפור</noun>  <verb>מתחיל</verb>  <preposition>מן</preposition>  <noun>ההווה</noun>  וממשיך  <adverb>אחורה</adverb>  וקדימה.  <noun>שזירת</noun>  <noun>האירועים</noun>  בדרך  <pronoun>זו</pronoun>  <verb>יוצרת</verb>  <noun>קישורים</noun>  <verb>מותחים</verb>  <preposition>בין</preposition>  הזמנים.  <noun>העלילות</noun>  בקובץ  <verb>נפתחות</verb>  בתיאורו  <shel-preposition>של</shel-preposition>  <noun>מצב</noun>  <properName>טריוויאלי</properName>  <conjunction>או</conjunction>  באירוע  <participle>המצטייר</participle>  <properName>כבנאלי</properName>  למראית  עין,  ורק  בהמשך  <verb>מתברר</verb>  שלא  <modal>ניתן</modal>  <verb>להניע</verb>  <at-preposition>את</at-preposition>  <noun>הסיפור</noun>  <preposition>אל</preposition>  שיאיו  <adjective>הדרמטיים</adjective>  <preposition>ללא</preposition>  <noun>פרטים</noun>  אלה.  
  <noun>הרומן</noun>  שלה  <preposition>אל</preposition>  <verb>תכה</verb>  בקיר  <date>(1997)</date>  <verb>מסמן</verb>  <at-preposition>את</at-preposition>  מעברה  <adjective>המהיר</adjective>  מהסיפור  <adjective>הקצר</adjective>  <preposition>אל</preposition>  הרומן,  <participle>המאפיין</participle>  <at-preposition>את</at-preposition>  כתיבתה  <adverb>מאז</adverb>  ואילך.  <noun>הרומן</noun>  <verb>מפתח</verb>  <at-preposition>את</at-preposition>  נושאו  <adjective>המרכזי</adjective>  <shel-preposition>של</shel-preposition>  <noun>קובץ</noun>  סיפוריה  <numeral>הראשון</numeral>  <punctuation>–</punctuation>  <noun>המתח</noun>  <preposition>בין</preposition>  <noun>יצרי</noun>  <noun>אדם</noun>  למצוות  הדת,  <participle>התובעות</participle>  <noun>ריסון</noun>  עצמי.  עלילתו  <verb>מתפתחת</verb>  <preposition>סביב</preposition>  דמותה  <shel-preposition>של</shel-preposition>  יסכה,  <adjective>צעירה</adjective>  <noun>בת</noun>  <numeral>עשרים</numeral>  וחמש  <participle>העוקבת</participle>  <noun>שנים</noun>  <preposition>אחרי</preposition>  <noun>השכן</noun>  <noun>האלמן</noun>  אלישע,  שאשתו  <noun>עלמה</noun>  <adjective>מתה</adjective>  בלדתה  ובתו  הדה  <verb>גודלה</verb>  <preposition>על</preposition>  <noun>ידי</noun>  אמה  <shel-preposition>של</shel-preposition>  יסכה.  <numeral>שלוש</numeral>  הנשים,  <participle>המצטיירות</participle>  כמנוגדות  <pronoun>זו</pronoun>  לזו,  מעלות  <noun>תמונה</noun>  <adjective>אנלוגית</adjective>  <shel-preposition>של</shel-preposition>  <noun>גורל</noun>  נשי,  <noun>בחירות</noun>  <adjective>נשיות</adjective>  ומאבק  <preposition>על</preposition>  <noun>מימוש</noun>  עצמי.
  <noun>הרומן</noun>  <numeral>השני</numeral>  והמוערך  שלה,  בשוכבי  ובקומי,  <noun>אישה</noun>  <date>(2000),</date>  <noun>עוסק</noun>  באימהוּת,  <noun>נושא</noun>  שעמד  באותן  <noun>שנים</noun>  במוקד  כתיבתן  <shel-preposition>של</shel-preposition>  <quantifier>כמה</quantifier>  סופרות.  <properName>מגן</properName>  <verb>מציגה</verb>  <noun>דגמי</noun>  <noun>אימהוּת</noun>  <adjective>שונים</adjective>  <conjunction>גם</conjunction>  ברומן  <noun>פרפרים</noun>  בגשם  <date>(2005),</date>  <verb>שבו</verb>  <pronoun>היא</pronoun>  <verb>מקיימת</verb>  <noun>היפוך</noun>  מגדרי,  <conjunction>כאשר</conjunction>  <noun>דמות</noun>  <adjective>מרכזית</adjective>  <adjective>גברית</adjective>  <verb>מובילה</verb>  <at-preposition>את</at-preposition>  <noun>עלילת</noun>  הרומן.  
  בשוכבי  ובקומי,  <noun>אישה</noun>  <verb>קורא</verb>  <noun>תיגר</noun>  <preposition>על</preposition>  <noun>ז'אנר</noun>  <noun>הרומן</noun>  הרומנטי.  <noun>גיבורת</noun>  <noun>הרומן</noun>  <verb>מצטיירת</verb>  כפמיניסטית  מורדת,  שחרף  <verb>עברה</verb>  <adjective>הדתי</adjective>  <verb>אוזרת</verb>  <properName>עוז</properName>  ונכנסת  להיריון  <preposition>ללא</preposition>  <noun>נישואים</noun>  וללא  <properName>בן</properName>  זוג.  <preposition>באמצעות</preposition>  <noun>עיצוב</noun>  <verb>מעמיק</verb>  <shel-preposition>של</shel-preposition>  <noun>הקשרים</noun>  <adjective>הסבוכים</adjective>  <preposition>בין</preposition>  <noun>זהות</noun>  מקצועית,  <noun>מימוש</noun>  <adjective>ארוטי</adjective>  וזהות  <adjective>משפחתית</adjective>  <verb>חושפת</verb>  <participle>המחברת</participle>  <at-preposition>את</at-preposition>  <noun>המורכבות</noun>  <shel-preposition>של</shel-preposition>  <noun>הקיום</noun>  <adjective>הנשי</adjective>  בעידן  המודרני,  וזאת  <preposition>חרף</preposition>  <noun>השחרור</noun>  שהושג  במהפכה  הפמיניסטית.  <noun>נושא</noun>  <noun>האימהוּת</noun>  ה"אחרת"  <verb>מופיע</verb>  <conjunction>גם</conjunction>  ברומן  מלאכיה  <verb>נרדמו</verb>  כולם  <date>(2003).</date>  מוריה,  <noun>גיבורת</noun>  הספר,  <verb>מממשת</verb>  <at-preposition>את</at-preposition>  אימהותה  <conjunction>הן</conjunction>  בדרך  <adjective>הביולוגית</adjective>  והן  <preposition>על</preposition>  <noun>ידי</noun>  אימוצו  <shel-preposition>של</shel-preposition>  <noun>ילד</noun>  חוסה.  <noun>ילד</noun>  <adjective>חריג</adjective>  <verb>מופיע</verb>  ברומן  <noun>ימים</noun>  יגידו,  <date>אנה(2008)</date>  ונערה  חריגה,  <participle>הכמהה</participle>  לאימוץ  במשפחה  <adjective>הפגומה</adjective>  <shel-preposition>של</shel-preposition>  <noun>הגיבורה</noun>  המספרת,  <verb>מופיעה</verb>  ברומן  <noun>וודקה</noun>  ולחם  <date>(2010).</date>  ייצוגו  <shel-preposition>של</shel-preposition>    האחר:  ילד,  <noun>נער</noun>  <conjunction>או</conjunction>  <noun>מבוגר</noun>  חריג,  <verb>משמש</verb>  עבורה  כמין  <noun>מקפצה</noun>  להתמודדות  <preposition>עם</preposition>  <noun>סוגיה</noun>  <adjective>מרכזית</adjective>  בעולמה:  <noun>הזיקה</noun>  שבין  אחרות,  <noun>חסד</noun>  ורליגיוזיות.  <adjective>דומה</adjective>  שתפישת  עולמה  בהקשר  <pronoun>זה</pronoun>  <verb>יונקת</verb>  <conjunction>הן</conjunction>  מהמסורת  <adjective>היהודית</adjective>  והן,  באופן  <adjective>מפתיע</adjective>  לכאורה,  מהמסורת  הנוצרית.    
  <date>ב-2012</date>  <verb>פורסם</verb>  ספרה  <noun>עיניים</noun>  <adjective>כחולות</adjective>  מדי.  <noun>נושא</noun>  <adjective>מרכזי</adjective>  ברומן  <pronoun>זה</pronoun>  <pronoun>הוא</pronoun>  עריצותו  <shel-preposition>של</shel-preposition>  <noun>הזמן</noun>  ומודעותן  <adjective>החריפה</adjective>  <shel-preposition>של</shel-preposition>  <noun>הדמויות</noun>  <punctuation>–</punctuation>  <numeral>ארבע</numeral>  <noun>נשים</noun>  וגבר  <numeral>אחד</numeral>  <punctuation>–</punctuation>  לגורם  <adjective>מכריע</adjective>  <pronoun>זה</pronoun>  בחייהן.  <quantifier>כל</quantifier>  <numeral>אחת</numeral>  מהן  <verb>מתמודדת</verb>  <preposition>על</preposition>  <noun>פי</noun>  דרכה,  <verb>הישרה</verb>  <conjunction>או</conjunction>  הנפתלת,  <preposition>עם</preposition>  <noun>התשוקה</noun>  <verb>להספיק</verb>  <verb>לחיות</verb>  ולאהוב  <preposition>לפני</preposition>  ניצחונו  <adjective>הידוע</adjective>  מראש.  <noun>הדמויות</noun>  בספר  זה,  <conjunction>כמו</conjunction>  בספריה  הקודמים,  <verb>מוארות</verb>  באור  <shel-preposition>של</shel-preposition>  חסד.  <conjunction>אך</conjunction>  כאן,  לראשונה,  באורח  <adjective>מכוון</adjective>  ובולט,  <noun>אור</noun>  <pronoun>זה</pronoun>  <copula>אינו</copula>  <verb>מטשטש</verb>  <noun>סדקים</noun>  וחולשות  <participle>החורצים</participle>  <at-preposition>את</at-preposition>  חייהן.
  ספריה  <verb>תורגמו</verb>  לכמה  שפות.  <pronoun>היא</pronoun>  <verb>זכתה</verb>  בכמה  פרסים,  בהם  <noun>פרס</noun>  <noun>קרן</noun>  <properName>אולשוונג</properName>  <date>(1995)</date>  ופרס  <noun>היצירה</noun>  <preposition>על</preposition>  <adverb>שם</adverb>  <noun>ראש</noun>  <noun>הממשלה</noun>  <properName>לוי</properName>  <properName>אשכול</properName>  <date>(2005).</date>  
  References:  
  ישראל,  יעל.  "עדיין  <verb>רוצה</verb>  להיכבש".  <noun>עתון</noun>  77  243.  <date>2000.</date>  10;  לאופר,  רות.  "כפתורים  מקושטים".  <noun>עתון</noun>  77  182.  <date>1995.</date>  10;  פרליס,  איזה.  "החיים  שיש  להם  גדר".  <properName>הדאר</properName>  י"ד.  <date>1998.</date>  18-19;  קרפ,  עלית.  "בחזרה  לעדן:  'וודקה  ולחם'  <preposition>מאת</preposition>  <properName>מירה</properName>  מגן".  <noun>הארץ</noun>  ספרים.  <date>28.4.2010.</date>  
 
		</body>
	</text>
</TEI>