<?xml version="1.0" encoding="UTF-8"?>
<?xml-model href="http://www.tei-c.org/release/xml/tei/custom/schema/relaxng/tei_all.rng" type="application/xml" schematypens="http://relaxng.org/ns/structure/1.0"?>
<?xml-model href="http://www.tei-c.org/release/xml/tei/custom/schema/relaxng/tei_all.rng" type="application/xml"
	schematypens="http://purl.oclc.org/dsdl/schematron"?>
<TEI xmlns="http://www.tei-c.org/ns/1.0">
   <teiHeader>
      <fileDesc>
         <publicationStmt>
            <p>Publication Information</p>
         </publicationStmt>
         <sourceDesc>
            <p>Information about the source</p>
         </sourceDesc>
      </fileDesc>
   </teiHeader>
   <text>
      <body>
 Name:  מזי"א,  עדנה
  <foreign>Birth</foreign>  Year:  <date>1949
</date>  <foreign>Birth</foreign>  Place:  <properName>תל</properName>  אביב
  Occupation:  מחזאית,  תסריטאית,  <noun>במאית</noun>  וסופרת
  <foreign>Entry</foreign>  writer:  <noun>חיים</noun>  נגיד
  <foreign>Entry</foreign>  Value:  
  <verb>נולדה</verb>  בתל  אביב.  <properName>אמה</properName>  <verb>עלתה</verb>  לישראל  מווינה  <date>ב-1938</date>  והיתה  <adjective>פעילה</adjective>  בלח"י,  ואביה,  עורך-דין  <noun>יליד</noun>  ליטא,  <verb>שימש</verb>  כמפקד  <noun>האצ"ל</noun>  בדרום-אפריקה  ובהמשך  <copula>היה</copula>  <noun>ראש</noun>  <noun>מחלקת</noun>  <noun>העלייה</noun>  והקליטה  בסוכנות  <adjective>היהודית</adjective>  בישראל.  <verb>למדה</verb>  בתל  <properName>אביב</properName>  בתיכון  "עירוני  ד'".  <verb>סיימה</verb>  <noun>תואר</noun>  <numeral>ראשון</numeral>  בחוגים  לתיאטרון  ולפילוסופיה  באוניברסיטת  <properName>תל</properName>  אביב,  ובהמשך  <verb>למדה</verb>  לתואר  <noun>שני</noun>  בחוג  לקולנוע.  
  <noun>ראשית</noun>  דרכה  ככותבת  <copula>היתה</copula>  כתסריטאית.  בשיתוף  <noun>עם</noun>  <noun>הבמאי</noun>  <adjective>המנוח</adjective>  <properName>עמוס</properName>  <properName>גוטמן</properName>  <verb>חיברה</verb>  <at-preposition>את</at-preposition>  <noun>התסריטים</noun>  לנגוע  <date>(1983),</date>  <properName>בר</properName>  51  <date>(1985)</date>  וחימו  <noun>מלך</noun>  <properName>ירושלים</properName>  <date>(1986),</date>  <numeral>שלושה</numeral>  <noun>סרטים</noun>  שעניינם  <noun>העולם</noun>  <adjective>הרגשי</adjective>  <shel-preposition>של</shel-preposition>  <noun>אנשים</noun>  <participle>המרגישים</participle>  כחריגים  בחברה  <adjective>הישראלית</adjective>  <shel-preposition>של</shel-preposition>  אותה  תקופה.  <preposition>אחר</preposition>  <pronoun>כך</pronoun>  <verb>החליטה</verb>  <verb>לשנות</verb>  <at-preposition>את</at-preposition>  המדיום,  ובהשראת  <noun>הפלישה</noun>  <shel-preposition>של</shel-preposition>  <properName>עיראק</properName>  לכוויית  ואיום  <noun>הטילים</noun>  <preposition>על</preposition>  <properName>ישראל</properName>  <date>ב-1990</date>  <noun>כתבה</noun>  לתיאטרון  <properName>חיפה</properName>  <at-preposition>את</at-preposition>  <noun>המחזה</noun>  <properName>וינה</properName>  <preposition>על</preposition>  <noun>הים</noun>  <date>(1991),</date>  <preposition>על</preposition>  <noun>קבוצת</noun>  <noun>יהודים</noun>  <preposition>וינאים</preposition>  שנופשת  <noun>ערב</noun>  <properName>האנשלוס</properName>  בדרום-איטליה  בפנסיון  <participle>המנוהל</participle>  <preposition>על</preposition>  <noun>ידי</noun>  וינאית,  ומנסה  <verb>להדחיק</verb>  <at-preposition>את</at-preposition>  <noun>המצב</noun>  המאיים.    
  <noun>המחזה</noun>  <verb>משחקים</verb>  בחצר  האחורית,  שהועלה  <date>ב-1993</date>  בתיאטרון  <properName>חיפה</properName>  בבימויו  <shel-preposition>של</shel-preposition>  <properName>עודד</properName>  קוטלר,  <verb>העמיד</verb>  אותה  במרכזה  <shel-preposition>של</shel-preposition>  <noun>זירת</noun>  <noun>התיאטרון</noun>  הישראלית.  <noun>המחזה</noun>  <verb>נכתב</verb>  בהשראת  <noun>אונס</noun>  <adjective>קבוצתי</adjective>  <shel-preposition>של</shel-preposition>  <noun>נערה</noun>  בקיבוץ  שמרת.  בעיתונות  <verb>דווח</verb>  <preposition>על</preposition>  <properName>מזי"א</properName>  <participle>היושבת</participle>  בבית  <noun>המשפט</noun>  <adjective>המחוזי</adjective>  בחיפה  ורושמת  לעצמה  הערות.  <noun>הנערים</noun>  <verb>זוכו</verb>  <preposition>מחמת</preposition>  הספק,  <verb>התעוררה</verb>  <noun>סערה</noun>  ציבורית,  <noun>הפרקליטות</noun>  <verb>עירערה</verb>  לבית  <noun>המשפט</noun>  העליון,  <conjunction>אך</conjunction>  <adverb>עוד</adverb>  <preposition>לפני</preposition>  שהתקבלה  <noun>ההחלטה</noun>  <shel-preposition>של</shel-preposition>  <noun>השופטים</noun>  <verb>החלו</verb>  <noun>ההצגות</noun>  <verb>לעלות</verb>  <preposition>על</preposition>  הבמה.  <noun>המחזה</noun>  <verb>זכה</verb>  להצלחה  <preposition>ללא</preposition>  תקדים.  <pronoun>הוא</pronoun>  <verb>אומץ</verb>  <preposition>על</preposition>  <noun>ידי</noun>  <noun>מערכת</noun>  <noun>החינוך</noun>  והוצג  <adverb>יותר</adverb>  מאלפיים  פעם,  <verb>תורגם</verb>  לשפות  <verb>אחדותוהועלה</verb>  ברחבי  אירופה,  <preposition>בין</preposition>  <noun>השאר</noun>  בתיאטרון  ה"רויאל  קורט"  <date>בלונדון.ב-2007</date>  <verb>שב</verb>  והועלה  בתיאטרון  "הקאמרי"  בבימויו  <shel-preposition>של</shel-preposition>  <properName>נועם</properName>  שמואל.
  מסוף  <noun>שנות</noun>  <numeral>התשעים</numeral>  ובמהלך  <quantifier>כל</quantifier>  <noun>העשור</noun>  <adjective>הבא</adjective>  <copula>היתה</copula>  <properName>מזי"א</properName>  <numeral>אחת</numeral>  <participle>המחזאיות</participle>  <adjective>המרכזיות</adjective>  בתיאטרון  "הקאמרי",  <adverb>שם</adverb>  <verb>הוצגו</verb>  מחזותיהסיפור  <date>משפחתי(1996),</date>  <noun>המורדים</noun>  <date>(1998),</date>  <properName>הורדוס</properName>  <date>(2000),</date>  <noun>ילדים</noun>  <adjective>רעים</adjective>  <date>(2002),</date>  <copula>היה</copula>  <conjunction>או</conjunction>  <negation>לא</negation>  <copula>היה</copula>  <date>(2007).</date>  <date>מ-1999</date>  <verb>החלה</verb>  <conjunction>גם</conjunction>  לביים.  <preposition>בין</preposition>  <noun>השאר</noun>  <verb>ביימה</verb>  <at-preposition>את</at-preposition>  מחזותיה  <shel-preposition>של</shel-preposition>  <properName>ענת</properName>  <verb>גובחברות</verb>  <adverb>הכי</adverb>  <date>טובות(1999),</date>  ליזיסטרטה  <date>2000</date>  <date>(2001),</date>  <verb>עקר</verb>  <noun>בית</noun>  <date>(2004)</date>  ועוד,  וכן  <at-preposition>את</at-preposition>  מחזותיה  שלה,  <properName>הורדוס</properName>  וילדים  רעים.  <date>ב-1997פירסמה</date>  <at-preposition>את</at-preposition>  <noun>הרומן</noun>  <numeral>הראשון</numeral>  שלה,  <noun>התפרצות</noun>  X.  <noun>המחזה</noun>  <noun>סיפור</noun>  <adjective>משפחתי</adjective>  <verb>עובד</verb>  <conjunction>גם</conjunction>  לטלוויזיה  ונכתב  כרומן  <date>(2005).
</date>  <noun>המגמה</noun>  <verb>לתת</verb>  <noun>ביטוי</noun>  לפנים  <adjective>אחרות</adjective>  <shel-preposition>של</shel-preposition>  <noun>ההוויה</noun>  <adjective>הישראלית</adjective>  וההשפעה  <adjective>המשפחתית</adjective>  הבין-דורית  <conjunction>הן</conjunction>  <noun>שני</noun>  <noun>נושאים</noun>  <participle>העוברים</participle>  כחוט  <noun>השני</noun>  בכתיבתה.  במשחקים  בחצר  <adjective>האחורית</adjective>  <verb>הפנתה</verb>  <at-preposition>את</at-preposition>  <noun>תשומת</noun>  <noun>הלב</noun>  <negation>לא</negation>  <conjunction>רק</conjunction>  להידרדרות  <adjective>הערכית</adjective>  בחברה  הקיבוצית,  <conjunction>אלא</conjunction>  <verb>בחנה</verb>  <at-preposition>את</at-preposition>  <noun>התופעה</noun>  <preposition>מן</preposition>  <noun>הזווית</noun>  הפמיניסטית:  <numeral>שתי</numeral>  הדמויות,  <pronoun>זו</pronoun>  <shel-preposition>של</shel-preposition>  <noun>הנערה</noun>  <participle>הנאנסת</participle>  וזו  <shel-preposition>של</shel-preposition>  פרקליטתה  <verb>המגינה</verb>  עליה  <preposition>מול</preposition>  <noun>סוללה</noun>  <shel-preposition>של</shel-preposition>  גברים,  <verb>בוצעו</verb>  <preposition>על</preposition>  <noun>ידי</noun>  אותה  שחקנית,  <conjunction>כדי</conjunction>  <verb>להצביע</verb>  <preposition>על</preposition>  <noun>האונס</noun>  וההשפלה  שעוברת  האישה,  <quantifier>כל</quantifier>  אישה,  בחברה  <adjective>המונעת</adjective>  <preposition>על</preposition>  <noun>ידי</noun>  <noun>האתוס</noun>  הגברי.  במחזה  המורדים,שעליו  <verb>זכתה</verb>  בפרס  מחזאית  <noun>השנה</noun>  <date>ל-1999-1998</date>  ובפרס  <properName>מרגלית</properName>  <date>ל-1999,</date>  <verb>שאבה</verb>  <noun>השראה</noun>  <noun>מקורות</noun>  <noun>בני</noun>  משפחתה  שאליהן  <verb>התוודעה</verb>  <conjunction>לאחר</conjunction>  שמצאה  <noun>צרור</noun>  <noun>מכתבים</noun>  שכתב  <adjective>אהוב</adjective>  <shel-preposition>של</shel-preposition>  אמה.  במחזה  <pronoun>זה</pronoun>  ובסיפור  <adjective>משפחתי</adjective>  (ובעקבותיו  <conjunction>גם</conjunction>  ברומן  משפחתי)  <verb>פרשה</verb>  <noun>יריעה</noun>  <adjective>היסטורית</adjective>  <adjective>רחבה</adjective>  <participle>המשלבת</participle>  <at-preposition>את</at-preposition>  <noun>הביוגרפיה</noun>  <adjective>המשפחתית</adjective>  <noun>עם</noun>  <noun>נושאים</noun>  <adjective>יהודיים</adjective>  וישראליים  <preposition>כמו</preposition>  <noun>השואה</noun>  המתקרבת,  <noun>הימים</noun>  שלפני  <noun>הקמת</noun>  המדינה,  וגם  <noun>המרד</noun>  שלה  <preposition>נגד</preposition>  הוריה  <participle>המקורבים</participle>  לימין,  <noun>עם</noun>  הצטרפותה  בנעוריה  ל"מצפן",  <preposition>כמו</preposition>  <noun>בת</noun>  דמותה  בהמורדים.  <noun>היחסים</noun>  <adjective>המורכבים</adjective>  <preposition>בתוך</preposition>  <noun>המשפחה</noun>  <verb>נבחנו</verb>  <conjunction>גם</conjunction>  במחזה  <adjective>ההיסטורי</adjective>  הורדוס.  דמותו  <shel-preposition>של</shel-preposition>  <noun>המלך</noun>  <properName>הורדוס</properName>  <verb>הוצבה</verb>  בהקשר  <negation>לא</negation>  שגרתי,  <conjunction>כאשר</conjunction>  <noun>הדרמה</noun>  <verb>התמקדה</verb>  באינטריגות  <adjective>המשפחתיות</adjective>  <adverb>יותר</adverb>  <conjunction>מאשר</conjunction>  באינטריגות  הפוליטיות.  <conjunction>גם</conjunction>  <noun>השפה</noun>  ששמה  בפי  <noun>הדמויות</noun>  <verb>חרגה</verb>  <preposition>מן</preposition>  המצופה:  <negation>לא</negation>  <adjective>עברית</adjective>  משנאית,  <conjunction>אלא</conjunction>  <noun>שפה</noun>  <adjective>הקרובה</adjective>  לעברית  העכשווית.    
  <properName>מזי"א</properName>  <pronoun>היא</pronoun>  ממובילות  <noun>המגמה</noun>  <adjective>הפמיניסטית</adjective>  בתיאטרון  הישראלי.  <preposition>בין</preposition>  <adjective>הבולטות</adjective>  בכותבי  <noun>המחזאות</noun>  התיעודית.  מאמצע  <noun>שנות</noun>  <numeral>התשעים</numeral>  <pronoun>היא</pronoun>  <conjunction>גם</conjunction>  <numeral>אחת</numeral>  מיוצרי  <noun>הלהיטים</noun>  בתיאטרון  הרפרטוארי.בישראל  <shel-preposition>של</shel-preposition>  <noun>סוף</noun>  <numeral>המאה</numeral>  <numeral>העשרים</numeral>  וראשית  <numeral>המאה</numeral>  <numeral>העשרים</numeral>  ואחת,  <verb>שבה</verb>  <verb>הכזיבו</verb>  <noun>האמונות</noun>  <adjective>הפוליטיות</adjective>  והחברתיות,  <verb>מהווה</verb>  יצירתה  <adjective>הדרמטית</adjective>  והספרותית  <noun>ביטוי</noun>  <adjective>נאמן</adjective>  לרוח  התקופה.  ברוח  הפוסט-מודרניזם  <pronoun>היא</pronoun>  <verb>מתארת</verb>  <at-preposition>את</at-preposition>  <noun>ההתמסרות</noun>  להגשמת  <noun>ערכים</noun>  <adjective>אידיאולוגיים</adjective>  <shel-preposition>של</shel-preposition>  <properName>דורה</properName>  ושל  <noun>הדור</noun>  <adjective>הקודם</adjective>  לה  כניסיון  <noun>שווא</noun>  <verb>למלא</verb>  <noun>ריק</noun>  קיומי.  
  References:  
  אוריין,דן.  <noun>דרמה</noun>  טלוויזיונית.  <properName>תל</properName>  אביב:  <noun>מכון</noun>  מופ"ת.  <date>2004.</date>  221-232;  לב,  אלאונורה.  "מאחורי  <quantifier>כל</quantifier>  <pronoun>זה</pronoun>  <verb>מסתתר</verb>  <noun>טקסט</noun>  גדול".  <noun>הארץ</noun>  ספרים.  <date>10.6.1997.</date>  35;  נגיד,  חיים.  בגנות  האשליה:  <noun>הז'אנר</noun>  <adjective>התיעודי</adjective>  בדרמה  העברית.  <properName>תל</properName>  אביב:  ספרא.  <date>2009.</date>  206-312;  קינר,  גד.  "להציץ  במציץ".תיאטרון  5.  <date>2001.</date>  3-9.  
 
		</body>
	</text>
</TEI>