<?xml version="1.0" encoding="UTF-8"?>
<?xml-model href="http://www.tei-c.org/release/xml/tei/custom/schema/relaxng/tei_all.rng" type="application/xml" schematypens="http://relaxng.org/ns/structure/1.0"?>
<?xml-model href="http://www.tei-c.org/release/xml/tei/custom/schema/relaxng/tei_all.rng" type="application/xml"
	schematypens="http://purl.oclc.org/dsdl/schematron"?>
<TEI xmlns="http://www.tei-c.org/ns/1.0">
   <teiHeader>
      <fileDesc>
         <publicationStmt>
            <p>Publication Information</p>
         </publicationStmt>
         <sourceDesc>
            <p>Information about the source</p>
         </sourceDesc>
      </fileDesc>
   </teiHeader>
   <text>
      <body>
 Name:  מטלון,  רונית
  <foreign>Birth</foreign>  Year:  <date>1959
</date>  <foreign>Birth</foreign>  Place:  <noun>גני</noun>  <noun>תקווה</noun>  להורים
  Occupation:  <noun>סופרת</noun>  ומסאית
  <foreign>Entry</foreign>  writer:  <noun>שי</noun>  רודין
  <foreign>Entry</foreign>  Value:  
  <verb>נולדה</verb>  בגני  <noun>תקווה</noun>  להורים  שעלו  <adverb>ארצה</adverb>  ממצרים  <date>ב-1949.</date>  <at-preposition>את</at-preposition>  השכלתה  <adjective>התיכונית</adjective>  <verb>רכשה</verb>  <properName>בתיכוןברנר</properName>  בפתחתקווה.  <date>מ-1980</date>  <verb>למדה</verb>  <noun>ספרות</noun>  <adjective>כללית</adjective>  ופילוסופיה  באוניברסיטת  תלאביב.  <verb>עבדה</verb>  כתחקירנית  בטלוויזיה  <adjective>הישראלית</adjective>  <date>(1985)</date>  וכעיתונאית  במוסף  <date>הארץ(1990-1985),</date>  <verb>לימדה</verb>  ב"קמרה  אובסקורה"  <date>(1997-1993),</date>  <date>ומ-2001</date>  <verb>מרצה</verb>  בחוג  לספרות  <adjective>עברית</adjective>  והשוואתית  <shel-preposition>של</shel-preposition>  <noun>אוניברסיטת</noun>  חיפה.  
  יצירתה  <verb>כוללת</verb>  <noun>סיפורים</noun>  קצרים,  נובלות,  <noun>רומנים</noun>  ומסות.  סיפורה  הראשון,"הנסיעה  לראש  פינה",  <verb>פורסם</verb>  בכתב  <noun>העת</noun>  <verb>סימן</verb>  <noun>קריאה</noun>  (פברואר  <date>1981).</date>  בשנות  <numeral>השמונים</numeral>  <shel-preposition>של</shel-preposition>  <numeral>המאה</numeral>  <numeral>העשרים</numeral>  <verb>המשיכה</verb>  <verb>לפרסם</verb>  <at-preposition>את</at-preposition>  סיפוריה  בסימן  קריאה,  <date>וב-1989</date>  <verb>יצא</verb>  <preposition>לאור</preposition>  <noun>סיפור</noun>  שמתחיל  בלוויה  <shel-preposition>של</shel-preposition>  נחש,  <noun>רומן</noun>  לבני  <noun>הנעורים</noun>  (דביר,  <date>1989)</date>  שעובד  לסרט  קולנוע.  
  <noun>קובץ</noun>  סיפוריה  הראשון,  <adjective>זרים</adjective>  בבית  <date>(1992),</date>  <verb>מתאר</verb>  <at-preposition>את</at-preposition>  עולמם  <shel-preposition>של</shel-preposition>  <noun>אנשים</noun>  <participle>המצויים</participle>  בשוליים,  <preposition>על</preposition>  העזובה,  <noun>הכאב</noun>  <adjective>האילם</adjective>  והפגיעוּת  שלהם,  <preposition>מתוך</preposition>  <noun>מבט</noun>  <adjective>מפוכח</adjective>  ומדויק.  <noun>חומרת</noun>  <noun>ההתנסחות</noun>  וההסתכלות  <adjective>הדקדקנית</adjective>  שלה  <verb>הצטיירו</verb>  <adverb>כאנטיתזה</adverb>  ל"צבעוניות"  הפולקלוריסטית,  לפאתוס  ולגודש  <adjective>הרגשני</adjective>  <noun>המאפיינים</noun>  <negation>לא</negation>  <numeral>אחת</numeral>  <verb>סופרים</verb>  <noun>הכותבים</noun>  <preposition>על</preposition>  <noun>הוויית</noun>  <noun>החיים</noun>  המזרחית.  בקובץ  <pronoun>זה</pronoun>  <verb>חושפת</verb>  <properName>מטלון</properName>  <at-preposition>את</at-preposition>  <noun>השניות</noun>  <adjective>הגלומה</adjective>  בסטריאוטיפים  <preposition>באמצעות</preposition>  <verb>הזרתם</verb>  <shel-preposition>של</shel-preposition>  <noun>אירועים</noun>  שגרתיים,  <noun>מרחבים</noun>  <adjective>קונקרטיים</adjective>  ודמויות  <participle>הנתפשות</participle>  כ"מייצגות"  לכאורה.  <adjective>זרים</adjective>  בבית  <verb>מציג</verb>  <noun>שורה</noun>  <shel-preposition>של</shel-preposition>  <noun>סיפורי</noun>  חניכה,  שבמרכזם  <verb>עומדות</verb>  <noun>דמויות</noun>  <participle>המבקשות</participle>  <verb>למצוא</verb>  <at-preposition>את</at-preposition>  עצמיותן  ולבנות  <at-preposition>את</at-preposition>  זהותן.  <conjunction>הן</conjunction>  <copula>אינן</copula>  טיפולוגיות,  <conjunction>אלא</conjunction>  <adjective>מעוצבות</adjective>  <preposition>מתוך</preposition>  <noun>חתירה</noun>  לאינדיווידואציה  קיצונית.
  <noun>הרומן</noun>  <numeral>הראשון</numeral>  שלה,  <pronoun>זה</pronoun>  <preposition>עם</preposition>  <noun>הפנים</noun>  אלינו  <date>(1995),</date>  <pronoun>הוא</pronoun>  <noun>רומן</noun>  <noun>חניכה</noun>  <participle>המגולל</participle>  <at-preposition>את</at-preposition>  קורותיה  <shel-preposition>של</shel-preposition>  <noun>משפחה</noun>  יהודית-מצרית  <preposition>באמצעות</preposition>  ביקורה  <shel-preposition>של</shel-preposition>  הגיבורה,  אסתר,  <noun>צעירה</noun>  <adjective>צברית</adjective>  <noun>בת</noun>  שבע-עשרה,  בקמרון  הפוסט-קולוניאלית.  <properName>אסתר</properName>  <verb>נשלחת</verb>  <preposition>אל</preposition>  דודיה  ומוחזקת  בניגוד  לרצונה,  במטרה  להחזירה  <preposition>אל</preposition>  התלם.  <preposition>במשך</preposition>  <noun>חודשים</noun>  <pronoun>היא</pronoun>  <verb>נחשפת</verb>  למתחים,  לסתירות,  להשחתה  ולבלבול  שבהוויית  <noun>החיים</noun>  <adjective>האפריקנית</adjective>  החנוקה:  <noun>יחסי</noun>  <adjective>שחורים</adjective>  ולבנים,  <noun>אדונים</noun>  ומשרתים,  <noun>יהודים</noun>  ושאינם  יהודים,  <adjective>ליברלים</adjective>  ושמרנים,  <noun>גברים</noun>  ונשים.  במהלך  <noun>הביקור</noun>  <verb>עולה</verb>  ומהדהד  <noun>הסיפור</noun>  המשפחתי,  <participle>המתפרש</participle>  <preposition>על</preposition>  <noun>פני</noun>  <numeral>שלוש</numeral>  <noun>ארצות</noun>  <punctuation>–</punctuation>  מצרים,  <properName>קמרון</properName>  וישראל.  <noun>המרחבים</noun>  <adjective>השונים</adjective>  <verb>מלמדים</verb>  <conjunction>גם</conjunction>  <preposition>על</preposition>  <noun>אפשרויות</noun>  <adjective>קיומיות</adjective>  <adjective>שונות</adjective>  ומעמתים  <preposition>בין</preposition>  "האדם  הציוני"  <preposition>לבין</preposition>  <noun>האדם</noun>  שהוא  "אזרח  העולם".  <verb>נחשף</verb>  <adverb>כאן</adverb>  יחסה  <adjective>הפטרנליסטי</adjective>  <shel-preposition>של</shel-preposition>  <noun>הציונות</noun>  לאריסטוקרטיה  <adjective>הלבנטינית</adjective>  מארצות  <noun>האסלאם</noun>  בארץ  ישראל,  ואולם  <noun>התיאור</noun>  <verb>נעדר</verb>  <noun>נימה</noun>  קורבנית.  ייחודו  <adjective>המבני</adjective>  <shel-preposition>של</shel-preposition>  <noun>הרומן</noun>  <adjective>נעוץ</adjective>  בשבירה  <noun>הז'אנרית</noun>  שמבצעת  מטלון:  <quantifier>כל</quantifier>  <noun>פרק</noun>  <verb>נולד</verb>  <preposition>מתוך</preposition>  <noun>תצלום</noun>  שהוצא  מאלבום  <noun>התמונות</noun>  המשפחתי.  <noun>התצלומים</noun>  <verb>מחברים</verb>  <preposition>בין</preposition>  <noun>הכתיבה</noun>  <adjective>הספרותית</adjective>  למדיום  <adjective>הוויזואלי</adjective>  ובין  <noun>ממשות</noun>  לבדיון.  <preposition>בתוך</preposition>  <noun>יריעת</noun>  <noun>הרומן</noun>  <verb>משולבים</verb>  <numeral>שני</numeral>  <noun>פרקים</noun>  <preposition>מתוך</preposition>  ממזרח  שמש,  ספרה  <shel-preposition>של</shel-preposition>  <properName>ז'קלין</properName>  כהנוב,  <noun>סופרת</noun>  <noun>ילידת</noun>  <properName>מצרים</properName>  שעלתה  לישראל  ומטלון  <verb>רואה</verb>  בה  <conjunction>אם</conjunction>  ספרותית.  <noun>הכתיבה</noun>  ברומן  שקולה,  מאופקת,  <adjective>מדודה</adjective>  וחותרת  לדיוק,  והוא  <verb>הציב</verb>  <at-preposition>את</at-preposition>  <noun>המחברת</noun>  בשורה  <numeral>הראשונה</numeral>  <shel-preposition>של</shel-preposition>  <noun>כותבי</noun>  <noun>הפרוזה</noun>  <adjective>הישראלית</adjective>  ואף  נבחר,  <conjunction>לאחר</conjunction>  שתורגם  לאנגלית  ופורסם  בארצות  הברית,  לאחד  מעשרת  <noun>הספרים</noun>  <adjective>הטובים</adjective>  <shel-preposition>של</shel-preposition>  <date>1998</date>  <preposition>על</preposition>  <noun>ידי</noun>  <noun>מוסף</noun>  <noun>הספרים</noun>  <shel-preposition>של</shel-preposition>  <properName>ניו</properName>  <properName>יורק</properName>  טיימס.
  <date>ב-2000</date>  <verb>פירסמה</verb>  <properName>מטלון</properName>  <at-preposition>את</at-preposition>  שרה,  שרה,  <noun>רומן</noun>  <adjective>פוליטי</adjective>  <noun>המתאר</noun>  <noun>רעוּת</noun>  <adjective>אינטימית</adjective>  <preposition>בין</preposition>  <numeral>שתי</numeral>  נשים:  שרה,  <noun>צלמת</noun>  <noun>פעילת</noun>  שמאל,  <participle>נשואה</participle>  ואם  לבן,  <participle>המנהלת</participle>  <noun>רומן</noun>  <preposition>עם</preposition>  מרוואן,  <noun>סטודנט</noun>  ערבי;  ועפרה,  <noun>בת</noun>  למשפחת  <noun>עולים</noun>  <adverb>מזרחית</adverb>  שגודלה  <preposition>על</preposition>  <noun>ידי</noun>  <conjunction>אם</conjunction>  חד-הורית,  המתבוננת,  <participle>מוסרת</participle>  ומפרשת  <at-preposition>את</at-preposition>  <noun>הפרטים</noun>  לקוראים.  לרומן  <numeral>שתי</numeral>  עלילות,  <properName>פריזאית</properName>  וישראלית,  <conjunction>כאשר</conjunction>  <numeral>הראשונה</numeral>  <verb>מייצגת</verb>  <at-preposition>את</at-preposition>  <noun>המישור</noun>  <adjective>הפרטי</adjective>  האישי,  ואילו  <noun>השנייה</noun>  <at-preposition>את</at-preposition>  <noun>המישור</noun>  הפוליטי.  <noun>העלילה</noun>  <adjective>הפריזאית</adjective>  <verb>מספרת</verb>  <at-preposition>את</at-preposition>  <noun>סיפור</noun>  משפחתה  <shel-preposition>של</shel-preposition>  עפרה,  ואילו  <noun>העלילה</noun>  <adjective>הישראלית</adjective>  <verb>מספרת</verb>  <at-preposition>את</at-preposition>  <noun>הסיפור</noun>  <adjective>הישראלי</adjective>  <adjective>הפוליטי</adjective>  מהאינתיפאדה  <numeral>הראשונה</numeral>  <preposition>עד</preposition>  לרצח  רבין,  ואת  <noun>סיפור</noun>  חברותן  <shel-preposition>של</shel-preposition>  <numeral>שתי</numeral>  <noun>הנשים</noun>  <participle>ההופך</participle>  למשולש,  <conjunction>לאחר</conjunction>  נישואיה  <shel-preposition>של</shel-preposition>  <properName>שרה</properName>  לאודי.  <noun>תפישת</noun>  <noun>הזהות</noun>  ברומן  <pronoun>היא</pronoun>  <shel-preposition>של</shel-preposition>  <noun>זהות</noun>  גמישה,  <wPrefix>בלתי</wPrefix>  יציבה,  <properName>נעה</properName>  ומתחברת  <preposition>עם</preposition>  <noun>זהויות</noun>  אחרות,  ובעיקר  <punctuation>–</punctuation>  <adjective>זקוקה</adjective>  לכינון  <adjective>חוזר</adjective>  ונשנה,  למאמץ  <wPrefix>בלתי</wPrefix>  <adjective>נלאה</adjective>  ולהגדרה  מחודשת.  <preposition>מתוך</preposition>  <numeral>שתי</numeral>  העלילות,  <participle>הנשזרות</participle>  <pronoun>זו</pronoun>  בזו,  <verb>מוצגות</verb>  באופן  <adjective>חריף</adjective>  וביקורתי  <noun>האלימות</noun>  ואי-לקיחת  <noun>האחריות</noun>  המוסרית.  <pronoun>אלה</pronoun>  <verb>עולות</verb>  <preposition>מתוך</preposition>  <noun>קשרים</noun>  <adjective>פרטיים</adjective>  וקולקטיביים  ויוצרות  <noun>טשטוש</noun>  <preposition>בין</preposition>  <noun>המרחב</noun>  <adjective>הפרטי</adjective>  למרחב  הציבורי.  
  <adjective>קרוא</adjective>  וכתוב  <date>(2001)</date>  <pronoun>הוא</pronoun>  <noun>קובץ</noun>  <noun>מסות</noun>  אוטוביוגרפיות,  <noun>רשימות</noun>  <preposition>על</preposition>  <noun>אמנות</noun>  <adjective>פלסטית</adjective>  וצילום,  <noun>רשימות</noun>  ספרותיות,  וכן  <noun>רשימות</noun>  מביקורים  שערכה  ברצועת  <properName>עזה</properName>  בימי  <noun>האינתיפאדה</noun>  הראשונה.  <noun>הספר</noun>  <verb>שב</verb>  ודן  בפוליטיקה  <adjective>הסבוכה</adjective>  <shel-preposition>של</shel-preposition>  <noun>הזהות</noun>  <adjective>הישראלית</adjective>  כהמשך  <adjective>ישיר</adjective>  לשרה,  שרה,  וחושף  <negation>לא</negation>  <conjunction>רק</conjunction>  <at-preposition>את</at-preposition>  מודעותה  <adjective>הפוליטית</adjective>  <shel-preposition>של</shel-preposition>  מטלון,  <conjunction>אלא</conjunction>  <conjunction>גם</conjunction>  <at-preposition>את</at-preposition>  <noun>ההשפעות</noun>  <adjective>התרבותיות</adjective>  שכתיבתה  <verb>יונקת</verb>  מהן.  
  <noun>הרומן</noun>  <numeral>השלישי</numeral>  <shel-preposition>של</shel-preposition>  מטלון,  <noun>קול</noun>  צעדינו  <date>(2008),</date>  <pronoun>הוא</pronoun>  <noun>בעל</noun>  <noun>אופי</noun>  אימפרסיוניסטי.  <noun>פרטים</noun>  <verb>נאספים</verb>  לפרטים  ובונים  <noun>סיפור</noun>  משפחתי,  שבמרכזו  <noun>משפחה</noun>  <participle>המתגוררת</participle>  בצריף  בגני  <noun>תקווה</noun>  וכוללת  סבתא,  אם,  <noun>אב</noun>  נוכח-נפקד,  אח,  <noun>אחות</noun>  <adjective>גדולה</adjective>  ובת  <noun>הזקונים</noun>  טוני,  <participle>המספרת</participle>  <at-preposition>את</at-preposition>  <noun>הרומן</noun>  באופן  <adjective>רטרוספקטיבי</adjective>  בשני  קולות,  <noun>קול</noun>  <noun>הילדה</noun>  וקול  הבוגרת.  ברומן  <pronoun>זה</pronoun>  <verb>נמשך</verb>  <noun>העיסוק</noun>  בשני  <noun>הנושאים</noun>  <noun>המאפיינים</noun>  <at-preposition>את</at-preposition>  יצירתה  <shel-preposition>של</shel-preposition>  מטלון:  <noun>זהות</noun>  <verb>מפולשת</verb>  וקריסת  הבית.  <noun>הגיבורה</noun>  <adjective>המרכזית</adjective>  <pronoun>היא</pronoun>  האֵם,  <participle>המשורטטת</participle>  <preposition>לאור</preposition>  <noun>התבוננות</noun>  בתה  שבגרה.  <pronoun>זו</pronoun>  <noun>הדמות</noun>  שאליה  <adjective>קשור</adjective>  <noun>הזיכרון</noun>  וממנה  <verb>נובעים</verb>  <noun>הזיכרונות</noun>  <adjective>האחרים</adjective>  <shel-preposition>של</shel-preposition>  המספרת.  <noun>המחברת</noun>  <verb>מאפיינת</verb>  <at-preposition>את</at-preposition>  הצריף-הבית  כעולם  <adjective>חווייתי</adjective>  ורגשי,  שאמנם  <adjective>מודע</adjective>  לקיומם  <shel-preposition>של</shel-preposition>  <noun>עולמות</noun>  אחרים,  <conjunction>אך</conjunction>  <verb>המלאוּת</verb>  <verb>והכּוּליות</verb>  שרוחשות  בו  <verb>מעמידות</verb>  אותו  כמרחב  <adjective>קיומי</adjective>  עצמאי.  <noun>תיאור</noun>  <pronoun>זה</pronoun>  מנתץ  <at-preposition>את</at-preposition>  סטריאוטיפ  "שכונת  המצוקה"  ומאפשר  <noun>העלאת</noun>  <noun>תמונה</noun>  חד-פעמית,  שאינה  <adverb>חלק</adverb>  <noun>משיח</noun>  <adjective>כללי</adjective>  מתייג.
  <numeral>אחת</numeral>  <noun>הדרכים</noun>  שבהן  <verb>חותרת</verb>  <properName>מטלון</properName>  <verb>להפגיש</verb>  <at-preposition>את</at-preposition>  <noun>הקוראים</noun>  <preposition>עם</preposition>  עולמן  <adjective>הפנימי</adjective>  <shel-preposition>של</shel-preposition>  דמויותיה,  <pronoun>היא</pronoun>  בשילוב  <noun>מרכיבים</noun>  חוץ-עלילתיים  לכאורה.  ברומן  <verb>משולבים</verb>  <noun>קטעים</noun>  <adjective>מכִתבי</adjective>  האב,  <participle>המקנים</participle>  לו  <noun>ממד</noun>  "מציאותי".  <adverb>בנוסף</adverb>  <verb>משולבים</verb>  <noun>פרקים</noun>  <preposition>מתוך</preposition>  <noun>הגברת</noun>  <preposition>עם</preposition>  <noun>הקמליות</noun>  לאלכסנדר  <properName>דיומא</properName>  הבן,  <noun>הרומן</noun>  <adjective>האהוב</adjective>  <preposition>על</preposition>  האם,  וכן  <noun>קטעים</noun>  <participle>העוסקים</participle>  בגינון  ומחדדים  <at-preposition>את</at-preposition>  מלחמתה  <shel-preposition>של</shel-preposition>  <noun>האם</noun>  בטבע,  כשהיא  <verb>מנסה</verb>  <verb>לגדל</verb>  <noun>ורדים</noun>  בגינתה.  לקטעים  <preposition>מן</preposition>  <noun>הסוג</noun>  <pronoun>הזה</pronoun>  <noun>תפקיד</noun>  כפול:  <noun>העמקת</noun>  <noun>ההיכרות</noun>  <adjective>האינטימית</adjective>  <preposition>עם</preposition>  הדמות,  <preposition>לצד</preposition>  <noun>רמז</noun>  לחיים  <adjective>נוספים</adjective>  <participle>הנסתרים</participle>  מזיכרונה  ומידיעתה  <shel-preposition>של</shel-preposition>  המספרת.  <noun>הרומן</noun>  הזה,  <conjunction>כמו</conjunction>  <quantifier>כל</quantifier>  כתביה  <shel-preposition>של</shel-preposition>  מטלון,  <adjective>שזור</adjective>  בשדרים  פוליטיים,  שטבעם  <verb>מתברר</verb>  <adverb>בהדרגה</adverb>  <preposition>באמצעות</preposition>  <noun>פענוח</noun>  <noun>מארג</noun>  <noun>הזיקות</noun>  <adjective>המורכב</adjective>  <preposition>בין</preposition>  <noun>המישור</noun>  <adjective>הפרטי</adjective>  למישור  הציבורי.  
  <date>ב-2012</date>  פירסמה,  <preposition>עם</preposition>  <properName>אריאל</properName>  הירשפלד,  <at-preposition>את</at-preposition>  <noun>הרומן</noun>  <noun>השפעה</noun>  <wPrefix>בלתי</wPrefix>  הוגנת:  <noun>רומן</noun>  במכתבים.
  ספריה  <shel-preposition>של</shel-preposition>  <properName>מטלון</properName>  <verb>תורגמו</verb>  לכמה  <noun>שפות</noun>  אירופיות.  <pronoun>היא</pronoun>  <noun>כלת</noun>  <properName>פרס</properName>  <properName>ברנשטיין</properName>  <date>(2009),</date>  <participle>זוכת</participle>  <properName>פרס</properName>  <properName>ניומן</properName>  לספרות  <date>(2010)</date>  ובעלת  <noun>תואר</noun>  <noun>דוקטור</noun>  <preposition>לשם</preposition>  <noun>כבוד</noun>  שהוענק  לה  מהאוניברסיטה  <adjective>העברית</adjective>  בירושלים  <date>ב-2010.
</date>  References:  
  גלוזמן,  מיכאל.  "להישרט  <preposition>על</preposition>  <noun>ידי</noun>  החומר,  <negation>לא</negation>  <verb>להתרפק</verb>  עליו:  <noun>ראיון</noun>  <preposition>עם</preposition>  <properName>רונית</properName>  מטלון".  <adverb>מכאן</adverb>  ב'.יולי  <date>2001.</date>  228-248;  חבר,  חנן.  "רונית  מטלון,  <conjunction>רק</conjunction>  <adverb>כך</adverb>  <pronoun>אני</pronoun>  <modal>יכולה</modal>  לראות".  <noun>הסיפור</noun>  והלאום:  <noun>קריאות</noun>  <adjective>ביקורתיות</adjective>  <properName>בקאנון</properName>  <noun>הסיפורת</noun>  העברית.  <properName>תל</properName>  אביב:  רסלינג.  <date>2007.</date>  329-343;  מירסקי,  נילי.  "אחרית  דבר:  <noun>ההתמקדות</noun>  <adjective>האחראית</adjective>  בקצוות  <participle>השרופים</participle>  <shel-preposition>של</shel-preposition>  העולם".  <adjective>זרים</adjective>  בבית.  <properName>תל</properName>  אביב:  <noun>הקיבוץ</noun>  המאוחד.  <date>1992.</date>  152-149.  
 
		</body>
	</text>
</TEI>