<?xml version="1.0" encoding="UTF-8"?>
<?xml-model href="http://www.tei-c.org/release/xml/tei/custom/schema/relaxng/tei_all.rng" type="application/xml" schematypens="http://relaxng.org/ns/structure/1.0"?>
<?xml-model href="http://www.tei-c.org/release/xml/tei/custom/schema/relaxng/tei_all.rng" type="application/xml"
	schematypens="http://purl.oclc.org/dsdl/schematron"?>
<TEI xmlns="http://www.tei-c.org/ns/1.0">
   <teiHeader>
      <fileDesc>
         <publicationStmt>
            <p>Publication Information</p>
         </publicationStmt>
         <sourceDesc>
            <p>Information about the source</p>
         </sourceDesc>
      </fileDesc>
   </teiHeader>
   <text>
      <body>
 <?xml  version="1.0"  encoding="UTF-8"?>
  <?xml-model  href="http://www.tei-c.org/release/xml/tei/custom/schema/relaxng/tei_all.rng"  type="application/xml"  schematypens="http://relaxng.org/ns/structure/1.0"?>
  <?xml-model  href="http://www.tei-c.org/release/xml/tei/custom/schema/relaxng/tei_all.rng"  type="application/xml"
  	schematypens="http://purl.oclc.org/dsdl/schematron"?>
  <TEI  xmlns="http://www.tei-c.org/ns/1.0">
        <teiHeader>
              <fileDesc>
                    <publicationStmt>
                          <p>Publication  Information</p>
                    </publicationStmt>
                    <sourceDesc>
                          <p>Information  about  the  source</p>
                    </sourceDesc>
              </fileDesc>
        </teiHeader>
        <text>
              <body>
    Name:    מיטלפונקט,    הלל
      <foreign>Birth</foreign>    Year:    <date><date>1949
</date>  </date>    <foreign>Birth</foreign>    Place:    <properName>יפו</properName>    וגדל    בחולון
      Occupation:    מחזאי,    <noun>במאי</noun>    ותסריטאי
      <foreign>Entry</foreign>    writer:    <noun>חיים</noun>    נגיד
      <foreign>Entry</foreign>    Value:    
      <verb>נולד</verb>    ביפו    וגדל    בחולון.    <adjective>נשוי</adjective>    לשדרנית    <properName>יעל</properName>    דן.    <noun>כתב</noun>    ותירגם    <adverb>יותר</adverb>    מארבעים    מחזות,    שאת    חלקם    ביים,    וארבעה    תסריטים.    <verb>עוקב</verb>    במחזותיו    <preposition>אחר</preposition>    <noun>ההשפעות</noun>    <shel-preposition>של</shel-preposition>    הגלותיות,    השואה,    <noun>המלחמות</noun>    והמצוקה    <adjective>החברתית</adjective>    והכלכלית    <preposition>על</preposition>    <noun>הדיוקן</noun>    <adjective>המשתנה</adjective>    <shel-preposition>של</shel-preposition>    הישראלים,    <noun>פליטי</noun>    מזרח-אירופה,    <noun>תושבי</noun>    <noun>אזורי</noun>    <noun>הדרום</noun>    ושכונות    המצוקה,    <adverb>ואחרכך</adverb>    –אחר    עולמם    <adjective>החלול</adjective>    <shel-preposition>של</shel-preposition>    <noun>הבורגנים</noun>    החדשים,    <noun>חסרי</noun>    <noun>המצפן</noun>    המוסרי,    <shel-preposition>של</shel-preposition>    <properName>ישראל</properName>    ה"נובורישית".        
      הוריו    <noun>ניצולי</noun>    <noun>השואה</noun>    <verb>עלו</verb>    לארץ    מפולין    <date><date>ב-1948</date></date>    והתיישבו    ביפו.    אביו,    <noun>הצייר</noun>    והסופר    <properName>יוסף</properName>    <properName>דוד</properName>    מיטלפונקט,    <verb>פירסם</verb>    ביידיש    <noun>שירים</noun>    וסיפורים    שהופיעו    <conjunction>גם</conjunction>    בתרגום    עברי.    <noun>חלק</noun>    מילדותו    <verb>עבר</verb>    עליו    בחולון.    <noun>החוויה</noun>    <participle>המעצבת</participle>    שלו    כמחזאי    <verb>עברה</verb>    עליו    בהיותו    <noun>בן</noun>    עשר.    הוריו    <verb>לקחו</verb>    <quantifier>אותו</quantifier>    <verb>לצפות</verb>    בתיאטרון    "הבימה"    בהצגה    שנים-עשר    המושבעים,    ובאותו    <noun>לילה</noun>    <noun>כתב</noun>    <noun>מחזה</noun>    <noun>בן</noun>    <numeral>עשרה</numeral>    <noun>עמודים</noun>    שנשא    <quantifier>אותו</quantifier>    שם,    <verb>שבו</verb>    <verb>תימצת</verb>    <at-preposition>את</at-preposition>    זיכרונותיו    <preposition>מן</preposition>    ההצגה.    בהמשך    <verb>למד</verb>    <properName>בתלאביב</properName>    בתיכון    לאמנויות    "רננים"    ובאוניברסיטת    <properName>תל</properName>    <properName>אביב</properName>    בחוגים    לספרות    ולתיאטרון,    <adverb>שם</adverb>    <verb>סיים</verb>    <at-preposition>את</at-preposition>    לימודיו.    בחוג    לתיאטרון    <verb>לימד</verb>    <noun>כתיבת</noun>    <noun>מחזות</noun>    <preposition>במשך</preposition>    <adjective>שנתיים</adjective>    בשנים    <date><date>1994-1993.</date></date>    יצירתו    <numeral>הראשונה</numeral>    שפורסמה    <copula>היתה</copula>    <adverb>דווקא</adverb>    שיר,    שהופיע    בכתב    <noun>העת</noun>    <properName>קשת</properName>    <date><date>ב-1969.
</date>  </date>    <numeral>שתי</numeral>    <noun>חוויות</noun>    <adjective>אוטוביוגרפיות</adjective>    <verb>מזינות</verb>    <noun>חלק</noun>    <adjective>ניכר</adjective>    ממחזותיו:    ילדותו    במשפחת    <noun>ניצולי</noun>    <noun>שואה</noun>    <properName>קשת</properName>    יום,    והטראומה    <shel-preposition>של</shel-preposition>    <noun>מלחמת</noun>    <noun>יום</noun>    הכיפורים,    <verb>שבה</verb>    <verb>לקח</verb>    <noun>חלק</noun>    ולה    <verb>נתן</verb>    <noun>ביטוי</noun>    בדוקו-דרמה    <properName>גורודיש</properName>    <date><date>(1993).</date></date>    בשבוע    <numeral>השני</numeral>    למלחמה    <pronoun>הוא</pronoun>    <verb>עמד</verb>    <preposition>עם</preposition>    <adverb>עוד</adverb>    <noun>חייל</noun>    <preposition>מאחורי</preposition>    <noun>עץ</noun>    דק,    ושניהם    <verb>שימשו</verb>    <noun>מטרה</noun>    לכדורים    <participle>השורקים</participle>    סביבם.    <noun>המלחמה</noun>    והשבר    <adjective>הפסיכולוגי</adjective>    שבא    בעקבותיה    <verb>עוררו</verb>    <noun>זיכרונות</noun>    <adjective>רדומיםבבן</adjective>    <noun>הדור</noun>    <numeral>השני</numeral>    לשואה,    והעצימו    <at-preposition>את</at-preposition>    "הזהות    הכפולה"    שלו,    כבן    <noun>מהגרים</noun>    <adjective>דחוי</adjective>    <preposition>על</preposition>    <noun>ידי</noun>    <noun>החברה</noun>    וכצבר    <noun>הלוחם</noun>    בשורותיה,    וזהות    <pronoun>זו</pronoun>    <pronoun>היא</pronoun>    <participle>העומדת</participle>    במרכז    <noun>רוב</noun>    מחזותיו.
      מחזותיו    <noun>הראשונים</noun>    <verb>נכתבו</verb>    בסגנון    <adjective>ריאליסטי</adjective>    והצטיינו    בדיאלוגים    שנונים,    שעסקו    בנושאים    <adjective>חברתיים</adjective>    ובשבר    <shel-preposition>של</shel-preposition>    המלחמה.    <noun>שנות</noun>    השבעים,    שבהן    <verb>החל</verb>    <verb>לכתוב</verb>    <noun>מחזות</noun>    חברתיים,    <participle>היוהעשור</participle>    <verb>שבו</verb>    <verb>צצה</verb>    <noun>דרמה</noun>    <adjective>חברתית</adjective>    מסוג    חדש.    <conjunction>אם</conjunction>    <noun>השיח</noun>    <adjective>הדרמטי</adjective>    והקולנועי    <adjective>הקודם</adjective>    <copula>היה</copula>    <noun>ספוג</noun>    <noun>התנשאות</noun>    מתחסדת,    <verb>החלו</verb>    <verb>לעלות</verb>    <adverb>עתה</adverb>    <noun>מחזות</noun>    <properName>שהציגומתוך</properName>    <noun>הזדהות</noun>    <at-preposition>את</at-preposition>    מצבה    <shel-preposition>של</shel-preposition>    "ישראל    השנייה".למיטלפונקט    <copula>היתה</copula>    <noun>הזדהות</noun>    <pronoun>זו</pronoun>    טבעית,    כמובן.    <noun>הבמאי</noun>    <properName>הלל</properName>    <properName>נאמן</properName>    <verb>עודד</verb>    <quantifier>אותו</quantifier>    בראשית    צעדיו    וביים    <at-preposition>את</at-preposition>    מחזהו    הראשון,    <noun>התקווה</noun>    <adjective>האחרונה</adjective>    <shel-preposition>של</shel-preposition>    <noun>רחוב</noun>    <properName>נחמני</properName>    (תיאטרון    חיפה,    <date><date>1974),</date></date>    שגיבוריו    <pronomial>הם</pronomial>    <noun>פליטי</noun>    <noun>שואה</noun>    <verb>מזדקנים</verb>    וסגנונו    <preposition>ריאליסטי.גם</preposition>    <noun>המחזה</noun>    <date><date>מכולת(1982)נכתב</date></date>    באותו    <noun>סגנון</noun>    <adjective>מדויק</adjective>    ונאמן    למציאות    ונסב    <preposition>על</preposition>    <noun>המשפחה</noun>    <adjective>היהודית</adjective>    <noun>פליטת</noun>    השואה,    <participle>המתקשה</participle>    <verb>להסתגל</verb>    לישראל    וחשה    בה    כחסרת    בית.    <adverb>מכאן</adverb>    <noun>ועד</noun>    לגיבורי    מחזותיו    <participle>העוסקים</participle>    ב"ישראל    השנייה"    <copula>היה</copula>    <noun>המרחק</noun>    קצר.ואמנם,    <pronoun>הוא</pronoun>    <verb>מעצב</verb>    <at-preposition>את</at-preposition>    <noun>תחושת</noun>    <noun>הפליטות</noun>    <shel-preposition>של</shel-preposition>    ילדותו    במחזות    <preposition>על</preposition>    <noun>אנשים</noun>    בשולי    <noun>החברה</noun>    הישראלית,תושבי    <noun>שכונות</noun>    <noun>המצוקה</noun>    ועיירות    הפיתוח,    שחולמים    <preposition>על</preposition>    <noun>חיי</noun>    <properName>זוהר</properName>    בעיר    <adjective>הגדולה</adjective>    <conjunction>אך</conjunction>    <verb>מוסיפים</verb>    <verb>להתבוסס</verb>    בביצת    חייהם    ללא    מוצא.    בשרגא    <adjective>קטן</adjective>    <date><date>(1975),</date></date>    שנכתב    <conjunction>גם</conjunction>    כתסריט,    <verb>מגלה</verb>    <noun>נערה</noun>    מעיירת    פיתוח,    שבילתה    <noun>לילה</noun>    <adjective>סוער</adjective>    בחברת    <numeral>ארבעה</numeral>    <noun>חיילי</noun>    <noun>מילואים</noun>    בצוות    <noun>טנק</noun>    וכתב    צבאי,    שהרתה.    וכך    <verb>מתלבטים</verb>    <noun>חמשת</noun>    <noun>החיילים</noun>    <interrogative>מי</interrogative>    <verb>ייטול</verb>    <at-preposition>את</at-preposition>    <noun>האחריות</noun>    להיריון.    <noun>עלילת</noun>    <interrogative>מי</interrogative>    <noun>תהום</noun>    <date><date>(1977)</date></date>    <verb>מתרחשת</verb>    בשכונה    <noun>עזובה</noun>    בפאתי    הכרך,    ובמרכזה    <noun>חבורת</noun>    <noun>צעירים</noun>    <participle>הסובלים</participle>    מניכור    ומקשיי    פרנסה.    <adverb>כך</adverb>    <conjunction>גם</conjunction>    <noun>ג'וקר</noun>    <date><date>(1982)</date></date>    וגן    <noun>עדן</noun>    <noun>דרום</noun>    שנכתב    במרחק    <shel-preposition>של</shel-preposition>    כשני    <noun>עשורים</noun>    ממחזות    <noun>המחאה</noun>    <noun>הראשונים</noun>    <date><date>(1996).</date></date>    <noun>מחזה</noun>    הרוקמאמי,    שכתב    וביים    <date><date>ב-1986,</date></date>    <noun>עסק</noun>    בכיבוש    <adjective>הישראלי</adjective>    בשטחים    וביחס    לפלסטינים,    וכן    בקיפוח    ובאפליה    <shel-preposition>של</shel-preposition>    <noun>תושבי</noun>    הדרום.    <noun>המחאה</noun>    והביקורת    <adjective>החברתית</adjective>    <verb>הגיעו</verb>    לביטוי    <verb>מוקצן</verb>    בשורה    <shel-preposition>של</shel-preposition>    <noun>סאטירות</noun>    פוליטיות,    שחלקן    <verb>נכתבו</verb>    <preposition>עם</preposition>    <properName>יהושע</properName>    סובול:    <properName>ויהי</properName>    חור,    <noun>עמוד</noun>    <noun>העץ</noun>    <date><date>(1979)</date></date>    וסטריפטיז    <adjective>אחרון</adjective>    <date><date>(1980).
</date>  </date>    <verb>החל</verb>    משנות    <numeral>התשעים</numeral>    <verb>כותב</verb>    <conjunction>גם</conjunction>    <preposition>על</preposition>    <noun>אנשים</noun>    במרכז    <noun>החברה</noun>    הישראלית,    <interrogative>מי</interrogative>    שהיו    <noun>לוחמים</noun>    בעבר    <punctuation>–</punctuation>    והתברגנו.    <noun>נקודת</noun>    <noun>הכובד</noun>    <verb>עוברת</verb>    <adverb>עתה</adverb>    מהפריפריה    למרכז.    בהתאונה    <date><date>(2004)</date></date>    <noun>נוסעים</noun>    <numeral>שלושה</numeral>    <noun>חברים</noun>    <verb>לחגוג</verb>    <at-preposition>את</at-preposition>    <noun>ליל</noun>    <properName>הסילבסטר</properName>    באשקלון:    <noun>במאי</noun>    <noun>סרטים</noun>    תיעודיים,    <verb>חברו</verb>    <noun>הפרסומאי</noun>    ואשתו    <shel-preposition>של</shel-preposition>    <noun>הפרסומאי</noun>    <punctuation>–</punctuation>    <verb>מומחית</verb>    לנשק    <adjective>גרעיני</adjective>    וטילים    בליסטיים.בדרכם    <verb>חזרה</verb>    הביתה,    בכביש    צדדי,    <pronomial>הם</pronomial>    <verb>דורסים</verb>    למוות    <verb>פועל</verb>    סיני,    והשלושה    <verb>מסתלקים</verb>    <preposition>מן</preposition>    <noun>המקום</noun>    <conjunction>בלי</conjunction>    <verb>לדווח</verb>    <preposition>על</preposition>    התאונה.    <properName>גםבאיסמעיליה</properName>    <date><date>(2002),</date></date>    שעליו    <verb>קיבל</verb>    <at-preposition>את</at-preposition>    <noun>פרס</noun>    <noun>מחזאי</noun>    <noun>השנה</noun>    (הוצג    <conjunction>גם</conjunction>    בברלין),    ובגוד    <properName>ביי</properName>    <properName>אפריקה</properName>    <date><date>(2007)</date></date>    <pronoun>הוא</pronoun>    <verb>בוחן</verb>    <at-preposition>את</at-preposition>    <noun>הישראלים</noun>    שאיבדו    <at-preposition>את</at-preposition>    <noun>המצפן</noun>    <adjective>המוסרי</adjective>    בישראל    <adjective>השבעה</adjective>    והנובורישית.        
      <preposition>עם</preposition>    זאת,    <conjunction>גם</conjunction>    בשנות    <numeral>התשעים</numeral>    ובעשור    <adjective>הבא</adjective>    <pronoun>הוא</pronoun>    <verb>מוסיף</verb>    <verb>לחזור</verb>    לנושא    <noun>הזהות</noun>    <shel-preposition>של</shel-preposition>    <noun>המהגרים</noun>    ממזרח-אירופה.    בעיר    <noun>הנפט</noun>    <date><date>(2004)</date></date>    <pronoun>הוא</pronoun>    <verb>מציג</verb>    <noun>בעלת</noun>    <noun>מזנון</noun>    באבו-רודס    שעולמה    <verb>מזכיר</verb>    <at-preposition>את</at-preposition>    עולמם    <shel-preposition>של</shel-preposition>    גיבוריו    הראשונים,    <participle>הנמצאים</participle>    <preposition>על</preposition>    <noun>סף</noun>    <noun>הצלחה</noun>    <conjunction>אבל</conjunction>    נכשלים.    ואילו    במדריך    למטייל    <date><date>בוורשה(1998)</date></date>    <pronoun>הוא</pronoun>    <verb>ניגש</verb>    לנושא    מזווית    אחרת:    <pronoun>הוא</pronoun>    <verb>מפגיש</verb>    <noun>צייר</noun>    <adjective>מתוסכל</adjective>    ואמו,    <noun>ילידת</noun>    פולין,    <preposition>עם</preposition>    <noun>העיר</noun>    והארץ    שהזינו    <at-preposition>את</at-preposition>    שנאתה    <preposition>במשך</preposition>    <numeral>חמישים</numeral>    <noun>השנים</noun>    האחרונות.    <noun>האם</noun>    <verb>מתאהבת</verb>    <adverb>מחדש</adverb>    בעיר    הולדתה,    והקונפליקט    <adjective>ארוך</adjective>    <noun>השנים</noun>    <preposition>בין</preposition>    <noun>הבן</noun>    לאמו    <verb>מגיע</verb>    <preposition>אל</preposition>    <noun>הקרב</noun>    הסופי.    <conjunction>גם</conjunction>    עולמם    <shel-preposition>של</shel-preposition>    <noun>קשי</noun>    <noun>היום</noun>    בשולי    <noun>החברה</noun>    <verb>שב</verb>    ועולה.    באם    <date><date>הבית(1993)</date></date>    <noun>רווקה</noun>    מופנמתהמכלה    <at-preposition>את</at-preposition>    ימיה    בעבודה    <adjective>אפרורית</adjective>    במפעל    ובטיפול    <adjective>מסור</adjective>    בסביה,    <verb>מכניסה</verb>    לדירתם    <adjective>הצפופה</adjective>    <noun>גבר</noun>    <adjective>מקסים</adjective>    כדייר    משנה.    <conjunction>אלא</conjunction>    שהאידיליה    <verb>מתפוגגת</verb>    <conjunction>כאשר</conjunction>    <verb>חוזרת</verb>    לבית    <noun>האם</noun>    <adjective>הרעשנית</adjective>    בליווי    <noun>איש</noun>    <noun>עסקים</noun>    <adjective>מפוקפק</adjective>    ומציפה    <at-preposition>את</at-preposition>    <noun>ההווה</noun>        בסודות    <preposition>מן</preposition>    העבר,    שמפרקים    <at-preposition>את</at-preposition>    המשפחה.
      במקרה    <numeral>אחד</numeral>    <pronoun>הוא</pronoun>    <verb>חרג</verb>    <adverb>במובהק</adverb>    מדמויות    אלה:    <noun>נהג</noun>    <noun>ציירת</noun>    <date><date>(1988),</date></date>    שהוצג    <conjunction>גם</conjunction>    בלונדון    וחזר    והועלה    בארץ    <date><date>ב-2006,</date></date>    <verb>משרטט</verb>    באירוניה    ובשנינות    <noun>מערכת</noun>    <noun>יחסים</noun>    <wPrefix>בלתי</wPrefix>    <adjective>אפשרית</adjective>    <preposition>בין</preposition>    <noun>ציירת</noun>    כבת    שישים    ובין    <noun>נהג</noun>    <noun>משאית</noun>    מחוספס.    <pronoun>היא</pronoun>    <adjective>חולה</adjective>    <adjective>נטולת</adjective>    מרפא,    <adjective>שקועה</adjective>    <adverb>לחלוטין</adverb>    בעצמה,    <pronoun>הוא</pronoun>    <verb>תועה</verb>    <noun>דרך</noun>    ומבולבל.    <noun>הדיאלוג</noun>    ביניהם    <adverb>כמעט</adverb>    <copula>אינו</copula>    אפשרי,    <conjunction>אך</conjunction>    <pronomial>הם</pronomial>    <verb>נקשרים</verb>    <pronoun>זה</pronoun>    בזה    <conjunction>למרות</conjunction>    <quantifier>כל</quantifier>    הסיכויים.            
      <adverb>לבד</adverb>    ממחזות    <noun>כתב</noun>    <properName>מיטלפונקט</properName>    <conjunction>גם</conjunction>    <noun>תסריטים</noun>    לסרטי    קולנוע,    בהם:    <properName>שרגא</properName>    <adjective>קטן</adjective>    <date><date>(1978)ובובה</date></date>    <date><date>(1987).</date></date>    <conjunction>כמו</conjunction>    <conjunction>כן</conjunction>    <verb>שיחק</verb>    בתפקיד    <noun>משנה</noun>    בסרט    ב-72'    <negation>לא</negation>    <copula>היתה</copula>    <noun>מלחמה</noun>    <date><date>(1995).
</date>  </date>    References:    
      אוריין,    דן.    <noun>דרמה</noun>    טלוויזיונית.    <properName>תל</properName>    אביב:    <noun>מכון</noun>    מופ"ת.    <date><date>2004.</date></date>    202-203;    ויסברט,    אלי.    "סיר    הנפט". מקור    <numeral>ראשון</numeral>    השבועון.    <date><date>6.1.2006.</date></date>    7;    לאור,    יצחק.    "המולדת    בסכנה,    <verb>הכו</verb>    בחרדים".    <noun>הארץ</noun>    <noun>תרבות</noun>    <date><date>וספרות.21.8.1998.</date></date>    ב'13;    נגיד,    <noun>חיים</noun>    וגד    קינר. "כישראלים,    <verb>נעשינו</verb>    קהים;    אי-אפשר    <verb>לזעזע</verb>    אותנו.    <conjunction>גם</conjunction>    <noun>האמנות</noun>    לאיכולה". תיאטרון    15.    <date><date>2005.</date></date>    17-23;    נגיד,    חיים.    בגנות    האשליה:    <noun>הז'אנר</noun>    <adjective>התיעודי</adjective>    בדרמה    העברית.    <properName>תל</properName>    אביב:    ספרא.    <date><date>2009.</date></date>    272-259;    צמיר,    חמוטל.    "מבוא:    מאמי    <preposition>אחרי</preposition>    חמש-עשרה    <noun>שנה</noun>    <punctuation>–</punctuation>    <properName>כרוניקה</properName>    <shel-preposition>של</shel-preposition>    <noun>מלחמה</noun>    <adjective>ידועה</adjective>    מראש,    <conjunction>או</conjunction>    <preposition>אל</preposition>    <noun>השדות</noun>    האדומים".מכאן    ב'.    <properName>יולי</properName>    <date><date>2001.</date></date>    200-201.
    
  		</body>
  	</text>
  </TEI> 
		</body>
	</text>
</TEI>