<?xml version="1.0" encoding="UTF-8"?>
<?xml-model href="http://www.tei-c.org/release/xml/tei/custom/schema/relaxng/tei_all.rng" type="application/xml" schematypens="http://relaxng.org/ns/structure/1.0"?>
<?xml-model href="http://www.tei-c.org/release/xml/tei/custom/schema/relaxng/tei_all.rng" type="application/xml"
	schematypens="http://purl.oclc.org/dsdl/schematron"?>
<TEI xmlns="http://www.tei-c.org/ns/1.0">
   <teiHeader>
      <fileDesc>
         <publicationStmt>
            <p>Publication Information</p>
         </publicationStmt>
         <sourceDesc>
            <p>Information about the source</p>
         </sourceDesc>
      </fileDesc>
   </teiHeader>
   <text>
      <body>
 Name:  מיכאל,  סמי(מנשה,  סאלח)
  <foreign>Birth</foreign>  Year:  <date>1926
</date>  <foreign>Birth</foreign>  Place:  בגדאד
  Occupation:  סופר
  <foreign>Entry</foreign>  writer:  בתיה  שמעוני  ויגאל  שוורץ
  <foreign>Entry</foreign>  Value:  
  <verb>נולד</verb>  בבגדאד.  <date>ב-1945</date>  <verb>סיים</verb>  <at-preposition>את</at-preposition>  <noun>בית</noun>  <noun>הספר</noun>  <adjective>התיכון</adjective>  <adjective>היהודי</adjective>  "שמש"  בבגדאד.  בהיותו  <noun>בן</noun>  חמש-עשרה  <verb>הצטרף</verb>  למחתרת  <adjective>הקומוניסטית</adjective>  בעיראק  ופעל  <preposition>נגד</preposition>  <noun>המשטר</noun>  ולמען  <noun>זכויות</noun>  האדם.  <verb>למד</verb>  <noun>שנה</noun>  <numeral>אחת</numeral>  באוניברסיטה  <adjective>האמריקנית</adjective>  בבגדאד,  וכתב  בעיתוני  המחתרת.  <date>ב-1948,</date>  <conjunction>לאחר</conjunction>  שהוצא  נגדו  <noun>צו</noun>  מעצר,  <verb>ברח</verb>  לאיראן  ושינה  <at-preposition>את</at-preposition>  שמו.  <noun>שנה</noun>  <conjunction>לאחר</conjunction>  מכן,  <verb>מחשש</verb>  שיוסגר  לעיראק,  <verb>הגיע</verb>  לישראל.  <pronoun>הוא</pronoun>  <verb>חשב</verb>  שיעד  <noun>הטיסה</noun>  <pronoun>הוא</pronoun>  פריז,  <conjunction>אך</conjunction>  <noun>המטוס</noun>  <verb>נחת</verb>  בחיפה.  <properName>מיכאל</properName>  <verb>התאהב</verb>  בעיר  <adverb>עוד</adverb>  בראותו  אותה  <preposition>מן</preposition>  האוויר.  <pronoun>הוא</pronoun>  <verb>התיישב</verb>  <adverb>תחילה</adverb>  ביפו,  ועבר  לחיפה  <conjunction>לאחר</conjunction>  שהוצע  לו  <copula>להיות</copula>  <noun>חבר</noun>  <noun>מערכת</noun>  בעיתון  <noun>המפלגה</noun>  <adjective>הקומוניסטית</adjective>  אל-אתתחאד.  <verb>התגורר</verb>  בוואדי  <properName>ניסנאס</properName>  ופירסם  באל-אתתחאד  ובאל-ג'דיד  <noun>סיפורים</noun>  ומאמרים.  <date>ב-1955</date>  <verb>פרש</verb>  מהמפלגה  הקומוניסטית.עבד  <preposition>במשך</preposition>  <numeral>עשרות</numeral>  <noun>שנים</noun>  בשירות  <adjective>ההידרולוגי</adjective>  <shel-preposition>של</shel-preposition>  <noun>משרד</noun>  החקלאות.  
  יצירתו  <adjective>הענפה</adjective>  <verb>כוללת</verb>  רומנים,  <noun>ספרים</noun>  לנוער  ולילדים,  <noun>מחזות</noun>  וספרי  עיון.  יצירתו  <verb>חושפת</verb>  <at-preposition>את</at-preposition>  <noun>הרגישות</noun>  <adjective>החברתית</adjective>  שהובילה  אותו  למאבק  <preposition>למען</preposition>  <noun>זכויות</noun>  אדם.  בכתיבתו  <pronoun>הוא</pronoun>  <verb>נותן</verb>  <noun>מקום</noun>  <adjective>מרכזי</adjective>  ל"אחר"  <conjunction>באשר</conjunction>  הוא–מזרחים,  ערבים,נשים  ואף  <noun>בעלי</noun>  מום.  <noun>חוויות</noun>  ילדותו  ונעוריו  בבגדאד,  <conjunction>כמו</conjunction>  <conjunction>גם</conjunction>  <noun>חוויית</noun>  <noun>ההגירה</noun>  לישראל  והגילויים  <shel-preposition>של</shel-preposition>  <noun>חוסר</noun>  <noun>שוויון</noun>  וגזענות  <preposition>כלפי</preposition>  <noun>העולים</noun>  החדשים,  <quantifier>כל</quantifier>  <pronoun>אלה</pronoun>  <verb>מהווים</verb>  <noun>קרקע</noun>  <adjective>פורה</adjective>  ליצירתו.  סגנונו  ישיר,  <adjective>נטול</adjective>  <adjective>סמליות</adjective>  וקישוטיות  <noun>יתרה</noun>  ופונה  <properName>אל</properName>  הרגשי,  <adjective>האותנטי</adjective>  והחברתי.
  ברומן  <numeral>הראשון</numeral>  שפירסם,שווים  ושווים  <adverb>יותר</adverb>  (בוסתן,  <date>1974),</date>  <pronoun>הוא</pronoun>  <verb>מתאר</verb>  <at-preposition>את</at-preposition>  <noun>קשיי</noun>  <noun>הקליטה</noun>  <shel-preposition>של</shel-preposition>  <noun>העולים</noun>  מארצות  <noun>האסלאם</noun>  במעברות  בשנות  החמישים,  ואת  <noun>היחס</noun>  <adjective>הגזעני</adjective>  כלפיהם.  בגבולות  הרוח(שיחות  <preposition>עם</preposition>  <properName>רוביק</properName>  רוזנטל,  <date>2000)</date>  <noun>מספר</noun>  <properName>מיכאל</properName>  <conjunction>כי</conjunction>  <noun>הספר</noun>  <verb>עורר</verb>  <noun>מהומה</noun>  אדירה,  "כתבו  שאני  מדיח,  <noun>מספר</noun>  שקרים,  <verb>זורע</verb>  שנאה".  <pronoun>זהו</pronoun>  <preposition>בלי</preposition>  <noun>ספק</noun>  <noun>ספר</noun>  חלוצי,  שניתץ  <properName>טאבו</properName>  ואיפשר  <at-preposition>את</at-preposition>  הופעתו  <shel-preposition>של</shel-preposition>  <noun>דור</noun>  <adjective>שלם</adjective>  <shel-preposition>של</shel-preposition>  <noun>סופרים</noun>  מעדות  המזרח.
  <noun>הרומן</noun>  <noun>חסות</noun>  (עם  <date>עובד,1977)</date>  <verb>מציג</verb>  <at-preposition>את</at-preposition>  <noun>היחסים</noun>  <adjective>המורכבים</adjective>  <preposition>בין</preposition>  <noun>יהודים</noun>  לערבים  <participle>המשתייכים</participle>  למפלגה  <adjective>הקומוניסטית</adjective>  בישראל,על  <noun>רקע</noun>  <noun>מלחמת</noun>  <noun>יום</noun>  הכיפורים.  <noun>המלחמה</noun>  <verb>מחדדת</verb>  <noun>שאלות</noun>  אידיאולוגיות,  <adjective>פוליטיות</adjective>  ואישיות.  ייחודו  <shel-preposition>של</shel-preposition>  <noun>הרומן</noun>  בהציגו  <noun>מגוון</noun>  <noun>דמויות</noun>  <shel-preposition>של</shel-preposition>  ערבים,  בישראל  ובשטחים,  באופן  <participle>המחלץ</participle>  אותם  <preposition>מן</preposition>  <noun>הדימוי</noun>  <adjective>הסטריאוטיפי</adjective>  שרווח  בסיפורת  העברית.  <noun>הרומן</noun>  <verb>זכה</verb>  בפרס  <adjective>קוגל</adjective>  לספרות  <date>ב-1978.</date>  <noun>גלריה</noun>  <adjective>מגוונת</adjective>  <shel-preposition>של</shel-preposition>  <noun>דמויות</noun>  <noun>יהודים</noun>  וערבים  <verb>נחשפת</verb>  <conjunction>גם</conjunction>  בשני  <noun>הספרים</noun>  הבאים:חופן  <shel-preposition>של</shel-preposition>  <noun>ערפל</noun>  <date>(1979),</date>  <participle>המתאר</participle>  <at-preposition>את</at-preposition>  <noun>הפעילות</noun>  במחתרת  <adjective>הקומוניסטית</adjective>  בעיראק  בשנים  שקדמו  <verb>לקום</verb>  המדינה,  וחצוצרה  בואדי  <date>(1987),</date>  <participle>המתאר</participle>  <at-preposition>את</at-preposition>  חייהם  <shel-preposition>של</shel-preposition>  <noun>ערבים</noun>  <adjective>ישראלים</adjective>  <participle>חצויי</participle>  <noun>זהות</noun>  בוואדי  <properName>ניסנאס</properName>  בחיפה.  <noun>הספר</noun>  <verb>תורגם</verb>  לכמה  <noun>שפות</noun>  ועובד  לתיאטרון  ולקולנוע.  
  ברומן  <properName>ויקטוריה</properName>  <date>(1993),</date>  <adverb>אולי</adverb>  <noun>גולת</noun>  <noun>הכותרת</noun>  <shel-preposition>של</shel-preposition>  מפעלו  <adjective>הספרותי</adjective>  <shel-preposition>של</shel-preposition>  <properName>מיכאל</properName>  ואחד  <noun>הספרים</noun>  <adjective>הישראליים</adjective>  <adjective>החשובים</adjective>  והמרשימים  ביותר,  <verb>חוזר</verb>  <properName>מיכאל</properName>  לעבר  <adjective>היהודי</adjective>  בעיראק.  <pronoun>זהו</pronoun>  <noun>אפוס</noun>  <adjective>תקופתי</adjective>  <adjective>עשיר</adjective>  <participle>המציג</participle>  <at-preposition>את</at-preposition>  <noun>המציאות</noun>  <properName>בתהזמן</properName>  <noun>דרך</noun>  <noun>נקודת</noun>  מבטה  <shel-preposition>של</shel-preposition>  אישה,  ויקטוריה.  <noun>האירועים</noun>  <verb>נפרשים</verb>  <preposition>על</preposition>  <noun>פני</noun>  <noun>המחצית</noun>  <numeral>הראשונה</numeral>  <shel-preposition>של</shel-preposition>  <numeral>המאה</numeral>  <numeral>העשרים</numeral>  וחוצים  <noun>אירועים</noun>  <adjective>היסטוריים</adjective>  רבי-משמעות  <participle>המשנים</participle>  <at-preposition>את</at-preposition>  <noun>פני</noun>  <noun>הקהילה</noun>  <adjective>היהודית</adjective>  העתיקה.  <noun>הרומן</noun>  <verb>מתמקד</verb>  בסיפורה  <shel-preposition>של</shel-preposition>  ויקטוריה,  מילדותה  ועד  לימי  זקנתה  בישראל,  וחושף  באופן  נטורליסטי,  <adjective>נטול</adjective>  עכבות,  <at-preposition>את</at-preposition>  חייהם  <adjective>האינטימיים</adjective>  <shel-preposition>של</shel-preposition>  <noun>בני</noun>  <noun>המשפחה</noun>  ואת  מעמדן  <adjective>השולי</adjective>  והמדוכא  <shel-preposition>של</shel-preposition>  <noun>נשים</noun>  ושל  <noun>בעלי</noun>  מום.  
  <noun>הרומן</noun>  <verb>התקבל</verb>  ברגשות  מעורבים.  <pronoun>הוא</pronoun>  <verb>זכה</verb>  להצלחה  <adjective>רחבה</adjective>  <preposition>בקרב</preposition>  <noun>קהל</noun>  הקוראים,  <conjunction>אך</conjunction>  <conjunction>גם</conjunction>  לביקורת  <preposition>מצד</preposition>  מבקרים–  <verb>שהציגוהו</verb>  <adverb>לעתים</adverb>  כמלודרמה  –ומצד  <noun>הקוראים</noun>  <adjective>היהודים</adjective>  העיראקים,  שהתקשו  <verb>לקבל</verb>  <at-preposition>את</at-preposition>  <noun>הייצוג</noun>  <participle>החושפנישל</participle>  <noun>הקהילה</noun>  <adjective>היהודית</adjective>  בבגדאד.  בשנת  צאתו  לאור  <verb>זכה</verb>  <noun>הספר</noun>  בכמה  פרסים:  <noun>ספר</noun>  <noun>השנה</noun>  <preposition>מטעם</preposition>  "קול  ישראל",  <noun>פרס</noun>  <noun>הוצאת</noun>  <preposition>עם</preposition>  <noun>עובד</noun>  ליצירה  <adjective>הספרותית</adjective>  המקורית,  <noun>פרס</noun>  <verb>אשמן</verb>  <preposition>מטעם</preposition>  <properName>אקו"ם</properName>  ופרס  <properName>ויצ"ו</properName>  פריז.  <date>ב-1994</date>  <verb>זכה</verb>  בפרס  <noun>הספרות</noun>  <adjective>הישראלית</adjective>  <preposition>מטעם</preposition>  <noun>משרד</noun>  <noun>המדע</noun>  והאמנויות.
  ברומן  <properName>עאידה</properName>  <date>(2008)</date>  <properName>מיכאל</properName>  <verb>חוזר</verb>  לבגדאד  המודרנית,  <participle>הנשלטת</participle>  <preposition>על</preposition>  <noun>ידי</noun>  <properName>סדאם</properName>  <properName>חוסיין</properName>  ואנשי  המוחבראת.  <pronoun>הוא</pronoun>  <verb>עוקב</verb>  <adjective>אחר</adjective>  חייו  <shel-preposition>של</shel-preposition>  <properName>זכי</properName>  דאלי,  <adjective>היהודי</adjective>  <adjective>האחרון</adjective>  בבגדאד.  חייו  <adjective>הנוחים</adjective>  <shel-preposition>של</shel-preposition>  <noun>האיש</noun>  <verb>מתערערים</verb>  באחת  בשעה  שבוקר  <numeral>אחד</numeral>  <pronoun>הוא</pronoun>  <verb>מוצא</verb>  <preposition>על</preposition>  <noun>סף</noun>  ביתו  <noun>אישה</noun>  <adjective>כורדית</adjective>  מעונה.  <noun>המפגש</noun>  <preposition>עם</preposition>  <properName>עאידה</properName>  וההחלטה  <conjunction>אם</conjunction>  <verb>לקחת</verb>  <noun>אחריות</noun>  עליה  <conjunction>או</conjunction>  להתעלם,  <verb>מאלצים</verb>  אותו  <verb>לבחון</verb>  <adverb>מחדש</adverb>  <at-preposition>את</at-preposition>  חייו.  <pronoun>זהו</pronoun>  <noun>ספר</noun>  המתמודד,  <preposition>בין</preposition>  השאר,  בצורה  <adjective>מורכבת</adjective>  ומשכנעת  <preposition>עם</preposition>  <noun>סוגיית</noun>  <noun>היושרה</noun>  <adjective>האינטלקטואלית</adjective>  <shel-preposition>של</shel-preposition>  <noun>איש</noun>  <noun>רוח</noun>  בזיקה  למנגנונים  שלטוניים,  ובמיוחד  במשטר  טוטליטרי.  
  <noun>סוגיית</noun>  <noun>היושרה</noun>  <adjective>האינטלקטואלית</adjective>  <shel-preposition>של</shel-preposition>  <noun>איש</noun>  <noun>רוח</noun>  <pronoun>היא</pronoun>  <noun>תמה</noun>  <adjective>מרכזית</adjective>  <conjunction>גם</conjunction>  במעוף  <noun>הברבורים</noun>  <date>(2011),</date>  <noun>הרומן</noun>  <adjective>האחרון</adjective>  <shel-preposition>של</shel-preposition>  <properName>מיכאל</properName>  <noun>עד</noun>  עתה.  <properName>ויליאם</properName>  <properName>אלכביר</properName>  <pronoun>הוא</pronoun>  <noun>מפקד</noun>  <verb>מהולל</verb>  בצה"ל,  שחש  <adjective>אחראי</adjective>  לכישלון  <adjective>מבצעי</adjective>  חמור.  <pronoun>הוא</pronoun>  <verb>נוטש</verb>  <at-preposition>את</at-preposition>  <noun>הצבא</noun>  והופך  ל"סופר  צללים",  <noun>עיסוק</noun>  שמיכאל  <verb>מיטיב</verb>  <verb>לשרטט</verb>  <at-preposition>את</at-preposition>  פיתוליו  <adjective>הרגשיים</adjective>  והמוסריים.    
  בכל  <noun>הרומנים</noun>  שלו  למבוגרים,  וגם  בספרי  <noun>הנוער</noun>  שלו,  <verb>מוצגות</verb>  <noun>הדמויות</noun>  ומערכות  <noun>היחסים</noun>  ביניהן  <preposition>על</preposition>  <noun>רקע</noun>  <noun>מצבי</noun>  <noun>משבר</noun>  חברתיים,  <adjective>מעמדיים</adjective>  ולאומיים.  <conjunction>כמו</conjunction>  כן,  <pronoun>כולם</pronoun>  <adjective>מצטיינים</adjective>  בתיאורים  רגישים,  <adjective>בשלים</adjective>  ומפוכחים  <shel-preposition>של</shel-preposition>  <noun>היחסים</noun>  <preposition>בין</preposition>  <noun>המינים</noun>  <punctuation>–</punctuation>  שייחודם  <adjective>בולט</adjective>  <preposition>על</preposition>  <noun>רקע</noun>  <noun>האופי</noun>  האדולוסנטי-בוסרי  <shel-preposition>של</shel-preposition>  <noun>הסיפורת</noun>  <adjective>הישראלית</adjective>  בתדורו.    
  <adverb>בנוסף</adverb>  לכתיבתו  למבוגרים  <verb>כתב</verb>  <properName>מיכאל</properName>  <conjunction>גם</conjunction>  לבני  הנעורים.  בסופה  <preposition>בין</preposition>  <noun>הדקלים</noun>  <date>(1975)</date>  <pronoun>הוא</pronoun>  <verb>מתאר</verb>  <at-preposition>את</at-preposition>  סיפורו  <shel-preposition>של</shel-preposition>  <noun>הנער</noun>  נורי,  <noun>בן</noun>  למשפחה  <adjective>יהודית</adjective>  בבגדאד,  <preposition>על</preposition>  <noun>רקע</noun>  <noun>המתיחות</noun>  <preposition>בין</preposition>  <noun>יהודים</noun>  למוסלמים  בשנות  הארבעים.  שיאו  <shel-preposition>של</shel-preposition>  <noun>הסיפור</noun>  בתיאור  ה"פרהוד"–הפרעות  ביהודי  <properName>בגדאד</properName>  <date>ב-1941,</date>  והעלייה  לארץישראל.  <adverb>עוד</adverb>  מיצירתו  לנוער:פחונים  וחלומות  <date>(1979),</date>  <participle>המתאר</participle>  <at-preposition>את</at-preposition>  <noun>מאבק</noun>  <noun>הקליטה</noun>  <shel-preposition>של</shel-preposition>  <noun>נער</noun>  <adjective>עיראקי</adjective>  במעברה  בישראל,  ואהבה  <preposition>בין</preposition>  <date>הדקלים(1990).</date>  <date>ב-1992</date>  <verb>זכה</verb>  <properName>מיכאל</properName>  בברלין  בעיטור  <preposition>על</preposition>  <noun>שם</noun>  <noun>הנס</noun>  <properName>כריסטיאן</properName>  <properName>אנדרסן</properName>  <preposition>על</preposition>  ספריו  לבני  הנעורים.
  בשנים  <adjective>האחרונות</adjective>  <verb>החל</verb>  <verb>כותב</verb>  <conjunction>גם</conjunction>  לילדים:  <noun>אותיות</noun>  <verb>הולכות</verb>  לים  <date>(2009)</date>  <properName>וצרצרון</properName>  <noun>שר</noun>  <conjunction>גם</conjunction>  בחורף  <date>(2012).זכה</date>  בפרסים  <conjunction>גם</conjunction>  <preposition>על</preposition>  <noun>מכלול</noun>  יצירתו,  בהם:  <noun>פרס</noun>  <properName>ברנר</properName>  <date>ב-2004,</date>  <noun>פרס</noun>  <noun>נשיא</noun>  <noun>המדינה</noun>  לספרות  <preposition>על</preposition>  <noun>מפעל</noun>  <noun>חיים</noun>  <date>ב-2005,</date>  ופרס  <properName>אמ"ת</properName>  <date>ב-2007.</date>  <verb>זכה</verb>  בתואר  <noun>דוקטור</noun>  לפילוסופיה  <preposition>לשם</preposition>  <noun>כבוד</noun>  מכמה  <noun>אוניברסיטאות</noun>  בישראל.  ספריו  <verb>תורגמו</verb>  לכמה  שפות.  <adverb>מאז</adverb>  <date>2001</date>  <pronoun>הוא</pronoun>  <verb>מכהן</verb>  כנשיא  <noun>האגודה</noun>  לזכויות  <noun>האזרח</noun>  בישראל.  
  References:  
  בן-חביב,  דולי.  <properName>סמי</properName>  מיכאל–  <noun>בעיות</noun>  <shel-preposition>של</shel-preposition>  <noun>בניית</noun>  <noun>סובייקטיביות</noun>  מזרחית.חיבור  <preposition>לשם</preposition>  <noun>קבלת</noun>  <noun>תואר</noun>  דוקטור.  תלאביב:  <noun>אוניברסיטת</noun>  תלאביב.  <date>2002;</date>  שמעוני,  בתיה.  <preposition>על</preposition>  <noun>סף</noun>  הגאולה:  <noun>סיפור</noun>  <noun>המעברה</noun>  <noun>דור</noun>  <properName>ראשון</properName>  ושני.  <properName>אור</properName>  יהודה:  דביר.  <date>2008;
</date>  Berg,  Nancy.  <foreign>More</foreign>  <foreign>and</foreign>  <foreign>More</foreign>  Equal:  <foreign>The</foreign>  <foreign>Literary</foreign>  <foreign>Works</foreign>  <foreign>of</foreign>  <foreign>Sami</foreign>  Michael.  Oxford:  <foreign>Lexington</foreign>  press.  <date>2005.
</date> 
		</body>
	</text>
</TEI>