<?xml version="1.0" encoding="UTF-8"?>
<?xml-model href="http://www.tei-c.org/release/xml/tei/custom/schema/relaxng/tei_all.rng" type="application/xml" schematypens="http://relaxng.org/ns/structure/1.0"?>
<?xml-model href="http://www.tei-c.org/release/xml/tei/custom/schema/relaxng/tei_all.rng" type="application/xml"
	schematypens="http://purl.oclc.org/dsdl/schematron"?>
<TEI xmlns="http://www.tei-c.org/ns/1.0">
   <teiHeader>
      <fileDesc>
         <publicationStmt>
            <p>Publication Information</p>
         </publicationStmt>
         <sourceDesc>
            <p>Information about the source</p>
         </sourceDesc>
      </fileDesc>
   </teiHeader>
   <text>
      <body>
 Name:  אֵיני,  <properName>לאה</properName>  
  <foreign>Birth</foreign>  Year:  <date>1962
</date>  <foreign>Birth</foreign>  Place:  <properName>תלאביב</properName>  לאב  ניצול
  Occupation:  <noun>סופרת</noun>  ומשוררת
  <foreign>Entry</foreign>  writer:  <properName>שי</properName>  <properName>רודיןויגאל</properName>  שוורץ
  <foreign>Entry</foreign>  Value:  
  <verb>נולדה</verb>  <noun>בתלאביב</noun>  לאב  <noun>ניצול</noun>  <noun>שואה</noun>  מסלוניקי  ולאם  ממוצא  נאשדידני.  <preposition>בשל</preposition>  מוצאם  <shel-preposition>של</shel-preposition>  <noun>הוריה</noun>  <verb>נחשפה</verb>  <properName>בילדותהלשתי</properName>  לשונות  נכחדות:  <properName>לדינו</properName>  וארמית.  <preposition>עד</preposition>  <noun>גיל</noun>  <numeral>ארבע</numeral>  <verb>גדלה</verb>  בשכונת  <properName>שפירא</properName>  בדרום  תלאביב,  <conjunction>לאחר</conjunction>  <verb>מכן</verb>  <verb>עברה</verb>  <preposition>עם</preposition>  משפחתה  לבת  ים.  ברם,  <pronoun>היא</pronoun>  <verb>שמרה</verb>  <preposition>על</preposition>  <noun>קשר</noun>  <preposition>עם</preposition>  <noun>שכונת</noun>  שפירא,  <conjunction>הן</conjunction>  <conjunction>משום</conjunction>  שלאביה  <copula>היתה</copula>  <adverb>שם</adverb>  <noun>חנות</noun>  <noun>מספוא</noun>  לסוסים,  שהפכה  <preposition>אחר</preposition>  <pronoun>כך</pronoun>  לחנות  ירקות,  והן  <conjunction>משום</conjunction>  ששם  <verb>גרה</verb>  סבתה  האהובה.למדה  בתיכון  "ספרא"  בתלאביב,  <conjunction>אך</conjunction>  בשנת  לימודיה  <adjective>האחרונה</adjective>  <verb>נסגר</verb>  <noun>בית</noun>  הספר,  ואת  לימודיה  לבחינות  <noun>הבגרות</noun>  <verb>סיימה</verb>  בתיכון  "אנקורי".  <verb>התגייסה</verb>  <date>ב-1980</date>  לצה"ל  ושירתה  כפקידה  בחיל  הקשר.  <verb>סיימה</verb>  <noun>לימודי</noun>  <noun>הוראת</noun>  <noun>ספרות</noun>  <adjective>עברית</adjective>  ולשון  לחטיבות  <noun>ביניים</noun>  ב"סמינר  הקיבוצים"  <date>(1987-1984)ועבדה</date>  כעורכת  <noun>בעל</noun>  <noun>המשמר</noun>  <date>(1991-1987).</date>  
  <noun>שירה</noun>  "אחמד",  <noun>שיר</noun>  פוליטי,  <verb>נכתב</verb>  <date>ב-1982</date>  ופורסם  <date>בשופרא(1985).</date>  <adverb>קודם</adverb>  לכן,  <adverb>טרם</adverb>  גיוסה,  <verb>פירסמה</verb>  <noun>רשימה</noun>  בשם  "אדון  ג'קו"  במעריב  <date>(1979)</date>  וכתבות  <adjective>שונות</adjective>  במקומונים.  יצירתה  <verb>כוללת</verb>  שירים,  פזמונים,  <noun>ספרי</noun>  <noun>ילדים</noun>  ונוער,  <noun>סיפורים</noun>  קצרים,  מחזות,  <noun>נובלות</noun>  ורומנים.  <properName>קובץשיריה</properName>  הראשון,דיוקן  (הקיבוץ  המאוחד,  <date>1988),</date>  <verb>זכה</verb>  בשבחי  הביקורת.
  <noun>קובץ</noun>  סיפוריה  הראשון,גיבורי  <noun>קיץ</noun>  <date>(1991),</date>  <noun>מעלה</noun>  <preposition>על</preposition>  <noun>נס</noun>  <at-preposition>את</at-preposition>  ייצוגיה  <shel-preposition>של</shel-preposition>  <noun>דמות</noun>  ה"אחר",  <participle>המצויה</participle>  בשולי  החיים,  וכתוב  בנוסח  <participle>המשלב</participle>  <noun>ריאליזם</noun>  וזרם  תודעה.  <pronoun>הוא</pronoun>  <verb>מבליט</verb>  <at-preposition>את</at-preposition>  מודעותה  <adjective>החברתית</adjective>  <shel-preposition>של</shel-preposition>  איני,  ומאז  פרסומו  <pronoun>היא</pronoun>  <verb>נחשבת</verb>  <noun>סופרת</noun>  <adjective>חברתית</adjective>  חשובה.שמו  <shel-preposition>של</shel-preposition>  <noun>הקובץ</noun>  <verb>עומד</verb>  בניגוד  <adjective>חריף</adjective>  לדמויות  <shel-preposition>של</shel-preposition>  האנטי-גיבורים  <participle>המתוארים</participle>  בו.  <pronoun>אלה</pronoun>  <pronoun>הם</pronoun>  <noun>טיפוסים</noun>  <adjective>דחויים</adjective>  ומיואשים,  שמאבקם  <verb>חסר</verb>  <noun>סיכוי</noun>  ועולמם  <verb>גובל</verb>  בטירוף.  <noun>הגיבורים</noun>  בכל  <noun>סיפורי</noun>  <noun>הקובץ</noun>  <pronoun>הם</pronoun>  <noun>גברים</noun>  שנקודת  <noun>המבט</noun>  שלהם  <verb>מארגנת</verb>  <at-preposition>את</at-preposition>  <noun>המציאות</noun>  ומבנה  <at-preposition>את</at-preposition>  <noun>תיאור</noun>  <noun>הנשים</noun>  <participle>המקיפות</participle>  אותם  כ"אחרות"–  <noun>ישויות</noun>  <adjective>זרות</adjective>  ושונות  ביחס  אליהם.  <preposition>עם</preposition>  זאת,  <preposition>חרף</preposition>  מקומן  השולי,  <adverb>דווקא</adverb>  <noun>הנשים</noun>  <conjunction>הן</conjunction>  שמחוללות  <at-preposition>את</at-preposition>  <noun>הסיבוך</noun>  <adjective>העלילתי</adjective>  <participle>היוצר</participle>  <at-preposition>את</at-preposition>  <noun>התנועה</noun>  בכל  <numeral>אחד</numeral>  <preposition>מן</preposition>  הסיפורים.
  <noun>ספריה</noun>  בפרוזה  <verb>זיכו</verb>  אותה  בשבחיםרבים.  כך,  <preposition>בין</preposition>  השאר,  <verb>חברהשופטים</verb>  שזיכה  אותה  בפרס  <noun>ראש</noun>  <noun>הממשלה</noun>  לספרות  <date>ל-2004</date>  <verb>ציין</verb>  <conjunction>כי</conjunction>  "היא  <adjective>הפרוזאיקונית</adjective>  <participle>המובילה</participle>  <shel-preposition>של</shel-preposition>  <properName>דורה</properName>  [...]  <pronoun>היא</pronoun>  <noun>סופרת</noun>  <noun>בעלת</noun>  <noun>תעוזה</noun>  ומודעות  <adjective>חברתית</adjective>  עמוקה,  שאינה  <verb>בוחלת</verb>  <verb>לבטא</verb>  ביצירתה  מחאה,  ומשמשת  <negation>לא</negation>  <numeral>אחת</numeral>  <adverb>פה</adverb>  למיעוט  <adjective>אילם</adjective>  ומושתק".  חדשנותה  <adjective>הפואטית</adjective>  ועיסוקה  בנושאים  <adjective>רדיקליים</adjective>  <verb>הפכו</verb>  לסימן  <noun>ההיכר</noun>  שלה.  <noun>המשורר</noun>  <properName>עמוס</properName>  <properName>אדלהייט</properName>  <date>(2007)</date>  <verb>טען</verb>  <conjunction>כי</conjunction>  נטייתה  לניסיונות  <adjective>ספרותיים</adjective>  ולזרם  <noun>התודעה</noun>  <verb>יוצרת</verb>  <noun>זיקה</noun>  בינה  <preposition>לבין</preposition>  <noun>האבות</noun>  <adjective>המודרניסטיים</adjective>  <adjective>הניסיוניים</adjective>  <properName>יצחק</properName>  <properName>אוורבוך</properName>  <properName>אורפז</properName>  ויורם  קניוק.  
  <noun>הרומן</noun>  <numeral>הראשון</numeral>  שלה,גאות  <noun>החול</noun>  <date>(1992),</date>  <verb>נכתב</verb>  בפרץ  <noun>כתיבה</noun>  <shel-preposition>של</shel-preposition>  <numeral>חמישה</numeral>  חודשים.  נושאו  <verb>שייך</verb>  <adverb>לכאורה</adverb>  <verb>לדרךהמלך</verb>  <shel-preposition>של</shel-preposition>  <noun>הסיפורת</noun>  הישראלית:  <noun>המיתולוגיה</noun>  <shel-preposition>של</shel-preposition>  <noun>האלמנוּת</noun>  והשכול.  <conjunction>אבל</conjunction>  <adjective>איני</adjective>  <noun>סוטה</noun>  מדרך  המלך,  <verb>שוברת</verb>  <properName>טאבו</properName>  <adjective>חברתי</adjective>  ומתארת  <noun>תהליך</noun>  <noun>עיבוד</noun>  <conjunction>אבל</conjunction>  <participle>השונה</participle>  <adverb>בתכלית</adverb>  <preposition>מן</preposition>  <noun>הנורמה</noun>  המקובלת,  שעיקרה  <noun>הניסיון</noun>  "להמשיך  הלאה".גיבורת  הרומן,  <properName>מירי</properName>  כץ,  שבעלה  <properName>ישי</properName>  <verb>נהרג</verb>  כשעלה  <preposition>על</preposition>  <noun>מוקש</noun>  בשירות  מילואים,  <verb>מחליטה</verb>  <verb>לחיות</verb>  <preposition>עם</preposition>  <noun>האַין</noun>  כיֵש;  כלומר,להמשיך  <verb>לחיות</verb>  <preposition>עם</preposition>  <verb>בעלה</verb>  –כחסרחיים.  <noun>הרומן</noun>  <adjective>כתוב</adjective>  כדיווח  <verb>מתמשך</verb>  <shel-preposition>של</shel-preposition>  <properName>מירי</properName>  לבעלה  <adjective>המת</adjective>  <preposition>על</preposition>  <participle>הנעשה</participle>  בהיעדרו.  <pronoun>הוא</pronoun>  <adjective>כתוב</adjective>  בלשון  עשירה,  <noun>רווית</noun>  <noun>דימויים</noun>  ותיאורים  <negation>לא</negation>  שגרתיים,  <participle>המשקפת</participle>  <adverb>יפה</adverb>  <at-preposition>את</at-preposition>  <noun>המהלך</noun>  <adjective>התודעתי</adjective>  <adjective>החריג</adjective>  <shel-preposition>של</shel-preposition>  <noun>אישה</noun>  <participle>המסרבת</participle>  <verb>להפוך</verb>  <at-preposition>את</at-preposition>  <verb>בעלה</verb>  <adjective>המת</adjective>  לנחלת  העבר.
  <noun>הבחירה</noun>  במיקוד  <shel-preposition>של</shel-preposition>  <noun>צעירה</noun>  "אחרת"  וחתרנית  <verb>מאפיין</verb>  <conjunction>גם</conjunction>  <at-preposition>את</at-preposition>  <noun>הרומן</noun>  <numeral>השני</numeral>  שלה,  <pronoun>מישהי</pronoun>  <noun>צריכה</noun>  להיות  <adverb>כאן</adverb>  <date>(1995).</date>  <adverb>כאן</adverb>  <verb>מתחקה</verb>  <adjective>איני</adjective>  <preposition>אחר</preposition>  גילה,  <noun>צעירה</noun>  <noun>בת</noun>  שבע-עשרה  <participle>המתגוררת</participle>  בגפה  <conjunction>משום</conjunction>  שאביה  <noun>ימאי</noun>  ואמה  <verb>עזבה</verb>  <at-preposition>את</at-preposition>  <noun>הבית</noun>  לטובת  <noun>גבר</noun>  אחר.  בתשתית  <noun>הרומן</noun>  <verb>מתקיימים</verb>  <noun>יחסים</noun>  בין-טקסטואליים  <preposition>בין</preposition>  <properName>גילה</properName>  <preposition>לבין</preposition>  <adjective>גיבורים</adjective>  <adjective>בדויים</adjective>  שונים,  שגילה  <verb>גוזרת</verb>  מעלילות  <noun>הסיפורים</noun>  שהיא  <verb>קוראת</verb>  בשקיקה.הדיאלוג  שהיא  <verb>מנהלת</verb>  <preposition>עם</preposition>  דמויותיהם  <shel-preposition>של</shel-preposition>  קפקא,  <properName>צ'כוב</properName>  ואחרים  <verb>יוצר</verb>  <noun>ניגוד</noun>  <preposition>בין</preposition>  <noun>העולם</noun>  ה"אובייקטיבי"  <preposition>לבין</preposition>  עולמה  הפנימי.  <properName>גילה</properName>  <pronoun>היא</pronoun>  "אחרת"  <preposition>לאור</preposition>  <noun>גופה</noun>  ה"גברי";  <noun>שכונת</noun>  <noun>המצוקה</noun>  <verb>שבה</verb>  <pronoun>היא</pronoun>  מתגוררת;  ועיסוקה  כסייעת  (וגנבת)  בחנות  ספרים.עיצובה  <shel-preposition>של</shel-preposition>  <properName>גילה</properName>  <verb>מלמד</verb>  <preposition>על</preposition>  "אובדן  <noun>נורמות</noun>  מגדריות",  כלשונה  <shel-preposition>של</shel-preposition>  <noun>ההוגה</noun>  <adjective>הפמיניסטית</adjective>  <properName>ג'ודית</properName>  באטלר:  חזותה  <adjective>נוקשה</adjective>  וגברית,  <pronoun>היא</pronoun>  <verb>מבצעת</verb>  <noun>שורה</noun>  <shel-preposition>של</shel-preposition>  <noun>פשעים</noun>  <punctuation>–</punctuation>  בהם  גנבות,  <noun>אונס</noun>  וניסיון  <noun>רצח</noun>  <punctuation>–</punctuation>  ואילו  נפשה  <adjective>פיוטית</adjective>  ורגישה.  
  <noun>הנובלה</noun>  <date>סדומאל(2001)</date>  <verb>מציגה</verb>  <noun>קריאה</noun>  <adjective>נשית</adjective>  <adjective>חתרנית</adjective>  <shel-preposition>של</shel-preposition>  <noun>נושא</noun>  העקדה.  <pronoun>זהו</pronoun>  סיפורה  <shel-preposition>של</shel-preposition>  נדר,  <noun>צעירה</noun>  שחוותה  בשנות  ילדותה  ונערותה  <noun>התעללות</noun>  <adjective>מינית</adjective>  <adjective>קשה</adjective>  מידי  <properName>אביה</properName>  השוטר.  <conjunction>לאחר</conjunction>  <noun>מות</noun>  <noun>האב</noun>  <pronoun>היא</pronoun>  <verb>רוצחת</verb>  <at-preposition>את</at-preposition>  <properName>אמה</properName>  שרה,  <preposition>בשל</preposition>  שתיקתה  המתמשכת.  <conjunction>לאחר</conjunction>  <noun>הרצח</noun>  <pronoun>היא</pronoun>  <verb>מתחפשת</verb>  לאם  ונכנסת  במקומה  לבית  אבות,  <verb>שבו</verb>  <pronoun>היא</pronoun>  <verb>מוצאת</verb>  <numeral>שלוש</numeral>  <noun>אימהות</noun>  <participle>המפצות</participle>  אותה  <preposition>על</preposition>  <noun>שנות</noun>  <noun>ההתעללות</noun>  וההשתקה.  <noun>היצירה</noun>  הנוקבת,  שהיא  <preposition>מן</preposition>  <adjective>הבודדות</adjective>  בספרות  <adjective>העברית</adjective>  <adjective>החדשה</adjective>  <adjective>הנדרשות</adjective>  לנושא  <noun>גילוי</noun>  העריות,  <verb>חושפת</verb>  <conjunction>הן</conjunction>  <at-preposition>את</at-preposition>  <noun>מנגנון</noun>  <noun>התקיפה</noun>  וההשתקה  והן  <at-preposition>את</at-preposition>  <noun>חוסר</noun>  <noun>האפשרות</noun>  <verb>להתמודד</verb>  <preposition>עם</preposition>  <noun>התעללות</noun>  <adjective>מינית</adjective>  כאישה  בוגרת.
  ספרה  <adjective>המונומנטלי</adjective>  <properName>ורד</properName>  <noun>הלבנון</noun>  <date>(2009)</date>  <verb>מסמן</verb>  <noun>פריצת</noun>  <noun>דרך</noun>  בקריירה  <adjective>הספרותית</adjective>  שלה  ומציב  אותה  באורח  <adjective>ברור</adjective>  ובולט  בשורה  <numeral>הראשונה</numeral>  <shel-preposition>של</shel-preposition>  <noun>הסופרים</noun>  הישראליים.  <pronoun>זהו</pronoun>  <properName>רומן</properName>  <participle>המעמת</participle>  <preposition>בין</preposition>  סיפורה  <shel-preposition>של</shel-preposition>  ורד/לאה,  <noun>חיילת</noun>  מבתים,  <participle>המנסה</participle>  ולא-מנסהלהשתחרר  מהמטען  <participle>המצמית</participle>  <shel-preposition>של</shel-preposition>  <noun>הוריה</noun>  <punctuation>–</punctuation>  סיפורו  <adjective>המואלם</adjective>  <shel-preposition>של</shel-preposition>  האב,  <noun>יליד</noun>  סלוניקי,  <noun>ניצול</noun>  אושוויץ,  וסיפורה  <shel-preposition>של</shel-preposition>  האם,  <noun>בת</noun>  לקהילה  הנאשדידנית,  שאין  לה  <properName>כלל</properName>  <noun>קול</noun>  <punctuation>–</punctuation>  <preposition>לבין</preposition>  סיפורו  <shel-preposition>של</shel-preposition>  <properName>יונתן</properName>  ש"נולד  <preposition>עם</preposition>  זה",  "ילד  <interjection>טוב</interjection>  ירושלים",  <noun>חייל</noun>  <noun>צעיר</noun>  שאלמלא  <copula>היה</copula>  <verb>יורה</verb>  בעצמו  <adverb>בראש</adverb>  לפני  <noun>הכניסה</noun>  ללבנון,  <noun>ספק</noun>  <noun>אם</noun>  <copula>היה</copula>  <verb>פוגש</verb>  <at-preposition>את</at-preposition>  ורד/לאה,  שמגיעה  לבית  <participle>החולים</participle>  <verb>שבו</verb>  <pronoun>הוא</pronoun>  <verb>מאושפז</verb>  ומבקשת  <verb>לסעוד</verb>  <noun>חייל</noun>  פצוע.  <preposition>בין</preposition>  <numeral>שתי</numeral>  <noun>הדמויות</noun>  <verb>נשזר</verb>  <noun>חוט</noun>  <shel-preposition>של</shel-preposition>  <noun>קרבה</noun>  <wPrefix>בלתי</wPrefix>  אפשרית.  <noun>החוט</noun>  <pronoun>הזה</pronoun>  <verb>יוצר</verb>  בהבזק  <noun>נסי</noun>  "ברית  <shel-preposition>של</shel-preposition>  דפוקים",  <participle>הנוקטים</participle>  <noun>פעולות</noun>  <noun>סרבנות</noun>  <participle>ההופכות</participle>  אותם  ללוחמי  חירות.זהו  <properName>רומן</properName>  חברתי-פוליטי  וגם  <adjective>אוטוביוגרפי</adjective>  שעיקרו:  <noun>דיוקן</noun>  <noun>האמנית</noun>  כאישה  צעירה.  <pronoun>הוא</pronoun>  פורש,  באומץ  וביושרה  אמנותיים,  <noun>פרשת</noun>  <noun>חיים</noun>  <shel-preposition>של</shel-preposition>  <noun>נערה</noun>  שתשוקתה  הבלתי-נלאית  <verb>לגלות</verb>  <at-preposition>את</at-preposition>  <noun>האמת</noun>  וליצור  <verb>מאפשרת</verb>  לה  <verb>לזקוף</verb>  <noun>גו</noun>  וראש  ולחלץ  <at-preposition>את</at-preposition>  עצמה  <preposition>מן</preposition>  <noun>הביצה</noun>  <adjective>הטובענית</adjective>  שנולדה  בה.  <noun>הספר</noun>  <verb>זכה</verb>  בפרס  <properName>ביאליק</properName>  <date>ל-2010</date>  והיה  מחמשת  <noun>המועמדים</noun>  <adjective>הסופיים</adjective>  לפרס  <properName>ספיר</properName>  באותה  השנה.    
  <adjective>סוסית</adjective>  <date>(2012)</date>  <pronoun>הוא</pronoun>  <noun>נובלה</noun>  קרקסית-קרנבלית,  <participle>החושפת</participle>  <at-preposition>את</at-preposition>  <noun>המנעד</noun>  <adjective>היצירתי</adjective>  <adjective>הרחב</adjective>  <shel-preposition>של</shel-preposition>  איני,  וגם  <verb>כמה</verb>  <preposition>מן</preposition>  <noun>העקרונות</noun>  <participle>העומדים</participle>  בבסיס  <noun>האג'נדה</noun>  <adjective>האמנותית</adjective>  שלה.  במרכז  <noun>הנובלה</noun>  סיפורה  <adjective>המוזר</adjective>  <shel-preposition>של</shel-preposition>  <properName>אלכסנדרה</properName>  <properName>סאשה</properName>  זית,  <adverb>הלוא</adverb>  <pronoun>היא</pronoun>  סוסית:  <noun>אישה</noun>  <noun>צעירה</noun>  שסבתה  <verb>ציוותה</verb>  לה  <verb>נחלה</verb>  באזור  גדרה,  וכדי  <verb>לממש</verb>  <at-preposition>את</at-preposition>  <noun>הצוואה</noun>  <pronoun>היא</pronoun>  <verb>חוזרת</verb>  לארץ  משהות  <noun>בת</noun>  <numeral>שבע</numeral>  <noun>שנים</noun>  בטקסס,  <adverb>שם</adverb>  <verb>עבדה</verb>  בנגרייה  גדולה.  בחווה  <verb>נחשפת</verb>  <properName>סאשה</properName>  לסוד  <adjective>המשפחתי</adjective>  שלה:  <pronoun>היא</pronoun>  <noun>נצר</noun>  לשלשלת  <adjective>ארוכה</adjective>  ומסובכת  <shel-preposition>של</shel-preposition>  <noun>זיווגים</noun>  <preposition>בין</preposition>  <noun>בני</noun>  אדם,  <noun>נשים</noun>  וגברים,  <properName>לבין...סוסים.</properName>  
  זוהי,  <adverb>לפחות</adverb>  למראית  עין,  <noun>אגדה</noun>  <adjective>רומנטית</adjective>  פוסט-מודרנית,  <adjective>משעשעת</adjective>  ועוקצנית.  בבחינת  גרסת-כיסוי  <adjective>מתוחכמת</adjective>  לאגדת  "היפה  והחיה".  <conjunction>אך</conjunction>  <adverb>למעשה</adverb>  <pronoun>זהו</pronoun>  <noun>סיפור</noun>  חתרני,  <participle>היוצא</participle>  <noun>חוצץ</noun>  <preposition>נגד</preposition>  <noun>העריצות</noun>  <shel-preposition>של</shel-preposition>  <noun>נורמות</noun>  <noun>הזיווג</noun>  המקובלות.  <conjunction>גם</conjunction>  כאן,  <conjunction>כמו</conjunction>  בספריה  הקודמים,  <modal>אפשר</modal>  <verb>לומר</verb>  <conjunction>כי</conjunction>  <adjective>איני</adjective>  <verb>מתייחסת</verb>  לספרות  <preposition>כאל</preposition>  <noun>פעולת</noun>  טרור:  <noun>אקט</noun>  <adjective>אלים</adjective>  <participle>המבקש</participle>  <verb>לפגוע</verb>  באתרים  <adjective>הסמליים</adjective>  <shel-preposition>של</shel-preposition>  <noun>החברה</noun>  השמרנית,  המוחצת,  <preposition>מאחורי</preposition>  <noun>מסווה</noun>  <shel-preposition>של</shel-preposition>  מהוגנות,  <quantifier>כל</quantifier>  <noun>צורת</noun>  <noun>חיים</noun>  <adjective>שונה</adjective>  ואחרת.  <conjunction>גם</conjunction>  <noun>הספר</noun>  <pronoun>הזה</pronoun>  <verb>נכלל</verb>  בחמשת  <noun>המועמדים</noun>  <adjective>הסופיים</adjective>  לפרס  <properName>ספיר</properName>  <date>(2012).
</date>  <verb>זכתה</verb>  בפרסים  רבים,  בהם:  <noun>פרס</noun>  <properName>ורטהיים</properName>  ופרס  <properName>אדלר</properName>  <date>(1988),</date>  <noun>פרס</noun>  <noun>היצירה</noun>  <shel-preposition>של</shel-preposition>  <noun>קרן</noun>  <properName>תלאביב</properName>  <date>(1993)</date>  ופרס  <properName>ברנשטיין</properName>  <verb>למחזאות</verb>  <preposition>על</preposition>  <noun>המחזה</noun>  מי-אלמה  <date>(2006).יצירותיה</date>  <verb>תורגמו</verb>  לכמה  <noun>שפות</noun>  <adjective>אירופיות</adjective>  וכן  להודית.
  References:  
  אדלהייט,  עמוס."כמה  <noun>דברים</noun>  <preposition>על</preposition>  <properName>לאה</properName>  <adjective>איני</adjective>  בערב  <properName>לכבודהבבית</properName>  עגנון,23  ביוני  <date>2005".</date>  <date>עמדה17.2007.</date>  150-146;  אדף,  שמעון.  "נגד  <noun>אור</noun>  <noun>הקונפורמיות</noun>  העזה".  הארץ.  <date>14.8.2009;</date>  יגיל,  רן.  "אשתורת  והתקשורת–  <properName>אשתורת</properName>  והסיפורת".  <noun>עתון</noun>  77  248.  <properName>אוקטובר</properName>  <date>2000.</date>  11;  נגב,  אילת.  "לחיות  <preposition>עם</preposition>  <noun>בעל</noun>  מת".שיחות  אינטימיות.  <properName>תל</properName>  אביב:  <noun>ידיעות</noun>  אחרונות.  <date>1995. 258-251;</date>  נוה,  חנה."הישראליות  <preposition>בין</preposition>  <noun>זיכרון</noun>  <noun>השואה</noun>  לשיכחתה:  <noun>דור</noun>  ראשון,  <noun>דור</noun>  <verb>שניבסיפורה</verb>  <shel-preposition>של</shel-preposition>  <properName>לאה</properName>  <adjective>איני</adjective>  'עד  שיעבור  <quantifier>כל</quantifier>  <noun>המשמר</noun>  כולו'".  <noun>ביקורת</noun>  ופרשנות34.  <date>2000.</date>  145-115;  סתיו,  שירה.  "'סוסית'  <shel-preposition>של</shel-preposition>  <properName>לאה</properName>  איני:  <verb>עלתה</verb>  <preposition>על</preposition>  הסוס".  הארץ.  <date>15.2.2012;</date>  
  Shimony,  Batya.  “Resisting  <foreign>the</foreign>  Father’s  Narrative:  <foreign>A</foreign>  <foreign>Study</foreign>  <foreign>of</foreign>  <foreign>Lea</foreign>  Aini’s  <foreign>Vered</foreign>  ha-Levanon”.  <foreign>Prooftexts</foreign>  32.  <date>2012.</date>  89-114.
 
		</body>
	</text>
</TEI>