<?xml version="1.0" encoding="UTF-8"?>
<?xml-model href="http://www.tei-c.org/release/xml/tei/custom/schema/relaxng/tei_all.rng" type="application/xml" schematypens="http://relaxng.org/ns/structure/1.0"?>
<?xml-model href="http://www.tei-c.org/release/xml/tei/custom/schema/relaxng/tei_all.rng" type="application/xml"
	schematypens="http://purl.oclc.org/dsdl/schematron"?>
<TEI xmlns="http://www.tei-c.org/ns/1.0">
   <teiHeader>
      <fileDesc>
         <publicationStmt>
            <p>Publication Information</p>
         </publicationStmt>
         <sourceDesc>
            <p>Information about the source</p>
         </sourceDesc>
      </fileDesc>
   </teiHeader>
   <text>
      <body>
 <?xml  version="1.0"  encoding="UTF-8"?>
  <?xml-model  href="http://www.tei-c.org/release/xml/tei/custom/schema/relaxng/tei_all.rng"  type="application/xml"  schematypens="http://relaxng.org/ns/structure/1.0"?>
  <?xml-model  href="http://www.tei-c.org/release/xml/tei/custom/schema/relaxng/tei_all.rng"  type="application/xml"
  	schematypens="http://purl.oclc.org/dsdl/schematron"?>
  <TEI  xmlns="http://www.tei-c.org/ns/1.0">
        <teiHeader>
              <fileDesc>
                    <publicationStmt>
                          <p>Publication  Information</p>
                    </publicationStmt>
                    <sourceDesc>
                          <p>Information  about  the  source</p>
                    </sourceDesc>
              </fileDesc>
        </teiHeader>
        <text>
              <body>
    Name:    <properName>ניצן</properName>    (מייזל),    שלמה
      <foreign>Birth</foreign>    Year:    <date><date>1921
</date>  </date>    <foreign>Death</foreign>    Year:    <date><date>2006
</date>  </date>    <foreign>Birth</foreign>    Place:    לטביה
      Occupation:    סופר,    <noun>מתרגם</noun>    ועורך
      <foreign>Entry</foreign>    writer:    <noun>הדי</noun>    שייט
      <foreign>Entry</foreign>    Value:    
      <verb>נולד</verb>    בלטביה.    <verb>עלה</verb>    <adverb>ארצה</adverb>    <preposition>עם</preposition>    הוריו    <date><date>ב-1935.</date></date>    <adverb>כאן</adverb>    <verb>התאחדה</verb>    <noun>המשפחה</noun>    <preposition>עם</preposition>    <numeral>שתי</numeral>    אחיותיו    הגדולות,    שעלו    <adverb>קודם</adverb>    <conjunction>לכן</conjunction>    כחלוצות.    <noun>המשפחה</noun>    <verb>התיישבה</verb>    בראשון    לציון    וניצן    <properName>עבד</properName>    בעבודות    שונות,    <preposition>תוך</preposition>    שהוא    <verb>לומד</verb>    במסגרות    <wPrefix>בלתי</wPrefix>    פורמליות.    <noun>שם</noun>    משפחתו    <adjective>שונה</adjective>    לניצן    <preposition>עם</preposition>    <noun>פרסום</noun>    סיפורו    הראשון,    "החג    בחולות",    <date><date>ב-1945</date></date>    בעיתון    הארץ.    בימי    <noun>מלחמת</noun>    <noun>העולם</noun>    <numeral>השנייה</numeral>    <properName>עבד</properName>    במחנות    <noun>העבודה</noun>    <shel-preposition>של</shel-preposition>    <noun>הצבא</noun>    <adjective>הבריטי</adjective>    בארץ    ישראל.    <copula>היה</copula>    <verb>חבר</verb>    ב"הגנה"    והשתתף    בקרבות    <noun>מלחמת</noun>    העצמאות.    במהלך    <noun>המלחמה</noun>    <verb>שימש</verb>    <conjunction>גם</conjunction>    <noun>כתב</noun>    <adjective>צבאי</adjective>    וערך    <noun>ספרי</noun>    <noun>כיס</noun>    לחיילים.
      <properName>ניצן</properName>    <verb>שייך</verb>    למשמרת    <noun>הסופרים</noun>    <participle>המכונה</participle>    "דור    בארץ".    יצירתו    <verb>כוללת</verb>    <noun>סיפורים</noun>    קצרים,    רומנים,    <noun>תרגומים</noun>    מאנגלית    ומגרמנית    <shel-preposition>של</shel-preposition>    <noun>סיפורים</noun>    ואגדות    עם,    <noun>ביקורת</noun>    ועריכת    <noun>קבצים</noun>    לילדים    ולנוער.    <preposition>במשך</preposition>    <noun>שנים</noun>    <adjective>רבות</adjective>    <noun>ערך</noun>    (עם    <properName>בנימין</properName>    טנא)    <at-preposition>את</at-preposition>    <noun>משמר</noun>    לילדים,    <noun>שבועון</noun>    שהופיע    במסגרת    <noun>העיתון</noun>    <preposition>על</preposition>    המשמר,    והיה    <verb>חבר</verb>    <noun>ועד</noun>    <noun>אגודת</noun>    הסופרים.    
      <at-preposition>את</at-preposition>    דרכו    <adjective>הספרותית</adjective>    <verb>החל</verb>    בכתיבת    <noun>סיפורים</noun>    קצרים.    סיפורו    הראשון,    "החג    בחולות",    <verb>כונס</verb>    <verb>בקובץחגים</verb>    בחולות    (ספרית    פועלים,    <date><date>1948)</date></date>    <preposition>עם</preposition>    <adverb>עוד</adverb>    <numeral>תשעה</numeral>    <noun>סיפורים</noun>    קצרים.    מראשיתה    <verb>עוסקת</verb>    כתיבתו    בעולמו    <shel-preposition>של</shel-preposition>    <adjective>היחיד</adjective>    בחברה    <adjective>העירונית</adjective>    ובשוליה    ובמשמעות    חייו.    <preposition>כמו</preposition>    <adjective>אחרים</adjective>    מבני    דורו    <verb>הגיע</verb>    <properName>ניצן</properName>    בשנות    <numeral>החמישים</numeral>    <preposition>אל</preposition>    <noun>צורת</noun>    הרומן,    <noun>כתיבה</noun>    <noun>בעלת</noun>    <noun>היקף</noun>    <adjective>רחב</adjective>    <participle>המתארת</participle>    <at-preposition>את</at-preposition>    <noun>התקופה</noun>    <adjective>ההיסטורית</adjective>    ואת    <noun>חוויות</noun>    <noun>מלחמת</noun>    העצמאות.    <preposition>עם</preposition>    זאת,    <conjunction>אף</conjunction>    שמבחינות    <adjective>מסוימות</adjective>    <properName>ניצן</properName>    <pronoun>הוא</pronoun>    <noun>סופר</noun>    <noun>בן</noun>    זמנו    <properName>הפועל</properName>    במסגרת    <noun>האידיאית</noun>    והפואטית    <adjective>המשותפת</adjective>    לרבים    מבני    דורו,    <adjective>ניכר</adjective>    בכתיבתו    קולו    הייחודי.
      בשנות    <numeral>החמישים</numeral>    <noun>כתב</noun>    <numeral>שלושה</numeral>    רומנים:בינו    לבינם    <date><date>(1953),צבת</date></date>    בצבת    <date><date>(1956)ויתד</date></date>    לאוהל    <date><date>(1960),</date></date>    <noun>טרילוגיה</noun>    <participle>המתארת</participle>    <at-preposition>את</at-preposition>    קורותיה    <shel-preposition>של</shel-preposition>    <noun>משפחת</noun>    <properName>ביקלובניה</properName>    בתקופת    היישוב,    במהלך    <noun>מלחמת</noun>    <noun>העצמאות</noun>    ובשנותיה    <numeral>הראשונות</numeral>    <shel-preposition>של</shel-preposition>    המדינה.    <noun>הטרילוגיה</noun>    <verb>מבוססת</verb>    <preposition>על</preposition>    <noun>הפואטיקה</noun>    <adjective>הנורמטיבית</adjective>    <shel-preposition>של</shel-preposition>    <noun>סיפורת</noun>    התקופה:    <noun>תיאור</noun>    <shel-preposition>של</shel-preposition>    <noun>התפתחות</noun>    <adjective>היסטורית</adjective>    בסגנון    ריאליסטי.    <pronoun>היא</pronoun>    <verb>מציגה</verb>    <at-preposition>את</at-preposition>    <interrogative>מה</interrogative>    שנראה    לניצן    כקונפליקטים    <adjective>המרכזיים</adjective>    <shel-preposition>של</shel-preposition>    התקופה,    <adverb>בעיקר</adverb>    <noun>בעיית</noun>    <adjective>היחיד</adjective>    <participle>המבקש</participle>    לעצמו    <at-preposition>את</at-preposition>    מקומו    <preposition>בתוך</preposition>    הכלל,    <noun>יחסי</noun>    <noun>הדורות</noun>    <preposition>בין</preposition>    <noun>האבות</noun>    המייסדים,    החלוצים,    <preposition>לבין</preposition>    <noun>הבנים</noun>    הלוחמים,    הצברים,    וכוחם    וחולשתם    <shel-preposition>של</shel-preposition>    <numeral>שני</numeral>    הדורות.    <properName>ניצן</properName>    <negation>לא</negation>    <verb>תיאר</verb>    <at-preposition>את</at-preposition>    <noun>המלחמה</noun>    כסיפור    לעצמו,    <conjunction>אלא</conjunction>    במתכונת    <shel-preposition>של</shel-preposition>    <noun>רומן</noun>    שיש    בו    <preposition>מן</preposition>    <noun>הסממנים</noun>    <shel-preposition>של</shel-preposition>    <noun>סאגה</noun>    משפחתית.    עניינו    <adjective>המרכזי</adjective>    בטרילוגיה    <pronoun>זו</pronoun>    <pronoun>הוא</pronoun>    <noun>ההשפעה</noun>    <shel-preposition>של</shel-preposition>    <noun>האירועים</noun>    <adjective>ההיסטוריים</adjective>    <preposition>על</preposition>    <noun>חיי</noun>    <noun>האנשים</noun>    <adjective>הפרטיים</adjective>    ועל    <noun>חיי</noun>    המשפחות.
      <conjunction>לאחר</conjunction>    <numeral>שלושת</numeral>    <noun>הרומנים</noun>    <pronoun>הללו</pronoun>    <verb>חזר</verb>    <properName>ניצן</properName>    לתקופת-מה    <preposition>אל</preposition>    <noun>הסיפור</noun>    הקצר,    והוציא    בשנות    <numeral>השישים</numeral>    <numeral>שני</numeral>    <noun>קבצים</noun>    <adjective>נוספים</adjective>    <shel-preposition>של</shel-preposition>    <noun>סיפורים</noun>    קצרים:    <adjective>בסוגריים</adjective>    <date><date>(1964),</date></date>    שסיפוריו    <verb>מתמקדים</verb>    במצבו    <adjective>האקזיסטנציאליסטי</adjective>    <shel-preposition>של</shel-preposition>    האדם;    ומרחוב    לרחוב,    <noun>סיפורים</noun>    <adjective>אורבניים</adjective>    שרובם    ככולם    <verb>מתרחשים</verb>    <preposition>על</preposition>    <noun>רקע</noun>    תלאביב.    <adverb>מאוחר</adverb>    <adverb>יותר</adverb>    <verb>חזר</verb>    לצורת    <noun>הרומן</noun>    בשעה    <adjective>גנובה</adjective>    <date><date>(1972),</date></date>    <participle>הפורש</participle>    <at-preposition>את</at-preposition>    <noun>הקונפליקט</noun>    <shel-preposition>של</shel-preposition>    <noun>אלמנת</noun>    <noun>מלחמה</noun>    <participle>הנקלעת</participle>    לסבך    <adjective>רגשי</adjective>    ותודעתי    <preposition>בין</preposition>    בעלה    <adjective>המת</adjective>    <preposition>לבין</preposition>    אחיו    <noun>התאום</noun>    החי,    ובין    <noun>העבר</noun>    להווה.    בפתח    <noun>הרומן</noun>    <verb>מציב</verb>    <properName>ניצן</properName>    <at-preposition>את</at-preposition>    המוטו:    "כל    <noun>שעה</noun>    שאיננה    <noun>מלחמה</noun>    ואיננה    <noun>מוות</noun>    <pronoun>היא</pronoun>    <noun>שעה</noun>    גנובה".    מוטו    <pronoun>זה</pronoun>    <verb>ממחיש</verb>    <at-preposition>את</at-preposition>    <noun>ההשקפה</noun>    <adjective>האקזיסטנציאליסטית</adjective>    <participle>המובלעת</participle>    ברומן    זה,    שבאה    לידי    <noun>ביטוי</noun>    <conjunction>גם</conjunction>    ביצירותיו    <adjective>הבאות</adjective>    <shel-preposition>של</shel-preposition>    המחבר,    שבהן    <noun>הגיבורים</noun>    <verb>עורכים</verb>    <noun>חשבון</noun>    <noun>נפש</noun>    <preposition>על</preposition>    <noun>משמעות</noun>    חייהם.    <adverb>כך</adverb>    <conjunction>גם</conjunction>    <verb>ברומןצל</verb>    <shel-preposition>של</shel-preposition>    <noun>ספק</noun>    <date><date>(1985),</date></date>    שבמרכזו    <numeral>שלושה</numeral>    <noun>קשישים</noun>    בבית    <noun>אבות</noun>    <noun>העורכים</noun>    <at-preposition>את</at-preposition>    <noun>חשבון</noun>    חייהם    בישיבה    <preposition>מתחת</preposition>    לעץ    שעליו    <verb>תלה</verb>    <at-preposition>את</at-preposition>    <pronoun>עצמו</pronoun>    חברם    קוהלת,    <participle>המופיע</participle>    ברומן    כרוח    רפאים.    למופע    <noun>הרפאים</noun>    <shel-preposition>של</shel-preposition>    <noun>קוהלת</noun>    זה,    ולשאלות    שהוא    <verb>שואל</verb>    <at-preposition>את</at-preposition>    חבריו,    <existential>יש</existential>    <noun>גוון</noun>    <adjective>הומוריסטי</adjective>    בולט,    <participle>המאפק</participle>    <at-preposition>את</at-preposition>    <noun>הכבדות</noun>    והרצינות    <participle>המאפיינות</participle>    <at-preposition>את</at-preposition>    <noun>הפגישה</noun>    <preposition>בין</preposition>    החברים,    ומשביח    <at-preposition>את</at-preposition>    הרומן.        
      <preposition>לצד</preposition>    יצירתו    למבוגרים    <verb>הקדיש</verb>    <properName>ניצן</properName>    מפועלו    <conjunction>גם</conjunction>    לילדים    ולנוער.    לדבריו,    כתיבתו    לילדים    <copula>היתה</copula>    בראשיתה    <adjective>מקרית</adjective>    וכרוכה    בעריכת    <noun>השבועון</noun>    <noun>משמר</noun>    לילדים    <verb>החל</verb>    <date><date>ב-1950.</date></date>    <noun>מפעל</noun>    <adjective>נוסף</adjective>    <shel-preposition>של</shel-preposition>    <properName>ניצן</properName>    <pronoun>הוא</pronoun>    תרגומם    <shel-preposition>של</shel-preposition>    <noun>סיפורים</noun>    <properName>ואגדותעם</properName>    מאנגלית    ומגרמנית    ועריכתם    בקבצים    <participle>המיועדים</participle>    לילדים,    לנוער    ולמבוגרים    כאחד,    <conjunction>למשל</conjunction>    הזאב,    <noun>השועל</noun>    והחמור    ועוד    <numeral>שבעה</numeral>    <noun>סיפורים</noun>    <date><date>(1950);</date></date>    <noun>קשת</noun>    <noun>פלאים</noun>    <date><date>(1962);מאטוק</date></date>    <verb>נער</verb>    <noun>הקוטב</noun>    <date><date>(1964)</date></date>    ועוד.    <properName>ניצן</properName>    <verb>הקדיש</verb>    <at-preposition>את</at-preposition>    זמנו    לחיפוש    ולקריאת    <numeral>אלפי</numeral>    <noun>אגדות</noun>    ומשלים    מכל    <noun>העולם</noun>    ומכל    <noun>הזמנים</noun>    והריק    אותם    לעברית.    <preposition>כמו</preposition>    <conjunction>כן</conjunction>    <verb>תירגם</verb>    מגרמנית    <noun>ספרים</noun>    <adjective>שלמים</adjective>    שפורסמו    בהמשכים    בשבועון    שערך.    משפרש    לגמלאות    <verb>חזר</verb>    <verb>לעסוק</verb>    בכתיבה    למבוגרים.    סיפוריו    לילדים    <verb>קובצו</verb>    בארבעה    קבצים:    <noun>המדורה</noun>    <preposition>על</preposition>    <noun>שפת</noun>    <properName>הירקון</properName>    <date><date>(1955);הגיבור</date></date>    <adjective>הקטן</adjective>    <date><date>(1959);סיפורו</date></date>    <shel-preposition>של</shel-preposition>    ספן    <date><date>(1962);הצריף</date></date>    ברחוב    <noun>הצפצפה</noun>    <date><date>(2000).</date></date>    
      בנוסף    לכל    <noun>אלה</noun>    <verb>פירסם</verb>    <properName>ניצן</properName>    <at-preposition>את</at-preposition>    <noun>הספרים</noun>    <conjunction>בטרם</conjunction>    <noun>עט</noun>    <date><date>(1997)</date></date>    ומהמגירה    <numeral>השלישית</numeral>    <date><date>(1999)</date></date>    <participle>המעלים</participle>    <noun>שאלות</noun>    <participle>הנוגעות</participle>    לתהליכי    הכתיבה,    ליחסים    <adjective>המורכבים</adjective>    <preposition>בין</preposition>    <noun>הדמויות</noun>    ולדילמה    <preposition>בין</preposition>    <noun>השאיפה</noun>    <verb>לכסות</verb>    <preposition>לבין</preposition>    <noun>החשיפה</noun>    העצמית.    <preposition>כמו</preposition>    <conjunction>כן</conjunction>    <noun>ערך</noun>    <at-preposition>את</at-preposition>    <foreign>P.E.N</foreign>    <foreign>Israel</foreign>    <date><date>1991</date></date>    <punctuation>–</punctuation>    <noun>אנתולוגיה</noun>    <shel-preposition>של</shel-preposition>    <noun>ספרות</noun>    <adjective>ישראלית</adjective>    <adjective>עכשווית</adjective>    <adjective>מתורגמת</adjective>    לאנגלית.    <pronoun>הוא</pronoun>    <verb>זכה</verb>    בפרסים    שונים,    בהם    <noun>פרס</noun>    <noun>היצירה</noun>    <preposition>על</preposition>    <noun>שם</noun>    <properName>לוי</properName>    <properName>אשכול</properName>    <date><date>(1984).</date></date>    <adjective>אחדים</adjective>    מספריו    <verb>תורגמו</verb>    לכמה    שפות.    <pronoun>הוא</pronoun>    <negation>לא</negation>    <verb>זכה</verb>    לתשומת    <noun>לב</noun>    <adjective>ראויה</adjective>    <preposition>מצד</preposition>    הביקורת.
      מספריו    האחרים:    <date><date>בסוגריים(1964);תופקוש</date></date>    <date><date>(1975);האימפריה</date></date>    <adjective>הפרטית</adjective>    <shel-preposition>של</shel-preposition>    <noun>זמירי</noun>    <properName>פיקאסו</properName>    <date><date>(1982);להיות</date></date>    <noun>עד</noun>    <date><date>(1993);ספירת</date></date>    <noun>מלאי</noun>    <date><date>(2000);פלירט</date></date>    <preposition>עם</preposition>    <noun>המוות</noun>    <date><date>(2003).</date></date>    
      References:    
      בלאט,    אברהם.    "בלדה    לכושל    <conjunction>או</conjunction>    <noun>רקוויאם</noun>    להולך".    <noun>מאזניים</noun>    <properName>ע"ב</properName>    (4).    <date><date>1988.</date></date>    61-62;    הלפרין,    שרה.    "על    <noun>הסף</noun>    <punctuation>–</punctuation>    <preposition>בין</preposition>    <noun>דמיון</noun>    <preposition>לבין</preposition>    מציאות".    <adjective>מאזנייםנ"ח</adjective>    (7-8).    <date><date>1981.</date></date>    88-89;    גלבוע,    מנוחה.    "סיפורת    <properName>הפלמ"ח</properName>    בצבת    הביקורת".    <properName>מאזנייםס"ה</properName>    (5).    <date><date>1991.</date></date>    35-39;    מירון,    דן."נופה    <shel-preposition>של</shel-preposition>    <noun>ההיסטוריה</noun>    כתמונת    פנים".צבת    בצבת.    ירושלים:    <properName>מוסד</properName>    ביאליק.    <date><date>1990.</date></date>    581-603;    ניצן,    שלמה.    "להיות    <noun>סופר</noun>    למבוגרים    ולכתוב    לילדים".    <noun>מאזניים</noun>    <properName>ס"ז</properName>    (3).    <date><date>1993.</date></date>    24-25.
    
  		</body>
  	</text>
  </TEI> 
		</body>
	</text>
</TEI>