<?xml version="1.0" encoding="UTF-8"?>
<?xml-model href="http://www.tei-c.org/release/xml/tei/custom/schema/relaxng/tei_all.rng" type="application/xml" schematypens="http://relaxng.org/ns/structure/1.0"?>
<?xml-model href="http://www.tei-c.org/release/xml/tei/custom/schema/relaxng/tei_all.rng" type="application/xml"
	schematypens="http://purl.oclc.org/dsdl/schematron"?>
<TEI xmlns="http://www.tei-c.org/ns/1.0">
   <teiHeader>
      <fileDesc>
         <publicationStmt>
            <p>Publication Information</p>
         </publicationStmt>
         <sourceDesc>
            <p>Information about the source</p>
         </sourceDesc>
      </fileDesc>
   </teiHeader>
   <text>
      <body>
 Name:  אביגור-רותם,  גבריאלה
  <foreign>Birth</foreign>  Year:  <date>1946
</date>  <foreign>Birth</foreign>  Place:  <properName>בואנוס</properName>  איירס,  ארגנטינה
  Occupation:  סופרת,  <noun>משוררת</noun>  ועורכת
  <foreign>Entry</foreign>  writer:  <properName>עירית</properName>  רונן
  <foreign>Entry</foreign>  Value:  
  <verb>נולדה</verb>  <properName>בבואנוס</properName>  איירס,  ארגנטינה.  <verb>עלתה</verb>  לארץ  <date>ב-1950.</date>  <noun>בעלת</noun>  <noun>תואר</noun>  <numeral>ראשון</numeral>  בספרות  <adjective>עברית</adjective>  ובספרות  <properName>אנגלית</properName>  ובעלת  <noun>תעודת</noun>  <noun>הוראה</noun>  מאוניברסיטת  תלאביב.  במהלך  <noun>שנות</noun>  <numeral>התשעים</numeral>  <verb>שימשה</verb>  בתפקידי  <noun>עריכה</noun>  מגוונים:  לקטורית  ועורכת  <noun>ספרי</noun>  <noun>ביכורים</noun>  בהוצאת  <noun>עם</noun>  עובד,  <conjunction>לאחר</conjunction>  מכןלקטורית  <noun>ספרי</noun>  <noun>ילדים</noun>  ונוער  <preposition>עבור</preposition>  <noun>המכון</noun>  לתרגום  <noun>ספרות</noun>  עברית.  <adverb>כיום</adverb>  <verb>משמשת</verb>  כמרצה  וכעורכת  <noun>ספרי</noun>  <noun>עיון</noun>  בהוצאת  <noun>הספרים</noun>  <shel-preposition>של</shel-preposition>  <noun>אוניברסיטת</noun>  חיפה.  <properName>גרשון</properName>  <date>שקד(2006),</date>  שאביגור-רותם  <verb>ערכה</verb>  <at-preposition>את</at-preposition>  <numeral>אחד</numeral>  מספריו,  <verb>שיבח</verb>  אותה  במילים  חמות:  "הרבהעורכיםועורכותהיוליבימיחלדי,  והיאודאיאחתמןהמעוליםשבהם:  רגישותלשונית,  <properName>הבנהספרותיתותבונהאנושיתנתמזגובהועשאוהלעורכת...</properName>  כאותהמיילדתהנוטלתאתהתינוקשלנובלידתו,  מטהרתומנקהאותוומחזירהאותולנומטוהרונקי".
  <verb>פירסמה</verb>  <numeral>שני</numeral>  <noun>ספרי</noun>  <noun>שירה</noun>  <conjunction>בטרם</conjunction>  <verb>החלה</verb>  בכתיבת  פרוזה:  <properName>דולצינאה</properName>  (דביר,  <date>1980)</date>  וחומות  וקיסרים  <date>(1990).</date>  <noun>ספרי</noun>  <noun>השירה</noun>  <verb>עוסקים</verb>  במסעות,  בהתמודדות  <noun>עם</noun>  <noun>אלוהים</noun>  ועם  המוות,  <adjective>ובמרכזםדמויות</adjective>  מיתיות:  תנ"כיות  <conjunction>או</conjunction>  <preposition>מן</preposition>  <noun>הספרות</noun>  הקלאסית.  
  <date>ב-1992</date>  <verb>פירסמה</verb>  <properName>אביגור-רותם</properName>  <at-preposition>את</at-preposition>  <noun>הרומן</noun>  <numeral>הראשון</numeral>  שלה,מוצרט  <negation>לא</negation>  <copula>היה</copula>  יהודי(כתר,  <noun>צד</noun>  התפר),  <verb>שבו</verb>  <verb>התגייסה</verb>  <verb>לספר</verb>  <at-preposition>את</at-preposition>  <noun>הסיפור</noun>  <participle>הנשכח</participle>  <shel-preposition>של</shel-preposition>  <properName>שבט</properName>  <noun>יהודי</noun>  שלא  <verb>זכה</verb>  לנוכחות  <shel-preposition>של</shel-preposition>  <noun>ממש</noun>  בסיפורת  העברית:  <noun>השבט</noun>  שהיגר  מאירופה  לאמריקה  הלטינית.  <pronoun>היא</pronoun>  <verb>עשתה</verb>  <pronoun>זאת</pronoun>  <preposition>באמצעות</preposition>  <noun>סאגה</noun>  דו-משפחתית  ענפה,  שרקמה  לתפארת.  <noun>הסגנון</noun>  <adjective>הייחודי</adjective>  שלה  <verb>שוזר</verb>  <at-preposition>את</at-preposition>  גורלן  וזהותן  <shel-preposition>של</shel-preposition>  <numeral>שתי</numeral>  <noun>משפחות</noun>  <preposition>תוך</preposition>  <noun>תנועות</noun>  <adjective>רחבות</adjective>  בו-זמניות  במרחבי  <noun>ארץ</noun>  ובזמן,  <preposition>באמצעות</preposition>  <noun>שברירי</noun>  דיבור,  <noun>מגעים</noun>  קלים,  מחוות  <noun>גוף</noun>  ואזכורים  דקים.  <noun>תערובת</noun>  הלשונות,  <participle>המכילה</participle>  <adjective>עברית</adjective>  <properName>ברוקית</properName>  ומתערסלת  לצד  <adjective>עברית</adjective>  משנאית,  <adjective>מקראית</adjective>  <conjunction>או</conjunction>  חסידית,  <participle>המשלבת</participle>  <noun>ביטוי</noun>  <adjective>רוסי</adjective>  <conjunction>או</conjunction>  <noun>אמרת</noun>  <noun>כנף</noun>  צרפתית,  <verb>מגישה</verb>  לקורא  <noun>עושר</noun>  <shel-preposition>של</shel-preposition>  <properName>צליל</properName>  ומשמעות.  
  <noun>הביקורת</noun>  <verb>הכריזה</verb>  <conjunction>כי</conjunction>  <preposition>באמצעות</preposition>  <noun>רומן</noun>  <pronoun>זה</pronoun>  <verb>פרצה</verb>  <noun>הסופרת</noun>  <preposition>אל</preposition>  <noun>השורה</noun>  <numeral>הראשונה</numeral>  <shel-preposition>של</shel-preposition>  <noun>הספרות</noun>  <adjective>העברית</adjective>  <noun>בת</noun>  זמננו.  <noun>הרומן</noun>  <verb>זכה</verb>  להכרה  כחוליה  <adjective>משמעותית</adjective>  בז'אנר  <participle>המתפתח</participle>  <shel-preposition>של</shel-preposition>  <properName>גנאלוגיה</properName>  <adjective>משפחתית</adjective>  יהודית,  <noun>ז'אנר</noun>  שצמח  כאלטרנטיבה  לסיפור  <noun>השושלת</noun>  הקולקטיבי-ממלכתי.  <conjunction>כמו</conjunction>  <conjunction>כן</conjunction>  <verb>הדגישה</verb>  <noun>הביקורת</noun>  <at-preposition>את</at-preposition>  <noun>טכניקת</noun>  <noun>הסיפור</noun>  <adjective>המקורית</adjective>  והמרתקת,  <at-preposition>את</at-preposition>  שליטתה  <adjective>הווירטואוזית</adjective>  <shel-preposition>של</shel-preposition>  <noun>הסופרת</noun>  בשפה  <adjective>העברית</adjective>  ואת  <noun>העיסוק</noun>  <adjective>המקורי</adjective>  שלה  במתח  <preposition>בין</preposition>  <noun>השאיפה</noun>  לחידוש  <preposition>לבין</preposition>  <verb>גזֵרת</verb>  הגורל.מוצרט  <negation>לא</negation>  <copula>היה</copula>  <noun>יהודיזכה</noun>  בפרס  <noun>ראש</noun>  <noun>הממשלה</noun>  <preposition>על</preposition>  <noun>שם</noun>  <properName>לוי</properName>  <properName>אשכול</properName>  ובפרס  לרומן  <noun>ביכורים</noun>  <preposition>על</preposition>  <noun>שם</noun>  שוויפרט.  
  <date>ב-2001התפרסם</date>  <noun>הרומן</noun>  <numeral>השני</numeral>  שלה,חמסין  וציפורים  משוגעות,  עבורו  <adjective>זכתהבשנית</adjective>  בפרס  <noun>ראש</noun>  <noun>הממשלה</noun>  <preposition>על</preposition>  <noun>שם</noun>  <properName>לוי</properName>  אשכול,  <verb>נכללה</verb>  בחמישייה  <noun>הנבחרת</noun>  <shel-preposition>של</shel-preposition>  <noun>פרס</noun>  <properName>ספיר</properName>  לספרות,זכתה  בפרס  <properName>גולדברג</properName>  לספרות,בפרס  <noun>נשיא</noun>  <noun>המדינה</noun>  לספרות,  בפרס  <noun>הזהב</noun>  ובפרס  <noun>הפלטינה</noun>  <shel-preposition>של</shel-preposition>  <noun>התאחדות</noun>  המו"לים,  ובפרס  <properName>ויצו</properName>  (WIZO)לרומן  <participle>המתורגם</participle>  לצרפתית.אבנרהולצמן  <date>(2001)</date>  <verb>גורס</verb>  <conjunction>כי</conjunction>  <noun>הרומן</noun>  <adjective>סבוך</adjective>  ועשיר,  וכי  <pronoun>הוא</pronoun>  <noun>יצירה</noun>  <noun>בעלת</noun>  <noun>ערך</noun>  <adjective>הכתובה</adjective>  היטב,  שניכר  <conjunction>כי</conjunction>  <verb>הושקעה</verb>  בה  <noun>עבודת</noun>  <noun>צירוף</noun>  וליטוש  קפדנית.  <pronoun>הוא</pronoun>  <verb>מוסיף</verb>  <conjunction>כי</conjunction>  <pronoun>זהו</pronoun>  <noun>ספר</noun>  <adjective>שאפתני</adjective>  <participle>המבקש</participle>  <verb>להתמודד</verb>  <noun>עם</noun>  <quantifier>כמה</quantifier>  <preposition>מן</preposition>  <noun>הצמתים</noun>  <adjective>המשמעותיים</adjective>  <adverb>ביותר</adverb>  <shel-preposition>של</shel-preposition>  קיומנו  כיחידים  וכציבור.  <properName>גרשון</properName>  <properName>שקד</properName>  <date>(2001)</date>  <verb>משבח</verb>  <at-preposition>את</at-preposition>  רגישותו,  <at-preposition>את</at-preposition>  עומקו  ואת  עדינותו  <shel-preposition>של</shel-preposition>  הספר,  וכן  <at-preposition>את</at-preposition>  <noun>התיאורים</noun>  בו,  ה"מעוצבים  בפרטי  <noun>פרטים</noun>  בכישרון  <adjective>לשוני</adjective>  ובתובנות  <noun>התבוננות</noun>  שאין  להם  שיעור",  ומגדיר  אותו  כסיפור  ארץ-ישראלי  <adjective>אלגי</adjective>  <adjective>המלא</adjective>  <noun>אהבה</noun>  <adjective>אנושית</adjective>  לכל  <interrogative>מי</interrogative>  שחלף  <conjunction>או</conjunction>  <adverb>מעולם</adverb>  <negation>לא</negation>  היה.  
  <date>ב-2007</date>  <verb>ראה</verb>  <noun>אור</noun>  <noun>הרומן</noun>  <adjective>אדום</adjective>  עתיק,  שזכה  בפרס  <noun>הזהב</noun>  <shel-preposition>של</shel-preposition>  <noun>התאחדות</noun>  המו"לים.  <adverb>חלק</adverb>  <preposition>מן</preposition>  <noun>הביקורת</noun>  <verb>הגדירה</verb>  אותו  כרומן  <adjective>ציוני</adjective>  מפוכח,השואל  <noun>האם</noun>  <verb>הצליח</verb>  <noun>החזון</noun>  <adjective>הציוני</adjective>  להתממש.  <noun>הבחירה</noun>  בהחייאת  <noun>הרומן</noun>  <adjective>הציוני</adjective>  <verb>היוותה</verb>  <noun>צעד</noun>  <adjective>נועז</adjective>  <preposition>על</preposition>  <noun>רקע</noun>  <noun>המקובל</noun>  בספרות  העברית.  <pronoun>זוהי</pronoun>  <noun>חזרה</noun>  לציונות  <noun>נוסח</noun>  "החלוץ"  ו"השומר",  <adjective>הבולטת</adjective>  <adverb>בעיקר</adverb>  בבחירה  <verb>למקם</verb>  <at-preposition>את</at-preposition>  <noun>העלילה</noun>  בגליל,  ובהתמקדות  בדמויות  בעלות  <noun>מאפיינים</noun>  הרואיים.  <noun>הרומן</noun>  <verb>עוסק</verb>  בנשים  <adjective>חזקות</adjective>  ומרתקות,  ובתיאור  <noun>שושלת</noun>  <shel-preposition>של</shel-preposition>  <noun>נשים</noun>  בתולדות  הארץ.  <noun>הרומן</noun>  <verb>מספר</verb>  <at-preposition>את</at-preposition>  <noun>סיפור</noun>  <numeral>המאה</numeral>  <adjective>הציונית</adjective>  בארץ  ישראל,  <noun>דרך</noun>  <noun>מספרים</noun>  <adjective>שונים</adjective>  ותקופות  שונות.העברית  בפי  <noun>הדמויות</noun>  <pronoun>היא</pronoun>  <adjective>עשירה</adjective>  ומגוונת,  <adjective>מורכבת</adjective>  <preposition>ממשלביםשונים</preposition>  <shel-preposition>של</shel-preposition>  <noun>השפה</noun>  <adjective>העברית</adjective>  ומשפות  שונות.  <noun>עיצוב</noun>  <noun>הדמויות</noun>  ומבנה  <noun>העלילה</noun>  <adjective>שונים</adjective>  מאלה  <participle>המאפיינים</participle>  <at-preposition>את</at-preposition>  <noun>המרכיבים</noun>  <adjective>המקבילים</adjective>  בספרות  <noun>דור</noun>  המדינה.  <at-preposition>את</at-preposition>  מקומן  <shel-preposition>של</shel-preposition>  <noun>דמויות</noun>  <adjective>טיפוסיות</adjective>  ועלילות  <adjective>אלגוריות</adjective>  <verb>תופשים</verb>  <noun>עיצובים</noun>  <adjective>מוחשיים</adjective>  ומפורטים.  <properName>צופקה</properName>  למשל,  <noun>הסבתא</noun>  <shel-preposition>של</shel-preposition>  <noun>השושלת</noun>  כולה,  <pronoun>היא</pronoun>  <noun>גיבורה</noun>  ממשית,  ולא  <noun>דמות</noun>  <adjective>אלגורית</adjective>  <participle>המבטאת</participle>  <at-preposition>את</at-preposition>  <noun>הפער</noun>  <preposition>בין</preposition>  <noun>החזון</noun>  להגשמתו.
  <properName>אביגור-רותם</properName>  <verb>פירסמה</verb>  <conjunction>גם</conjunction>  <noun>ספר</noun>  שעניינו  <noun>הוראת</noun>  הספרות:  <noun>ספרים</noun>  לכל  <noun>טעם</noun>  <date>(1995).</date>  ספריה  <verb>תורגמו</verb>  לכמה  שפות.  
  References:  
  אופיר,  עדי.  "מאה  <noun>שנים</noun>  <shel-preposition>של</shel-preposition>  <noun>בדידות</noun>  יהודית".  <properName>מעריב</properName>  השבוע.  <date>14.2.1992.</date>  49;  אורן,  יוסף.  "אדום  עתיק–  <properName>גבריאלה</properName>  אביגור-רותם".  <noun>משמרות</noun>  בסיפורת  הישראלית.  <numeral>ראשון</numeral>  לציון:  יחד.  <date>2008.</date>  107-123;  הולצמן,  אבנר.  "הישראלים".  <foreign>ynet</foreign>  ספרים.  <date>6.5.2001;</date>  ---.  "בין  <properName>כנען</properName>  לטרזין".  <noun>מפת</noun>  דרכים:  <noun>סיפורת</noun>  <adjective>עברית</adjective>  כיום.  תלאביב:  <noun>הקיבוץ</noun>  המאוחד.  <date>2005.</date>  253-255;  נמדר,  ראובן.  "אל  <noun>השורה</noun>  הראשונה".  <noun>מאזניים</noun>  <properName>ס"ו</properName>  (6).  <date>1992.</date>  39-40;  שקד,  גרשון.  "שבחי  החמסין".  <foreign>ynet</foreign>  ספרים.  <date>12.8.2001;</date>  ---.  "הקדמה".  זהות:  <noun>ספרויות</noun>  <adjective>יהודיות</adjective>  בלשונות  לעז.  חיפה:  <noun>הוצאת</noun>  <noun>הספרים</noun>  <shel-preposition>של</shel-preposition>  <noun>אוניברסיטת</noun>  חיפה.  <date>2006.</date>  13-11.
 
		</body>
	</text>
</TEI>