<?xml version="1.0" encoding="UTF-8"?>
<?xml-model href="http://www.tei-c.org/release/xml/tei/custom/schema/relaxng/tei_all.rng" type="application/xml" schematypens="http://relaxng.org/ns/structure/1.0"?>
<?xml-model href="http://www.tei-c.org/release/xml/tei/custom/schema/relaxng/tei_all.rng" type="application/xml"
	schematypens="http://purl.oclc.org/dsdl/schematron"?>
<TEI xmlns="http://www.tei-c.org/ns/1.0">
   <teiHeader>
      <fileDesc>
         <publicationStmt>
            <p>Publication Information</p>
         </publicationStmt>
         <sourceDesc>
            <p>Information about the source</p>
         </sourceDesc>
      </fileDesc>
   </teiHeader>
   <text>
      <body>
 <?xml  version="1.0"  encoding="UTF-8"?>
  <?xml-model  href="http://www.tei-c.org/release/xml/tei/custom/schema/relaxng/tei_all.rng"  type="application/xml"  schematypens="http://relaxng.org/ns/structure/1.0"?>
  <?xml-model  href="http://www.tei-c.org/release/xml/tei/custom/schema/relaxng/tei_all.rng"  type="application/xml"
  	schematypens="http://purl.oclc.org/dsdl/schematron"?>
  <TEI  xmlns="http://www.tei-c.org/ns/1.0">
        <teiHeader>
              <fileDesc>
                    <publicationStmt>
                          <p>Publication  Information</p>
                    </publicationStmt>
                    <sourceDesc>
                          <p>Information  about  the  source</p>
                    </sourceDesc>
              </fileDesc>
        </teiHeader>
        <text>
              <body>
    Name:    <noun>סמל</noun>    (ארצי),    נאוה
      <foreign>Birth</foreign>    Year:    <date><date>1954
</date>  </date>    <foreign>Birth</foreign>    Place:    <properName>יפו</properName>    להורים    ילידי
      Occupation:    סופרת,    מחזאית    ומשוררת
      <foreign>Entry</foreign>    writer:    <properName>ניצה</properName>    בן-דב
      <foreign>Entry</foreign>    Value:    
      <verb>נולדה</verb>    ביפו    להורים    <noun>ילידי</noun>    בוקובינה,    רומניה,    ששרדו    <at-preposition>את</at-preposition>    השואה.    אמה    <properName>מִימִי</properName>    (מרגלית)    <pronoun>היא</pronoun>    אחייניתו    <shel-preposition>של</shel-preposition>    <noun>האדמו"ר</noun>    מלובלין,    <title>הרב</title>    <properName>מאיר</properName>    שפירא,    ושרדה    <at-preposition>את</at-preposition>    <noun>מחנה</noun>    אושוויץ.    <properName>אביה</properName>    <properName>יצחק</properName>    <properName>ארצי</properName>    (הרציג)    <copula>היה</copula>    <noun>פעיל</noun>    <adjective>ציוני</adjective>    מנעוריו,    ממנהיגי    <noun>תנועת</noun>    "הנוער    הציוני"    ברומניה,    ובתקופת    <noun>השואה</noun>    <verb>יצא</verb>    במשלחת    <noun>הצלה</noun>    <numeral>ראשונה</numeral>    לאזור    <noun>הגירוש</noun>    בטרנסניסטריה.    <date><date>ב-1947</date></date>    <verb>עלו</verb>    <noun>ההורים</noun>    לישראל    בספינת    <participle>המעפילים</participle>    "כנסת    ישראל"    שנתפשה    בידי    הבריטים,    והוגלו    לקפריסין.    <copula>היו</copula>    <preposition>בין</preposition>    <noun>מייסדי</noun>    <noun>מושב</noun>    <properName>אלוני</properName>    אבא,    <adverb>שם</adverb>    <verb>נולד</verb>    אחיה    הבכור,    <properName>שלמה</properName>    ארצי,    לימים    <noun>זמר</noun>    <adjective>מפורסם</adjective>    ומצליח.    <noun>האב</noun>    <copula>היה</copula>    <noun>איש</noun>    ציבור,    <verb>כיהן</verb>    כסגן    <noun>ראש</noun>    <noun>עיריית</noun>    <properName>תל</properName>    <properName>אביב</properName>    <preposition>במשך</preposition>    <numeral>עשרים</numeral>    <verb>שנה</verb>    והיה    <verb>חבר</verb>    <properName>כנסת</properName>    <preposition>מטעם</preposition>    <noun>הליברלים</noun>    העצמאיים.
      <noun>סמל</noun>    <verb>סיימה</verb>    <at-preposition>את</at-preposition>    <noun>הגימנסיה</noun>    "הרצליה",    <verb>שירתה</verb>    בצה"ל    כמפיקת    <noun>חדשות</noun>    ועורכת    <noun>תוכניות</noun>    ב"גלי    צה"ל",    <verb>עבדה</verb>    בטלוויזיה    <adjective>הישראלית</adjective>    ובבית    התפוצות,    וסיימה    <noun>תואר</noun>    <noun>שני</noun>    בתולדות    <noun>האמנות</noun>    באוניברסיטת    <properName>תל</properName>    אביב.    <date><date>ב-1976</date></date>    <verb>נישאה</verb>    למפיק    <noun>התיאטרון</noun>    <properName>נעם</properName>    סמל.    בשנים    <date><date>1980-1988</date></date>    <verb>עבדה</verb>    כעיתונאית    ומבקרת    <noun>אמנות</noun>    וקולנוע.    <date><date>ב-1988</date></date>    <verb>נסעה</verb>    <preposition>עם</preposition>    <noun>בעלה</noun>    <properName>לניו</properName>    יורק,    <adverb>שם</adverb>    <verb>כיהן</verb>    כקונסול    <noun>תרבות</noun>    <shel-preposition>של</shel-preposition>    ישראל.    <date><date>ב-1992</date></date>    <verb>שבו</verb>    לארץ,    והם    <verb>מתגוררים</verb>    בתל    אביב.
      יצירתה    <adjective>הספרותית</adjective>    <verb>מתפרשת</verb>    <preposition>על</preposition>    <noun>פני</noun>    <quantifier>כל</quantifier>    הז'אנרים:    <noun>שירה</noun>    למבוגרים,    <noun>שירה</noun>    לצעירים,    <noun>סיפורים</noun>    קצרים,    <adjective>רומנים</adjective>    למבוגרים    ולבני    הנעורים,    <noun>מחזות</noun>    לבמה    ולרדיו,    לִברית    לאופרה    וטקסטים    להלחנה.    מראשית    יצירתה    <pronoun>היא</pronoun>    <verb>מרבה</verb>    <verb>לעסוק</verb>    בצלקות    <noun>השואה</noun>    במשפחות    ישראליות,    ורבות    מדמויותיה    <conjunction>הן</conjunction>    <noun>ילדים</noun>    <noun>הצופים</noun>    בעולם    <noun>המבוגרים</noun>    ומנסים    <verb>לפענח</verb>    <noun>מציאות</noun>    <adjective>מסתורית</adjective>    ומבעיתה.    <adverb>במקביל</adverb>    <pronoun>היא</pronoun>    <verb>שבה</verb>    <preposition>אל</preposition>    <noun>פרקים</noun>    בתולדות    <noun>ארץ</noun>    <properName>ישראל</properName>    ומעמידה    כנגדם    <noun>היסטוריה</noun>    חלופית.
      ספרה    הראשון,    <noun>שירי</noun>    <noun>הריון</noun>    ולידה    (ספרית    פועלים,    <date><date>1982),</date></date>    <verb>התווה</verb>    <noun>מוטיב</noun>    <adjective>קבוע</adjective>    ביצירתה:    <noun>השיח</noun>    <preposition>בין</preposition>    <noun>הורים</noun>    לילדיהם,    שמנסה    בכל    <noun>דרך</noun>    <verb>לפרוץ</verb>    גבולות.    <noun>אם</noun>    בספר    <numeral>הראשון</numeral>    <copula>היה</copula>    <pronoun>זה</pronoun>    <noun>הניסיון</noun>    <verb>ליצור</verb>    <noun>קשר</noun>    <preposition>בין</preposition>    <noun>אם</noun>    לעובר    שעדיין    <negation>לא</negation>    נולד,    <conjunction>הרי</conjunction>    ספרה    השני,    <noun>כובע</noun>    <noun>זכוכית</noun>    <date><date>(1985),</date></date>    <verb>פרץ</verb>    <at-preposition>את</at-preposition>    <noun>מחסום</noun>    <noun>השתיקה</noun>    שבין    שורדי    <noun>השואה</noun>    לבניהם,    והיה    <verb>לספר</verb>    <noun>הפרוזה</noun>    <adjective>הישראלי</adjective>    <numeral>הראשון</numeral>    שהעלה    לדיון    <adjective>ציבורי</adjective>    <at-preposition>את</at-preposition>    <noun>נושא</noun>    <noun>הדור</noun>    השני.    <conjunction>גם</conjunction>    ספרה    השלישי,    גרשונה-שונה    <date><date>(1988),</date></date>    <verb>העמיד</verb>    במרכזו    <noun>משפחת</noun>    <verb>שורדים</verb>    בתל    <properName>אביב</properName>    <shel-preposition>של</shel-preposition>    <noun>שנות</noun>    <numeral>החמישים</numeral>    ואת    <noun>הגילוי</noun>    <adjective>הכואב</adjective>    <shel-preposition>של</shel-preposition>    <noun>הבת</noun>    <preposition>על</preposition>    <participle>מוראות</participle>    <noun>העבר</noun>    <participle>המושתק</participle>    <shel-preposition>של</shel-preposition>    הוריה.    בלעוף    <adverb>מכאן</adverb>    (שמו    המקורי:    <properName>מוריס</properName>    <properName>חביבאל</properName>    <verb>מלמד</verb>    לעוף,    <date><date>1990)</date></date>    <verb>הועמדה</verb>    במרכז    <noun>דמות</noun>    <shel-preposition>של</shel-preposition>    <verb>שורד</verb>    <noun>שואה</noun>    מהאי    ג'רבה,    והספר    <copula>היה</copula>    <noun>חלוץ</noun>    בגילוי    <noun>פרק</noun>    <noun>השואה</noun>    <shel-preposition>של</shel-preposition>    <noun>יהודי</noun>    צפון-אפריקה    וסבלם    <preposition>תחת</preposition>    <noun>הכיבוש</noun>    הנאצי.
      <noun>ראלי</noun>    <noun>מסע</noun>    <noun>מטרה</noun>    <date><date>(1993)</date></date>    <verb>נכתב</verb>    <noun>בעת</noun>    <noun>השהות</noun>    <properName>בניו</properName>    יורק,    <conjunction>אך</conjunction>    <copula>היה</copula>    כולו    <noun>מסע</noun>    <preposition>בעקבות</preposition>    <noun>ההיסטוריה</noun>    הקדם-ציונית    ותולדות    הארץ-ישראליות,    בניסיון    <verb>להתחקות</verb>    <preposition>אחר</preposition>    <noun>אבני</noun>    <noun>היסוד</noun>    שמהן    <verb>נוצקת</verb>    <noun>הזהות</noun>    <adjective>הישראלית</adjective>    החמקמקה.    ברומן,    <participle>המתרחש</participle>    כולו    בחיפה,    <verb>חוגגת</verb>    <noun>חבורת</noun>    <noun>ידידים</noun>    מילדות    <at-preposition>את</at-preposition>    <noun>יום</noun>    <properName>העצמאות</properName>    ה-40    <shel-preposition>של</shel-preposition>    <noun>מדינת</noun>    <properName>ישראל</properName>    במשחק    <noun>חידות</noun>    היסטוריות,    <conjunction>כאשר</conjunction>    <noun>אותות</noun>    <noun>האינתיפאדה</noun>    <numeral>הראשונה</numeral>    <verb>מרחפים</verb>    מעל,    ואילו    עיניהם    <verb>טחו</verb>    מראות.    <conjunction>גם</conjunction>    באשה    <preposition>על</preposition>    <noun>הנייר</noun>    <date><date>(1996)</date></date>    <pronoun>היא</pronoun>    <noun>חזרה</noun>    להיסטוריה    הקדם-ישראלית    ותיארה    <at-preposition>את</at-preposition>    <noun>החיים</noun>    בפלשתינה    בימי    <noun>המנדט</noun>    הבריטי.    <noun>הספר</noun>    <verb>מעמיד</verb>    במרכזו    <noun>משולש</noun>    <adjective>רומנטי</adjective>    <preposition>בין</preposition>    <noun>עולה</noun>    מפולין,    <verb>גבר</verb>    <properName>בן</properName>    <noun>היישוב</noun>    וטייס    בריטי,    והוא    <verb>מתרחש</verb>    <noun>ערב</noun>    <noun>המרד</noun>    <adjective>הערבי</adjective>    <adjective>הגדול</adjective>    <date><date>(1939-1936)</date></date>    ובוחן    <preposition>מתוך</preposition>    <adjective>פריזמות</adjective>    <noun>שונות</noun>    ומפוצלות    <at-preposition>את</at-preposition>    <numeral>שתי</numeral>    <noun>הכתובות</noun>    שעל    הקיר:    <noun>עליית</noun>    <noun>הנאצים</noun>    באירופה    והסכסוך    הישראלי-ערבי    המדמם.
      <noun>הרומן</noun>    <noun>צחוק</noun>    <shel-preposition>של</shel-preposition>    <date><date>עכברוש(2001)</date></date>    <verb>מסמן</verb>    <adverb>עוד</adverb>    <noun>שלב</noun>    בניסיון    <verb>להרחיב</verb>    <at-preposition>את</at-preposition>    <noun>גבולות</noun>    <noun>הסיפור</noun>    ולבחון    <at-preposition>את</at-preposition>    מעמדו.    <noun>חוסר</noun>    <noun>היכולת</noun>    <verb>לתת</verb>    לשואה    <noun>ייצוג</noun>    ספרותי-אסתטי    מתורגם כאן    לכתיבה    אקספרימנטליתשל ריבוי    <noun>ז'אנרים</noun>    <participle>המסתופפים</participle>    ברומן    אחד:    סיפור,    אגדה,    <noun>מדע</noun>    <adjective>בדיוני</adjective>    ועוד,    והוא    <verb>מאגד</verb>    <adverb>למעשה</adverb>    <at-preposition>את</at-preposition>    <quantifier>כל</quantifier>    <noun>תחומי</noun>    יצירתה    <shel-preposition>של</shel-preposition>    סמל.    <noun>צחוק</noun>    <shel-preposition>של</shel-preposition>    עכברוש,    שהוגדר    כרומן    <noun>פורץ</noun>    <noun>דרך</noun>    וחתרני,    <verb>מטפל</verb>    בהעברת    <noun>זיכרון</noun>    <noun>השואה</noun>    בשרשרת    <noun>הדורות</noun>    ומעמיד    לדיון    <at-preposition>את</at-preposition>    יכולתנו    <verb>לספר</verb>    <at-preposition>את</at-preposition>    הבלתי-יסופר.    <noun>הפרק</noun>    העתידני,    שעוסק    בזיכרון    <noun>השואה</noun>    <date><date>ב-2099,</date></date>    <verb>טילטל</verb>    <at-preposition>את</at-preposition>    <noun>הקוראים</noun>    <adverb>בעיקר</adverb>    <preposition>בשל</preposition>    <noun>החיבור</noun>    שבין    <noun>השואה</noun>    למדע    בדיוני.    <noun>הרומן</noun>    <verb>זכה</verb>    לשבחי    <noun>הביקורת</noun>    ואף    <verb>עובד</verb>    לאופרה    מצליחה,    שהולחנה    בידי    <noun>המוזיקאית</noun>    <noun>אלה</noun>    מילך-שריף    והוצגה    <preposition>על</preposition>    <noun>בימת</noun>    <noun>התיאטרון</noun>    "הקאמרי"    <preposition>במשך</preposition>    <adverb>יותר</adverb>    משלוש    שנים.
      <noun>הרומן</noun>    <properName>אישראל</properName>    <date><date>(2005)</date></date>    <verb>גולש</verb>    <preposition>לעבר</preposition>    <noun>היסטוריה</noun>    חלופית,    ובו    <verb>מוקמת</verb>    <noun>מדינה</noun>    <adjective>יהודית</adjective>    <preposition>על</preposition>    <noun>אי</noun>    באמריקה    <preposition>ליד</preposition>    <noun>מפלי</noun>    הניאגרה.    <noun>הספר</noun>    <verb>מעמיד</verb>    בבואה    <shel-preposition>של</shel-preposition>    <properName>ישראל</properName>    <adjective>הקיימת</adjective>    <preposition>מול</preposition>    "אישראל"    הבדיונית,    ומעלה    באופן    <adjective>מרתק</adjective>    <at-preposition>את</at-preposition>    <noun>שאלת</noun>    "מה    <copula>היה</copula>    אילו".    ספרה    <noun>חתונה</noun>    <adjective>אוסטרלית</adjective>    <date><date>(2009)</date></date>    <pronoun>הוא</pronoun>    <noun>יומן</noun>    <noun>מסע</noun>    <noun>המתאר</noun>    <noun>סיפור</noun>    <noun>אהבה</noun>    כפול:    <shel-preposition>של</shel-preposition>    <noun>בני</noun>    <noun>זוג</noun>    מתרבויות    <noun>שונות</noun>    ושל    <noun>אם</noun>    ובנה.
      מחזותיה    <shel-preposition>של</shel-preposition>    <noun>סמל</noun>    <verb>מרבים</verb>    <verb>לעסוק</verb>    בקשר    <adjective>הטעון</adjective>    שבין    <noun>מבוגרים</noun>    לילדים.    <noun>הילד</noun>    <preposition>מאחורי</preposition>    העיניים,    שהועלה    <adverb>לראשונה</adverb>    בתיאטרון    <properName>חיפה</properName>    <date><date>ב-1985,</date></date>    <verb>חשף</verb>    <at-preposition>את</at-preposition>    דמותה    <shel-preposition>של</shel-preposition>    <noun>אם</noun>    לילד    חריג.    <noun>המחזה</noun>    <verb>הוצג</verb>    <conjunction>הן</conjunction>    כהפקת    <noun>רדיו</noun>    והן    כהפקה    בימתית.    מחזה    <noun>הרדיו</noun>    <properName>רעבהעמיד</properName>    במרכז    <at-preposition>את</at-preposition>    <noun>הדיאלוג</noun>    <adjective>הכואב</adjective>    <preposition>בין</preposition>    <noun>בני</noun>    <noun>הדור</noun>    <numeral>השני</numeral>    להוריהם,    ואילו    במונודרמות    <numeral>אחת</numeral>    <adjective>זקנה</adjective>    (ביצוע:    <properName>ג'טה</properName>    לוקה,    <noun>בכורה</noun>    <date><date>1982)</date></date>    <verb>והַיי</verb>    <noun>זקן</noun>    <punctuation>–</punctuation>    <properName>בַּיי</properName>    <noun>זקן</noun>    (ביצוע:    <properName>גדי</properName>    יגיל,    <date><date>2003)</date></date>    <verb>מבקש</verb>    <noun>הקשיש</noun>    <verb>לחשוף</verb>    <at-preposition>את</at-preposition>    חייו    <participle>ההולכים</participle>    ואוזלים    בפני    <noun>הדור</noun>    שסוגד    לנעורי    נצח.
      <noun>שיתוף</noun>    <noun>הפעולה</noun>    <preposition>עם</preposition>    <participle>המלחינה</participle>    <noun>אלה</noun>    מילך-שריף    <noun>הניב</noun>    <conjunction>גם</conjunction>    <at-preposition>את</at-preposition>    <pronoun>אני</pronoun>    <verb>רוצה</verb>    <verb>להיכנס</verb>    <verb>לספר</verb>    <adverb>בראשית</adverb>    <date><date>(2005),</date></date>    <noun>מחזור</noun>    <noun>שירי</noun>    <noun>תנ"ך</noun>    במבט    עכשווי;    <at-preposition>את</at-preposition>    <noun>הבלדה</noun>    <preposition>על</preposition>    <numeral>שלושה</numeral>    נביאים,    <noun>יצירה</noun>    <participle>הקושרת</participle>    <preposition>בין</preposition>    <adjective>האמונות</adjective>    והדתות,    שייצגה    <at-preposition>את</at-preposition>    <properName>ישראל</properName>    בפסטיבל    <noun>המקהלות</noun>    <adjective>הבינלאומי</adjective>    בפולין    <date><date>(2008);</date></date>    ואת    <adverb>שם</adverb>    בעולם    האחר,    <preposition>על</preposition>    <verb>שורדת</verb>    <noun>שואה</noun>    בדרכה    הביתה,    שבוצעה    בבכורה    <adjective>בימתית</adjective>    וטלוויזיונית    בעצרת    <noun>יום</noun>    <noun>השואה</noun>    ב"משואה",    <noun>המכון</noun>    ללימודי    <noun>השואה</noun>    <date><date>(2008).</date></date>        
      <noun>סמל</noun>    <verb>זכתה</verb>    בפרסים    בארץ    ובעולם,    בהם    <properName>פרס</properName>    <noun>הספר</noun>    <noun>היהודי</noun>    <properName>הלאומיבארצות</properName>    <properName>הברית</properName>    <date><date>(1991),</date></date>    <properName>פרס</properName>    מחזה    <noun>הרדיו</noun>    <noun>הטוב</noun>    <properName>ביותרבאוסטריה</properName>    <date><date>(1996),פרס</date></date>    <noun>ראש</noun>    <noun>הממשלה</noun>    <preposition>על</preposition>    <adverb>שם</adverb>    <properName>לוי</properName>    <properName>אשכול</properName>    <date><date>(1996)</date></date>    ופרס    <noun>אשת</noun>    <noun>השנה</noun>    בספרות    <shel-preposition>של</shel-preposition>    <noun>עיריית</noun>    <properName>תל</properName>    <properName>אביב</properName>    <date><date>(2007).</date></date>    יצירותיה    <verb>תורגמו</verb>    ללשונות    רבות.
      References:    
      גוברין,    נורית.    "עמוק    <preposition>בתוך</preposition>    <noun>מחילות</noun>    הזיכרון".קריאת    הדורות:    <noun>ספרות</noun>    <adjective>עברית</adjective>    במעגליה    ב'.    <properName>תל</properName>    אביב:    גוונים.    <date><date>2002.</date></date>    262-256;    ורדי,    דינה.נושאי    החותם.    ירושלים:    כתר.    <date><date>1990;</date></date>    מילנר,    איריס.    <noun>קרעי</noun>    עבר:    ביוגרפיה,    <noun>זהות</noun>    וזיכרון    בסיפורת    <noun>הדור</noun>    השני.    <properName>תל</properName>    אביב:    <preposition>עם</preposition>    עובד.    <date><date>2003;</date></date>    פרי,    ירון."ההיסטוריה    שלא    הייתה:    אישראל".    <noun>כיוונים</noun>    <adjective>חדשים</adjective>    17.    <date><date>2008.</date></date>    295-291.
    
  		</body>
  	</text>
  </TEI> 
		</body>
	</text>
</TEI>