<?xml version="1.0" encoding="UTF-8"?>
<?xml-model href="http://www.tei-c.org/release/xml/tei/custom/schema/relaxng/tei_all.rng" type="application/xml" schematypens="http://relaxng.org/ns/structure/1.0"?>
<?xml-model href="http://www.tei-c.org/release/xml/tei/custom/schema/relaxng/tei_all.rng" type="application/xml"
	schematypens="http://purl.oclc.org/dsdl/schematron"?>
<TEI xmlns="http://www.tei-c.org/ns/1.0">
   <teiHeader>
      <fileDesc>
         <publicationStmt>
            <p>Publication Information</p>
         </publicationStmt>
         <sourceDesc>
            <p>Information about the source</p>
         </sourceDesc>
      </fileDesc>
   </teiHeader>
   <text>
      <body>
 <?xml  version="1.0"  encoding="UTF-8"?>
  <?xml-model  href="http://www.tei-c.org/release/xml/tei/custom/schema/relaxng/tei_all.rng"  type="application/xml"  schematypens="http://relaxng.org/ns/structure/1.0"?>
  <?xml-model  href="http://www.tei-c.org/release/xml/tei/custom/schema/relaxng/tei_all.rng"  type="application/xml"
  	schematypens="http://purl.oclc.org/dsdl/schematron"?>
  <TEI  xmlns="http://www.tei-c.org/ns/1.0">
        <teiHeader>
              <fileDesc>
                    <publicationStmt>
                          <p>Publication  Information</p>
                    </publicationStmt>
                    <sourceDesc>
                          <p>Information  about  the  source</p>
                    </sourceDesc>
              </fileDesc>
        </teiHeader>
        <text>
              <body>
    Name:    סנד,    יונת
      <foreign>Birth</foreign>    Year:    <date><date>1926
</date>  </date>    <foreign>Birth</foreign>    Place:    
      Occupation:    <noun>סופרים</noun>    ומתרגמים
      <foreign>Entry</foreign>    writer:    <properName>רותם</properName>    רז
      <foreign>Entry</foreign>    Value:    
      סנד,    <properName>אלכסנדר</properName>    <date><date>(1921-2004)
</date>  </date>    <properName>יונת</properName>    <properName>סנד</properName>    <verb>נולדה</verb>    בפולין    <properName>כינקה</properName>    זק.    בפרוץ    <noun>מלחמת</noun>    <noun>העולם</noun>    <numeral>השנייה</numeral>    <verb>הגיעה</verb>    <preposition>עם</preposition>    משפחתה    לגטו    ורשה,    <date><date>וב-1943</date></date>    <verb>עברה</verb>    <preposition>עם</preposition>    <noun>הוריה</noun>    לצד    <noun>הארי</noun>    <shel-preposition>של</shel-preposition>    העיר,    <adverb>שם</adverb>    <copula>היו</copula>    <noun>פעילים</noun>    במחתרת.    <preposition>עם</preposition>    <noun>תום</noun>    <noun>המלחמה</noun>    <copula>היתה</copula>    <adjective>פעילה</adjective>    בתנועת    "דרור"    בלודז',    <verb>למדה</verb>    כשנה    באוניברסיטת    <properName>ז'נבה</properName>    בשווייץ,    וכשפרצה    <noun>מלחמת</noun>    <noun>השחרור</noun>    <verb>עלתה</verb>    לארץ    באופן    <wPrefix>בלתי</wPrefix>    חוקי,    <preposition>בעקבות</preposition>    בעלה    אלכסנדר,    והתיישבה    עמו    בקיבוצו    רביבים,    <adverb>שם</adverb>    <verb>חיו</verb>    <quantifier>כל</quantifier>    שנותיהם.    <copula>היתה</copula>    <verb>מרצה</verb>    לספרות    <adjective>עברית</adjective>    באוניברסיטת    בן-גוריון    בנגב    וכן    <noun>מתרגמת</noun>    <shel-preposition>של</shel-preposition>    <noun>ספרות</noun>    צרפתית.    <properName>אלכסנדר</properName>    <properName>סנד</properName>    <verb>נולד</verb>    בפולין    ועלה    לארץ    <date><date>ב-1935</date></date>    <preposition>עם</preposition>    הוריו.    <copula>היה</copula>    <verb>חבר</verb>    ב"נוער    העובד"    וממקימי    <noun>קיבוץ</noun>    רביבים.    <conjunction>לאחר</conjunction>    <noun>מלחמת</noun>    <noun>העולם</noun>    <numeral>השנייה</numeral>    <verb>נשלח</verb>    <verb>לסייע</verb>    לפליטים    <adjective>יהודים</adjective>    באירופה    <verb>לעלות</verb>    לארץ,    ושם    <verb>פגש</verb>    <at-preposition>את</at-preposition>    יונת.    <preposition>במשך</preposition>    כעשרים    שנה,    <noun>עד</noun>    <date><date>1985,</date></date>    <verb>עמד</verb>    בראש    <noun>הוצאת</noun>    <noun>הספרים</noun>    <noun>הקיבוץ</noun>    המאוחד.    לזוג    <verb>נולדו</verb>    <numeral>שלושה</numeral>    בנים,    שאחד    מהם    <verb>נהרג</verb>    בתאונה    במהלך    שירותו    הצבאי.
      השניים,    <noun>צמד</noun>    <noun>סופרים</noun>    <adjective>יחיד</adjective>    במינו    בספרות    העברית,    <verb>כתבו</verb>    <adverb>יחד</adverb>    ופירסמו    <numeral>עשרה</numeral>    <noun>רומנים</noun>    בשיתוף    <noun>פעולה</noun>    שהוגדר    <preposition>על</preposition>    <noun>ידי</noun>    <properName>אברהם</properName>    <adverb>בלאט</adverb>    <date><date>(1981)</date></date>    כ"פריטה    <preposition>על</preposition>    <numeral>שני</numeral>    פסנתרים".    <possessive>הם</possessive>    <verb>החלו</verb>    <verb>לפרסם</verb>    <noun>פרקי</noun>    <noun>יומן</noun>    בכתב    <noun>העת</noun>    <adverb>מבפנים</adverb>    <date><date>וב-1950</date></date>    <verb>ראה</verb>    <noun>אור</noun>    <noun>רומן</noun>    <noun>הביכורים</noun>    שלהם,    <noun>אדמה</noun>    <preposition>ללא</preposition>    <noun>צל</noun>    (הקיבוץ    המאוחד),שתיעד    <at-preposition>את</at-preposition>    שנותיו    <numeral>הראשונות</numeral>    <shel-preposition>של</shel-preposition>    <noun>קיבוץ</noun>    <properName>רביבים</properName>    ועסק    בקשר    שבין    <noun>האדם</noun>    והמדבר.
      <date><date>ב-1964</date></date>    <verb>ראה</verb>    <noun>אור</noun>    ספרם    <preposition>בין</preposition>    <noun>המתים</noun>    ובין    החיים,    שהוא    <noun>עיבוד</noun>    לשניים    מספריהם    <adjective>הקודמים</adjective>    <punctuation>–</punctuation>    <noun>הכיתה</noun>    <numeral>החמישית</numeral>    וימיהם    <participle>הפרוצים</participle>    לרוח.    <pronoun>זהו</pronoun>    <noun>רומן</noun>    <adjective>רחב</adjective>    יריעה,    <participle>המהווה</participle>    <noun>אבן</noun>    <noun>דרך</noun>    בהיסטוריה    <shel-preposition>של</shel-preposition>    <noun>הסיפורת</noun>    <adjective>העברית</adjective>    <participle>המנסה</participle>    <verb>להתמודד</verb>    <preposition>עם</preposition>    השואה,    בזיקותיה    למה    שקדם    לה    ולמה    שהתרחש    אחריה    <punctuation>–</punctuation>    <adverb>כאן</adverb>    בהיטל    ציוני-חלוצי    מובהק.    בריאיון    ליצחק    <properName>בצלאל</properName>    <date><date>(1969)</date></date>    <verb>אמר</verb>    <properName>אלכסנדר</properName>    סנד:    "[...]    אתה    <verb>שואל</verb>    <adverb>איך</adverb>    לכתוב,    <adverb>איך</adverb>    <verb>להסתכל</verb>    באור    <participle>המסנוור</participle>    <pronoun>הזה</pronoun>    <shel-preposition>של</shel-preposition>    <noun>מוקד</noun>    <noun>התבערה</noun>    במבט    גלוי,    <preposition>ללא</preposition>    <noun>משקפיים</noun>    מאפילים.    ואז    <adjective>גדול</adjective>    <noun>הפיתוי</noun>    <shel-preposition>של</shel-preposition>    <noun>הסטת</noun>    המבט,    <shel-preposition>של</shel-preposition>    <noun>כתיבה</noun>    עקיפה,    בצורה    אלגורית,    סימבולית,    <conjunction>או</conjunction>    אבסטרקטית.    <conjunction>אך</conjunction>    <verb>לנו</verb>    <negation>לא</negation>    <verb>נמצאה</verb>    <noun>דרך</noun>    לכתיבה    שאינה    ישירה".        
      <date><date>ב-1968</date></date>    <verb>ראה</verb>    <noun>אור</noun>    <noun>הרומן</noun>    <noun>הניסיון</noun>    <adjective>הנוסף</adjective>    <adjective>הכתוב</adjective>    כמונולוג    <adjective>פנימי</adjective>    <verb>שבו</verb>    <noun>זיכרונות</noun>    <noun>עבר</noun>    והרהורי    <noun>הווה</noun>    <verb>משמשים</verb>    בערבוביה,    ודרכו    <verb>נחשף</verb>    <preposition>בפני</preposition>    <noun>הקורא</noun>    <noun>סיפור</noun>    חייה    <shel-preposition>של</shel-preposition>    <noun>גיבורת</noun>    הרומן.    <date><date>ב-1974</date></date>    <verb>ראה</verb>    <noun>אור</noun>    ספרם    <properName>טנדו</properName>    <verb>שבו</verb>    <verb>הציגו</verb>    <noun>סגנון</noun>    <noun>כתיבה</noun>    <participle>המושפע</participle>    מיצירתה    <shel-preposition>של</shel-preposition>    <properName>נטלי</properName>    סארוט.    <pronoun>זהו</pronoun>    <noun>ספר</noun>    <participle>המורכב</participle>    <noun>מפרקים</noun>    <adjective>קצרים</adjective>    ואוטונומיים    <participle>הקשורים</participle>    ביניהם    <adverb>בעיקר</adverb>    <preposition>באמצעות</preposition>    <noun>חוט</noun>    <adjective>דמיוני</adjective>    ששוזרים    <numeral>שני</numeral>    <noun>מטיילים</noun>    <participle>הנעים</participle>    <preposition>בין</preposition>    העלילות.    <numeral>שני</numeral>    המטיילים/המספרים    <verb>דואגים</verb>    <verb>להנכיח</verb>    <at-preposition>את</at-preposition>    עצמם    <quantifier>כל</quantifier>    העת,    בכל    סיפור,    <noun>הרהור</noun>    <conjunction>או</conjunction>    דיאלוג.    לדברי    <properName>גורפיין</properName>    <date><date>(1975)</date></date>    <pronoun>זוהי</pronoun>    <noun>יצירה</noun>    <participle>החותרת</participle>    <verb>למצוא</verb>    <noun>אפשרויות</noun>    <adjective>חדשות</adjective>    <shel-preposition>של</shel-preposition>    <noun>שימוש</noun>    במילים    שבאמצעותן    <modal>אפשר</modal>    <copula>יהיה</copula>    <verb>לזקק</verb>    <noun>תיאור</noun>    <shel-preposition>של</shel-preposition>    <noun>תהליכים</noun>    <adjective>פסיכולוגיים</adjective>    ולמצוא    <noun>שיטה</noun>    <adjective>אסתטית</adjective>    לכתיבת    <noun>הכאוס</noun>    <shel-preposition>של</shel-preposition>    החיים.    
      <date><date>ב-1981</date></date>    <verb>ראה</verb>    <noun>אור</noun>    <noun>הרומן</noun>    <adverb>כבר</adverb>    <noun>ארץ</noun>    <properName>נושבתהעוסק</properName>    בהתמודדות    <preposition>עם</preposition>    <noun>כאב</noun>    <noun>השכול</noun>    ובהתנפצות    <noun>הרעיון</noun>    <adjective>האוטופי</adjective>    <shel-preposition>של</shel-preposition>    <noun>הקיבוץ</noun>    <preposition>על</preposition>    <noun>רקע</noun>    <noun>המציאות</noun>    <adjective>האנושית</adjective>    <adjective>הקטנונית</adjective>    והפגומה    <verb>שבה</verb>    <noun>קופת</noun>    <noun>הזיכרונות</noun>    <pronoun>היא</pronoun>    כללית,    <noun>מציאות</noun>    <verb>שבה</verb>    <noun>חיים</noun>    <pronoun>כולם</pronoun>    בבתי    <noun>זכוכית</noun>    <adjective>שקופים</adjective>    שהדפו    <at-preposition>את</at-preposition>    <noun>החול</noun>    <adjective>הפראי</adjective>    <shel-preposition>של</shel-preposition>    המדבר.    <pronoun>זוהי</pronoun>    <noun>יצירה</noun>    <participle>הבנויה</participle>    כזרם    <noun>תודעה</noun>    אסוציאטיבי,    <verb>מרסקת</verb>    <at-preposition>את</at-preposition>    <noun>התחביר</noun>    ואת    <noun>הרצף</noun>    העלילתי,    ומאלצת    <at-preposition>את</at-preposition>    <noun>הקורא</noun>    <verb>לנסות</verb>    <verb>לארגן</verb>    <at-preposition>את</at-preposition>    <noun>הפרגמנטים</noun>    שהיא    <verb>מוסרת</verb>    <conjunction>לו</conjunction>    לכלל    <noun>עלילה</noun>    קוהרנטית.
      <properName>גבריאלה</properName>    אביגור-רותם    <date><date>(1982)</date></date>    <verb>גורסת</verb>    <conjunction>כי</conjunction>    <numeral>השניים</numeral>    "[...]    <verb>נאבקים</verb>    <preposition>ללא</preposition>    <noun>הרף</noun>    <verb>לשמור</verb>    <preposition>על</preposition>    <noun>צלילות</noun>    הביטוי,    <preposition>על</preposition>    שקיפותו,    <preposition>על</preposition>    דיוקו,    <verb>להתנער</verb>    מהלקסיקון    <adjective>השגור</adjective>    [...]".    <noun>היצירה</noun>    <verb>מבטאת</verb>    אי-נחת    <shel-preposition>של</shel-preposition>    <noun>היוצרים</noun>    מהמילים,    ובעודם    <verb>חותרים</verb>    לביטוי    <adjective>צלול</adjective>    <possessive>הם</possessive>    <verb>משתפים</verb>    <at-preposition>את</at-preposition>    <noun>הקורא</noun>    בלבטי    הניסוח.                
      <noun>רומנים</noun>    <verb>נוספים</verb>    <properName>פרי</properName>    עטם:    <verb>נקרא</verb>    <conjunction>לו</conjunction>    <date><date>ליאון(1985);</date></date>    <properName>אואזיס</properName>    <date><date>(1988);</date></date>    <noun>יומן</noun>    <shel-preposition>של</shel-preposition>    <noun>זוג</noun>    מאוהב    <date><date>(1992);</date></date>    במדבר    <noun>מלון</noun>    <noun>אורחים</noun>    <date><date>(1998);</date></date>    <preposition>על</preposition>    ערמונים,    <noun>טווסים</noun>    ופתקים    משמים    <date><date>(2004);</date></date>    וכן    <noun>הרומן</noun>    <properName>קאז'יק</properName>    <date><date>(2008)</date></date>    שאותו    <verb>כתבה</verb>    <properName>יונת</properName>    לבדה,    <conjunction>לאחר</conjunction>    <noun>מות</noun>    אלכסנדר.    
      בתחילת    דרכם    <verb>כתבו</verb>    <numeral>השניים</numeral>    <noun>ספרות</noun>    ריאליסטית,    <conjunction>אולם</conjunction>    בהמשך    <verb>החלו</verb>    <verb>לכתוב</verb>    בסגנון    <adjective>מודרניסטי</adjective>    יותר,    וביצירתם    <verb>ניכרת</verb>    <noun>השפעה</noun>    <adjective>עמוקה</adjective>    <shel-preposition>של</shel-preposition>    "הרומן    החדש"    הצרפתי.    <noun>הפואטיקה</noun>    שלהם    <verb>מתמקדת</verb>    בתנודות    הקלות,    <verb>חותרת</verb>    לדיוק    התיאור,    לזיכוך    <noun>הרגש</noun>    ולשחרור    מזיופים.    <noun>דרך</noun>    <noun>המבנה</noun>    <adjective>הפרגמנטרי</adjective>    והאסוציאטיבי    <participle>המשהה</participle>    <at-preposition>את</at-preposition>    <noun>הקליטה</noun>    <possessive>הם</possessive>    <verb>שואפים</verb>    <verb>להנכיח</verb>    <at-preposition>את</at-preposition>    <noun>הגמגום</noun>    שבכתיבה,    <at-preposition>את</at-preposition>    <noun>הלבטים</noun>    ואת    המחיקות.    בכתיבתם    <possessive>הם</possessive>    <verb>מנסים</verb>    <verb>להעביר</verb>    <at-preposition>את</at-preposition>    <noun>הדיאלוג</noun>    הבלתי-פוסק    ביניהם,    ולאחד    <at-preposition>את</at-preposition>    <numeral>שני</numeral>    <noun>הקולות</noun>    <adjective>השונים</adjective>    שלהם    <preposition>לכדי</preposition>    <noun>קול</noun>    אחד.    
      ספריהם    <verb>תורגמו</verb>    לאנגלית    (הניסיון    הנוסף,    <date><date>1981),</date></date>    לצרפתית    (כבר    <noun>ארץ</noun>    נושבת,    <date><date>2003),</date></date>    לפורטוגזית    (אדמה    <preposition>ללא</preposition>    צל,    <date><date>1956)</date></date>    וליידיש    (אדמה    <preposition>ללא</preposition>    צל,    <date><date>1953).</date></date>    <possessive>הם</possessive>    <verb>זכו</verb>    <adverb>פעמיים</adverb>    בפרס    ברנר:    <date><date>ב-1965</date></date>    <preposition>על</preposition>        <preposition>בין</preposition>    <noun>המתים</noun>    ובין    <noun>החיים</noun>    <date><date>וב-1982</date></date>    <preposition>על</preposition>    <adverb>כבר</adverb>    <noun>ארץ</noun>    נושבת,    וכן    בפרס    <properName>עגנון</properName>    <date><date>ב-1988.
</date>  </date>    References:    
      אביגור-רותם,    גבריאלה.    "על    'כבר    <noun>ארץ</noun>    נושבת'".    עלי    <noun>שיח</noun>    14-12.    <date><date>1982.</date></date>    61-44;    אזני-דרורי,    עירית.    טנדו:    לתופעה    <adjective>פואטית</adjective>    <adjective>מרכזית</adjective>    ביצירתם    <shel-preposition>של</shel-preposition>    <properName>יונת</properName>    ואלכסנדר    סנד.    תלאביב:    <noun>הקיבוץ</noun>    המאוחד.    <date><date>1988;</date></date>    בלאט,    אברהם.    "אדם    ומדבר".    <noun>מאזניים</noun>    <properName>נ"ג</properName>    (1).    <properName>יוני</properName>    <date><date>1981.</date></date>    79-77;    בצלאל,    יצחק.    "עניין    <shel-preposition>של</shel-preposition>    בחירה".    <quantifier>הכול</quantifier>    <adjective>כתוב</adjective>    בספר:    <preposition>עם</preposition>    <noun>סופרים</noun>    בישראל    כיום.    תלאביב:    <noun>הקיבוץ</noun>    המאוחד.    <date><date>1969.</date></date>    23-14;    גורפיין,    רבקה.    "'טנדו'    ליונת    ואלכסנדר    סנד".    <preposition>אל</preposition>    <noun>מילים</noun>    ומעבר    להן:    שירים,    משוררים,    ספרים.    <properName>גבעתיים</properName>    ורמתגן:    מסדה.    <date><date>1975.</date></date>    153-150;    הולצמן,    אבנר.    "צעיר    <noun>האבות</noun>    המייסדים".    <noun>מפת</noun>    דרכים:    <noun>סיפורת</noun>    <adjective>ישראלית</adjective>    כיום.    תלאביב:    <noun>הקיבוץ</noun>    המאוחד.    <date><date>2005.</date></date>    180-178;    קריץ,    <properName>אורי</properName>    וראובן    קריץ.    "החיים    בבתי    זכוכית".    <noun>סיפורי</noun>    <noun>הקיבוץ</noun>    <verb>כרך</verb>    3.    תלאביב:    <noun>ספרי</noun>    פורה.    <date><date>1997.</date></date>    <date><date>1152-1139;</date></date>    שביט,    עוזי.    "הדברים    לעצמם".    עלי    שיח14-12.    <date><date>1982.</date></date>    43-33;    שביט,    דן.    "עם    <noun>ספרי</noun>    חברים".    <adverb>מבפנים</adverb>    <properName>מ"ז</properName>    (4).    <date><date>1986.</date></date>    467-453.
    
  		</body>
  	</text>
  </TEI> 
		</body>
	</text>
</TEI>