<?xml version="1.0" encoding="UTF-8"?>
<?xml-model href="http://www.tei-c.org/release/xml/tei/custom/schema/relaxng/tei_all.rng" type="application/xml" schematypens="http://relaxng.org/ns/structure/1.0"?>
<?xml-model href="http://www.tei-c.org/release/xml/tei/custom/schema/relaxng/tei_all.rng" type="application/xml"
	schematypens="http://purl.oclc.org/dsdl/schematron"?>
<TEI xmlns="http://www.tei-c.org/ns/1.0">
   <teiHeader>
      <fileDesc>
         <publicationStmt>
            <p>Publication Information</p>
         </publicationStmt>
         <sourceDesc>
            <p>Information about the source</p>
         </sourceDesc>
      </fileDesc>
   </teiHeader>
   <text>
      <body>
 <?xml  version="1.0"  encoding="UTF-8"?>
  <?xml-model  href="http://www.tei-c.org/release/xml/tei/custom/schema/relaxng/tei_all.rng"  type="application/xml"  schematypens="http://relaxng.org/ns/structure/1.0"?>
  <?xml-model  href="http://www.tei-c.org/release/xml/tei/custom/schema/relaxng/tei_all.rng"  type="application/xml"
  	schematypens="http://purl.oclc.org/dsdl/schematron"?>
  <TEI  xmlns="http://www.tei-c.org/ns/1.0">
        <teiHeader>
              <fileDesc>
                    <publicationStmt>
                          <p>Publication  Information</p>
                    </publicationStmt>
                    <sourceDesc>
                          <p>Information  about  the  source</p>
                    </sourceDesc>
              </fileDesc>
        </teiHeader>
        <text>
              <body>
    Name:    סרי,    דן-בניה
      <foreign>Birth</foreign>    Year:    <date><date>1935
</date>  </date>    <foreign>Birth</foreign>    Place:    <properName>ירושלים</properName>    למשפחה    תימנית
      Occupation:    סופר
      <foreign>Entry</foreign>    writer:    <properName>אבידב</properName>    ליפסקר
      <foreign>Entry</foreign>    Value:    
      <verb>נולד</verb>    בירושלים    למשפחה    <adjective>תימנית</adjective>    שהתגוררה    בשכונת    הבוכרים.    בילדותו    <verb>התייתם</verb>    מאביו,    שנורה    <preposition>בידי</preposition>    <noun>צלף</noun>    ירדני.    <noun>יתמות</noun>    <pronoun>זו</pronoun>    ומצוקת    <noun>חיי</noun>    <noun>המשפחה</noun>    בשכונה    <adjective>דלה</adjective>    בירושלים    המנדטורית,    <verb>מזינות</verb>    <at-preposition>את</at-preposition>    יצירותיו.    
      ספרו    הראשון,    <noun>הנובלה</noun>    <verb>עוגיותהמלח</verb>    <shel-preposition>של</shel-preposition>    <noun>סבתא</noun>    סולטנה    (מ'    ניומן,    <date><date>1980),</date></date>    <verb>מצייר</verb>    <at-preposition>את</at-preposition>    חייה    <shel-preposition>של</shel-preposition>    <noun>שכונה</noun>    <participle>המאוכלסת</participle>    <noun>מזרחים</noun>    בלשון    שיש    בה    <noun>תערובת</noun>    <shel-preposition>של</shel-preposition>    <noun>שפת</noun>    מדרש,    <noun>תפילה</noun>    ועגה    <adjective>שכונתית</adjective>    <adjective>ספרדית</adjective>    ישראלית.    <noun>לשון</noun>    <pronoun>זו</pronoun>    <verb>נעשתה</verb>    לתו-היכר    שלו    ואופיינה    <noun>פעמים</noun>    <adjective>רבות</adjective>    כמהדהדת    <at-preposition>את</at-preposition>    לשונו    <shel-preposition>של</shel-preposition>    <properName>שמואל</properName>    <properName>יוסף</properName>    עגנון.    <noun>נובלת</noun>    <noun>הביכורים</noun>    שלו    <verb>משכה</verb>    <noun>תשומת</noun>    <noun>לב</noun>    <adjective>רבה</adjective>    וקליטתו    בספרות    <adjective>העברית</adjective>    <noun>בת</noun>    זמנו    <copula>היתה</copula>    מהירה.    <noun>הנובלה</noun>    <verb>מכילה</verb>    <at-preposition>את</at-preposition>    <noun>התמות</noun>    <adjective>היסודיות</adjective>    בעבודתו    <adjective>הספרותית</adjective>    בשנים    שלאחריה;    <noun>חיי</noun>    <noun>שכונה</noun>    <shel-preposition>של</shel-preposition>    <noun>יוצאי</noun>    <noun>עדות</noun>    <noun>המזרח</noun>    בירושלים,    <noun>מתחים</noun>    פנים-משפחתיים,    <adverb>לרוב</adverb>    <preposition>על</preposition>    <noun>רקע</noun>    מיני,    ומתחים    בין-עדתיים    שבין    <noun>ספרדים</noun>    לאשכנזים    ובין    <noun>יהודים</noun>    לערבים,    שעמם    <pronomial>הם</pronomial>    <adjective>מצויים</adjective>    בזיקות    <adjective>שונות</adjective>    <shel-preposition>של</shel-preposition>    <noun>חיכוך</noun>    יומיומי.    <noun>עלילת</noun>    <noun>הנובלה</noun>    <verb>נסבה</verb>    <preposition>על</preposition>    <noun>אישה</noun>    צעירה,    קלרה,    שנישאה    <pronoun>זה</pronoun>    <adverb>עתה</adverb>    ומתעברת    <verb>לתגרן</verb>    <noun>ערבי</noun>    <participle>העובר</participle>    בשכונה    <preposition>על</preposition>    <noun>גבי</noun>    חמורו.    <noun>הגבולות</noun>    שבין    <adjective>הנורמטיבי</adjective>    לפרוורטי    <verb>נחצים</verb>    בדמיון    גיבוריו,    שהם    <noun>ספק</noun>    <adjective>תמימים</adjective>    וספק    <properName>רפי</properName>    שכל,    <preposition>מעין</preposition>    <noun>אוכלוסין</noun>    <adjective>פגועים</adjective>    <shel-preposition>של</shel-preposition>    <noun>עולם</noun>    שהוטל    בו    <noun>מום</noun>    מטפיזי.    <noun>הספר</noun>    <verb>תורגם</verb>    לאיטלקית    <date><date>(2004).
</date>  </date>    ספרו    השני,    <noun>ציפורי</noun>    <date><date>צל(1987),</date></date>    <pronoun>הוא</pronoun>    <participle>אסופה</participle>    <shel-preposition>של</shel-preposition>    <verb>ארבע</verb>    <verb>נובלות</verb>    שהראשונה    שבהן,    "אלף    נשותיו    <shel-preposition>של</shel-preposition>    <properName>נפתלי</properName>    סימן-טוב",    <verb>זכתה</verb>    לעיבוד    <noun>קולנועי</noun>    בבימויה    <shel-preposition>של</shel-preposition>    <properName>מיכל</properName>    <noun>בת</noun>    <properName>אדם</properName>    <date><date>(1989).</date></date>    בספר    <pronoun>זה</pronoun>    <verb>הועצם</verb>    <noun>היסוד</noun>    <noun>הפנטסטי</noun>    שהיה    <verb>מוחבא</verb>    בספר    הראשון,    והוא    <verb>נעשה</verb>    <verb>ליסוד</verb>    מכונן    <shel-preposition>של</shel-preposition>    <noun>עלילות</noun>    <adjective>מוזרות</adjective>    <participle>הנרקמות</participle>    במוחותיהם    <shel-preposition>של</shel-preposition>    <noun>גיבורי</noun>    הנובלות;    <verb>בעל</verb>    <noun>חנות</noun>    <noun>סדקית</noun>    שנשותיו    <adjective>מתות</adjective>    בדרכים    מסתוריות,    <verb>נערה</verb>    <adjective>עיוורת</adjective>    שבהבנה    שתוקה    <verb>קולטת</verb>    <at-preposition>את</at-preposition>    <noun>מלוא</noun>    <noun>העיוות</noun>    <shel-preposition>של</shel-preposition>    <noun>חיי</noun>    <noun>המין</noun>    <participle>הרוחשים</participle>    במשפחתה,    ולבלר    <adjective>אפרורי</adjective>    <participle>הסבור</participle>    שאשתו    <verb>מבקשת</verb>    להרעילו.    "דמיונות    חולים"    <verb>מדוּבָּבים</verb>    <adverb>כאן</adverb>    בלשון    <adjective>הספוגה</adjective>    ביסודות    "פולקלוריים"    מומצאים,    <noun>תערובות</noun>    <shel-preposition>של</shel-preposition>    <noun>דעות</noun>    קדומות,    <noun>אמונות</noun>    <adjective>תפלות</adjective>    ומאגיה    משפחתית.    <noun>הקסם</noun>    <adjective>המאגי</adjective>    <pronoun>הזה</pronoun>    <participle>מסוך</participle>    <preposition>אל</preposition>    <noun>סיפור</noun>    <noun>חיים</noun>    ריאליסטי-נטורליסטי    נמוך,    שדמויותיו    <verb>מבקשות</verb>    <adverb>לשווא</adverb>    <verb>להתרומם</verb>    ממנו    לחיים    "גבוהים"    יותר.    <noun>נמיכות</noun>    <noun>חיים</noun>    <pronoun>זו</pronoun>    <existential>יש</existential>    בה    <noun>אינסוף</noun>    <noun>צורות</noun>    <shel-preposition>של</shel-preposition>    <noun>סבל</noun>    וניוול    הקיום,    והיא    <verb>נתפשת</verb>    בעיני    נושאיה    כגזרת    <noun>גורל</noun>    <adjective>גנטית</adjective>    שהעדה    <verb>לקתה</verb>    בה,    <preposition>כמין</preposition>    <noun>מחלה</noun>    שאין    <verb>להיפטר</verb>    ממנה,    והיא    כדין-עולם    שאין    <conjunction>לו</conjunction>    <noun>שיעור</noun>    ואין    ממנו    גאולה.
      <noun>היסוד</noun>    הפנטסטי-הנמוך    <pronoun>הזה</pronoun>    <verb>עומד</verb>    <conjunction>גם</conjunction>    בלבה    <shel-preposition>של</shel-preposition>    <noun>הנובלה</noun>    <properName>מישאל</properName>    <date><date>(1992),</date></date>    <participle>המספרת</participle>    באלמן    <adjective>חשוך</adjective>    <noun>ילדים</noun>    <participle>המתעבר</participle>    <preposition>לאחר</preposition>    <noun>מות</noun>    אשתו    ונושא    <at-preposition>את</at-preposition>    בנם    בכרסו.    <noun>החריגות</noun>    <shel-preposition>של</shel-preposition>    הנסי-פלאי    <verb>נתפשת</verb>    כצורה    <verb>מועצמת</verb>    <shel-preposition>של</shel-preposition>    <noun>הסטייה</noun>    הנמוכה,    <shel-preposition>של</shel-preposition>    <participle>המעורר</participle>    <noun>גועל</noun>    ודחייה.    <pronoun>זו</pronoun>    <verb>בוקעת</verb>    <adverb>תמיד</adverb>    ממחבואיו    <shel-preposition>של</shel-preposition>    האינטימי-המשפחתי    ונעשית    להוקעה    שהמרחב    שלה    <pronoun>הוא</pronoun>    ציבורי.    <adverb>בכך</adverb>    <verb>נעשית</verb>    <noun>הפרוזה</noun>    <shel-preposition>של</shel-preposition>    <properName>סרי</properName>    <conjunction>למשל</conjunction>    <verb>חוזר</verb>    <preposition>על</preposition>    <noun>חשיפה</noun>    <adjective>משפילה</adjective>    <shel-preposition>של</shel-preposition>    <adjective>האינטימי</adjective>    לעינו    <adjective>האכזרית</adjective>    <shel-preposition>של</shel-preposition>    <noun>השיפוט</noun>    החברתי.    
      <noun>המתח</noun>    שבין    <noun>החיים</noun>    <adjective>המשפחתיים</adjective>    והחברתיים    <verb>שב</verb>    ועולה    בכל    יצירותיו    הבאות.    בספרו    <noun>דגים</noun>    <adjective>מתים</adjective>    ביפו    <date><date>(2003)</date></date>    <verb>כינס</verb>    <properName>סרי</properName>    <numeral>שתי</numeral>    נובלות.    <numeral>הראשונה</numeral>    <pronoun>היא</pronoun>    "דגים    <adjective>מתים</adjective>    ביפו",    שבמרכזה    <verb>חייט</verb>    מאיזמיר    <noun>המשמש</noun>    <properName>בלדר</properName>    <verb>לצרור</verb>    <noun>מכתבים</noun>    לאישה    בירושלים    <punctuation>–</punctuation>    <preposition>כמין</preposition>    <verb>משל</verb>    ספרותי    לסוד    <verb>נחבא</verb>    שגיבוריו    <noun>נושאים</noun>    כשליחות    שהוטלה    עליהם    <conjunction>בלא</conjunction>    רצון;    <numeral>השנייה</numeral>    <pronoun>היא</pronoun>    "סעודה    תוניסאית",    שבמרכזה    <noun>סיפור</noun>    <preposition>על</preposition>    <noun>ארוחה</noun>    <adjective>משפחתית</adjective>    שבמהלכה    <verb>נחשפים</verb>    <adjective>יחסי</adjective>    <noun>עריצות</noun>    <adjective>רגשית</adjective>    שבין    <verb>נערה</verb>    מאוהבת    לבני    משפחתה.    לאותה    <noun>קבוצה</noun>    <shel-preposition>של</shel-preposition>    <noun>עלילות</noun>    <adjective>משפחתיות</adjective>    <verb>שייך</verb>    <conjunction>גם</conjunction>    <noun>הספר</noun>    <noun>חתונה</noun>    <properName>בוכרית</properName>    <date><date>(2006),</date></date>    ובו    <numeral>שלוש</numeral>    <verb>נובלות</verb>    ("חתונה    בוכרית",    "פסלים    פרסיים"    ו"הכנות    לאביב")    <shel-preposition>של</shel-preposition>    <noun>זוגיות</noun>    <participle>הנכשלת</participle>    בנישואים    כפויים,    באי-אהבה    ובאי-פריון.        
      ספרו    <shel-preposition>של</shel-preposition>    <properName>סרי</properName>    <properName>אדם</properName>    <verb>שב</verb>    <preposition>אל</preposition>    ביתו    <date><date>(2009)</date></date>    <pronoun>הוא</pronoun>    <noun>הניסיון</noun>    <adjective>הקרוב</adjective>    <adverb>ביותר</adverb>    לכתיבה    אוטוביוגרפית,    <conjunction>אף</conjunction>    שהעיבוד    <adjective>הספרותי</adjective>    <shel-preposition>של</shel-preposition>    ארבעה-עשר    <noun>הסיפורים</noun>    בקובץ    <pronoun>זה</pronoun>    <verb>נראה</verb>    כקרוב    <adverb>יותר</adverb>    <preposition>אל</preposition>    <noun>הכתיבה</noun>    <adjective>הבדיונית</adjective>    שלו    <conjunction>מאשר</conjunction>    <preposition>אל</preposition>    <noun>התיעוד</noun>    האוטוביוגרפי.    
      לגיבוש    <adjective>המלא</adjective>    והמרשים    <adverb>ביותר</adverb>    <shel-preposition>של</shel-preposition>    כתיבתו    <noun>הנובליסטית</noun>    <verb>הגיע</verb>    <properName>סרי</properName>    בכתיבת    <noun>הרומן</noun>    <properName>ארטור</properName>    <date><date>(2011).</date></date>    ברומן    זה,    שבכתיבתו    <verb>עסק</verb>    <adverb>יותר</adverb>    משלושים    שנה,    <verb>העצים</verb>    <at-preposition>את</at-preposition>    <quantifier>כל</quantifier>    <noun>היסודות</noun>    <shel-preposition>של</shel-preposition>    כתיבתו    <adjective>המוקדמת</adjective>    והמאוחרת.    <pronoun>הוא</pronoun>    <verb>שב</verb>    לתיאור    חייה    <shel-preposition>של</shel-preposition>    <noun>משפחה</noun>    <adjective>ספרדית</adjective>    <adjective>ירושלמית</adjective>    בימי    המנדט,    ומעצב    <quantifier>כל</quantifier>    <numeral>אחד</numeral>    מבני    <noun>המשפחה</noun>    <preposition>כמו</preposition>    <noun>דמות</noun>    מיצירותיו    <adjective>הקודמות</adjective>    <participle>המצטרפת</participle>    <preposition>אל</preposition>    <noun>הבית</noun>    <verb>האחד</verb>    הזה.    <quantifier>כל</quantifier>    <numeral>אחת</numeral>    <preposition>מן</preposition>    <noun>הדמויות</noun>    <punctuation>–</punctuation>    <interrogative>האם</interrogative>    המטורפת,    <noun>האב</noun>    <noun>הגמד</noun>    <participle>האוהב</participle>    והכנוע,    <noun>שני</noun>    <noun>האחים</noun>    השתוקים,    <noun>התינוקת</noun>    <adjective>המתה</adjective>    <punctuation>–</punctuation>    כולן    <noun>אזרחים</noun>    <shel-preposition>של</shel-preposition>    <noun>עולם</noun>    <adjective>רווי</adjective>    <noun>פנטזיות</noun>    מאגיות,    <properName>פולקלור</properName>    מומצא,    <noun>דמיונות</noun>    שאינם    <verb>מגיעים</verb>    לעולם    <preposition>לכדי</preposition>    <noun>שובעה</noun>    וצמא    לרגש    שאינו    <verb>מגיע</verb>    <preposition>לכדי</preposition>    רוויה.    <noun>בני</noun>    <noun>המשפחה</noun>    <noun>חיים</noun>    <preposition>באמצעות</preposition>    <noun>שפת</noun>    <noun>דמיון</noun>    מקראית,    מדרשית,    <adjective>ליטורגית</adjective>    ופולקלורית-מומצאת    <noun>חיים</noun>    <shel-preposition>של</shel-preposition>    <noun>סבל</noun>    <adjective>ממשי</adjective>    ומדומיין    שאותו    <pronomial>הם</pronomial>    <verb>משיתים</verb>    <preposition>על</preposition>    עצמם    <conjunction>משום</conjunction>    אי-יכולתם    <verb>לבקוע</verb>    <noun>מעבר</noun>    למה    שנפשם    <verb>מכתיבה</verb>    להם    באכזריות    <adjective>נוראה</adjective>    כאורח    <noun>חיים</noun>    הכרחי.    מולם    <noun>מנצנצת</noun>    <adverb>תמיד</adverb>    <noun>אפשרות</noun>    <noun>החיים</noun>    האנגלית-מנדטורית    <conjunction>או</conjunction>    <pronoun>זו</pronoun>    <adjective>האשכנזית</adjective>    <preposition>כמין</preposition>    <noun>אופק</noun>    שאינו    <verb>רוצה</verb>    <verb>לקבל</verb>    אותם    <preposition>אל</preposition>    חיקו,    והם    <verb>מתגעגעים</verb>    אליו    באי-הבנה,    בטינה    ובייסורים    <wPrefix>בלתי</wPrefix>    פוסקים.    
      <properName>ארטור</properName>    <shel-preposition>של</shel-preposition>    דן-בניה    <properName>סרי</properName>    <pronoun>הוא</pronoun>    <adverb>אולי</adverb>    <noun>הביטוי</noun>    <adjective>המרשים</adjective>    <adverb>ביותר</adverb>    שהעמידה    <noun>הספרות</noun>    <adjective>העברית</adjective>    בשנות    <numeral>האלפיים</numeral>    לזעם    <adjective>הכבוש</adjective>    <shel-preposition>של</shel-preposition>    <participle>מחוסרי</participle>    <noun>התקווה</noun>    בחברה    הישראלית,    <noun>אלה</noun>    שרואים    <at-preposition>את</at-preposition>    גורלם    <verb>מוכתב</verb>    <preposition>על</preposition>    <noun>ידי</noun>    מוצאם.    באופן    פרדוקסלי,    <adverb>דווקא</adverb>    בביטוי    <participle>הזועם</participle>    הזה,    ששפתו    <adjective>חרישית</adjective>    ומשופעת    בדימויים    <participle>מומצאים</participle>    <shel-preposition>של</shel-preposition>    פסבדו-מסורת,    <verb>הצליח</verb>    <properName>סרי</properName>    <verb>לייצר</verb>    <noun>טקסט</noun>    שממנו    <verb>מצטייר</verb>    <noun>יופי</noun>    סימבולי-מיתולוגי    רב-עוצמה    <preposition>מן</preposition>    <adjective>המיוחדים</adjective>    בספרות    <adjective>העברית</adjective>    <noun>בת</noun>    זמנו.
      <date><date>ב-2011</date></date>    <verb>זכה</verb>    <preposition>על</preposition>    ספרו    <properName>ארטור</properName>    בפרס    <noun>ראש</noun>    הממשלה,    בפרס    <properName>ברנר</properName>    ובפרס    <properName>ניומן</properName>    מטעמה    <shel-preposition>של</shel-preposition>    <noun>אוניברסיטת</noun>    בר-אילן.    באותה    <verb>שנה</verb>    <copula>היה</copula>    <numeral>אחד</numeral>    מחמשת    <noun>המועמדים</noun>    <adjective>הסופיים</adjective>    לפרס    ספיר.    <date><date>ב-2012</date></date>    <verb>זכה</verb>    בפרס    ביאליק.
      References:    
      זהבי,    אלכס.    "מציאות    אחרת".    <noun>מאזניים</noun>    <properName>ס"א</properName>    (9).    <date><date>1988.</date></date>    52-51;    חבר,    חנן.    "סנדוויצ'ים    <shel-preposition>של</shel-preposition>    מהפכן:    <noun>תנועה</noun>    <preposition>בין</preposition>    <noun>פרספקטיבות</noun>    <preposition>אצל</preposition>    דן-בניה    סרי".    <noun>סימן</noun>    <noun>קריאה</noun>    20.    <date><date>1990.</date></date>    397-394;ליפסקר,    אבידב.    "'מתוך    <noun>האגם</noun>    <adjective>הגדול</adjective>    והאפור    <shel-preposition>של</shel-preposition>    העצב'    (ריאיון    <preposition>עם</preposition>    <noun>הסופר</noun>    דן-בניה    סרי)".    <verb>עלישיח</verb>    20-19.    <date><date>1983.</date></date>    171-164;    שקד,    גרשון.    "חלכאים    ונדכאים:    <preposition>על</preposition>    <noun>ספר</noun>    <numeral>אחד</numeral>    <shel-preposition>של</shel-preposition>    דן-בניה    סרי".    <noun>תמונה</noun>    קבוצתית:    <noun>היבטים</noun>    בספרות    <properName>ישראל</properName>    ובתרבותה.    <date><date>2009.</date></date>    287-273.
    
  		</body>
  	</text>
  </TEI> 
		</body>
	</text>
</TEI>