<?xml version="1.0" encoding="UTF-8"?>
<?xml-model href="http://www.tei-c.org/release/xml/tei/custom/schema/relaxng/tei_all.rng" type="application/xml" schematypens="http://relaxng.org/ns/structure/1.0"?>
<?xml-model href="http://www.tei-c.org/release/xml/tei/custom/schema/relaxng/tei_all.rng" type="application/xml"
	schematypens="http://purl.oclc.org/dsdl/schematron"?>
<TEI xmlns="http://www.tei-c.org/ns/1.0">
   <teiHeader>
      <fileDesc>
         <publicationStmt>
            <p>Publication Information</p>
         </publicationStmt>
         <sourceDesc>
            <p>Information about the source</p>
         </sourceDesc>
      </fileDesc>
   </teiHeader>
   <text>
      <body>
 Name:  <properName>אבידב</properName>  ליפסקר
  <foreign>Birth</foreign>  Year:  whatdid
  <foreign>Birth</foreign>  Place:  
  Occupation:  
  <foreign>Entry</foreign>  writer:  <verb>נולד</verb>  <properName>בבוצ'אץ'</properName>  <noun>שבגליציה</noun>  המזרחית,  <noun>חבל</noun>  <noun>ארץ</noun>  בדרום-מזרח  <properName>פולין</properName>  שהיה  <adjective>נתון</adjective>  בשלטונה  <shel-preposition>של</shel-preposition>  <noun>האימפריה</noun>  האוסטרו-הונגרית  <adverb>מאז</adverb>  <noun>סוף</noun>  <numeral>המאה</numeral>  השמונה-עשרה.  <verb>גדל</verb>  במשפחה  מסורתית,  כשהוא  <adjective>נתון</adjective>  להשפעת  אביו,  <noun>שלום</noun>  <properName>מרדכי</properName>  צ'צ'קס,  שהיה  <verb>מוסמך</verb>  לרבנות  ונטה  לחסידות,  וסבו  <preposition>מצד</preposition>  אמו,  <properName>יהודה</properName>  <properName>הכהן</properName>  פארב,  שהיה  אדם  <adjective>אמידונודע</adjective>  בבקיאותו  בתלמוד.  אמו  <copula>היתה</copula>  <pronoun>זו</pronoun>  שקירבה  <quantifier>אותו</quantifier>  לספרות  ולשירה  וכן  <noun>דאגה</noun>  לטיפוח  ידיעותיו  בגרמנית,  שהיתה  <noun>שפת</noun>  המדינה.  בילדותו  <verb>למד</verb>  בחדר,  <conjunction>אך</conjunction>  <preposition>עד</preposition>  <adverb>מהרה</adverb>  <verb>נטש</verb>  <at-preposition>את</at-preposition>  <noun>מסגרת</noun>  <noun>הלימוד</noun>  <adjective>המקובלת</adjective>  והמשיך  בלימודיו  בהדרכת  אביו  ובעזרת  <quantifier>כמה</quantifier>  <noun>מורים</noun>  <adjective>פרטיים</adjective>  שנשכרו  עבורו.  <pronoun>הוא</pronoun>  <verb>החל</verb>  בכתיבה  <adverb>עוד</adverb>  בהיותו  נער,  והחל  מגיל  שש-עשרה  <verb>פירסם</verb>  <at-preposition>את</at-preposition>  יצירותיו  בעיתונות  <adjective>היהודית</adjective>  <properName>בגליציה</properName>  <punctuation>–</punctuation>  <pronoun>הן</pronoun>  בעברית  והן  ביידיש.  <pronoun>הוא</pronoun>  <verb>כתב</verb>  סיפורים,  שירים,  וכן  <noun>כתבות</noun>  <preposition>על</preposition>  <participle>הנעשה</participle>  בעירו.  מראשית  דרכו  <verb>זכה</verb>  לעידוד  ולתמיכה  <preposition>מצד</preposition>  <noun>סופרים</noun>  ועורכים,  <adverb>במיוחד</adverb>  מצדו  <shel-preposition>של</shel-preposition>  <properName>שמעון</properName>  <properName>מנחם</properName>  לאזר,  <noun>עורך</noun>  <noun>המצפה</noun>  בקראקוב.  <date>ב-1907</date>  <verb>הוזמן</verb>  ללמברג  (לבוב)  <preposition>על</preposition>  <noun>ידי</noun>  <properName>אליעזר</properName>  רוקח,  שייסד  <verb>כתב</verb>  <noun>עת</noun>  בשם  העת,  <verb>לשמש</verb>  בו  <verb>עוזר</verb>  לעורך.  <verb>כתב</verb>  <noun>העת</noun>  <copula>היה</copula>  <adjective>קצר</adjective>  ימים,  <conjunction>אך</conjunction>  <noun>השהות</noun>  <properName>בלמברג</properName>  <verb>העניקה</verb>  <conjunction>לו</conjunction>  <noun>הזדמנות</noun>  למפגש  <numeral>ראשון</numeral>  <preposition>עם</preposition>  <noun>קבוצת</noun>  <noun>סופרים</noun>  <noun>כותבי</noun>  <properName>עברית</properName>  שנהגו  <verb>להתכנס</verb>  בביתו  <shel-preposition>של</shel-preposition>  <properName>א"מ</properName>  ליפשיץ,  <noun>האיש</noun>  שפרש  עליו  <at-preposition>את</at-preposition>  חסותו.
  <foreign>Entry</foreign>  Value:  
  <properName>עגנון</properName>  (צ'צ'קס),  <properName>שמואל</properName>  יוסף
  <date>(1970-1887)
</date>  <verb>מונע</verb>  <noun>עלידי</noun>  <noun>הרעיון</noun>  הציוני,  <conjunction>אך</conjunction>  <conjunction>גם</conjunction>  <noun>עלידי</noun>  <noun>החשש</noun>  <preposition>מפני</preposition>  <noun>גיוס</noun>  לצבא  האוסטרי,  <verb>החליט</verb>  <verb>לעזוב</verb>  <at-preposition>את</at-preposition>  <properName>בוצ'אץ'</properName>  ולעלות  לארץ  ישראל.  בדרכו  לארץ  <verb>שהה</verb>  זמן-מה  בווינה,  <preposition>במחיצת</preposition>  <properName>דוד</properName>  אמו  <properName>היינריך</properName>  <properName>צבי</properName>  מילר,  שהיה  <noun>פרופסור</noun>  ללשונות  המזרח,  שניסה  <adverb>לשווא</adverb>  <verb>לעודד</verb>  <quantifier>אותו</quantifier>  <verb>להישאר</verb>  בבירת  <noun>האימפריה</noun>  ולהשתלב  בלימודים  אקדמיים.  <verb>הגיע</verb>  ליפו  ביוני  <date>1908,</date>  <verb>התיישב</verb>  בנווה  צדק,  ועד  <adverb>מהרה</adverb>  <verb>התקבל</verb>  לעבודה  כעוזרו  <shel-preposition>של</shel-preposition>  <noun>ש'</noun>  בן-ציון,  שערך  <at-preposition>את</at-preposition>  <verb>כתב</verb>  <noun>העת</noun>  <adjective>הספרותי</adjective>  העמר.  במרוצת  שהותו  ביפו  <verb>מילא</verb>    <quantifier>כמה</quantifier>  <noun>משרות</noun>  פקידותיות,  וכן  <verb>שימש</verb>  כמורה  <adjective>פרטי</adjective>  לעברית.  סיפורו  <numeral>הראשון</numeral>  בארץ  <properName>ישראל</properName>  <copula>היה</copula>  "עגונות",  והוא  <verb>פורסם</verb>  בהעמר  בנובמבר  <shel-preposition>של</shel-preposition>  אותה  שנה.  <adverb>לראשונה</adverb>  <verb>חתם</verb>  <properName>ש"י</properName>  <properName>צ'צ'קס</properName>  <preposition>על</preposition>  <noun>סיפור</noun>  <pronoun>זה</pronoun>  בשם  <properName>ש"י</properName>  עגנון,  ומכאן  <adverb>ואילך</adverb>  <copula>היה</copula>  <verb>מזוהה</verb>  בשם  זה.  ב"עגונות"  <verb>הופגנה</verb>  <adverb>לראשונה</adverb>  יכולתו  <adjective>המופלאה</adjective>  <shel-preposition>של</shel-preposition>  <properName>עגנון</properName>  לספר  <noun>סיפור</noun>  <adjective>מודרני</adjective>  <preposition>תוך</preposition>  <noun>שימוש</noun>  <adjective>נרחב</adjective>  במקורות  <noun>הספרות</noun>  היהודית.  פרסומו  <shel-preposition>של</shel-preposition>  "עגונות"  <verb>הפך</verb>  <at-preposition>את</at-preposition>  <properName>עגנון</properName>  <properName>בן</properName>  <noun>לילה</noun>  לסופר  <adjective>ידוע</adjective>  ומוערך.  ביפו  <verb>כתב</verb>  <noun>סיפורים</noun>  <preposition>על</preposition>  <noun>ההווי</noun>  <adjective>המקומי</adjective>  (כגון  "תשרי"),  <conjunction>אך</conjunction>  <at-preposition>את</at-preposition>  <noun>עיקר</noun>  <noun>המוניטין</noun>  שלו  <verb>רחש</verb>  <preposition>עם</preposition>  <noun>פרסום</noun>  <noun>הנובלה</noun>  והיה  <adjective>העקוב</adjective>  למישור,  שמקום  התרחשותה  <pronoun>הוא</pronoun>  <properName>בגליציה</properName>  <shel-preposition>של</shel-preposition>  <noun>מחצית</noun>  <numeral>המאה</numeral>  התשע-עשרה.  <noun>יצירה</noun>  <pronoun>זו</pronoun>  <verb>הופיעה</verb>  בו-זמנית  כסיפור  בהמשכים  בכתבהעת  <noun>הפועל</noun>  <adjective>הצעיר</adjective>  וכספר  בהוצאת  <properName>י.ח.</properName>  <properName>ברנר</properName>  <date>(1912).</date>  <noun>הסיפור</noun>  <verb>עשה</verb>  <noun>רושם</noun>  <adjective>עצום</adjective>  <preposition>על</preposition>  <noun>קהילת</noun>  הקוראים,  כשאישים  <preposition>כמו</preposition>  <properName>יוסף</properName>  אהרונוביץ,  <verb>י"ח</verb>  ברנר,  <properName>ר'</properName>  <properName>בנימין</properName>  והרב  <properName>קוק</properName>  <verb>גומרים</verb>  <preposition>עליואת</preposition>  ההלל.  <noun>הספר</noun>  <conjunction>גם</conjunction>  <verb>זכה</verb>  למאמר  <noun>ביקורת</noun>  <verb>נלהב</verb>  <adjective>מידי</adjective>  <verb>פישל</verb>  לחובר,שפורסם  בהצפירה,  <interrogative>מה</interrogative>  שקבע  <at-preposition>את</at-preposition>  מעמדו  ברפובליקה  <shel-preposition>של</shel-preposition>  <noun>הספרות</noun>  העברית,  <adverb>הרבה</adverb>  <noun>מעבר</noun>  לגבולות  הארץ.  
  בנובמבר  <date>1912</date>  <verb>יצא</verb>  <properName>עגנון</properName>  לגרמניה  בעידודו  <shel-preposition>של</shel-preposition>  <title>ד"ר</title>  <properName>ארתור</properName>  רופין,  שעמד  <conjunction>אז</conjunction>  בראש  <noun>המשרד</noun>  הארץ-ישראלי,  ומה  שנועד  <copula>היה</copula>  <copula>להיות</copula>  <noun>מאורע</noun>  <adjective>זמני</adjective>  <copula>היה</copula>  <verb>לשהות</verb>  שהתארכה  שתים-עשרה  שנים.  <properName>עגנון</properName>  <verb>התגורר</verb>  <adverb>תחילה</adverb>  בברלין,  בזמן  <noun>מלחמת</noun>  <noun>העולם</noun>  <numeral>הראשונה</numeral>  <verb>חילק</verb>  <at-preposition>את</at-preposition>  זמנו  <preposition>בין</preposition>  <properName>ברלין</properName>  ללייפציג,  ובתום  המלחמה,  <conjunction>לאחר</conjunction>  נישואיו  לאסתר  מארכס  <date>(1920),</date>  <verb>התיישב</verb>  באזור  <properName>פרנקפורט</properName>  <punctuation>–</punctuation>  <adverb>תחילה</adverb>  <properName>בוויסבאדן</properName>  <preposition>ואחרכך</preposition>  <noun>בבאד</noun>  הומבורג.  בברלין  <verb>התקרב</verb>  לחוגי  <noun>האינטליגנציה</noun>  <adjective>הצעירה</adjective>  <shel-preposition>של</shel-preposition>  <noun>בני</noun>  <adjective>הדור</adjective>  ה"פוסט-אסימילאטורי"  בהנהגתו  <shel-preposition>של</shel-preposition>  <properName>מרטין</properName>  בובר,  שראו  בו  <noun>גילום</noun>  <adjective>נעלה</adjective>  <shel-preposition>של</shel-preposition>  <noun>תרבות</noun>  <noun>יהודי</noun>  מזרח-אירופה,  שכלפיה  <verb>גילו</verb>  <noun>יחס</noun>  פולחני.  <noun>אווירה</noun>  <pronoun>זו</pronoun>  <verb>עודדה</verb>  <quantifier>אותו</quantifier>  <verb>להרחיב</verb>  ולהעמיק  <at-preposition>את</at-preposition>  <noun>הכתיבה</noun>  <preposition>על</preposition>  <noun>העולם</noun>  <adjective>המסורתי</adjective>  <shel-preposition>של</shel-preposition>  מזרח-אירופה  ("הנידח",  "פולין:  <noun>סיפורי</noun>  אגדות"),  <verb>שבה</verb>  <verb>החל</verb>  <adverb>למעשה</adverb>  <preposition>עם</preposition>  והיה  <adjective>העקוב</adjective>  למישור.  סיפוריו  <verb>עוררו</verb>  <noun>הד</noun>  <adjective>חזק</adjective>  וזכו  <verb>להופיע</verb>  בתרגום  <adjective>גרמני</adjective>  <punctuation>–</punctuation>  <preposition>בין</preposition>  <noun>השאר</noun>  בכתב  <noun>העת</noun>  <properName>דר</properName>  <verb>יודה</verb>  בעריכת  <properName>בובר</properName>  <punctuation>–</punctuation>  <adverb>לפעמים</adverb>  <adverb>עוד</adverb>  <conjunction>בטרם</conjunction>  <verb>נדפסו</verb>  בעברית.  <preposition>בצד</preposition>  <noun>כתיבת</noun>  <noun>סיפורים</noun>  <adjective>חדשים</adjective>  <verb>עיבד</verb>  <noun>בעת</noun>  שהותו  בגרמניה  <quantifier>כמה</quantifier>  <noun>סיפורים</noun>  <preposition>מן</preposition>  <noun>התקופה</noun>  הארץ-ישראלית,  ובראשם  "תשרי"  (שהיה  ל"גבעת  החול").  <numeral>שני</numeral>  <noun>כינוסים</noun>  <noun>ראשונים</noun>  <shel-preposition>של</shel-preposition>  סיפוריו  –בסוד  <adjective>ישרים</adjective>  <date>(1922)</date>  ועל  <noun>כפות</noun>  <noun>המנעול</noun>  <date>(1923)</date>  <punctuation>–</punctuation>  <verb>יצאו</verb>  <preposition>לאור</preposition>  <conjunction>גם</conjunction>  <conjunction>כן</conjunction>  בגרמניה.  ברם,  <at-preposition>את</at-preposition>  <noun>עיקר</noun>  פרסומו  <verb>קנה</verb>  בזכות  <noun>התרגום</noun>  לגרמנית  <shel-preposition>של</shel-preposition>  והיה  <adjective>העקוב</adjective>  למישור,  <noun>פרי</noun>  עטו  <shel-preposition>של</shel-preposition>  <properName>מקס</properName>  שטראוס,  שהופיע  <adjective>ביודישער</adjective>  פרלאג  בברלין  <date>ב-1919,</date>  וזכה  לתפוצה  <adjective>רחבה</adjective>  ולהד  <adjective>חזק</adjective>  בעיתונות  <adjective>היהודית</adjective>  ואף  הכללית.  במהלך  "תקופת  גרמניה"  <verb>נמנע</verb>  <properName>עגנון</properName>  מלכתוב  <preposition>על</preposition>  <noun>חוויית</noun>  גרמניה,  <noun>נושא</noun>  שתפש  <noun>מקום</noun>  <adjective>בולט</adjective>  בסדר  <noun>היום</noun>  <adjective>הספרותי</adjective>  שלו  <adverb>בעיקר</adverb>  <adverb>מאז</adverb>  <noun>סוף</noun>  <noun>מלחמת</noun>  <noun>העולם</noun>  השנייה.  
  בברלין  <verb>פגש</verb>  עגנון,  בתיווכו  <shel-preposition>של</shel-preposition>  בובר,  <at-preposition>את</at-preposition>  <noun>הסוחר</noun>  ועסקן  <noun>התרבות</noun>  <properName>ש"ז</properName>  שוקן  <date>(1915),</date>  <noun>פגישה</noun>  ששינתה  <at-preposition>את</at-preposition>  חייו.  שוקן,  ששקד  <verb>לטפח</verb>  <at-preposition>את</at-preposition>  <noun>רוח</noun>  <noun>היהדות</noun>  באמצעים  שונים,  <preposition>בין</preposition>  <noun>השאר</noun>  <noun>עלידי</noun>  <noun>קידום</noun>  <noun>הספרות</noun>  <adjective>העברית</adjective>  החדשה,  <copula>היה</copula>  <preposition>בתוך</preposition>  <noun>זמן</noun>  <adjective>קצר</adjective>  לפטרונו,  ושימש  <adverb>ככזה</adverb>  <preposition>עד</preposition>  <noun>סוף</noun>  ימיו.  שוקן  <copula>היה</copula>  למשענת  <adjective>הכלכלית</adjective>  <adjective>העיקרית</adjective>  <shel-preposition>של</shel-preposition>  עגנון,  <verb>העניק</verb>  <conjunction>לו</conjunction>  <noun>עידוד</noun>  מוסרי,  <copula>היה</copula>  <adjective>מעורב</adjective>  <preposition>עד</preposition>  לפרטים  בכתיבתו,  וכן  <verb>עודד</verb>  <quantifier>אותו</quantifier>  <verb>להתמיד</verb>  בקריאת  <noun>הספרות</noun>  <adjective>הגרמנית</adjective>  והאירופית  <punctuation>–</punctuation>  <noun>מהלך</noun>  שהיה  <conjunction>לו</conjunction>  <noun>השפעה</noun>  <participle>מרחיקת</participle>  <noun>לכת</noun>  <preposition>על</preposition>  כתיבתו.  <date>ב-1930,לאחר</date>  שעגנון  <adverb>כבר</adverb>  <verb>עזב</verb>  <at-preposition>את</at-preposition>  גרמניה,  <verb>ייסד</verb>  שוקן  <noun>הוצאת</noun>  <noun>ספרים</noun>  בברלין  (הוצאת  שוקן),  שהיתה  לאכסנייתו  <adjective>הספרותית</adjective>  <conjunction>גם</conjunction>  <conjunction>לאחר</conjunction>  שזו  <verb>העבירה</verb>  <at-preposition>את</at-preposition>  פעילותה  מברלין  לארץ  ישראל.  שוקן  <verb>דאג</verb>  לפרסום  <shel-preposition>של</shel-preposition>  <noun>כתבי</noun>  <properName>עגנון</properName>  ברמה  ובאיכות  שלא  <verb>נודעו</verb>  <preposition>עד</preposition>  <conjunction>אז</conjunction>  בעולם  <noun>הספר</noun>  העברי,  <verb>השקיע</verb>  <noun>מאמץ</noun>  <adjective>עצום</adjective>  בהפצת  <noun>הכתבים</noun>  ואף  <verb>סלל</verb>  <at-preposition>את</at-preposition>  דרכו  <shel-preposition>של</shel-preposition>  <properName>עגנון</properName>  לפרסום  סיפוריו  בשפות  אחרות.  כשרכש  <at-preposition>את</at-preposition>  <noun>עיתון</noun>  <noun>הארץ</noun>  <date>(1938)</date>  <verb>הוזמן</verb>  <properName>עגנון</properName>  <copula>להיות</copula>  <noun>סופר</noun>  <noun>הבית</noun>  <shel-preposition>של</shel-preposition>  העיתון,  שנעשה  במרוצת  <noun>השנים</noun>  <noun>מכשיר</noun>  <adjective>חשוב</adjective>  <adverb>ביותר</adverb>  לקירוב  סיפוריו  <preposition>אל</preposition>  <noun>קהל</noun>  <noun>הקוראים</noun>  <adjective>המשכיל</adjective>  בימי  <noun>היישוב</noun>  והמדינה.  
  <properName>עגנון</properName>  <verb>עזב</verb>  <at-preposition>את</at-preposition>  <properName>גרמניה</properName>  <preposition>בעקבות</preposition>  <noun>האירוע</noun>  <adjective>הטראומטי</adjective>  <shel-preposition>של</shel-preposition>  <properName>שרֵפת</properName>  ביתו  <noun>בבאד</noun>  <properName>הומבורג</properName>  (יולי  <date>1924).</date>  <noun>בעת</noun>  <participle>השרֵפה</participle>  <copula>היה</copula>  <verb>מאושפז</verb>  בבית  חולים,  אשתו  וילדיו  <adjective>הקטנים</adjective>  (אמונה  וחמדת)  <verb>שהו</verb>  בבית  וניצלו  בנס.  <participle>השרֵפה</participle>  <verb>כילתה</verb>  <at-preposition>את</at-preposition>  ספרייתו  העשירה,  וכן  <at-preposition>את</at-preposition>  <noun>כתבי</noun>  <noun>היד</noun>  שלו  <punctuation>–</punctuation>  <adverb>בכלל</adverb>  <pronoun>זה</pronoun>  <noun>ספר</noun>  <adjective>רחב</adjective>  <noun>ממדים</noun>  בשם  בצרור  <noun>החיים</noun>  <preposition>על</preposition>  <noun>החיים</noun>  <adjective>היהודיים</adjective>  בפולין,  שכבר  <verb>נמסר</verb>  <preposition>על</preposition>  פרסומו,  וכן  <noun>הכרך</noun>  <numeral>הראשון</numeral>  <shel-preposition>של</shel-preposition>  <noun>אוסף</noun>  <noun>סיפורי</noun>  <noun>החסידים</noun>  שאותו  <verb>ערך</verb>  <preposition>עם</preposition>  <properName>מרטין</properName>  בובר.  <preposition>עם</preposition>  שובו  לארץ  <properName>ישראל</properName>  <punctuation>–</punctuation>  <adverb>תחילה</adverb>  <adverb>בגפו</adverb>  <punctuation>–</punctuation>  <verb>החליט</verb>  <properName>עגנון</properName>  <verb>לקבוע</verb>  <at-preposition>את</at-preposition>  ישיבתו  בירושלים,  "כי  <adjective>רבים</adjective>  <noun>געגועי</noun>  למקומות  הקודש"  <punctuation>–</punctuation>  <verb>כתב</verb>  <conjunction>אז</conjunction>  לאשתו.  <adverb>תחילה</adverb>  <verb>התמקם</verb>  במרכז  העיר,  <adverb>אחרכך</adverb>  <verb>עבר</verb>  למגורים  <adjective>זמניים</adjective>  בשכונת  <noun>תלפיות</noun>  בדרום  העיר,  <date>וב-1931</date>  <verb>השלים</verb>  <at-preposition>את</at-preposition>  <noun>בניית</noun>  ביתו  הפרטי,  <verb>שבו</verb>  <conjunction>שכן</conjunction>  <adverb>כמעט</adverb>  <numeral>ארבעים</numeral>  שנה,  ובו  <verb>נכתבו</verb>  <noun>רוב</noun>  יצירותיו.  שיבתו  לארץ  <copula>היתה</copula>  <adjective>כרוכה</adjective>  <conjunction>גם</conjunction>  בתהליך  <shel-preposition>של</shel-preposition>  <noun>חזרה</noun>  בתשובה,  <conjunction>לאחר</conjunction>  שעזב  <at-preposition>את</at-preposition>  <noun>הדת</noun>  <preposition>עם</preposition>  עלייתו  <numeral>הראשונה</numeral>  לארץ  ישראל;  <adverb>מעתה</adverb>  <verb>הקפיד</verb>  <preposition>על</preposition>  <noun>אורח</noun>  <noun>חיים</noun>  <shel-preposition>של</shel-preposition>  <noun>תורה</noun>  ומצוות,  <interrogative>מה</interrogative>  שהעצים  <at-preposition>את</at-preposition>  דימויו  <adjective>הציבורי</adjective>  <adjective>החריג</adjective>  <preposition>על</preposition>  <noun>רקע</noun>  <noun>הנוף</noun>  <shel-preposition>של</shel-preposition>  <noun>הקהילה</noun>  <adjective>הספרותית</adjective>  שהתקבצה  בארץ  <properName>ישראל</properName>  <conjunction>לאחר</conjunction>  <noun>מלחמת</noun>  <noun>העולם</noun>  הראשונה,  שהיתה  <adjective>חילונית</adjective>  <adverb>במוצהר</adverb>  ומרחב  <noun>הפעולה</noun>  שלה  <copula>היה</copula>  בתלאביב.  
  בתלפיות  <verb>השלים</verb>  <properName>עגנון</properName>  <at-preposition>את</at-preposition>  <noun>עריכת</noun>  <noun>המהדורה</noun>  <numeral>הראשונה</numeral>  <shel-preposition>של</shel-preposition>  <quantifier>כל</quantifier>  סיפוריו  <shel-preposition>של</shel-preposition>  <properName>שמואל</properName>  <properName>יוסף</properName>  <properName>עגנון</properName>  בארבעה  כרכים,  שהופיעה  בהוצאת  שוקן  בברלין  <date>ב-1931,</date>  ושהתקבלותה  <participle>הנלהבת</participle>  <noun>עלידי</noun>  <noun>הביקורת</noun>  בארץ  ובחוץ  לארץ  <verb>ביטאה</verb>  <at-preposition>את</at-preposition>  <noun>ההכרה</noun>  <participle>המתגבשת</participle>  <preposition>בדבר</preposition>  גדולתו.  <noun>מהדורה</noun>  <pronoun>זו</pronoun>  <verb>כללה</verb>  <numeral>שני</numeral>  <noun>כרכים</noun>  <shel-preposition>של</shel-preposition>  <noun>סיפורים</noun>  <verb>מקובצים</verb>  (מאז  ומעתה  ועל  <noun>כפות</noun>  המנעול)  וכן  <numeral>שני</numeral>  <noun>כרכים</noun>  ובהם  <noun>הרומן</noun>  <numeral>הראשון</numeral>  שלו  <punctuation>–</punctuation>  <properName>הכנסת</properName>  כלה–  <noun>סיפור</noun>  <adjective>קומי</adjective>  שממנו  <verb>עולה</verb>  <noun>מראה</noun>  דמותה  <shel-preposition>של</shel-preposition>  <noun>החברה</noun>  <adjective>היהודית</adjective>  <adjective>המסורתית</adjective>  <properName>בגליציה</properName>  <shel-preposition>של</shel-preposition>  <noun>ראשית</noun>  <numeral>המאה</numeral>  התשע-עשרה.  מרגע  <pronoun>זה</pronoun>  <adverb>ואילך</adverb>  <copula>היה</copula>  עגנון,  <preposition>בין</preposition>  <noun>שאר</noun>  הדברים,  לדמות  <participle>המובילה</participle>  ופורצת  <noun>הדרך</noun>  בתחום  <noun>הרומן</noun>  העברי,  שעד  <conjunction>אז</conjunction>  <verb>הניב</verb>  <adverb>בעיקר</adverb>  בוסר.  <date>ב-1935</date>  <verb>הופיע</verb>  <noun>הרומן</noun>  <noun>סיפור</noun>  פשוט,  <noun>רומן</noun>  <noun>משפחה</noun>  <participle>המתרחש</participle>  <properName>בגליציה</properName>  <shel-preposition>של</shel-preposition>  <noun>סוף</noun>  <numeral>המאה</numeral>  התשע-עשרה,  <preposition>על</preposition>  <noun>קו</noun>  <noun>התפר</noun>  שבין  <noun>מסורת</noun>  למודרניות.  <noun>שיא</noun>  כתיבתו  <shel-preposition>של</shel-preposition>  <properName>עגנון</properName>  באותו  <noun>עשור</noun>  <copula>היה</copula>  <noun>הרומן</noun>  <noun>אורח</noun>  <verb>נטה</verb>  <verb>ללון</verb>  <date>(1939),</date>  שנכתב  <preposition>בעקבות</preposition>  <noun>ביקור</noun>  <noun>קיץ</noun>  בפולין,  ושבו  <verb>הציג</verb>  <properName>עגנון</properName>  <preposition>באמצעות</preposition>  <noun>הטכניקה</noun>  <shel-preposition>של</shel-preposition>  <noun>סיפור</noun>  בגוף  <numeral>ראשון</numeral>  <at-preposition>את</at-preposition>  <noun>תהליכי</noun>  <noun>ההתפוררות</noun>  <shel-preposition>של</shel-preposition>  <noun>יהדות</noun>  <properName>פולין</properName>  בעידן  שבין  המלחמות.  <at-preposition>את</at-preposition>  <noun>שנות</noun>  <noun>מלחמת</noun>  <noun>העולם</noun>  <numeral>השנייה</numeral>  <verb>הקדיש</verb>  <properName>עגנון</properName>  לכתיבת  <noun>תמול</noun>  <adverb>שלשום</adverb>  <date>(1945),</date>  <verb>שבו</verb>  לראשונה,  במסגרת  <noun>רומן</noun>  <verb>בעל</verb>  <noun>ממדים</noun>  אפיים,  בחן  <at-preposition>את</at-preposition>  <noun>המציאות</noun>  היהודית-ציונית  בארץ  <properName>ישראל</properName>  <conjunction>כפי</conjunction>  שזו  <verb>נגלתה</verb>  <conjunction>לו</conjunction>  בתקופת  <noun>העלייה</noun>  השנייה:  סיפורו  <shel-preposition>של</shel-preposition>  <noun>העולה</noun>  <properName>יצחק</properName>  קומר,  <participle>הנע</participle>  <preposition>בין</preposition>  <properName>יפו</properName>  לירושלים,  <preposition>בין</preposition>  <noun>עולם</noun>  <noun>החול</noun>  <adverb>לעולם</adverb>  הקודש,  וסופו  שהוא  <properName>מוצא</properName>  <at-preposition>את</at-preposition>  מותו  <properName>בגין</properName>  <noun>נשיכת</noun>  כלב,  שנוכחותו  <noun>מלווה</noun>  <quantifier>אותו</quantifier>  כצל  לאורך  <noun>הסיפור</noun>  כולו.  <noun>תמול</noun>  <adverb>שלשום</adverb>  <verb>התקבל</verb>  בזמנו,  וכך  <conjunction>גם</conjunction>  היום,  כיצירת  <noun>מופת</noun>  <adjective>ספרותית</adjective>  וכייצוג  מהימן,  <adjective>מתוחכם</adjective>  ומאתגר  <shel-preposition>של</shel-preposition>  <noun>העידן</noun>  הציוני.  
  <noun>בד</noun>  בבד  <preposition>עם</preposition>  <noun>כתיבת</noun>  <numeral>ארבעת</numeral>  <noun>הרומנים</noun>  <adjective>הגדולים</adjective>  <punctuation>–</punctuation>  שהופיעו  בטווח  <shel-preposition>של</shel-preposition>  חמש-עשרה  <noun>שנה</noun>  <punctuation>–</punctuation>  <verb>המשיך</verb>  <properName>עגנון</properName>  בכתיבת  <noun>סיפורים</noun>  קצרים,  <noun>סיפורים</noun>  <adjective>ארוכים</adjective>  ונובלות,  <noun>חלק</noun>  <adjective>ניכר</adjective>  מהם  <verb>הופיע</verb>  <preposition>על</preposition>  <noun>דפי</noun>  <noun>היומון</noun>  <noun>דבר</noun>  בעריכת  <properName>ברל</properName>  כצנלסון,  שלו  <copula>היה</copula>  <noun>שותף</noun>  <adverb>מאז</adverb>  <noun>הגיליון</noun>  <numeral>הראשון</numeral>  <date>(1.6.1925),</date>  ולאחר  <verb>מכן</verb>  <preposition>מעל</preposition>  <noun>דפי</noun>  הארץ.  רובם  <verb>הופיעו</verb>  <conjunction>גם</conjunction>  בספרים  שראו  <properName>אור</properName>  בהוצאת  שוקן  <punctuation>–</punctuation>  בשובה  ונחת  <date>(1935);</date>  אלו  ואלו  <date>(1941);</date>  <verb>סמוך</verb>  ונראה  <date>(1950);</date>  <preposition>עד</preposition>  <copula>הנה</copula>  <date>(1951).</date>  <preposition>בצד</preposition>  <noun>טיפוח</noun>  <noun>הז'אנר</noun>  <shel-preposition>של</shel-preposition>  <noun>האגדה</noun>  והסיפור  <adjective>המסורתי</adjective>  ("בלבב  ימים"  <punctuation>–</punctuation>  <date>1934)</date>  <verb>הוליך</verb>  <properName>עגנון</properName>  <at-preposition>את</at-preposition>  <noun>הסיפור</noun>  <adjective>העברי</adjective>  למחוזות  <adjective>חדשים</adjective>  <adverb>בכך</adverb>  <verb>שכתב</verb>  <verb>סדרה</verb>  <shel-preposition>של</shel-preposition>  <noun>סיפורי</noun>  מופת,  <noun>חסרי</noun>  <noun>תקדים</noun>  בעברית,  <participle>המתרחשים</participle>  בסביבה  <adjective>יהודית</adjective>  מודרנית,  <preposition>תוך</preposition>  <noun>גילוי</noun>  <noun>הבנת</noun>  <noun>עומק</noun>  למצבים  <adjective>אנושיים</adjective>  ולתהליכים  <adjective>פסיכולוגיים</adjective>  <punctuation>–</punctuation>  <noun>דוגמת</noun>  "פנים  אחרות"  <date>(1932),</date>  "הרופא  וגרושתו"  <date>(1941)</date>  <conjunction>או</conjunction>  "פרנהיים"  <date>(1949).</date>  <at-preposition>את</at-preposition>  <noun>היכולת</noun>  <verb>לפתח</verb>  <noun>נובלה</noun>  <noun>בעלת</noun>  <noun>איכויות</noun>  <adjective>ליריות</adjective>  <verb>הפגין</verb>  בשבועת  <properName>אמונים</properName>  <date>(1943).</date>  <preposition>כמו</preposition>  <conjunction>כן</conjunction>  <verb>הבקיע</verb>  <properName>עגנון</properName>  <noun>דרך</noun>  לסיפור  <adjective>הסוריאליסטי</adjective>  <conjunction>או</conjunction>  ה"מטא-ריאליסטי"  במסגרת  <noun>סדרת</noun>  <noun>סיפורי</noun>  <noun>ספר</noun>  <noun>המעשים</noun>  שהחל  בפרסומם  <preposition>בדבר</preposition>  <date>ב-1931,</date>  למגינת  לבו  <shel-preposition>של</shel-preposition>  <noun>העורך</noun>  <properName>ברל</properName>  כצנלסון.  <noun>סיפורים</noun>  <pronoun>אלה</pronoun>  <verb>יצרו</verb>  <at-preposition>את</at-preposition>  <noun>הרושם</noun>  <preposition>בדבר</preposition>  <noun>הקרבה</noun>  <adjective>הנפשית</adjective>  והצורנית  <shel-preposition>של</shel-preposition>  <noun>סיפורי</noun>  <properName>עגנון</properName>  לסיפוריו  <shel-preposition>של</shel-preposition>  <properName>פרנץ</properName>  קפקא,  <conjunction>אף</conjunction>  שעגנון  <pronoun>עצמו</pronoun>  <verb>התייחס</verb>  בביטול  לזיקה  זו.  <properName>בגין</properName>  <noun>סיפורים</noun>  <pronoun>אלה</pronoun>  <punctuation>–</punctuation>  שלהם  <verb>נודעה</verb>  <noun>השפעה</noun>  <preposition>על</preposition>  <noun>צעירי</noun>  <noun>הסופרים</noun>  בדור  שלאחר  <verb>קום</verb>  <noun>המדינה</noun>  <punctuation>–</punctuation>  <verb>נחשב</verb>  <properName>עגנון</properName>  בשעתו  למודרני  שבסופרים.  
  <conjunction>אף</conjunction>  שההישגים  <adjective>העיקריים</adjective>  שנרשמו  לזכותו  <copula>היו</copula>  בתחום  הסיפורת,  <noun>מרכיב</noun>  <adjective>חשוב</adjective>  <adverb>בכלל</adverb>  עבודתו  <adjective>הספרותית</adjective>  <pronoun>הוא</pronoun>  <noun>עבודת</noun>  הכינוס.  בנדון  <pronoun>זה</pronoun>  <verb>המשיך</verb>  במודע  <at-preposition>את</at-preposition>  דרכם  <shel-preposition>של</shel-preposition>  <noun>יוצרים</noun>  <preposition>כמו</preposition>  ברדיצ'בסקי,  <properName>ביאליק</properName>  ובובר.  <noun>האנתולוגיות</noun>  <numeral>הראשונות</numeral>  שהעמיד  <verb>הופיעו</verb>  <adverb>עוד</adverb>  בגרמניה  ובגרמנית,  <pronoun>זאת</pronoun>  בהזמנת  <properName>היודישער</properName>  פרלאג,  <conjunction>אך</conjunction>  <at-preposition>את</at-preposition>  דרכו  <adjective>העצמאית</adjective>  בתחום  <verb>החל</verb>  בעבודתו  <adjective>המשותפת</adjective>  <preposition>עם</preposition>  <properName>בובר</properName>  <preposition>על</preposition>  <noun>ספר</noun>  <noun>החסידות</noun>  שנועד  <copula>להיות</copula>  <noun>הכינוס</noun>  <adjective>המקיף</adjective>  והעדכני  <adverb>ביותר</adverb>  <shel-preposition>של</shel-preposition>  <noun>הסיפורת</noun>  החסידית,  במתכונת  <adjective>דומה</adjective>  לזו  <shel-preposition>של</shel-preposition>  <noun>ספר</noun>  <noun>האגדה</noun>  לביאליק-רבניצקי.  <date>ב-1938</date>  <verb>פירסם</verb>  <properName>עגנון</properName>  <at-preposition>את</at-preposition>  <noun>ימים</noun>  נוראים,  <noun>אוסף</noun>  <shel-preposition>של</shel-preposition>  <noun>סיפורים</noun>  ומדרשים  לראש  השנה,  ליום  <noun>הכיפורים</noun>  ולעשרת  <noun>ימי</noun>  תשובה,  שהיה  <verb>מבוסס</verb>  <preposition>על</preposition>  <noun>קרוב</noun>  לאלף  <noun>ספרים</noun>  <preposition>מן</preposition>  <noun>הספרות</noun>  <adjective>המסורתית</adjective>  שמהם  <verb>נברר</verb>  החומר,  <verb>לוטש</verb>  וצורף  <adverb>יחד</adverb>  בספר  החדש.  <noun>ימים</noun>  נוראים,  במקור  <adjective>העברי</adjective>  וכן  בתרגום  לאנגלית,  <copula>היה</copula>  <numeral>אחד</numeral>  מספריו  <adjective>הנפוצים</adjective>  <adverb>ביותר</adverb>  <shel-preposition>של</shel-preposition>  עגנון,  ובמשך  <noun>שנים</noun>  <verb>תפש</verb>  <noun>מקום</noun>  בארון  <noun>הספרים</noun>  שבבתי  הכנסת.  <adverb>בנוסף</adverb>  <properName>שקד</properName>  <properName>עגנון</properName>  <preposition>על</preposition>  <adverb>עוד</adverb>  אנתולוגיות,  שהופיעו  בחייו  במתכונת  <adjective>חלקית</adjective>  בלבד,  ובצורה  <adjective>נרחבת</adjective>  <conjunction>לאחר</conjunction>  מותו:  <pronoun>אתם</pronoun>  ראיתם:  <noun>פשטים</noun>  <date>ומדרשים(1995);</date>  <noun>ספר</noun>  <noun>סופר</noun>  וסיפור:  <noun>סיפורים</noun>  <preposition>על</preposition>  <noun>ספרים</noun>  ועל  <noun>סופרים</noun>  <date>(1998);</date>  וסיפורי  <properName>הבעש"ט</properName>  <date>(1987ׂ).</date>  <noun>פרסומים</noun>  <pronoun>אלה</pronoun>  חשפו  <at-preposition>את</at-preposition>  מרכזיותה  <shel-preposition>של</shel-preposition>  <noun>חטיבה</noun>  <adjective>ספרותית</adjective>  <pronoun>זו</pronoun>  <adverb>בכלל</adverb>  כתביו  <shel-preposition>של</shel-preposition>  עגנון.    
  <date>ב-1953</date>  <verb>יצאה</verb>  <preposition>לאור</preposition>  בהוצאת  שוקן  <noun>מהדורת</noun>  <quantifier>כל</quantifier>  סיפוריו  <shel-preposition>של</shel-preposition>  <properName>שמואל</properName>  <properName>יוסף</properName>  <properName>עגנון</properName>  בשבעה  כרכים.  <date>ב-1962</date>  <adjective>נוסף</adjective>  לה  <noun>הכרך</noun>  <numeral>השמיני</numeral>  <punctuation>–</punctuation>  <noun>האש</noun>  והעצים  <punctuation>–</punctuation>  ובכמה  <noun>מהדורות</noun>  <verb>נכלל</verb>  <conjunction>גם</conjunction>  <noun>הלקט</noun>  <noun>ימים</noun>  נוראים.  <copula>היתה</copula>  <pronoun>זו</pronoun>  <noun>המהדורה</noun>  <adjective>הקנונית</adjective>  <shel-preposition>של</shel-preposition>  <noun>כתבי</noun>  עגנון,  שכללה  <at-preposition>את</at-preposition>  <noun>רוב</noun>  יצירתו  <adverb>מאז</adverb>  <date>1908.</date>  <noun>חלקים</noun>  <adjective>ניכרים</adjective>  <preposition>מן</preposition>  <noun>הסיפורים</noun>  <verb>הובאו</verb>  בנוסח  מתוקן,  <conjunction>שכן</conjunction>  <properName>עגנון</properName>  <verb>נהג</verb>  <noun>דרך</noun>  <verb>קבע</verb>  <verb>לשכתב</verb>  <at-preposition>את</at-preposition>  סיפוריו,  <adverb>לעתים</adverb>  <preposition>עד</preposition>  <conjunction>כדי</conjunction>  <noun>כתיבת</noun>  <noun>הסיפור</noun>  <adverb>מחדש</adverb>  <adverb>יותר</adverb>  מפעם  <numeral>אחת</numeral>  (למשל:  "עגונות",  "בדמי  ימיה").  <noun>מהדורת</noun>  <noun>שבעת</noun>  <noun>הכרכים</noun>  <verb>זכתה</verb>  לתפוצה  עצומה,  ובתור  שכזאת  <verb>נודעה</verb>  לה  <noun>השפעה</noun>  <adjective>רבה</adjective>  <preposition>על</preposition>  <noun>קהל</noun>  <noun>הקוראים</noun>  והכותבים  בעברית.  <pronoun>היא</pronoun>  <copula>היתה</copula>  <conjunction>גם</conjunction>  <noun>הבסיס</noun>  להוראת  <noun>כתבי</noun>  <properName>עגנון</properName>  בבתי  הספר.  <preposition>בצד</preposition>  סיפוריו  שהוכרו  <adverb>כבר</adverb>  <conjunction>אז</conjunction>  כסיפורים  <adjective>קלאסיים</adjective>  <verb>הכילה</verb>  <noun>המהדורה</noun>  <quantifier>כמה</quantifier>  מיצירות  <noun>המופת</noun>  שלו  שהתפרסמו  <conjunction>לאחר</conjunction>  <verb>קום</verb>  <noun>המדינה</noun>  <punctuation>–</punctuation>  בכללן  "תהילה"  <date>(1950),"המלבוש"</date>  <date>(1951)</date>  ו"עידו  ועינם"  <date>(1952).</date>  <conjunction>לאחר</conjunction>  <noun>חתימת</noun>  <noun>המהדורה</noun>  <verb>נטתה</verb>  כתיבתו  <shel-preposition>של</shel-preposition>  <properName>עגנון</properName>  <verb>לעבר</verb>  <noun>שימור</noun>  <noun>צורות</noun>  <noun>החיים</noun>  שנידונו  לכליה  ולתיעודו  <shel-preposition>של</shel-preposition>  <noun>העבר</noun>  <noun>היהודי</noun>  ופחות  לכיוונה  <shel-preposition>של</shel-preposition>  <noun>הספרות</noun>  <adjective>היפה</adjective>  כמטרה  לעצמה.  <noun>תהליך</noun>  <pronoun>זה</pronoun>  <pronoun>הוא</pronoun>  <noun>תגובה</noun>  <adjective>מאוחרת</adjective>  <adverb>יחסית</adverb>  <shel-preposition>של</shel-preposition>  <properName>עגנון</properName>  לשואה,  שעליה  <adverb>כמעט</adverb>  <verb>נמנע</verb>  מלכתוב  <noun>בעת</noun>  התרחשותה.  <adjective>הבולט</adjective>  <preposition>מבין</preposition>  <noun>הספרים</noun>  שנכתבו  <conjunction>אז</conjunction>  <pronoun>הוא</pronoun>  <noun>עיר</noun>  ומלואה,  <noun>ספר</noun>  <noun>זיכרון</noun>  <adjective>רחב</adjective>  <noun>היקף</noun>  לקהילת  <properName>בוצ'אץ'</properName>  שחרבה  בשואה,  <participle>המשלב</participle>  <noun>סיפורים</noun>  <adjective>קצרים</adjective>  וארוכים,  <properName>כרוניקה</properName>  היסטורית,  <noun>זיכרונות</noun>  וחומר  <properName>אתנוגרפי</properName>  לרוב.  <noun>הספר</noun>  <verb>ראה</verb>  <properName>אור</properName>  במסגרת  <noun>כרכי</noun>  <noun>העיזבון</noun>  <date>ב-1973.</date>  <adverb>במקביל</adverb>  <verb>זנח</verb>  <properName>עגנון</properName>  <at-preposition>את</at-preposition>  <noun>כתיבת</noun>  <noun>הרומן</noun>  שירה,  שפרקים  ממנו  <verb>פורסמו</verb>  <adverb>עוד</adverb>  בחייו,  ושגם  <pronoun>הוא</pronoun>  <verb>ראה</verb>  <adverb>לבסוף</adverb>  <properName>אור</properName>  במסגרת  <noun>כרכי</noun>  <noun>העיזבון</noun>  <date>(1971).</date>  
  כתיבתו  <shel-preposition>של</shel-preposition>  <properName>עגנון</properName>  <verb>עוררה</verb>  <adverb>מאז</adverb>  <noun>ראשית</noun>  דרכו  <noun>התעניינות</noun>  <adjective>רבה</adjective>  והניבה  <numeral>מאות</numeral>  <noun>מאמרים</noun>  וספרים  <punctuation>–</punctuation>  חלקם  <verb>הופיעו</verb>  בחייו  וחלקם  <conjunction>לאחר</conjunction>  מותו.  <noun>מיטב</noun>  <noun>המבקרים</noun>  וחוקרי  <noun>הספרות</noun>  <verb>התגייסו</verb>  לעבודת  <noun>הפרשנות</noun>  <shel-preposition>של</shel-preposition>  כתביו  <punctuation>–</punctuation>  בכללם  <properName>דב</properName>  סדן,  <properName>ברוך</properName>  קורצווייל,  <properName>משולם</properName>  טוכנר,  <properName>גרשון</properName>  שקד,  <properName>הלל</properName>  ברזל,  <properName>אברהם</properName>  באנד,  <properName>אברהם</properName>  הולץ,  <properName>שמואל</properName>  ורסס,  <properName>דן</properName>  מירון,  <properName>דן</properName>  לאור,  <properName>ניצה</properName>  בן-דב  ואחרים.  <noun>חוקרים</noun>  <pronoun>אלה</pronoun>  <negation>לא</negation>  <conjunction>רק</conjunction>  <verb>הציעו</verb>  <noun>קריאות</noun>  <adjective>שונות</adjective>  <shel-preposition>של</shel-preposition>  עגנון,  <conjunction>אלא</conjunction>  <verb>נתנו</verb>  בעבודתם  <noun>ביטוי</noun>  לאסכולות  ולמתודות  <adjective>שונות</adjective>  בחקר  הספרות,  ובכך  <copula>היה</copula>  <noun>חקר</noun>  <properName>עגנון</properName>  למעבדת  <noun>הניסוי</noun>  <adjective>הגדולה</adjective>  <shel-preposition>של</shel-preposition>  <noun>הביקורת</noun>  העברית.  <noun>היקף</noun>  <noun>הכתיבה</noun>  <adjective>הפרשנית</adjective>  <preposition>על</preposition>  <properName>עגנון</properName>  <verb>עולה</verb>  בכמה  <noun>מונים</noun>  <preposition>על</preposition>  <quantifier>כל</quantifier>  <interrogative>מה</interrogative>  שנכתב  <preposition>על</preposition>  <preposition>אודות</preposition>  <noun>סופרים</noun>  <adjective>אחרים</adjective>  <noun>בעת</noun>  <adjective>החדשה</adjective>  <punctuation>–</punctuation>  בכללם  <properName>ח"נ</properName>  ביאליק.  <noun>עבודות</noun>  <noun>פרשנות</noun>  <pronoun>אלה</pronoun>  <verb>התמקדו</verb>  ברובן  בניתוח  <adjective>פרטני</adjective>  <shel-preposition>של</shel-preposition>  <noun>סיפורי</noun>  עגנון,  <conjunction>אך</conjunction>  <preposition>בתוך</preposition>  <pronoun>כך</pronoun>  <verb>נתנו</verb>  <noun>סימנים</noun>  <adverb>בכלל</adverb>  יצירתו:  <noun>היקף</noun>  <noun>הראייה</noun>  <shel-preposition>של</shel-preposition>  <noun>הניסיון</noun>  <adjective>ההיסטורי</adjective>  <noun>היהודי</noun>  <preposition>במשך</preposition>  <numeral>מאה</numeral>  וחמישים  שנה,  <noun>ההכלה</noun>  <shel-preposition>של</shel-preposition>  <noun>החוויה</noun>  <adjective>היהודית</adjective>  במזרח-אירופה,  <properName>גרמניה</properName>  וארץ  ישראל,  <noun>יכולת</noun>  <noun>התמרון</noun>  <preposition>בין</preposition>  <noun>מסורת</noun>  למודרניות,  <noun>השליטה</noun>  <adjective>הווירטואוזית</adjective>  במקורות  <noun>הספרות</noun>  <adjective>היהודית</adjective>  והשימוש  <adjective>הפורה</adjective>  בהם  ככלי  אמנותי,  שלמות  <noun>הביצוע</noun>  <shel-preposition>של</shel-preposition>  <noun>צורות</noun>  <noun>הסיפור</noun>  <noun>השונות</noun>  (הסיפור  הקצר,  <noun>הנובלה</noun>  והרומן),  <noun>המצאת</noun>  <noun>סגנון</noun>  ששורשיו  <participle>נטועים</participle>  במלוא  רבדיה  <shel-preposition>של</shel-preposition>  <noun>הלשון</noun>  <adjective>העברית</adjective>  והנושא  עמו  <participle>חותם</participle>  <adjective>ברור</adjective>  ומובהק  <shel-preposition>של</shel-preposition>  הכותב,  וכן  <noun>קליטה</noun>  <shel-preposition>של</shel-preposition>  <noun>צורות</noun>  ומסורות  <preposition>מן</preposition>  <noun>הספרות</noun>  <adjective>האירופית</adjective>  ואף  <noun>יצירת</noun>  <noun>שוויון</noun>  <verb>ערך</verb>  <preposition>בין</preposition>  <noun>הספרות</noun>  <adjective>העברית</adjective>  <adjective>החדשה</adjective>  לבין  <noun>מיטב</noun>  <noun>הספרות</noun>  העולמית.  
  בחייו  <verb>זכה</verb>  <properName>עגנון</properName>  לכיבודים  ולפרסים  רבים:  <properName>פרס</properName>  <properName>ביאליק</properName>  <date>(1935),</date>  <properName>פרס</properName>  <properName>ישראל</properName>  (פעמיים  <punctuation>–</punctuation>  <date>1954,</date>  <date>1958),</date>  תוארי  <noun>דוקטור</noun>  <noun>כבוד</noun>  בארץ  ובחו"ל  ופרס  <verb>נובל</verb>  לספרות  (עם  <noun>הסופרת</noun>  <adjective>היהודייה</adjective>  <verb>כותבת</verb>  <adjective>הגרמנית</adjective>  <properName>נלי</properName>  זק"ש),  שהוענק  <conjunction>לו</conjunction>  <date>ב-1966.</date>  <preposition>עם</preposition>  <noun>קבלת</noun>  <properName>פרס</properName>  <verb>נובל</verb>  <copula>היה</copula>  <properName>עגנון</properName>  לסופר  <adjective>העברי</adjective>  <adjective>הנודע</adjective>  בעולם,  <noun>תרגום</noun>  יצירותיו  לשפות  <adjective>לועזיות</adjective>  <verb>הלך</verb>  והתרחב  (אנגלית,  צרפתית,  גרמנית,  איטלקית,  ספרדית,  <noun>השפות</noun>  <adjective>הסקנדינביות</adjective>  ועוד),  ובכך  <verb>סלל</verb>  <at-preposition>את</at-preposition>  <noun>הדרך</noun>  לספרות  <adjective>העברית</adjective>  <noun>בת</noun>  ימינו  <verb>להפוך</verb>  מספרות  <adjective>מקומית</adjective>  לספרות  בינלאומית.  <conjunction>לאחר</conjunction>  <noun>קבלת</noun>  <noun>הפרס</noun>  בשבדיה  <verb>ערך</verb>  <properName>עגנון</properName>  <noun>מסעות</noun>  לבריטניה,  לצרפת  ולארצות  <properName>הברית</properName>  <punctuation>–</punctuation>  <adjective>חריגה</adjective>  <verb>בולטת</verb>  מאורח  חייו,  שאופיין  <noun>עלידי</noun>  <noun>הסתגרות</noun>  בביתו,  <noun>הינזרות</noun>  מכל  <noun>מלאכה</noun>  והתמכרות  <adjective>טוטלית</adjective>  לכתיבה.  ואף  שהרחיק  <pronoun>עצמו</pronoun>  <preposition>מן</preposition>  הפוליטיקה,  <verb>חתם</verb>  <properName>עגנון</properName>  <conjunction>לאחר</conjunction>  <noun>מלחמת</noun>  <numeral>ששת</numeral>  <noun>הימים</noun>  <preposition>על</preposition>  <noun>הכרוז</noun>  <shel-preposition>של</shel-preposition>  <noun>התנועה</noun>  <preposition>למען</preposition>  <noun>ארץ</noun>  <properName>ישראל</properName>  השלמה,  וזאת  <preposition>תחת</preposition>  <noun>עוצמת</noun>  <noun>הרושם</noun>  <shel-preposition>של</shel-preposition>  <noun>איחוד</noun>  <properName>ירושלים</properName>  והשיבה  <preposition>אל</preposition>  <noun>הכותל</noun>  המערבי.  ביולי  <date>1969</date>  <verb>לקה</verb>  <properName>עגנון</properName>  בשבץ  מוחי,  <pronoun>הוא</pronoun>  <verb>אושפז</verb>  בבית  <adjective>החולים</adjective>  "הדסה"  ולאחר  <verb>מכן</verb>  בבית  <adjective>החולים</adjective>  <properName>הגריאטריע"ש</properName>  <properName>הרצפלד</properName>  בגדרה.  ב-17  בפברואר  <date>1970</date>  <verb>הובהל</verb>  לבית  <adjective>החולים</adjective>  "קפלן"  ברחובות  ושם  נפטר.  <preposition>על</preposition>  <noun>פי</noun>  <noun>החלטת</noun>  <noun>ממשלת</noun>  <properName>ישראל</properName>  <verb>נערכה</verb>  <conjunction>לו</conjunction>  <noun>הלוויה</noun>  ממלכתית,  והוא  <verb>נקבר</verb>  <punctuation>–</punctuation>  <adverb>בהתאם</adverb>  לצוואתו  –בבית  <noun>הקברות</noun>  שעל  <properName>הר</properName>  <properName>הזיתים</properName>  בירושלים.  בשנים  שלאחר  מותו  <verb>הוציאה</verb>  בתו,  <noun>אמונה</noun>  ירון,  חמישה-עשר  <noun>כרכי</noun>  <noun>עיזבון</noun>  שכללו  <at-preposition>את</at-preposition>  <noun>פזורת</noun>  יצירתו  שלא  כונסה,  <noun>יצירות</noun>  ופרגמנטים  שנותרו  בכתב  <noun>יד</noun>  וכן  <numeral>שלושה</numeral>  <noun>כרכי</noun>  איגרות.  <adverb>עוד</adverb>  בחייו  <shel-preposition>של</shel-preposition>  <properName>עגנון</properName>  <verb>נמסר</verb>  ארכיונו  לבית  <noun>הספרים</noun>  הלאומי,  <noun>שם</noun>  <verb>נוסדה</verb>  "יד  עגנון".  <conjunction>לאחר</conjunction>  מותו  <copula>היה</copula>  "בית  עגנון"  בירושלים  למוסד  <adjective>ציבורי</adjective>  <participle>המשמש</participle>  כמוזיאון  וכמרכז  לטיפוח  מורשתו.  שמו  <shel-preposition>של</shel-preposition>  <properName>עגנון</properName>  <copula>היה</copula>  לשמם  <shel-preposition>של</shel-preposition>  <noun>רחובות</noun>  <adjective>רבים</adjective>  בערי  הארץ,  ודיוקנו  <verb>מתנוסס</verb>  <preposition>על</preposition>  <noun>שטר</noun>  <noun>הכסף</noun>  <adverb>בסך</adverb>  <numeral>חמישים</numeral>  <numeral>ש"ח</numeral>  שהנפיק  <noun>בנק</noun>  ישראל.    
  References:  
 
		</body>
	</text>
</TEI>