<?xml version="1.0" encoding="UTF-8"?>
<?xml-model href="http://www.tei-c.org/release/xml/tei/custom/schema/relaxng/tei_all.rng" type="application/xml" schematypens="http://relaxng.org/ns/structure/1.0"?>
<?xml-model href="http://www.tei-c.org/release/xml/tei/custom/schema/relaxng/tei_all.rng" type="application/xml"
	schematypens="http://purl.oclc.org/dsdl/schematron"?>
<TEI xmlns="http://www.tei-c.org/ns/1.0">
   <teiHeader>
      <fileDesc>
         <publicationStmt>
            <p>Publication Information</p>
         </publicationStmt>
         <sourceDesc>
            <p>Information about the source</p>
         </sourceDesc>
      </fileDesc>
   </teiHeader>
   <text>
      <body>
 Name:  <properName>עוז</properName>  (קלאוזנר),  עמוס
  <foreign>Birth</foreign>  Year:  <date>1939
</date>  <foreign>Birth</foreign>  Place:  <properName>ירושלים</properName>  לפניה  וליהודה
  Occupation:  <noun>סופר</noun>  ומסאי
  <foreign>Entry</foreign>  writer:  <properName>אברהם</properName>  בלבן
  <foreign>Entry</foreign>  Value:  
  <verb>נולד</verb>  בירושלים  לפניה  וליהודה  <properName>אריה</properName>  קלאוזנר.  אביו  <copula>היה</copula>  <noun>דוקטור</noun>  לספרות  ועבד  בארכיון  הלאומי.  דודו  <shel-preposition>של</shel-preposition>  אביו,  <properName>יוסף</properName>  קלאוזנר,  <copula>היה</copula>  <noun>חוקר</noun>  <noun>יהדות</noun>  וספרות  <adjective>עברית</adjective>  בעל  <adverb>שם</adverb>  עולמי.  <verb>למד</verb>  בבית  <noun>הספר</noun>  <adjective>היסודי</adjective>  <adjective>הדתי</adjective>  "תחכמוני",  ואת  לימודיו  <adjective>התיכוניים</adjective>  <verb>התחיל</verb>  בגימנסיה  <adjective>העברית</adjective>  ברחביה.  בגיל  ארבע-עשרה,  <adjective>שנתיים</adjective>  <preposition>אחרי</preposition>  שאמו  התאבדה,  <verb>שינה</verb>  <at-preposition>את</at-preposition>  <adverb>שם</adverb>  משפחתו  מקלאוזנר  לעוז  ועבר  <verb>לחיות</verb>  בקיבוץ  חולדה.  <noun>התאבדות</noun>  <noun>האם</noun>  והמרד  בבית  <adjective>הרוויזיוניסטי</adjective>  <adjective>עתידים</adjective>  <verb>להשפיע</verb>  במידה  <adjective>רבה</adjective>  <preposition>על</preposition>  עולמו  <adjective>החווייתי</adjective>  והספרותי.  "מגיל  ארבע-עשרה  <noun>אני</noun>  כאן,  בחולדה.  <conjunction>אבל</conjunction>  <pronoun>זה</pronoun>  <adverb>כבר</adverb>  <noun>גיל</noun>  <adjective>מבוגר</adjective>  מאוד.  <noun>התבניות</noun>  <adverb>כבר</adverb>  ישנן.  <noun>אני</noun>  <verb>בא</verb>  ממשפחה  <adjective>רוויזיוניסטית</adjective>  ותיקה,  ואני  <verb>חושב</verb>  שהמעבר  <adjective>החריף</adjective>  <pronoun>הזה</pronoun>  <verb>מאפשר</verb>  לי  להיות  'סוכן'  זר,  <conjunction>גם</conjunction>  בחולדה  וגם  בירושלים",  <verb>אמר</verb>  באחד  <noun>הראיונות</noun>  <noun>הראשונים</noun>  שהעניק.  <pronoun>הוא</pronoun>  <verb>השלים</verb>  <at-preposition>את</at-preposition>  לימודיו  <adjective>התיכוניים</adjective>  בחולדה  והיה  <noun>חבר</noun>  <noun>הקיבוץ</noun>  <preposition>במשך</preposition>  <adverb>יותר</adverb>  משני  עשורים.  <preposition>אחרי</preposition>  <noun>סיום</noun>  שירותו  <adjective>הצבאי</adjective>  בנח"ל  <verb>למד</verb>  <noun>ספרות</noun>  <adjective>עברית</adjective>  ופילוסופיה  באוניברסיטה  <adjective>העברית</adjective>  בירושלים.  בגיל  <numeral>עשרים</numeral>  ואחת  <verb>נישא</verb>  לנילי  לבית  צוקרמן,  <noun>בת</noun>  <noun>קיבוץ</noun>  <properName>חולדה</properName>  ובתו  <shel-preposition>של</shel-preposition>  <noun>ספרן</noun>  הקיבוץ,  <adjective>ארכיונאית</adjective>  ומי  שהקימה  <at-preposition>את</at-preposition>  <noun>ארכיון</noun>  <properName>עמוס</properName>  <properName>עוז</properName>  באוניברסיטת  בן-גוריון  בנגב.  נישואיהם  <verb>חגגו</verb>  <adverb>כבר</adverb>  <adverb>יותר</adverb>  מיובל  ויש  להם  <numeral>שלושה</numeral>  ילדים:  <noun>פרופ'</noun>  <noun>פניה</noun>  עוז-זלצברג,  <verb>מרצה</verb>  להיסטוריה  ולמשפטים,  <properName>גליה</properName>  עוז,  <noun>קולנוענית</noun>  וסופרת  ילדים,  ודניאל  עוז,  <noun>משורר</noun>  ומוזיקאי.  <adverb>מאז</adverb>  <date>1986</date>  <pronoun>הוא</pronoun>  <verb>מתגורר</verb>  בערד  ומכהן  כפרופסור  לספרות  <adjective>עברית</adjective>  באוניברסיטת  בן-גוריון.  
  <noun>ספר</noun>  סיפוריו  הראשון,  <noun>ארצות</noun>  <noun>התן</noun>  (כתר,  <date>1965),</date>  <verb>זכה</verb>  לשבחיה  <participle>הנלהבים</participle>  <shel-preposition>של</shel-preposition>  הביקורת,  והפופולריות  שלו  <verb>גאתה</verb>  <preposition>עם</preposition>  <noun>פרסום</noun>  <noun>הרומן</noun>  השני,  <properName>מיכאל</properName>  שלי  (עם  עובד,  <date>1968).</date>  <pronoun>הוא</pronoun>  <verb>הפך</verb>  לאחד  מנציגיו  <adjective>הבולטים</adjective>  <shel-preposition>של</shel-preposition>  "הגל  החדש"  (לצד  <properName>א"ב</properName>  יהושע,  <properName>אהרן</properName>  <properName>אפלפלד</properName>  ועמליה  כהנא-כרמון)  ולסופר  <adjective>הישראלי</adjective>  <adjective>הפופולרי</adjective>  <adverb>ביותר</adverb>  בדורו,  <conjunction>הן</conjunction>  בישראל  והן  <adjective>מחוצה</adjective>  לה.
  <noun>סיפורי</noun>  <noun>ארצות</noun>  <noun>התן</noun>  <verb>נבנו</verb>  כמערכת  <shel-preposition>של</shel-preposition>  <noun>גלגל</noun>  <preposition>בתוך</preposition>  גלגל,  <interrogative>מה</interrogative>  שמראה  <at-preposition>את</at-preposition>  <noun>המורכבות</noun>  שלהם  ואת  <noun>תחומי</noun>  <noun>העניין</noun>  <adjective>המגוונים</adjective>  <shel-preposition>של</shel-preposition>  היוצר.  במרכז  <noun>המערכת</noun>  <verb>נמצאת</verb>  <noun>דרמה</noun>  פסיכולוגית,  <noun>מאבק</noun>  <adjective>נצחי</adjective>  <preposition>בין</preposition>  <noun>האגו</noun>  ל"צל",  <conjunction>או</conjunction>  <preposition>בין</preposition>  <noun>הפעילות</noun>  <adjective>הנפשית</adjective>  <adjective>המודעת</adjective>  ובין  <noun>דחפים</noun>  ויצרים  היוליים.  <preposition>סביב</preposition>  <noun>מעגל</noun>  <adjective>פנימי</adjective>  <pronoun>זה</pronoun>  <verb>נבנית</verb>  <noun>דרמה</noun>  משפחתית,  <adjective>המקבילה</adjective>  במהלכיה  ובמתחיה  לדרמה  הנפשית.  <noun>המעגל</noun>  <adjective>המשפחתי</adjective>  <adjective>נטוע</adjective>  במעגלים  <adjective>חברתיים</adjective>  (הקיבוץ,  ירושלים),  <adjective>נופיים</adjective>  (החשכה  והתנים  שסביב  הקיבוץ)  ופוליטיים  (המאבק  <preposition>עם</preposition>  הערבים).  <noun>הספֶרה</noun>  <adjective>האחרונה</adjective>  <pronoun>היא</pronoun>  הרליגיוזית,  והכוחות  <participle>הפועלים</participle>  בה  <possessive>הם</possessive>  אותם  <noun>כוחות</noun>  <participle>המרכיבים</participle>  <at-preposition>את</at-preposition>  <noun>הדרמה</noun>  הנפשית:  <noun>אור</noun>  וחושך,  <verb>יצר</verb>  וחסד.  הגיבורים,  <participle>המיוסרים</participle>  <preposition>על</preposition>  <noun>ידי</noun>  <noun>קרע</noun>  פנימי,  <verb>מנסים</verb>  <pronoun>כולם</pronoun>  <verb>לחבור</verb>  <noun>לספֶרה</noun>  זו.  <conjunction>גם</conjunction>  ביצירות  <adjective>אחרות</adjective>  שלו  <verb>מראה</verb>  <properName>עוז</properName>  <conjunction>כי</conjunction>  <noun>הדרך</noun>  להשגת  <noun>הקדושה</noun>  <adjective>טמונה</adjective>  במציאת  <noun>אחדות</noun>  <noun>ניגודים</noun>  <verb>מפרה</verb>  <preposition>בין</preposition>  <noun>הכוחות</noun>  <adjective>המנוגדים</adjective>  <participle>המתרוצצים</participle>  בנפש  גיבוריו.  <noun>הצד</noun>  <adjective>הרליגיוזי</adjective>  בעולמו  <verb>התחזק</verb>  בסוף  <noun>שנות</noun>  <numeral>השמונים</numeral>  ובראשית  <noun>שנות</noun>  <numeral>התשעים</numeral>  ברומנים  <conjunction>כמו</conjunction>  <verb>לדעת</verb>  <noun>אישה</noun>  <date>(1989)</date>  והמצב  <numeral>השלישי</numeral>  <date>(1991).</date>  <noun>מונחים</noun>  קבליים,  שרווחו  <conjunction>גם</conjunction>  בספריו  הקודמים,  <verb>קיבלו</verb>  <noun>דגש</noun>  <adjective>רב</adjective>  ברומנים  אלה.  <noun>אוצר</noun>  <noun>המילים</noun>  <shel-preposition>של</shel-preposition>  פימה,  <noun>גיבור</noun>  <noun>המצב</noun>  השלישי,  <adjective>שזור</adjective>  במונחים  <adjective>קבליים</adjective>  <adjective>אופייניים</adjective>  <conjunction>כמו</conjunction>  תיקון,  פגימה,  גלגול,  גולם,  מהות,  <noun>ניצוץ</noun>  וספירה,  והוא  <verb>מתאר</verb>  <at-preposition>את</at-preposition>  <pronoun>עצמו</pronoun>  <adverb>שוב</adverb>  ושוב  במונחים  מתחום  <noun>הקבלה</noun>  הלוריאנית.  
  <noun>המבנה</noun>  הרב-מעגלי  <pronoun>הזה</pronoun>  והמתחים  <adjective>התמטיים</adjective>  <participle>הכלולים</participle>  בו  <verb>מאפיינים</verb>  <at-preposition>את</at-preposition>  <quantifier>כל</quantifier>  יצירתו  <shel-preposition>של</shel-preposition>  עוז.  ככלל  <modal>ניתן</modal>  <verb>לומר</verb>  <conjunction>כי</conjunction>  <noun>העלילות</noun>  <verb>משתנות</verb>  <noun>מספר</noun>  לספר,  <conjunction>אבל</conjunction>  <noun>הנושאים</noun>  <verb>נותרו</verb>  בעינם  מראשית  יצירתו  ועד  היום.  <noun>המבנה</noun>  <participle>הנזכר</participle>  <verb>יוצר</verb>  <noun>הקבלות</noun>  <adjective>מטפוריות</adjective>  <adjective>רבות</adjective>  <preposition>בין</preposition>  רובדי  <noun>הטקסט</noun>  <adjective>השונים</adjective>  והוא  <verb>מעניק</verb>  לסיפור  <noun>מורכבות</noun>  רבה.  <noun>חשיבות</noun>  <adjective>מרבית</adjective>  במערכת  <pronoun>הזאת</pronoun>  <existential>יש</existential>  לדרמה  המשפחתית.  ספרו  <numeral>הראשון</numeral>  <verb>נפתח</verb>  בסיפור  "ארצות  התן",  <verb>שבו</verb>  <verb>מזמין</verb>  <properName>מתתיהו</properName>  <preposition>דמקוב</preposition>  לחדרו  <at-preposition>את</at-preposition>  גלילה,  <noun>בת</noun>  הקיבוץ,  <noun>בת</noun>  שש-עשרה,  <conjunction>כדי</conjunction>  <verb>לגלות</verb>  לה  שהוא,  ולא  <noun>בעלה</noun>  <shel-preposition>של</shel-preposition>  אמה,  <pronoun>הוא</pronoun>  אביה  הביולוגי.  במהלך  <noun>הערב</noun>  <verb>שבו</verb>  <verb>מבלה</verb>  <properName>גלילה</properName>  בחדרו  <shel-preposition>של</shel-preposition>  <preposition>דמקוב</preposition>  <verb>מנסה</verb>  <pronoun>זה</pronoun>  לפתותה  ורק  ברגע  <adjective>האחרון</adjective>  <numeral>השניים</numeral>  <participle>נמנעים</participle>  מגילוי  עריות.  <noun>נושא</noun>  <adjective>דומה</adjective>  <verb>חותם</verb>  <conjunction>גם</conjunction>  <at-preposition>את</at-preposition>  הקובץ:  בסיפור  "אש  זרה"  <verb>מנסה</verb>  <noun>הגיבורה</noun>  <verb>לפתות</verb>  <at-preposition>את</at-preposition>  חתנה-לעתיד  <shel-preposition>של</shel-preposition>  בתה,  <participle>המתואר</participle>  <quantifier>כמה</quantifier>  <noun>פעמים</noun>  במהלך  <noun>הסיפור</noun>  כבנה.  <noun>גילוי</noun>  <noun>העריות</noun>  <verb>פותח</verb>  <adverb>אפוא</adverb>  <at-preposition>את</at-preposition>  <noun>הספר</noun>  וגם  <verb>חותם</verb>  אותו.  <noun>האבהות</noun>  <adjective>הכפולה</adjective>  <verb>מאפיינת</verb>  <adjective>רבים</adjective>  מגיבוריו  <shel-preposition>של</shel-preposition>  עוז.  בצדה  <verb>נמצא</verb>  <at-preposition>את</at-preposition>  <noun>האישה</noun>  <adjective>חסרת</adjective>  השקט,  המלנכולית,  שאינה  <verb>מסתפקת</verb>  בקיום  <participle>המרופט</participle>  שמציעים  לה  <noun>החיים</noun>  (למשל,  במיכאל  שלי  ובנובלה  "הר  <participle>העצה</participle>  הרעה",  <date>1976),</date>  וכן  <at-preposition>את</at-preposition>  <noun>החיפוש</noun>  <preposition>אחרי</preposition>  <noun>מבנים</noun>  <adjective>משפחתיים</adjective>  <adjective>חלופיים</adjective>  (למשל,  ברומנים  <properName>מנוחה</properName>  נכונה,  <date>1982,</date>  ולדעת  אישה).  חשיבותם  <shel-preposition>של</shel-preposition>  <noun>הנושאים</noun>  <pronoun>האלה</pronoun>  בעולמו  <shel-preposition>של</shel-preposition>  <properName>עוז</properName>  מתבררת,  <preposition>בין</preposition>  השאר,  מהרומן  <adjective>האוטוביוגרפי</adjective>  שלו,סיפור  <preposition>על</preposition>  <noun>אהבה</noun>  וחושך  <date>(2002).</date>  
  במבנה  הרב-מעגלי  <pronoun>הזה</pronoun>  <noun>תהליכים</noun>  פסיכולוגיים-אישיים  ותהליכים  חברתיים-תרבותיים  <verb>משתלבים</verb>  ומשתקפים  <pronoun>אלה</pronoun>  באלה.  <noun>עובדה</noun>  <pronoun>זו</pronoun>  <verb>מעניקה</verb>  לספריו  <shel-preposition>של</shel-preposition>  <properName>עוז</properName>  <noun>ממד</noun>  חברתי-תרבותי  רחב,  ובו  בזמן  <verb>מאפשרת</verb>  להם  <verb>לזכות</verb>  בפופולריות  <adjective>רבה</adjective>  <preposition>למרות</preposition>  מורכבותם  הטקסטואלית.  <noun>הרומן</noun>  <noun>קופסה</noun>  <adjective>שחורה</adjective>  <date>(1987)</date>  <verb>מדגים</verb>  <pronoun>זאת</pronoun>  היטב.  <noun>הרובד</noun>  <adjective>הפסיכולוגי</adjective>  <shel-preposition>של</shel-preposition>  <noun>הרומן</noun>  <adjective>מוסווה</adjective>  <adverb>מאוד</adverb>  (הגיבורים  <verb>מאופיינים</verb>  <adverb>בעקיפין</adverb>  כדמויות  <adjective>אופייניות</adjective>  <shel-preposition>של</shel-preposition>  "אנימה"  ו"אנימוס",  והרומן  <verb>בוחן</verb>  <at-preposition>את</at-preposition>  <noun>עצם</noun>  <noun>אפשרות</noun>  <noun>הקשר</noun>  <preposition>בין</preposition>  המינים)  וכמעט  שלא  <verb>הובחן</verb>  <preposition>על</preposition>  <noun>ידי</noun>  <noun>קוראים</noun>  ומבקרים.  <preposition>לעומת</preposition>  זאת,  <noun>המתחים</noun>  <adjective>החברתיים</adjective>  <preposition>בין</preposition>  <noun>אשכנזים</noun>  לספרדים  ובין  <noun>שמאל</noun>  לימין  <verb>זכו</verb>  למרב  <noun>תשומת</noun>  <noun>הלב</noun>  <shel-preposition>של</shel-preposition>  הקהל.  <noun>שילוב</noun>  <pronoun>זה</pronoun>  <shel-preposition>של</shel-preposition>  <adjective>האישי</adjective>  והציבורי  <verb>הגיע</verb>  לשיאו  ברומן  <adjective>האוטוביוגרפי</adjective>  <noun>סיפור</noun>  <preposition>על</preposition>  <noun>אהבה</noun>  וחושך,  <verb>שבו</verb>  <verb>שתל</verb>  <noun>המחבר</noun>  <at-preposition>את</at-preposition>  <noun>סיפור</noun>  משפחתו  בסיפור  <noun>ההיסטוריה</noun>  <adjective>היהודית</adjective>  החדשה.  <noun>האירועים</noun>  <adjective>ההיסטוריים</adjective>  <verb>מעניקים</verb>  מכוחם  ביצירה  <pronoun>זו</pronoun>  לאירועים  האישיים,  והסיפורים  <adjective>האישיים</adjective>  מחיים  ומעצימים  <at-preposition>את</at-preposition>  <noun>הסיפור</noun>  ההיסטורי.
  <noun>המתח</noun>  <preposition>בין</preposition>  <noun>הרבדים</noun>  <adjective>הנפשיים</adjective>  <adjective>השונים</adjective>  <verb>מתבטא</verb>  ביצירת  <properName>עוז</properName>  במאבק  <preposition>בין</preposition>  <noun>קיום</noun>  שטוח,  <adjective>בטוח</adjective>  וחסר  <properName>חיים</properName>  <preposition>לבין</preposition>  פיתוייה  <shel-preposition>של</shel-preposition>  <noun>החוויה</noun>  הסוחפת,  ההרסנית,  שמעבר  לגבולותיו  <adjective>הבטוחים</adjective>  <shel-preposition>של</shel-preposition>  <noun>הקיום</noun>  היומיומי.  <noun>המאבק</noun>  <pronoun>הזה</pronoun>  מתפרט  בספריו  למאבק  <preposition>בין</preposition>  <noun>אור</noun>  לחושך,  <preposition>בין</preposition>  <properName>חיים</properName>  למוות,  <preposition>בין</preposition>  <noun>אלוהים</noun>  לשטן,  <preposition>בין</preposition>  <noun>רוח</noun>  לגוף,  <preposition>בין</preposition>  <noun>גבר</noun>  לאישה,  <preposition>בין</preposition>  <noun>יהודים</noun>  לערבים,  <preposition>בין</preposition>  <noun>תרבות</noun>  לטבע.  ספריו  <verb>נפתחים</verb>  במאבק  <preposition>בין</preposition>  <noun>יריבים</noun>  מושבעים,  ומסתיימים  בניסיון  <adjective>עיקש</adjective>  ועקבי  <verb>להביא</verb>  <at-preposition>את</at-preposition>  <noun>ההפכים</noun>  <participle>המתגוששים</participle>  לידי  <noun>קיום</noun>  בצוותא.  מראשיתה  <adjective>ניכרת</adjective>  <adverb>אפוא</adverb>  ביצירה  <pronoun>זו</pronoun>  <noun>תנועה</noun>  דו-כיוונית:  <preposition>מצד</preposition>  אחד,  <noun>משיכה</noun>  <adjective>אובססיבית</adjective>  <preposition>אל</preposition>  "מקום  אחר"  (כשם  <noun>הרומן</noun>  <numeral>הראשון</numeral>  שלו,  <date>1966),</date>  <noun>ניסיון</noun>  <wPrefix>בלתי</wPrefix>  <adjective>נלאה</adjective>  <verb>לחשוף</verb>  <at-preposition>את</at-preposition>  צדדיה  <adjective>האפלים</adjective>  <shel-preposition>של</shel-preposition>  <noun>התודעה</noun>  ולחדד  ככל  <noun>האפשר</noun>  <at-preposition>את</at-preposition>  <noun>הניגודים</noun>  <preposition>בין</preposition>  <noun>ההפכים</noun>  <participle>המתרוצצים</participle>  בנפש.  <preposition>מצד</preposition>  אחר,  ובמקביל,  <noun>ניסיון</noun>  <adjective>עקבי</adjective>  <verb>להביא</verb>  <at-preposition>את</at-preposition>  <noun>הכוחות</noun>  <participle>המתמודדים</participle>  לידי  דו-קיום  בשלום  ולזיקת-גומלין  מפרה.  ועם  זאת,  <noun>אחדות</noun>  <noun>הניגודים</noun>  <participle>המושגת</participle>  בסיומן  <shel-preposition>של</shel-preposition>  יצירותיו  היא,  מטבע  הדברים,  <adjective>ארעית</adjective>  מאוד,  <noun>תחנה</noun>  <adjective>נוספת</adjective>  בדרך  למאבק  <adjective>חדש</adjective>  ולספר  חדש.  
  <noun>התפישה</noun>  שעל  פיה  <noun>האויב</noun>  <pronoun>הוא</pronoun>  <conjunction>גם</conjunction>  <noun>האח</noun>  התאום,  <verb>מופיעה</verb>  <adverb>שוב</adverb>  ושוב  ביצירותיו  <shel-preposition>של</shel-preposition>  עוז.  <noun>תפישה</noun>  <pronoun>זו</pronoun>  <verb>מעידה</verb>  <conjunction>כי</conjunction>  שלא  כיוצרים  <adjective>עבריים</adjective>  <adjective>אחרים</adjective>  (למשל,  <properName>עגנון</properName>  וא"ב  יהושע),  שהושפעו  מהתיאוריה  <adjective>הפסיכולוגית</adjective>  <shel-preposition>של</shel-preposition>  פרויד,  <verb>אימץ</verb>  <properName>עוז</properName>  <at-preposition>את</at-preposition>  רעיונותיו  <shel-preposition>של</shel-preposition>  <properName>קרל</properName>  <properName>גוסטב</properName>  יונג,  והשפעתם  עליו  <adjective>ניכרת</adjective>  בשלושה  <noun>תחומים</noun>  מרכזיים.  ראשית,  <noun>הצגת</noun>  <noun>האגו</noun>  כנקודה  <adjective>חלשה</adjective>  ובלתי  <adjective>יציבה</adjective>  בראשה  <shel-preposition>של</shel-preposition>  פירמידה,  שעיקר  נפחה  <pronoun>הוא</pronoun>  הלא-מודע  <adjective>הקולקטיבי</adjective>  (לא-מודע  <pronoun>זה</pronoun>  <pronoun>הוא</pronoun>  <noun>מאגר</noun>  <shel-preposition>של</shel-preposition>  <noun>תשוקות</noun>  ויצרים  קדמוניים,  <conjunction>אך</conjunction>  <adjective>טמונים</adjective>  בו  <conjunction>גם</conjunction>  <noun>יצירתיות</noun>  ותבונה  עליונה).  שנית,  <noun>התהליכים</noun>  <adjective>הנפשיים</adjective>  המרכזיים,  <participle>המיוצגים</participle>  ברוב  היצירות,  <possessive>הם</possessive>  <adverb>יונגיאניים</adverb>  <adjective>אופייניים</adjective>  (האינדיווידואציה,  <noun>מציאת</noun>  העצמיות,  <verb>מושגת</verb>  <preposition>על</preposition>  <noun>ידי</noun>  <noun>השלמת</noun>  <noun>הגיבור</noun>  <preposition>עם</preposition>  צדדיה  <adjective>האפלים</adjective>  <shel-preposition>של</shel-preposition>  נפשו).  שלישית,  כתביו  <shel-preposition>של</shel-preposition>  <properName>יונג</properName>  <verb>סיפקו</verb>  לעוז  <noun>מאגר</noun>  <adjective>מרכזי</adjective>  <shel-preposition>של</shel-preposition>  סמלים,  בהם  <noun>המסע</noun>  <preposition>בעקבות</preposition>  <noun>האוצר</noun>  כמסע  <adjective>נפשי</adjective>  שמטרתו  <noun>גילוי</noun>  <noun>העצמיות</noun>  (ארצות  התן,  <noun>מקום</noun>  אחר,  <preposition>עד</preposition>  מוות,  <properName>מנוחה</properName>  <verb>נכונה</verb>  ועוד),  וגם  <noun>סמלי</noun>  <noun>האם</noun>  הגדולה,  <noun>סמלי</noun>  <noun>העצמיות</noun>  ועוד.  
  <preposition>אחרי</preposition>  שפירסם  <noun>קובץ</noun>  <noun>סיפורים</noun>  ושני  <noun>רומנים</noun>  <preposition>במשך</preposition>  <numeral>ארבע</numeral>  <noun>שנים</noun>  <date>(1965-1968),</date>  <verb>המשיך</verb>  <properName>עוז</properName>  <verb>לפרסם</verb>  בעקביות  <noun>רומנים</noun>  וקובצי  נובלות,  בהם:לגעת  במים,  לגעת  ברוח  <date>(1973);</date>  <noun>קופסה</noun>  <date>שחורה(1987);</date>  <verb>לדעת</verb>  <noun>אישה</noun>  <date>(1989);</date>  <noun>המצב</noun>  <numeral>השלישי</numeral>  <date>(1991);</date>  <preposition>אל</preposition>  <verb>תגידי</verb>  <noun>לילה</noun>  <date>(1994);</date>  <quantifier>אותו</quantifier>  הים(רומן  בחרוזים,  <date>1998);</date>  <noun>סיפור</noun>  <preposition>על</preposition>  <noun>אהבה</noun>  וחושך  (רומן  אוטוביוגרפי,  <date>2002);</date>  <adverb>פתאום</adverb>  בעומק  <noun>היער</noun>  <date>(2005);</date>  <noun>תמונות</noun>  מחיי  <noun>הכפר</noun>  <date>(2009).</date>  <noun>הנובלות</noun>  שלו  <participle>כלולות</participle>  בקבצים  <preposition>עד</preposition>  <noun>מוות</noun>  <date>(1971)</date>  והר  <participle>העצה</participle>  <adjective>הרעה</adjective>  <date>(1976).</date>  <noun>ספר</noun>  <noun>הפרוזה</noun>  <adjective>האחרון</adjective>  <preposition>עד</preposition>  כה,  <preposition>בין</preposition>  חברים,  <verb>ראה</verb>  <noun>אור</noun>  בשנת  <date>2012</date>  וכולל  <numeral>שמונה</numeral>  סיפורים.  בסוף  <date>2012</date>  <verb>ראה</verb>  <noun>אור</noun>  <noun>ספר</noun>  <noun>המחקר</noun>  <foreign>Jews</foreign>  <foreign>and</foreign>  Words,  שאותו  <verb>כתב</verb>  <preposition>עם</preposition>  בתו,  <noun>פניה</noun>  עוז-זלצברג.  
  ספריו  <verb>תורגמו</verb>  ליותר  משלושים  <noun>שפות</noun>  וזיכו  <at-preposition>את</at-preposition>  מחברם  <adverb>כמעט</adverb>  בכל  <noun>פרס</noun>  <adjective>אפשרי</adjective>  בישראל,  בהם  <noun>פרס</noun>  <properName>ברנר</properName>  <date>(1976),</date>  <noun>פרס</noun>  <properName>ביאליק</properName>  <date>(1986)</date>  ופרס  <properName>ישראל</properName>  <date>(1998),</date>  ובעשרות  <noun>פרסים</noun>  באירופה  ובארצות  הברית.  מהפרסים  שקיבל  בשנים  האחרונות:  <noun>פרס</noun>  <properName>גתה</properName>  <adjective>היוקרתי</adjective>  <date>(2005)</date>  ופרס  <properName>בן</properName>  <noun>דוד</noun>  <date>(2007),</date>  שאותו  <noun>חלק</noun>  <preposition>עם</preposition>  <noun>המחזאי</noun>  <properName>טום</properName>  <properName>סטופארד</properName>  והבמאי  <adjective>אטום</adjective>  אגויאן.
  <adverb>מאז</adverb>  <noun>מלחמת</noun>  <numeral>ששת</numeral>  <noun>הימים</noun>  <copula>היה</copula>  <noun>חבר</noun>  <adjective>פעיל</adjective>  בארגונים  <adjective>שונים</adjective>  שדגלו  בהקמת  <noun>מדינה</noun>  <adjective>פלסטינית</adjective>  לצדה  <shel-preposition>של</shel-preposition>  <noun>מדינת</noun>  ישראל,  ואחד  מדובריו  <adjective>העיקריים</adjective>  <shel-preposition>של</shel-preposition>  <noun>מחנה</noun>  השלום.  מאמריו  <adjective>הרבים</adjective>  בנושאים  <adjective>חברתיים</adjective>  ופוליטיים,  שפורסמו  בעיתונים  ובכתבי  עת,  <verb>כונסו</verb>  בספרים:  באור  <noun>התכלת</noun>  <adjective>העזה</adjective>  <date>(1979);</date>  <noun>פה</noun>  ושם  בארץ-ישראל  <date>(1982);</date>  ממורדות  <noun>הלבנון</noun>  <date>(1987);</date>  <quantifier>כל</quantifier>  <noun>התקוות</noun>  <date>(1998);בעצם</date>  <existential>יש</existential>  <adverb>כאן</adverb>  <numeral>שתי</numeral>  <noun>מלחמות</noun>  <date>(2002);</date>  <preposition>על</preposition>  <noun>מדרונות</noun>  הר-הגעש  <date>(2006).הוא</date>  <conjunction>גם</conjunction>  <numeral>אחד</numeral>  משניים  <conjunction>או</conjunction>  <numeral>שלושה</numeral>  <noun>סופרים</noun>  שדעתם  <verb>מושמעת</verb>  ונשמעת  בכל  <noun>נושא</noun>  אקטואלי.  <conjunction>כמו</conjunction>  <conjunction>כן</conjunction>  <verb>פירסם</verb>  <numeral>שני</numeral>  <noun>קבצים</noun>  <shel-preposition>של</shel-preposition>  <noun>מאמרים</noun>  ספרותיים:  <noun>שתיקת</noun>  <noun>השמים</noun>  <punctuation>–</punctuation>  <properName>עגנון</properName>  <verb>משתומם</verb>  <preposition>על</preposition>  <noun>אלוהים</noun>  <date>(1993)</date>  ומתחילים  <noun>סיפור</noun>  <date>(1996),</date>  <preposition>על</preposition>  <noun>התחלות</noun>  <shel-preposition>של</shel-preposition>  <noun>ספרים</noun>  ומשמעותן.  <preposition>לעומת</preposition>  <noun>המתח</noun>  <participle>המתקיים</participle>  בסיפורים  וברומנים  שלו  <preposition>בין</preposition>  משיכתם  <shel-preposition>של</shel-preposition>  <noun>הגיבורים</noun>  <preposition>אל</preposition>  <noun>הטירוף</noun>  ואל  <noun>המוות</noun>  ובין  רצונם  <verb>להיאחז</verb>  ביומיום  <adjective>השפוי</adjective>  והבטוח,  <verb>מאופיינים</verb>  מאמריו  בעמדות  <adjective>שפויות</adjective>  ומתונות,  <participle>העולות</participle>  בקנה  <numeral>אחד</numeral>  <preposition>עם</preposition>  עמדותיו  <shel-preposition>של</shel-preposition>  <noun>השמאל</noun>  הישראלי.  
  ספריו  <noun>הראשונים</noun>  <shel-preposition>של</shel-preposition>  <properName>עוז</properName>  <verb>הפכו</verb>  <quantifier>אותו</quantifier>  ליקירם  <shel-preposition>של</shel-preposition>  <noun>מבקרי</noun>  הספרות.  התלהבותם  מיצירותיו  <verb>דעכה</verb>  בשנות  <numeral>השמונים</numeral>  והתשעים.  <noun>הרומן</noun>  בחרוזים  <quantifier>אותו</quantifier>  הים,  ובעיקר  <noun>הרומן</noun>  <adjective>האוטוביוגרפי</adjective>  <noun>סיפור</noun>  <preposition>על</preposition>  <noun>אהבה</noun>  וחושך,  <verb>החזירו</verb>  <conjunction>לו</conjunction>  במידה  <adjective>רבה</adjective>  <at-preposition>את</at-preposition>  <noun>הפופולריות</noun>  <adjective>הקודמת</adjective>  וזכו  לתגובות  <participle>נלהבות</participle>  <shel-preposition>של</shel-preposition>  <noun>הביקורת</noun>  ושל  <noun>קהל</noun>  <noun>הקוראים</noun>  <conjunction>גם</conjunction>  יחד.
  References:  
  גרץ,  נורית.  <properName>עמוס</properName>  עוז:  מונוגרפיה.  <properName>תל</properName>  אביב:  <noun>ספרית</noun>  פועלים.  <date>1980;</date>  ירושלמי,  יוסף.  <properName>עמוס</properName>  <properName>עוז</properName>  <punctuation>–</punctuation>  ביבליוגרפיה.  <properName>תל</properName>  אביב:  <preposition>עם</preposition>  עובד.  <date>1984;</date>  בלבן,  אברהם.  <preposition>בין</preposition>  <preposition>אל</preposition>  לחיה:  <noun>עיון</noun>  ביצירתו  <shel-preposition>של</shel-preposition>  <properName>עמוס</properName>  עוז.  <properName>תל</properName>  אביב:  <preposition>עם</preposition>  עובד.  <date>1986;</date>  ---.  <preposition>אל</preposition>  <noun>הלשון</noun>  וממנה,  <noun>לשון</noun>  ומציאות  ביצירת  <properName>עמוס</properName>  עוז.  <properName>תל</properName>  אביב:  <preposition>עם</preposition>  עובד.  <date>1988;</date>  קלמן,  <properName>רותי</properName>  (עורכת).  <properName>עמוס</properName>  עוז:  <noun>ביבליוגרפיה</noun>  <shel-preposition>של</shel-preposition>  ספריו  ותרגומיהם.  <properName>באר</properName>  שבע:  <noun>אוניברסיטת</noun>  בן-גוריון.  <date>2009;</date>  מזור,  יאיר.  <noun>ליטוף</noun>  באפלה:  <preposition>על</preposition>  <noun>סיפורת</noun>  <properName>עמוס</properName>  עוז.  ירושלים:  כתר.  <date>1998;</date>  בן-דב,  ניצה.  והיא  תהילתך,  <noun>עיונים</noun>  ביצירות  <properName>ש"י</properName>  עגנון,  א.  ב.  <properName>יהושע</properName>  ועמוס  עוז.  ירושלים:  שוקן.  <date>2006;</date>  שוורץ,  יגאל.  <verb>הידעת</verb>  <at-preposition>את</at-preposition>  <noun>הארץ</noun>  <adverb>שם</adverb>  <noun>הלימון</noun>  פורח.  <noun>אור</noun>  יהודה:  דביר.  <date>2007.</date>  469-367;  ---.  <noun>פולחן</noun>  <noun>הסופר</noun>  ודת  המדינה.  <noun>אור</noun>  יהודה:  דביר.  <date>2011;</date>  שקד,  גרשון.  "למי  <verb>מייללים</verb>  התנים?".הסיפורת  <adjective>העברית</adjective>  <date>1980-1880</date>  ה'.  <properName>תל</properName>  אביב:  <noun>הקיבוץ</noun>  המאוחד.  <date>1998.</date>  205-229.
 
		</body>
	</text>
</TEI>