<?xml version="1.0" encoding="UTF-8"?>
<?xml-model href="http://www.tei-c.org/release/xml/tei/custom/schema/relaxng/tei_all.rng" type="application/xml" schematypens="http://relaxng.org/ns/structure/1.0"?>
<?xml-model href="http://www.tei-c.org/release/xml/tei/custom/schema/relaxng/tei_all.rng" type="application/xml"
	schematypens="http://purl.oclc.org/dsdl/schematron"?>
<TEI xmlns="http://www.tei-c.org/ns/1.0">
   <teiHeader>
      <fileDesc>
         <publicationStmt>
            <p>Publication Information</p>
         </publicationStmt>
         <sourceDesc>
            <p>Information about the source</p>
         </sourceDesc>
      </fileDesc>
   </teiHeader>
   <text>
      <body>
 Name:  פינקרפלד-עמיר,  <verb>אנדה</verb>  (אננה)
  <foreign>Birth</foreign>  Year:  <date>1902
</date>  <foreign>Death</foreign>  Year:  <date>1981
</date>  <foreign>Birth</foreign>  Place:  רז'שוב,  <properName>גליציה</properName>  המערבית,
  Occupation:  משוררת
  <foreign>Entry</foreign>  writer:  <properName>יפה</properName>  ברלוביץ
  <foreign>Entry</foreign>  Value:  
  <verb>נולדה</verb>  ברז'שוב,  <properName>גליציה</properName>  המערבית,  למשפחה  <adjective>יהודית</adjective>  <adjective>אמידה</adjective>  ומתבוללת.  האב,  אדריכל,  <verb>שירת</verb>  כקצין  בצבא  <adjective>הפולני</adjective>  והיה  <noun>בעל</noun>  <noun>הכרה</noun>  <adjective>לאומית</adjective>  פולנית.  בגיל  <numeral>שמונה</numeral>  <verb>החלה</verb>  <verb>לכתוב</verb>  <noun>שירים</noun>  בפולנית.  <noun>המשפחה</noun>  עברהללבוב,  <date>וב-1919</date>  <verb>פרצו</verb>  <noun>פרעות</noun>  ביהודי  המקום.  <pronoun>היא</pronoun>  <verb>למדה</verb>  <conjunction>אז</conjunction>  בגימנסיה  פולנית,  וחברי  "השומר  הצעיר",  שבאו  לשערי  הגימנסיה,  <verb>הסבירו</verb>  לתלמידים  <adjective>היהודים</adjective>  שאין  <verb>מקומם</verb>  שם.  <pronoun>היא</pronoun>  <verb>קיבלה</verb>  <at-preposition>את</at-preposition>  דבריהם,  וחרף  <noun>התנגדות</noun>  <noun>ההורים</noun>  <verb>עברה</verb>  לגימנסיה  <adjective>יהודית</adjective>  והצטרפה  לשורות  "השומר  הצעיר".  <noun>מרד</noun>  <noun>נעורים</noun>  <pronoun>זה</pronoun>  <verb>החריף</verb>  כשוויתרה  <preposition>על</preposition>  <noun>בחינות</noun>  <noun>הבגרות</noun>  ועלתה  לארץ  <adverb>עוד</adverb>  <conjunction>בטרם</conjunction>  <verb>מלאו</verb>  לה  שמונה-עשרה  (מאי  <date>1920).</date>  <preposition>במשך</preposition>  <adverb>פחות</adverb>  משנה  <adjective>חיה</adjective>  במחנה  <noun>עבודה</noun>  באום  <preposition>אל</preposition>  <properName>עלק</properName>  ועבדה  בייבוש  ביצות,  <conjunction>אבל</conjunction>  <preposition>בשל</preposition>  <noun>קדחת</noun>  <verb>קשהשגרמה</verb>  לה  למחלת  <noun>לב</noun>  <noun>חזרה</noun>  ללבוב,  <verb>סיימה</verb>  <at-preposition>את</at-preposition>  <noun>בחינות</noun>  <noun>הבגרות</noun>  והמשיכה  <verb>ללמוד</verb>  באוניברסיטה  <noun>פילוסופיה</noun>  ומיקרוביולוגיה.  <verb>למדה</verb>  <conjunction>גם</conjunction>  בסמינר  <adjective>עברי</adjective>  וקיבלה  <noun>הסמכה</noun>  להוראה.  <date>ב-1921</date>  <verb>ראה</verb>  <noun>אור</noun>  <noun>ספר</noun>  <noun>שירים</noun>  <numeral>ראשון</numeral>  שלה  בשפה  הפולנית,פרקי  חיים.  
  <date>ב-1924</date>  <verb>עלתה</verb>  <adverb>שנית</adverb>  לארץ  <preposition>עם</preposition>  <noun>בעלה</noun>  <noun>האגרונום</noun>  <properName>אריה</properName>  <properName>קרמפנר</properName>  (לימים  עמיר).  <possessive>הם</possessive>  <verb>חיו</verb>  <preposition>במשך</preposition>  <numeral>שלוש</numeral>  <noun>שנים</noun>  בקיבוצים  <properName>בית</properName>  <properName>אלפא</properName>  וקריית  ענבים,  <date>וב-1927</date>  <verb>עברו</verb>  לתלאביב.  <adverb>כאן</adverb>  <verb>פגשה</verb>  <at-preposition>את</at-preposition>  <properName>אורי</properName>  <properName>צבי</properName>  גרינברג,  שקרא  <at-preposition>את</at-preposition>  שיריה  בפולנית  והפציר  בה  <verb>לכתוב</verb>  בעברית.  <preposition>עם</preposition>  שיריה  <adjective>העבריים</adjective>  <verb>שלח</verb>  אותה  <noun>אצ"ג</noun>  לח"נ  ביאליק,  וזה  מסרם  לברל  כצנלסון,  <noun>עורך</noun>  דבר.  <noun>שירה</noun>  <numeral>הראשון</numeral>  <verb>התפרסם</verb>  בדבר  <date>(1928)</date>  בשם  <noun>העט</noun>  <noun>בת</noun>  חדווה,  <date>וב-1929</date>  <verb>הופיע</verb>  <noun>ספר</noun>  שיריה  הראשוןבעברית,  <noun>ימים</noun>  <properName>דובבים</properName>  (בהוצאת  זהר).  <pronoun>היא</pronoun>  <verb>פירסמה</verb>  שלושה-עשר  <noun>ספרי</noun>  <noun>שירה</noun>  ועוד  כעשרים  <noun>ספרי</noun>  <noun>שירים</noun>  לילדים,  <participle>הנחשבים</participle>  <noun>קלאסיקה</noun>  <shel-preposition>של</shel-preposition>  <noun>ספרות</noun>  <noun>הילדים</noun>  העברית.  <noun>השיר</noun>  <numeral>הראשון</numeral>  לילדים  <verb>התפרסם</verb>  <date>ב-1933</date>  במוסף  לילדים  <shel-preposition>של</shel-preposition>  דבר.  <verb>פירסמה</verb>  בקביעות  בדבר  לילדים  וכן  <verb>כתבה</verb>  שירים,  <noun>רשימות</noun>  וביקורות  בדבר,  בדבר  הפועלת,  בהפועל  הצעיר,  במאזניים,  בגליונות  ועוד.    
  <date>ב-1947-1946</date>  <verb>התנדבה</verb>  <verb>לעבוד</verb>  במחנות  <noun>הילדים</noun>  <adjective>העקורים</adjective>  בגרמניה,  ומאוחר  <adverb>יותר</adverb>  <date>(1953)</date>  <verb>כתבה</verb>  <noun>אפוס</noun>  <adjective>רחב</adjective>  <noun>יריעה</noun>  (יותר  ממאתיים  עמודים)  בשםאחת,  <verb>שבו</verb>  <verb>סיפרה</verb>  <preposition>באמצעות</preposition>  <numeral>שלוש</numeral>  <noun>דמויות</noun>  <noun>נשים</noun>  <at-preposition>את</at-preposition>  <noun>סיפור</noun>  השואה,  ההעפלה,  <noun>מלחמת</noun>  <noun>השחרור</noun>  והשכול.  <date>ב-1957</date>  <verb>החלה</verb>  <verb>לטפל</verb>  בקליטתם  <shel-preposition>של</shel-preposition>  <noun>סופרים</noun>  ואמנים,  <date>וב-1967</date>  <verb>הקימה</verb>  <at-preposition>את</at-preposition>  <properName>בית</properName>  <properName>מניה</properName>  <properName>ביאליק</properName>  לעידוד  <noun>האישה</noun>  היוצרת,  <preposition>ליד</preposition>  <properName>בית</properName>  <properName>ביאליק</properName>  בתלאביב.    
  <noun>ספרי</noun>  שיריה  הראשונים:  <noun>ימים</noun>  <properName>דובבים</properName>  <date>(1929),יובל</date>  <date>(1932),</date>  <noun>גיישה</noun>  <properName>ליאת</properName>  <properName>טנג</properName>  <properName>שרה</properName>  <date>(1935),</date>  <verb>נחשבו</verb>  <adjective>נועזים</adjective>  ופורצי  <noun>דרך</noun>  בתכניהם  ובצורותיהם.  <noun>שירים</noun>  <adjective>ליריים</adjective>  <pronoun>אלה</pronoun>  <verb>עסקו</verb>  בעולמה  <shel-preposition>של</shel-preposition>  <noun>צעירה</noun>  ששרה  <at-preposition>את</at-preposition>  זוגיותה  <properName>ואימהותה</properName>  בגישה  אמביוולנטית.  בדודאים  <date>(1945)</date>  <pronoun>היא</pronoun>  <participle>מנהלת</participle>  כעין  <noun>יומן</noun>  שירי,  <adjective>המיטלטל</adjective>  בחיוניות  <adjective>ארוטית</adjective>  <adjective>דיוניסית</adjective>  <conjunction>בין</conjunction>  <noun>סגידה</noun>  לגבר  <adjective>החושני</adjective>  <participle>הנערץ</participle>  עליה,  לבין  התנערותה  מכניעתה  אליו  ושאיפתה  <preposition>אל</preposition>  חירותה  ועצמאותה  כאישה:  "בַּת  <properName>חוֹרִין</properName>  הָיִיתִי/  וְאֶהְיֶה!"  ("כמו  <quantifier>כל</quantifier>  אשה").  <adverb>כך</adverb>  <conjunction>גם</conjunction>  <preposition>לגבי</preposition>  האימהות:  <adverb>מחד</adverb>  גיסא,  <pronoun>היא</pronoun>  <verb>חוגגת</verb>  <properName>ברוך</properName>  וברגשה  <at-preposition>את</at-preposition>  אימהותה,  ומאידך  <properName>גיסא</properName>  <pronoun>היא</pronoun>  <participle>מתמרמרת</participle>  <noun>עליה</noun>  כמצב  <shel-preposition>של</shel-preposition>  שבי.  <adjective>אמביוולנטיות</adjective>  <pronoun>זו</pronoun>  <pronoun>היא</pronoun>  <noun>מאפיין</noun>  <adjective>מרכזי</adjective>  לאורך  <quantifier>כל</quantifier>  יצירתה.
  <noun>קבוצת</noun>  <noun>שירים</noun>  <verb>נוספת</verb>  <verb>עוסקת</verb>  בדמויות  המקרא,  כאשר  <noun>הטיפול</noun>  <noun>הפמיליארי</noun>  בהן  <verb>הופך</verb>  <at-preposition>את</at-preposition>  <verb>התנ"ך</verb>  לסיפור  מקומי  אישי,  בעיקר  בסדרת  <noun>השירים</noun>  "מעולם  <noun>דמויות</noun>  מקדם"  <date>(1942),</date>  שבה  <pronoun>היא</pronoun>  <verb>מעלה</verb>  <noun>דמויות</noun>  <noun>נשים</noun>  <adjective>מבראשית</adjective>  <preposition>עד</preposition>  <noun>מלכים</noun>  (הגר,  לאה,  <noun>אשת</noun>  <noun>לוט</noun>  ואחרות)  ומעמידה  כעין  <noun>תנ"ך</noun>  <noun>נשי</noun>  משלה.      
  <adverb>במקביל</adverb>  לשירתה  <adjective>האינטימית</adjective>  <verb>פנתה</verb>  <properName>עמיר</properName>  <conjunction>גם</conjunction>  לנרטיבים  <adjective>הלאומיים</adjective>  <participle>המתחדשים</participle>  <punctuation>–</punctuation>  בנוף,  באהבת  <noun>המולדת</noun>  ובאירועים  אקטואליים:  ממאורעות  36',  <noun>דרך</noun>  <noun>המדינה</noun>  בדרך,  ועד  <noun>הקמת</noun>  <noun>המדינה</noun>  ומלחמת  השחרור.  בניגוד  לחוקרים  <participle>הטוענים</participle>  <conjunction>כי</conjunction>  <verb>שירת</verb>  <noun>הנשים</noun>  בתקופת  טרום-המדינה  <pronoun>היא</pronoun>  <adjective>אישית</adjective>  ומתמקדת  בתחום  <adjective>הפרטי</adjective>  בלבד,  שיריה  <shel-preposition>של</shel-preposition>  <properName>עמיר</properName>  <verb>מתמודדים</verb>  <preposition>עם</preposition>  <noun>נושאים</noun>  <adjective>קולקטיביים</adjective>  ומציבים  אותה  <conjunction>גם</conjunction>  כמשוררת  לאומית.    
  ואשר  לצורה  וללשון,  בניגוד  לשירה  <adjective>האימפרסיוניסטית</adjective>  <noun>נוסח</noun>  ביאליק,  <verb>העשירה</verb>  והמרובדת,  ולא  <quantifier>כל</quantifier>  <conjunction>שכן</conjunction>  <noun>השירה</noun>  <adjective>האקספרסיוניסטית</adjective>  <noun>נוסח</noun>  שלונסקי,  בדימוייה  <participle>המתפרצים</participle>  ובחידושיה  הניאולוגיסטיים,  לשונה  פשוטה,  חסכונית,  <adjective>בהירה</adjective>  ומדויקת.  <pronoun>היא</pronoun>  <verb>ראתה</verb>  בדוד  <verb>פוגל</verb>  <noun>דמות</noun>  <shel-preposition>של</shel-preposition>  <verb>חבר</verb>  לכתיבה,  ושירי  <properName>רחל</properName>  <copula>היו</copula>  לה  דוגמה.  <preposition>עם</preposition>  זאת,  מבחינה  פרוזודית,  <verb>שירתה</verb>  <verb>מתנערת</verb>  מכל  משמעת  <shel-preposition>של</shel-preposition>  חרוז,  משקל  ובית  ("פרועה",  כדבריה),  <conjunction>אבל</conjunction>  <properName>רחל</properName>  <date>(1977</date>  <date>[1929]),</date>  בביקורת  <preposition>על</preposition>  <verb>ספרה</verb>  הראשון,  <verb>ציינה</verb>  <pronoun>זאת</pronoun>  לשבח:  "השירים  <adjective>חופשיים</adjective>  ממסורת  ה'בית',  פרוקי-נטל-החרוז,  קלי-רגל  ובוטחים".  
  ממחצית  <noun>שנות</noun>  <numeral>הארבעים</numeral>  <adverb>ואילך</adverb>  <verb>הלכה</verb>  <verb>שירתה</verb>  ונעשתה  <adjective>שמרנית</adjective>  וממוסדת,  והפואמה  "אחת"  <verb>נכתבה</verb>  בהקסמטרים  ממושטרים  שלא  <copula>היו</copula>  <adjective>אופייניים</adjective>  לה.  בשנות  <numeral>השישים</numeral>  לחייה  <noun>חזרה</noun>  והתכנסה  <preposition>אל</preposition>  עצמה,  כשהיא  <verb>כותבת</verb>  <preposition>על</preposition>  <noun>מצוקות</noun>  זקנתה  בשני  ספרים:תהיות  <date>(1967)ובכל</date>  <pronoun>זאת</pronoun>  <date>(1980).</date>      
  <adverb>בנוסף</adverb>  לספרים  <participle>הנזכרים</participle>  <verb>נאספו</verb>  שיריה  בשלושה  קבצים:  <properName>גדיש</properName>  <date>(1949);</date>  <properName>גדיש</properName>  ועומר  <date>(1961);</date>  משירי  <verb>אנדה</verb>  <properName>עמיר</properName>  <date>(1970).</date>  <pronoun>היא</pronoun>  <verb>זכתה</verb>  בפרס  <properName>רופין</properName>  <date>(1954)</date>  ובפרס  <properName>ישראל</properName>    <date>(1978).</date>  
  References:  
  אופנהיימר,  יוחאי.  "נשיות  ולאומיות:  <verb>שירת</verb>  <verb>אנדה</verb>  פינקרפלד-עמיר  בשנות  <numeral>הארבעים</numeral>  והחמישים".  מכאןב'.  <properName>יולי</properName>  <date>2001.142-164;</date>  ביילין,  זהבה.  אנדה:  <noun>קובץ</noun>  מאמרים,  <noun>רשימות</noun>  ודברי  <noun>ספרות</noun>  <adjective>אחרים</adjective>  <preposition>עם</preposition>  <noun>נספח</noun>  ביבליוגרפי.  תלאביב:  <date>עקד.1977;</date>  בלובשטיין,  רחל.  "ימים  דובבים".  אנדה:  <noun>קובץ</noun>  מאמרים,  <noun>רשימות</noun>  ודברי  <noun>ספרות</noun>  <adjective>אחרים</adjective>  <preposition>עם</preposition>  <noun>נספח</noun>  ביבליוגרפי.  תלאביב:  עקד.  <date>1977.</date>  9-10;  ברלוביץ,  יפה.  "מעולם  <noun>דמויות</noun>  מקדם,  <noun>הצעה</noun>  לנרטיב  <adjective>מקראי</adjective>  נשי".  <adjective>העבריות</adjective>  החדשות.  ירושלים:  <noun>יד</noun>  יצחקבן-צבי.  <date>2001.</date>  382-368;  כהן,  חיה.  <verb>אנדה</verb>  <properName>פינקרפלד</properName>  <properName>עמיר</properName>  <punctuation>–</punctuation>  מונוגרפיה.  <noun>חיבור</noun>  <preposition>לשם</preposition>  <noun>קבלת</noun>  <noun>תואר</noun>  דוקטור.  <noun>רמת</noun>  גן:  <noun>אוניברסיטת</noun>  בר-אילן.  <date>1999;</date>  מירון,  דן.  <noun>אמהות</noun>  מייסדות,  <noun>אחיות</noun>  חורגות.  תלאביב:  <noun>הקיבוץ</noun>  המאוחד.  <date>1991.</date>  
 
		</body>
	</text>
</TEI>