<?xml version="1.0" encoding="UTF-8"?>
<?xml-model href="http://www.tei-c.org/release/xml/tei/custom/schema/relaxng/tei_all.rng" type="application/xml" schematypens="http://relaxng.org/ns/structure/1.0"?>
<?xml-model href="http://www.tei-c.org/release/xml/tei/custom/schema/relaxng/tei_all.rng" type="application/xml"
	schematypens="http://purl.oclc.org/dsdl/schematron"?>
<TEI xmlns="http://www.tei-c.org/ns/1.0">
   <teiHeader>
      <fileDesc>
         <publicationStmt>
            <p>Publication Information</p>
         </publicationStmt>
         <sourceDesc>
            <p>Information about the source</p>
         </sourceDesc>
      </fileDesc>
   </teiHeader>
   <text>
      <body>
 Name:  <verb>פינק</verb>  (לנדאו),  אידה
  <foreign>Birth</foreign>  Year:  <date>1921
</date>  <foreign>Death</foreign>  Year:  <date>2011
</date>  <foreign>Birth</foreign>  Place:  <properName>זבארז'</properName>  (לפנים  מזרח-פולין,
  Occupation:  <participle>סופרת</participle>  בשפההפולנית
  <foreign>Entry</foreign>  writer:  פינקוס,  ירמי
  <foreign>Entry</foreign>  Value:  
  <verb>נולדה</verb>  בזבארז'  (לפנים  מזרח-פולין,  <adverb>היום</adverb>  מערב-אוקראינה)  לאב  <noun>רופא</noun>  ולאם  מורה.  <verb>התחנכה</verb>  בבתי  <noun>ספר</noun>  <adjective>פולניים</adjective>  וגדלה  בבית  <noun>בעל</noun>  <noun>מודעות</noun>  יהודית.  <preposition>מצד</preposition>  <noun>האב</noun>  <pronoun>היא</pronoun>  מצאצאי  <noun>הרב</noun>  <properName>יחזקאל</properName>  לנדא,  <noun>בעל</noun>  <adjective>הנודע</adjective>  ביהודה.לפני  <verb>פרוץ</verb>  <noun>מלחמת</noun>  <noun>העולם</noun>  <numeral>השנייה</numeral>  <verb>התחילה</verb>  <verb>ללמוד</verb>  <noun>מוזיקה</noun>  בקונסרבטוריון  <shel-preposition>של</shel-preposition>  לבוב.  <preposition>אחרי</preposition>  <noun>כיבוש</noun>  <properName>זבארז'</properName>  <preposition>על</preposition>  <noun>ידי</noun>  <noun>הגרמנים</noun>  (יוני  <date>1941)</date>  <copula>היתה</copula>  בגטו  <preposition>עד</preposition>  <noun>סוף</noun>  <date>1942.</date>  משחוסל  <noun>גטו</noun>  <properName>זבארז'</properName>  <verb>הצליחה</verb>  <verb>לברוח</verb>  <preposition>עם</preposition>  אחותה  <preposition>בעזרת</preposition>  <noun>ניירות</noun>  אריים.  בזהות  <adjective>שאולה</adjective>  <shel-preposition>של</shel-preposition>  <noun>בנות</noun>  <noun>כפר</noun>  <adjective>פולניות</adjective>  "התנדבו"  <numeral>השתיים</numeral>  לעבודות  <noun>כפייה</noun>  ברייך  <numeral>השלישי</numeral>  והוצבו  במפעל  לייצור  <noun>חלקי</noun>  <noun>חילוף</noun>  למטוסים.  <numeral>שתי</numeral>  <noun>האחיות</noun>  <verb>ברחו</verb>  <preposition>אחרי</preposition>  שיהדותן  נחשפה,  <verb>נדדו</verb>  ברחבי  <properName>גרמניה</properName>  ומצאו  <noun>עבודה</noun>  <preposition>אצל</preposition>  <noun>איכרים</noun>  <adjective>גרמנים</adjective>  כפועלות  משק.  <at-preposition>את</at-preposition>  קורותיה  בתקופה  <pronoun>זו</pronoun>  <verb>תיארה</verb>  ברומן  <verb>נלך</verb>  בלילות,  <verb>נישן</verb>  בימים  <date>(1993).</date>  בתום  <noun>המלחמה</noun>  <verb>חזרה</verb>  לפולין  ונישאה  למהנדס  ברונו  פינק,  <conjunction>אף</conjunction>  <pronoun>הוא</pronoun>  <noun>ניצול</noun>  שואה.  <preposition>עם</preposition>  בתם  <adjective>היחידה</adjective>  <verb>עלו</verb>  <numeral>השניים</numeral>  לישראל  <date>ב-1957.</date>  <adverb>כאן</adverb>  <noun>עסקה</noun>  בעבודות  שונות,  <conjunction>למשל</conjunction>  <noun>גביית</noun>  <noun>עדויות</noun>  <shel-preposition>של</shel-preposition>  <noun>ניצולי</noun>  <noun>שואה</noun>  ב"ידושם"  וכספרנית  בספרייה  למוזיקה.  <verb>התגוררה</verb>  <noun>שנים</noun>  <adjective>רבות</adjective>  בחולון  ואחר  <pronoun>כך</pronoun>  ברמתאביב,  תלאביב.
  <verb>התחילה</verb>  <verb>לכתוב</verb>  בפולין  כעשר  <noun>שנים</noun>  <preposition>אחרי</preposition>  <noun>תום</noun>  <noun>המלחמה</noun>  והמשיכה  <verb>ליצור</verb>  בישראל.  <noun>מכלול</noun>  יצירתה  <adjective>טבוע</adjective>  בחותם  <adjective>אוטוביוגרפי</adjective>  ומיוסד,  רובו  ככולו,  <preposition>על</preposition>  קורותיה  וקורות  <adjective>הקרובים</adjective>  לה  בימי  השואה.  כך,  למשל,  <verb>מבוססים</verb>  סיפוריה  "החזיר"  ו"המשוגע"  <preposition>על</preposition>  <noun>אירועים</noun>  מחיי  <properName>אביה</properName>  ו"וריאציות  <adjective>ליליות</adjective>  <preposition>על</preposition>  נושא"  הן,  כעדותה,  <noun>חלום</noun>  <shel-preposition>של</shel-preposition>  בעלה.  <noun>זווית</noun>  <noun>הראייה</noun>  בסיפורים  <pronoun>היא</pronoun>  קאמרית.  <pronoun>הם</pronoun>  <verb>מגוללים</verb>  <noun>אפיזודות</noun>  בגורלם  <shel-preposition>של</shel-preposition>  יחידים,את  <noun>היחסים</noun>  ביניהם  ואת  <noun>מלחמת</noun>  <noun>ההישרדות</noun>  <adjective>היומיומית</adjective>  בשנים  שבהן  "ירד  <noun>לילה</noun>  <adjective>ארוך</adjective>  <preposition>על</preposition>  אירופה".  בגישה  זו,  <participle>המעמידה</participle>  במרכז  <at-preposition>את</at-preposition>  הפרט,  <verb>הסבירה</verb>  <noun>הסופרת</noun>  <at-preposition>את</at-preposition>  <noun>העניין</noun>  <adjective>המחודש</adjective>  שהתעורר  בשואה,  ובכלל  <pronoun>זה</pronoun>  בסיפוריה,מאז  <noun>שנות</noun>  השישים:  "אני  <verb>זוכרת</verb>  מניסיון  <adjective>אישי</adjective>  שלי  שבסוף  <noun>שנות</noun>  החמישים,  כשבאתי,  ואפילו  בשנות  השישים,  <negation>לא</negation>  <copula>היתה</copula>  <noun>התעניינות</noun>  <adjective>גדולה</adjective>  והיה  <noun>חוסר</noun>  רקע.  <noun>משפט</noun>  <properName>אייכמן</properName>  שינה,  כידוע,  <at-preposition>את</at-preposition>  מודעותם  <shel-preposition>של</shel-preposition>  <noun>הישראלים</noun>  לשואה.  <pronoun>אני</pronoun>  <verb>חושבת</verb>  שזה  <verb>קרה</verb>  <conjunction>רק</conjunction>  <preposition>בשל</preposition>  <noun>העובדה</noun>  שבמשפט  <pronoun>הם</pronoun>  <verb>שמעו</verb>  <adverb>לראשונה</adverb>  <at-preposition>את</at-preposition>  עדותו  ואת  סיפורו  <shel-preposition>של</shel-preposition>  היחיד.  <adverb>פתאום</adverb>  <pronoun>זה</pronoun>  <negation>לא</negation>  <copula>היה</copula>  <adverb>עוד</adverb>  <noun>דבר</noun>  <adjective>אבסטרקטי</adjective>  –שישה  מיליונים,  גבורה,מרד  ועוד  סיסמאות.  <noun>הגיבורים</noun>  <copula>היו</copula>  <noun>אנשים</noun>  שאף  <numeral>אחד</numeral>  <negation>לא</negation>  <verb>הכיר</verb>  ולא  <copula>היו</copula>  להם  שמות.  <copula>היה</copula>  <noun>מרד</noun>  <noun>גטו</noun>  ורשה,  היו   <numeral>שישה</numeral>  מיליון,  והכול  <copula>היה</copula>  <adverb>מאוד</adverb>  סטריאוטיפי,  <adverb>מאוד</adverb>  מופשט"  (בלטמן,  <date>1996).
</date>  <existential>אין</existential>  לאידה  <verb>פינק</verb>  <noun>שאיפה</noun>  <copula>להיות</copula>  <noun>כותבת</noun>  <noun>היסטוריה</noun>  <adjective>דקדקנית</adjective>  <shel-preposition>של</shel-preposition>  <noun>הגורל</noun>  <adjective>הכללי</adjective>  ושל  <noun>התחנות</noun>  שהקורבנות  <verb>עברו</verb>  בדרכם  <preposition>אל</preposition>  המוות.  <adverb>אולי</adverb>  <conjunction>משום</conjunction>  <pronoun>כך</pronoun>  <pronoun>היא</pronoun>  <verb>ממעטת</verb>  <verb>לציין</verb>  <noun>שמות</noun>  <shel-preposition>של</shel-preposition>  מקומות.  בתקופה  שבה  <verb>איבד</verb>  <participle>המתרחש</participle>  בדל"ת  אמותיו  <shel-preposition>של</shel-preposition>  <adjective>היחיד</adjective>  <at-preposition>את</at-preposition>  חשיבותו,היא  מרשה  לעצמה  <at-preposition>את</at-preposition>  ה"מותרות"  <shel-preposition>של</shel-preposition>  <noun>העיסוק</noun>  בפרטי  ובאינטימי,  שאין  להם  <noun>משמעות</noun>  ציבורית,  <conjunction>כמו</conjunction>  <noun>הנערה</noun>  <noun>החווה</noun>  <at-preposition>את</at-preposition>  אהבתה  "הראשונה  והיחידה"  ומבקשת  מחברתה  <noun>התופרת</noun>  <verb>לתקן</verb>  <at-preposition>את</at-preposition>  שמלתה  (בסיפור  "מול  הראי");  <conjunction>או</conjunction>  <noun>זוג</noun>  <participle>הנאהבים</participle>  <noun>הצעירים</noun>  שפרוץ  <noun>המלחמה</noun>  <adverb>שם</adverb>  <verb>קץ</verb>  לאהבתם  ("הסוף").  <modal>אפשר</modal>  שהמסר  <shel-preposition>של</shel-preposition>  <noun>הסיפורים</noun>  <pronoun>הוא</pronoun>  <conjunction>גם</conjunction>  <noun>הנצחה</noun>  <shel-preposition>של</shel-preposition>  הפרטי,  <noun>מתן</noun>  <noun>עדות</noun>  <preposition>על</preposition>  <noun>אנשים</noun>  שלא  <verb>נועדו</verb>  <copula>להיות</copula>  <noun>גיבורים</noun>  <shel-preposition>של</shel-preposition>  <noun>טרגדיה</noun>  ושאין  להם  זוכר.
  <noun>הכרוניקה</noun>  שהסיפורים  מעמידים,מאז  <verb>פרוץ</verb>  <noun>המלחמה</noun>  ועד  סיומה  ותוצאותיה,  <verb>עוסקת</verb>  בנפש  <noun>הפרט</noun>  ובקיום  הבו-זמני  <shel-preposition>של</shel-preposition>  <adjective>היומיומי</adjective>  והמזוויע,  ולא  בהיסטוריה.  <existential>אין</existential>  למספרת  ואין  לגיבוריה  <noun>הסבר</noun>  מטפיזי,  <adjective>פסיכולוגי</adjective>  <conjunction>או</conjunction>  <noun>סוציולוגי</noun>  ל"מה  שבני  <noun>אדם</noun>  <verb>עשו</verb>  לבני  אדם"  באותם  <noun>ימים</noun>  ולטירוף  שאחז  בעם  הגרמני,  "עם  <noun>המשוררים</noun>  והפילוסופים".  <noun>הגרמנים</noun>  <verb>מופיעים</verb>  בסיפורים  בדרך  <noun>כלל</noun>  ברקע  ולא  בקדמת  הסיפור.  באין  <noun>הסבר</noun>  <verb>נזהרת</verb>  <noun>המחברת</noun>  מהכללה  ומהחלת  "הכאן  והעכשיו"  <shel-preposition>של</shel-preposition>  <noun>ימי</noun>  <noun>השואה</noun>  ומה  שנחשף  בהם  <preposition>על</preposition>  <noun>טבע</noun>  האדם,  <preposition>על</preposition>  "כולם  ובכל  מקום".  <pronoun>היא</pronoun>  <copula>אינה</copula>  <verb>נוטה</verb>  <verb>לשפוט</verb>  <at-preposition>את</at-preposition>  הדמויות,  <noun>הניצבות</noun>  <adverb>לעתים</adverb>  <preposition>מול</preposition>  <noun>דילמות</noun>  <adjective>מוסריות</adjective>  מורכבות,  <conjunction>או</conjunction>  <verb>להעריך</verb>  <at-preposition>את</at-preposition>  מעשיהן.  <pronoun>היא</pronoun>  <verb>נותנת</verb>  למצבים,  למעשים  ולדיבורים  <verb>לדברבעד</verb>  עצמם.  <verb>יוצאות</verb>  מכלל  <pronoun>זה</pronoun>  <noun>היצירות</noun>  שבהן  <verb>נקבעת</verb>  <noun>עמדה</noun>  <adjective>אירונית</adjective>  <preposition>כלפי</preposition>  <noun>נוקדנותה</noun>  <shel-preposition>של</shel-preposition>  <noun>מערכת</noun>  <noun>המשפט</noun>  <adjective>הגרמנית</adjective>  <preposition>אחרי</preposition>  <noun>המלחמה</noun>  ודרישתה  לדיוקי  <noun>דיוקים</noun>  עובדתיים,  שאין  <noun>הזיכרון</noun>  <adjective>האנושי</adjective>  <adjective>המצוי</adjective>  <modal>יכול</modal>  <verb>לעמוד</verb>  בהם ("השולחן").  <adverb>לעתים</adverb>  <verb>מופנית</verb>  <noun>האירוניה</noun>  <preposition>כלפי</preposition>  <noun>המצילים</noun>  וסולם  <noun>הערכים</noun>  שלהם  ("החזיר")  <conjunction>או</conjunction>  <preposition>כלפי</preposition>  תמימותם  <adjective>חסרת</adjective>  <noun>הרגישות</noun>  ("המחבוא").
  <noun>מתכונת</noun>  <noun>הסיפור</noun>  <adjective>הקצר</adjective>  <shel-preposition>של</shel-preposition>  <verb>אידה</verb>  <verb>פינק</verb>  <pronoun>היא</pronoun>  <noun>בחירה</noun>  אמנותית,  שכמו  <verb>נגזרה</verb>  <preposition>על</preposition>  <noun>המחברת</noun>  <preposition>בגלל</preposition>  התוהו,  <noun>מקריות</noun>  הגורל,ערעור  <noun>מסגרות</noun>  <noun>החיים</noun>  <adjective>הקיימות</adjective>  והתנודות  <adjective>הקיצוניות</adjective>  בחיי  הדמויות–דברים  שאינם  <adjective>נוחים</adjective>  לפרישה  אפית.  <noun>דרכי</noun>  <noun>המסירה</noun>  בסיפורים  מגוונות,  וכל  <numeral>אחד</numeral>  מהם  <pronoun>הוא</pronoun>  <noun>יחידה</noun>  <adjective>אמנותית</adjective>  <adjective>מגובשת</adjective>  ונבדלת  בעיצובה.  <modal>ניתן</modal>  <verb>למצוא</verb>  <adverb>כאן</adverb>  <noun>דיבור</noun>  בגוף  <numeral>ראשון</numeral>  ובגוף  שלישי,  <noun>סיפורים</noun>  <participle>המתרחשים</participle>  בפחות  מחצי  <noun>שעה</noun>  וכאלה  שמשתרעים  מבחינת  <noun>הזמן</noun>  <participle>המוצג</participle>  בהם  <preposition>על</preposition>  <noun>פני</noun>  <noun>חיים</noun>  שלמים.  <conjunction>גם</conjunction>  <noun>דמויות</noun>  <noun>המספרים</noun>  מגוונות:  <noun>מספר</noun>  גבר,  <noun>מספרת</noun>  אישה,  <noun>מספר</noun>  עד,  <noun>סיפורים</noun>  <participle>המוותרים</participle>  <preposition>על</preposition>  <noun>דמות</noun>  <noun>המספר</noun>  לטובת  <noun>מקהלה</noun>  <shel-preposition>של</shel-preposition>  קולות.  ברבים  מהסיפורים,  ובמיוחד  ברומן  <verb>נלך</verb>  בלילות,  <verb>נישן</verb>  בימים,  <verb>נועד</verb>  <noun>מקום</noun>  <adjective>חשוב</adjective>  לזיכרון,  לגבולותיו,  לתעתועיו,  לדרכי  <noun>הסינון</noun>  שלו.  <participle>המספרת</participle>  <copula>אינה</copula>  <verb>מנסה</verb>  <verb>לאחות</verb>  <at-preposition>את</at-preposition>  <noun>פיסות</noun>  הזיכרון,  <pronoun>היא</pronoun>  <verb>מותירה</verb>  אותן  בקיטוען  ומשתפת  <at-preposition>את</at-preposition>  <noun>הקורא</noun>  <conjunction>גם</conjunction>  במה  שאין  <pronoun>היא</pronoun>  זוכרת.
  <noun>הסיפורים</noun>  <verb>ממעטים</verb>  לגעת  בזוועה  הפיזית.  <quantifier>הכול</quantifier>  <verb>מתרחש</verb>  <preposition>לפני</preposition>  <conjunction>או</conjunction>  <preposition>אחרי</preposition>  <noun>המעשה</noun>  האלים,בדגש  <preposition>על</preposition>  <noun>הרושם</noun>  <adjective>הנפשי</adjective>  <shel-preposition>של</shel-preposition>  הדברים:  אימה,  תימהון,  <noun>פליאה</noun>  <preposition>על</preposition>  דרכו  <shel-preposition>של</shel-preposition>  <noun>עולם</noun>  שסטה  ממסלולו,  <noun>הרהור</noun>  <preposition>על</preposition>  <noun>טבע</noun>  האדם,  ופעמים  –אמנם  נדירות,  ולכן  <adjective>משמעותיות</adjective>  במיוחד–  <noun>רגישות</noun>  ליופי  <participle>המוסיף</participle>  <verb>להתקיים</verb>  <preposition>בתוך</preposition>  הזוועה.  בסיפור  "עקבות"מספרת  <noun>הניצולה</noun>  <adjective>היחידה</adjective>  מהגטו  <adjective>המקומי</adjective>  <preposition>על</preposition>  <noun>גורל</noun>  הילדים.  <conjunction>אבל</conjunction>  <noun>הסיפור</noun>  <copula>אינו</copula>  <verb>מביא</verb>  <at-preposition>את</at-preposition>  <quantifier>כל</quantifier>  <interrogative>מה</interrogative>  שראתה  והוא  <verb>מסתיים</verb>  במילים:  "אחר  <noun>הפסקה</noun>  <pronoun>היא</pronoun>  תספר,  <adverb>איך</adverb>  <verb>נורו</verb>  כולם".  לשונה  תמציתית,  צלולה,  <adjective>קצובה</adjective>  ונמנעת  מכל  <noun>צעקה</noun>  ופאתוס.  <adverb>בכך</adverb>  איכותם  <adjective>המיוחדת</adjective>  <shel-preposition>של</shel-preposition>  הסיפורים.
  <noun>ספריה</noun>  בעברית:  <noun>פיסת</noun>  זמן,  <verb>תירגם</verb>  <properName>נחמן</properName>  בן-עמי  <date>(1974).תורגם</date>  <adverb>מחדש</adverb>  <verb>בשם</verb>  <noun>הגן</noun>  <participle>המפליג</participle>  למרחקים  <preposition>על</preposition>  <noun>ידי</noun>  <properName>דוד</properName>  <properName>וינפלד</properName>  <date>(1988);</date>  <verb>נלך</verb>  בלילות,  <verb>נישן</verb>  בימים,  <verb>תירגם</verb>  <properName>דוד</properName>  <properName>וינפלד</properName>  <date>(1993);</date>  <noun>רישומים</noun>  לקורות  חיים,  <verb>תירגם</verb>  <properName>דוד</properName>  <properName>וינפלד</properName>  <date>(1995);</date>  <noun>סוף</noun>  <noun>העולם</noun>  <numeral>הראשון</numeral>  שלי,  <verb>תירגם</verb>  <properName>דוד</properName>  <properName>וינפלד</properName>  <date>(1995);</date>  <quantifier>כל</quantifier>  הסיפורים,  <verb>תירגם</verb>  <properName>דוד</properName>  <properName>וינפלד</properName>  <date>(2004),</date>  <verb>להוציא</verb>  <numeral>חמישה</numeral>  <noun>סיפורים</noun>  שתירגם  <properName>בנימין</properName>  טנא.
  סיפוריה  <verb>תורגמו</verb>  לשפות  רבות.  <verb>זכתה</verb>  בפרס  <properName>אנה</properName>  <properName>פרנק</properName>  <date>(1985),</date>  בפרס  <properName>יעקב</properName>  <properName>בוכמן</properName>  <shel-preposition>של</shel-preposition>  "ידושם"  <date>(1995),</date>  בפרס  <properName>אלברטו</properName>  <properName>מורביה</properName>  <date>(1996),</date>  בפרס  <adjective>פא"ן</adjective>  <adjective>הפולני</adjective>  <date>(2003)</date>  ובפרס  <properName>ספיר</properName>  <date>(2007). כמו</date>  <conjunction>כן</conjunction>  <verb>הוענק</verb>  לה  <noun>תואר</noun>  <noun>דוקטור</noun>  <shel-preposition>של</shel-preposition>  <noun>כבוד</noun>  <preposition>מטעם</preposition>  <noun>אוניברסיטת</noun>  בן-גוריון  <date>(2004).</date>  <pronoun>היא</pronoun>  <conjunction>גם</conjunction>  <participle>זוכת</participle>  <noun>פרס</noun>  <properName>ישראל</properName>  לסיפורת  לשנת  <date>2008.</date>  
  <date>(1966)
</date>  References:  
  בלטמן,  דניאל.  "אנחנו  <noun>אסירים</noun>  <shel-preposition>של</shel-preposition>  <noun>הזיכרון</noun>  ושל  הזמן,  <noun>שיחה</noun>  <preposition>עם</preposition>  <verb>אידה</verb>  פינק".  <preposition>בשביל</preposition>  הזיכרון.  <date>1996.10-6;</date>  וינפלד,  דוד.  "אחרית  דבר".  <quantifier>כל</quantifier>  הסיפורים.  תלאביב:  <preposition>עם</preposition>  עובד.  <date>2004.</date>  357-350;  מגד,  אהרן.  "השמש  זרחה,  <noun>השיטה</noun>  פרחה".  <adjective>הארץתרבות</adjective>  וספרות.  <date>8.6.1989;</date>  מטלון,  רונית."ללכוד  <at-preposition>את</at-preposition>  האפשרות".הארץספרים.  <date>2.4.1996;</date>  פגיס,  עדה."בשערי  גן-עדן  זה:  <noun>השוחט</noun>  שחט".הארץתרבות  וספרות.  <date>19.1.1996;</date>  צלקה,  דן."האמנות  <adjective>הטרגית</adjective>  <shel-preposition>של</shel-preposition>  <verb>אידה</verb>  פינק".הארץספרים.  <date>4.6.2004;</date>  שקד,  גרשון.  "נלך  <quantifier>כל</quantifier>  <adverb>עוד</adverb>  <verb>יעמדו</verb>  <verb>לנו</verb>  הכוחות,  <preposition>על</preposition>  יצירתה  <shel-preposition>של</shel-preposition>  <verb>אידה</verb>  פינק".  זהות,  <noun>ספרויות</noun>  <adjective>יהודיות</adjective>  בלשון  לעז.  חיפה:  <noun>אוניברסיטת</noun>  חיפה.  <date>2006.</date>  473-451.  
  <properName>דוד</properName>  וינפלד
 
		</body>
	</text>
</TEI>